feature_id,account_id,transaction_count,successful_transactions,failed_transactions,failed_tx_ratio,total_volume,borrow_count,borrow_volume,repay_count,repay_volume,repayment_ratio,deposit_volume,withdrawal_volume,net_deposit_flow,unique_counterparties,unique_tokens,unique_protocols,active_days,historical_liquidation_count,borrow_to_repay_ratio,withdrawal_to_deposit_ratio,liquidation_rate,borrow_intensity,transactions_per_active_day,borrow_volume_ratio,repay_to_borrow_ratio,borrow_frequency,repay_frequency,withdrawal_pressure,deposit_retention_ratio,average_transaction_value,average_borrow_value,average_repay_value,future_liquidation_count,future_borrow_count,future_repay_count,future_failed_tx_ratio,risk_label,risk_label_id
1,1,5,5,0,0.0,17810.756069,1,7597.172177,3,3715.610804,0.489078,0.0,0.0,0.0,1,4,2,5,0,2.044663,0.0,0.0,0.42655,1.0,0.42655,0.489078,0.2,0.6,0.0,0.0,3562.1512138,7597.172177,1238.5369346667,1.0,0.0,3.0,0.0,MEDIUM,1
2,2,12,10,2,0.166667,76569.163846,1,5910.495961,0,0.0,0.0,0.0,19204.682504,-19204.682504,7,5,3,12,0,0.0,0.0,0.0,0.077192,1.0,0.077192,0.0,0.083333,0.0,0.250815,0.0,6380.7636538333,5910.495961,0.0,0.0,1.0,0.0,0.0,LOW,0
3,3,12,12,0,0.0,31003.579069,1,2519.472092,7,2518.544737,0.999632,7895.623985,9586.314183,-1690.690198,2,5,4,12,0,1.000368,1.21413,0.0,0.081264,1.0,0.081264,0.999632,0.083333,0.583333,0.3092,-0.21413,2583.6315890833,2519.472092,359.7921052857,0.0,0.0,7.0,0.0,LOW,0
4,4,20,19,1,0.05,63945.022612,2,18782.444905,13,26100.139698,1.0,4043.612463,978.779143,3064.83332,2,5,4,19,0,0.71963,0.242056,0.0,0.293728,1.052632,0.293728,1.389603,0.105263,0.684211,0.015307,0.757944,3197.2511306,9391.2224525,2007.7030536923,0.0,0.0,9.0,0.07692307692307693,LOW,0
5,5,18,18,0,0.0,92942.566944,0,0.0,0,0.0,0.0,20177.780702,25116.834503,-4939.053801,9,5,4,15,0,0.0,1.244777,0.0,0.0,1.2,0.0,0.0,0.0,0.0,0.27024,-0.244777,5163.4759413333,0.0,0.0,0.0,1.0,1.0,0.0,LOW,0
6,6,9,8,1,0.111111,49344.961934,3,21062.099277,0,0.0,0.0,8403.54929,0.0,8403.54929,4,4,3,9,0,0.0,0.0,0.0,0.426834,1.0,0.426834,0.0,0.333333,0.0,0.0,1.0,5482.7735482222,7020.699759,0.0,2.0,1.0,0.0,0.25,HIGH,2
7,7,8,8,0,0.0,41575.413215,1,9672.926749,1,4334.154144,0.448071,4709.571468,9398.711148,-4689.13968,3,4,3,8,0,2.231791,1.995662,0.0,0.23266,1.0,0.23266,0.448071,0.125,0.125,0.226064,-0.995662,5196.926651875,9672.926749,4334.154144,0.0,0.0,8.0,0.0,LOW,0
8,8,13,13,0,0.0,24745.237,1,3512.483141,8,3508.410428,0.998841,2504.477424,0.0,2504.477424,3,5,4,13,0,1.001161,0.0,0.0,0.141946,1.0,0.141946,0.998841,0.076923,0.615385,0.0,1.0,1903.4797692308,3512.483141,438.5513035,0.0,0.0,13.0,0.0,LOW,0
9,9,18,16,2,0.111111,84320.103667,7,27198.006407,1,1997.848976,0.073456,0.0,0.0,0.0,5,5,4,15,5,13.613645,0.0,0.714286,0.322557,1.2,0.322557,0.073456,0.466667,0.066667,0.0,0.0,4684.4502037222,3885.4294867143,1997.848976,0.0,4.0,0.0,0.0,LOW,0
10,10,15,15,0,0.0,26625.346392,2,10175.314749,12,10175.307966,0.999999,0.0,0.0,0.0,1,5,4,14,0,1.000001,0.0,0.0,0.382166,1.071429,0.382166,0.999999,0.142857,0.857143,0.0,0.0,1775.0230928,5087.6573745,847.9423305,0.0,0.0,5.0,0.0,LOW,0
11,11,7,7,0,0.0,30289.515359,0,0.0,0,0.0,0.0,0.0,1521.872621,-1521.872621,6,5,3,7,0,0.0,0.0,0.0,0.0,1.0,0.0,0.0,0.0,0.0,0.050244,0.0,4327.0736227143,0.0,0.0,0.0,1.0,2.0,0.0,LOW,0
12,12,18,18,0,0.0,36075.679308,1,1109.519498,11,1109.519365,1.0,7074.281856,4145.569378,2928.712478,4,5,4,17,0,1.0,0.586006,0.0,0.030755,1.058824,0.030755,1.0,0.058824,0.647059,0.114913,0.413994,2004.204406,1109.519498,100.8653968182,0.0,0.0,7.0,0.0,LOW,0
13,13,11,11,0,0.0,29927.691134,3,10827.08481,4,6787.952842,0.626942,5958.502026,0.0,5958.502026,2,5,3,11,0,1.595044,0.0,0.0,0.361775,1.0,0.361775,0.626942,0.272727,0.363636,0.0,1.0,2720.699194,3609.02827,1696.9882105,0.0,0.0,7.0,0.0,LOW,0
14,14,18,17,1,0.055556,73374.285986,2,11763.64686,4,2017.11101,0.17147,0.0,15241.037582,-15241.037582,6,5,4,18,3,5.831928,0.0,1.5,0.160324,1.0,0.160324,0.17147,0.111111,0.222222,0.207716,0.0,4076.3492214444,5881.82343,504.2777525,0.0,0.0,0.0,0.0,LOW,0
15,15,13,13,0,0.0,20834.919784,1,3332.966609,8,3332.915217,0.999985,0.0,5933.442264,-5933.442264,3,5,4,12,0,1.000015,0.0,0.0,0.15997,1.083333,0.15997,0.999985,0.083333,0.666667,0.284784,0.0,1602.6861372308,3332.966609,416.614402125,1.0,0.0,6.0,0.0,MEDIUM,1
16,16,18,18,0,0.0,63627.951935,1,8845.907432,8,8842.056024,0.999565,0.0,30657.521661,-30657.521661,3,4,4,14,1,1.000436,0.0,1.0,0.139025,1.285714,0.139025,0.999565,0.071429,0.571429,0.481825,0.0,3534.8862186111,8845.907432,1105.257003,0.0,0.0,0.0,0.0,LOW,0
17,17,8,8,0,0.0,41891.867999,1,9114.752051,0,0.0,0.0,1405.187181,8473.661225,-7068.474044,5,3,3,7,0,0.0,6.030272,0.0,0.217578,1.142857,0.217578,0.0,0.142857,0.0,0.202275,-5.030272,5236.483499875,9114.752051,0.0,0.0,0.0,8.0,0.0,LOW,0
18,18,11,9,2,0.181818,37247.53911,4,10311.474757,2,3381.946208,0.327979,0.0,12338.260773,-12338.260773,1,5,3,10,1,3.048977,0.0,0.25,0.276836,1.1,0.276836,0.327979,0.4,0.2,0.33125,0.0,3386.1399190909,2577.86868925,1690.973104,0.0,2.0,0.0,0.0,LOW,0
19,19,13,13,0,0.0,54876.807158,1,7394.359499,2,6821.209881,0.922488,5882.925046,2393.875605,3489.049441,7,5,4,13,0,1.084025,0.406919,0.0,0.134745,1.0,0.134745,0.922488,0.076923,0.153846,0.043623,0.593081,4221.2928583077,7394.359499,3410.6049405,0.0,0.0,5.0,0.0,LOW,0
20,20,8,8,0,0.0,45001.13768,1,9203.705306,0,0.0,0.0,0.0,15770.417855,-15770.417855,4,5,4,6,0,0.0,0.0,0.0,0.204522,1.333333,0.204522,0.0,0.166667,0.0,0.350445,0.0,5625.14221,9203.705306,0.0,0.0,0.0,5.0,0.0,LOW,0
21,21,22,20,2,0.090909,62838.306511,2,8165.581931,12,8165.552967,0.999996,5683.831123,20769.053451,-15085.222328,4,5,4,20,0,1.000004,3.654059,0.0,0.129946,1.1,0.129946,0.999996,0.1,0.6,0.330516,-2.654059,2856.2866595909,4082.7909655,680.46274725,0.0,0.0,5.0,0.0,LOW,0
22,22,17,17,0,0.0,24479.919737,1,1272.685185,10,1268.454833,0.996676,5993.640544,337.817006,5655.823538,4,4,4,17,0,1.003335,0.056363,0.0,0.051989,1.0,0.051989,0.996676,0.058824,0.588235,0.0138,0.943637,1439.9952786471,1272.685185,126.8454833,0.0,0.0,5.0,0.125,MEDIUM,1
23,23,11,10,1,0.090909,53317.711202,4,22255.506099,0,0.0,0.0,0.0,10043.270639,-10043.270639,2,5,3,9,3,0.0,0.0,0.75,0.417413,1.222222,0.417413,0.0,0.444444,0.0,0.188366,0.0,4847.0646547273,5563.87652475,0.0,3.0,3.0,0.0,0.0,HIGH,2
24,24,14,14,0,0.0,21189.832824,1,1419.078602,10,1419.065098,0.99999,0.0,101.123928,-101.123928,2,4,4,13,0,1.00001,0.0,0.0,0.06697,1.076923,0.06697,0.99999,0.076923,0.769231,0.004772,0.0,1513.5594874286,1419.078602,141.9065098,1.0,1.0,5.0,0.1,MEDIUM,1
25,25,15,15,0,0.0,31891.465709,3,9332.742948,8,6643.075689,0.711803,1054.085288,13027.306083,-11973.220795,0,5,4,14,1,1.404883,12.358873,0.333333,0.292641,1.071429,0.292641,0.711803,0.214286,0.571429,0.408489,-11.358873,2126.0977139333,3110.914316,830.384461125,1.0,0.0,1.0,0.0,MEDIUM,1
26,26,11,11,0,0.0,57084.210112,0,0.0,0,0.0,0.0,6687.529795,13137.719042,-6450.189247,8,5,4,11,0,0.0,1.96451,0.0,0.0,1.0,0.0,0.0,0.0,0.0,0.230146,-0.96451,5189.4736465455,0.0,0.0,0.0,0.0,0.0,0.0,LOW,0
27,27,17,17,0,0.0,57565.438884,0,0.0,0,0.0,0.0,6789.771401,5501.799878,1287.971523,12,4,4,16,0,0.0,0.810307,0.0,0.0,1.0625,0.0,0.0,0.0,0.0,0.095575,0.189693,3386.2022872941,0.0,0.0,0.0,1.0,0.0,0.0,LOW,0
28,28,14,13,1,0.071429,32428.542372,1,6817.676568,5,6764.729591,0.992234,6508.967552,894.520889,5614.446663,4,5,4,14,0,1.007827,0.137429,0.0,0.210237,1.0,0.210237,0.992234,0.071429,0.357143,0.027584,0.862571,2316.3244551429,6817.676568,1352.9459182,0.0,0.0,5.0,0.0,LOW,0
29,29,15,11,4,0.266667,54976.683523,3,6707.721564,1,2657.108106,0.396127,3355.286407,0.0,3355.286407,8,5,4,14,1,2.524444,0.0,0.333333,0.12201,1.071429,0.12201,0.396127,0.214286,0.071429,0.0,1.0,3665.1122348667,2235.907188,2657.108106,1.0,1.0,4.0,0.1,MEDIUM,1
30,30,16,15,1,0.0625,104304.664421,0,0.0,0,0.0,0.0,20520.395963,21709.545354,-1189.149391,10,5,2,16,0,0.0,1.05795,0.0,0.0,1.0,0.0,0.0,0.0,0.0,0.208136,-0.05795,6519.0415263125,0.0,0.0,0.0,1.0,3.0,0.0,LOW,0
31,31,8,8,0,0.0,48284.722021,2,13484.641166,0,0.0,0.0,13198.144062,6732.687135,6465.456927,1,5,4,8,1,0.0,0.510124,0.5,0.279273,1.0,0.279273,0.0,0.25,0.0,0.139437,0.489876,6035.590252625,6742.320583,0.0,1.0,3.0,0.0,0.125,MEDIUM,1
32,32,16,15,1,0.0625,45363.08608,2,11178.97734,7,11170.18966,0.999214,2858.115707,0.0,2858.115707,6,5,4,16,0,1.000787,0.0,0.0,0.246433,1.0,0.246433,0.999214,0.125,0.4375,0.0,1.0,2835.19288,5589.48867,1595.74138,0.0,1.0,9.0,0.08333333333333333,LOW,0
33,33,14,14,0,0.0,85031.57543,5,27345.648944,0,0.0,0.0,3666.020193,14727.391094,-11061.370901,3,5,4,14,3,0.0,4.017269,0.6,0.321594,1.0,0.321594,0.0,0.357143,0.0,0.173199,-3.017269,6073.6839592857,5469.1297888,0.0,1.0,2.0,0.0,0.14285714285714285,MEDIUM,1
34,34,9,9,0,0.0,38598.977889,0,0.0,0,0.0,0.0,838.358586,13167.800807,-12329.442221,6,4,4,9,0,0.0,15.706645,0.0,0.0,1.0,0.0,0.0,0.0,0.0,0.341144,-14.706645,4288.775321,0.0,0.0,0.0,0.0,0.0,0.0,LOW,0
35,35,15,15,0,0.0,63239.726501,0,0.0,0,0.0,0.0,0.0,22051.844564,-22051.844564,11,5,4,15,0,0.0,0.0,0.0,0.0,1.0,0.0,0.0,0.0,0.0,0.348702,0.0,4215.9817667333,0.0,0.0,0.0,0.0,0.0,0.1111111111111111,MEDIUM,1
36,36,12,12,0,0.0,72232.098691,4,24555.828743,2,10655.320284,0.433922,5544.717403,11893.480423,-6348.76302,3,3,4,12,0,2.30456,2.145011,0.0,0.339957,1.0,0.339957,0.433922,0.333333,0.166667,0.164656,-1.145011,6019.3415575833,6138.95718575,5327.660142,0.0,0.0,1.0,0.0,LOW,0
37,37,14,14,0,0.0,83167.73625,0,0.0,0,0.0,0.0,4829.001016,25374.466512,-20545.465496,9,5,4,12,0,0.0,5.2546,0.0,0.0,1.166667,0.0,0.0,0.0,0.0,0.3051,-4.2546,5940.5525892857,0.0,0.0,0.0,0.0,0.0,0.0,LOW,0
38,38,14,14,0,0.0,35283.83026,1,5454.737658,7,5410.390748,0.99187,6116.822829,5488.503584,628.319245,3,5,4,13,0,1.008197,0.89728,0.0,0.154596,1.076923,0.154596,0.99187,0.076923,0.538462,0.155553,0.10272,2520.27359,5454.737658,772.912964,0.0,1.0,5.0,0.14285714285714285,MEDIUM,1
39,39,11,9,2,0.181818,56096.860274,0,0.0,0,0.0,0.0,9877.339833,16642.74627,-6765.406437,7,5,4,11,0,0.0,1.684942,0.0,0.0,1.0,0.0,0.0,0.0,0.0,0.296679,-0.684942,5099.7145703636,0.0,0.0,0.0,1.0,2.0,0.0,LOW,0
40,40,8,8,0,0.0,44703.326957,0,0.0,0,0.0,0.0,0.0,12958.284739,-12958.284739,5,4,3,8,0,0.0,0.0,0.0,0.0,1.0,0.0,0.0,0.0,0.0,0.289873,0.0,5587.915869625,0.0,0.0,0.0,0.0,0.0,0.0,LOW,0
41,41,13,13,0,0.0,38838.586985,1,8068.017517,8,8068.015657,1.0,6644.067518,0.0,6644.067518,3,4,4,12,0,1.0,0.0,0.0,0.207732,1.083333,0.207732,1.0,0.083333,0.666667,0.0,1.0,2987.5836142308,8068.017517,1008.501957125,0.0,2.0,5.0,0.0,LOW,0
42,42,12,12,0,0.0,31112.151234,1,2372.109304,7,2367.35032,0.997994,0.0,8467.820257,-8467.820257,3,4,3,12,0,1.00201,0.0,0.0,0.076244,1.0,0.076244,0.997994,0.083333,0.583333,0.272171,0.0,2592.6792695,2372.109304,338.1929028571,1.0,0.0,2.0,0.0,MEDIUM,1
43,43,8,8,0,0.0,28897.103673,0,0.0,0,0.0,0.0,7480.338125,4365.77005,3114.568075,3,4,3,8,0,0.0,0.583633,0.0,0.0,1.0,0.0,0.0,0.0,0.0,0.15108,0.416367,3612.137959125,0.0,0.0,0.0,1.0,3.0,0.0,LOW,0
44,44,10,10,0,0.0,40072.647183,1,9548.768099,4,9018.954853,0.944515,0.0,419.852455,-419.852455,3,5,4,10,1,1.058744,0.0,1.0,0.238286,1.0,0.238286,0.944515,0.1,0.4,0.010477,0.0,4007.2647183,9548.768099,2254.73871325,0.0,0.0,0.0,0.0,LOW,0
45,45,10,10,0,0.0,30388.460518,1,5243.199406,5,5099.189564,0.972534,6937.923053,0.0,6937.923053,3,5,4,10,0,1.028242,0.0,0.0,0.172539,1.0,0.172539,0.972534,0.1,0.5,0.0,1.0,3038.8460518,5243.199406,1019.8379128,1.0,1.0,5.0,0.0,MEDIUM,1
46,46,9,9,0,0.0,37040.201467,1,9804.278616,3,8765.146031,0.894012,1932.051318,7318.416873,-5386.365555,3,5,4,9,0,1.118553,3.7879,0.0,0.264693,1.0,0.264693,0.894012,0.111111,0.333333,0.19758,-2.7879,4115.5779407778,9804.278616,2921.7153436667,0.0,0.0,2.0,0.25,HIGH,2
47,47,14,14,0,0.0,56378.639474,0,0.0,0,0.0,0.0,11472.475894,19002.304191,-7529.828297,7,5,4,14,0,0.0,1.656339,0.0,0.0,1.0,0.0,0.0,0.0,0.0,0.337048,-0.656339,4027.0456767143,0.0,0.0,0.0,1.0,1.0,0.125,MEDIUM,1
48,48,15,15,0,0.0,31606.765051,1,5794.793332,11,5794.597883,0.999966,0.0,0.0,0.0,3,5,4,15,0,1.000034,0.0,0.0,0.18334,1.0,0.18334,0.999966,0.066667,0.733333,0.0,0.0,2107.1176700667,5794.793332,526.7816257273,0.0,0.0,2.0,0.0,LOW,0
49,49,13,13,0,0.0,69442.166198,0,0.0,0,0.0,0.0,23029.993144,7383.135139,15646.858005,8,5,3,12,0,0.0,0.320588,0.0,0.0,1.083333,0.0,0.0,0.0,0.0,0.106321,0.679412,5341.7050921538,0.0,0.0,0.0,0.0,0.0,0.0,LOW,0
50,50,11,11,0,0.0,48983.442298,1,9666.184773,1,1300.109652,0.134501,4244.974363,11600.481854,-7355.507491,4,5,4,11,0,7.4349,2.732757,0.0,0.197336,1.0,0.197336,0.134501,0.090909,0.090909,0.236825,-1.732757,4453.0402089091,9666.184773,1300.109652,0.0,0.0,6.0,0.0,LOW,0
51,51,16,16,0,0.0,29811.148639,1,7251.577729,12,7249.047791,0.999651,0.0,8290.214602,-8290.214602,2,4,4,14,0,1.000349,0.0,0.0,0.243251,1.142857,0.243251,0.999651,0.071429,0.857143,0.278091,0.0,1863.1967899375,7251.577729,604.0873159167,0.0,0.0,8.0,0.0,LOW,0
52,52,14,14,0,0.0,48196.101799,2,11124.698903,8,11118.636488,0.999455,0.0,0.0,0.0,4,5,4,14,0,1.000545,0.0,0.0,0.230822,1.0,0.230822,0.999455,0.142857,0.571429,0.0,0.0,3442.5786999286,5562.3494515,1389.829561,0.0,0.0,2.0,0.25,HIGH,2
53,53,19,18,1,0.052632,35700.243957,2,6561.627791,12,6561.518519,0.999983,1039.277307,14066.821521,-13027.544214,2,5,4,19,0,1.000017,13.535195,0.0,0.183798,1.0,0.183798,0.999983,0.105263,0.631579,0.394026,-12.535195,1878.9602082632,3280.8138955,546.7932099167,0.0,1.0,8.0,0.0,LOW,0
54,54,14,13,1,0.071429,82991.253468,5,27524.389394,0,0.0,0.0,0.0,0.0,0.0,7,4,4,14,2,0.0,0.0,0.4,0.331654,1.0,0.331654,0.0,0.357143,0.0,0.0,0.0,5927.9466762857,5504.8778788,0.0,1.0,1.0,0.0,0.0,MEDIUM,1
55,55,16,16,0,0.0,25296.803817,1,6655.647206,12,6652.480425,0.999524,0.0,4825.893394,-4825.893394,2,5,4,16,0,1.000476,0.0,0.0,0.263102,1.0,0.263102,0.999524,0.0625,0.75,0.190771,0.0,1581.0502385625,6655.647206,554.37336875,0.0,0.0,4.0,0.0,LOW,0
56,56,12,12,0,0.0,58119.212127,0,0.0,0,0.0,0.0,16697.944949,13693.725383,3004.219566,6,5,4,12,0,0.0,0.820084,0.0,0.0,1.0,0.0,0.0,0.0,0.0,0.235614,0.179916,4843.26767725,0.0,0.0,0.0,0.0,0.0,0.0,LOW,0
57,57,15,13,2,0.133333,74283.422024,0,0.0,0,0.0,0.0,26787.879582,9525.080868,17262.798714,6,5,4,14,0,0.0,0.355574,0.0,0.0,1.071429,0.0,0.0,0.0,0.0,0.128226,0.644426,4952.2281349333,0.0,0.0,0.0,1.0,0.0,0.0,LOW,0
58,58,19,19,0,0.0,59756.834663,2,3398.299698,6,2775.470677,0.816723,23670.070713,17855.050944,5815.019769,4,4,4,17,1,1.224405,0.75433,0.5,0.056869,1.117647,0.056869,0.816723,0.117647,0.352941,0.298795,0.24567,3145.0965612105,1699.149849,462.5784461667,0.0,0.0,3.0,0.0,LOW,0
59,59,18,18,0,0.0,41479.308378,1,427.551245,10,427.551244,1.0,23795.355492,654.197873,23141.157619,3,5,4,17,0,1.0,0.027493,0.0,0.010308,1.058824,0.010308,1.0,0.058824,0.588235,0.015772,0.972507,2304.406021,427.551245,42.7551244,0.0,0.0,1.0,0.0,LOW,0
60,60,9,9,0,0.0,40990.972152,2,5641.734395,1,294.115506,0.052132,0.0,20107.161729,-20107.161729,2,5,4,9,1,19.182037,0.0,0.5,0.137634,1.0,0.137634,0.052132,0.222222,0.111111,0.490527,0.0,4554.5524613333,2820.8671975,294.115506,0.0,0.0,3.0,0.16666666666666666,MEDIUM,1
61,61,13,12,1,0.076923,67213.729166,4,22155.347734,3,5366.066607,0.242202,0.0,0.0,0.0,3,4,4,13,3,4.128787,0.0,0.75,0.329625,1.0,0.329625,0.242202,0.307692,0.230769,0.0,0.0,5170.2868589231,5538.8369335,1788.688869,1.0,0.0,0.0,0.25,HIGH,2
62,62,10,9,1,0.1,20115.498452,1,3402.029696,5,3350.374818,0.984816,0.0,0.0,0.0,4,4,3,9,0,1.015418,0.0,0.0,0.169125,1.111111,0.169125,0.984816,0.111111,0.555556,0.0,0.0,2011.5498452,3402.029696,670.0749636,1.0,2.0,6.0,0.0,MEDIUM,1
63,63,13,13,0,0.0,41948.102657,1,7067.260397,6,6702.558501,0.948396,0.0,13667.477632,-13667.477632,3,5,4,13,0,1.054412,0.0,0.0,0.168476,1.0,0.168476,0.948396,0.076923,0.461538,0.325819,0.0,3226.7771274615,7067.260397,1117.0930835,1.0,2.0,2.0,0.0,MEDIUM,1
64,64,9,8,1,0.111111,36355.237341,2,4147.601307,0,0.0,0.0,0.0,5140.343975,-5140.343975,6,4,4,9,0,0.0,0.0,0.0,0.114085,1.0,0.114085,0.0,0.222222,0.0,0.141392,0.0,4039.4708156667,2073.8006535,0.0,0.0,0.0,4.0,0.16666666666666666,MEDIUM,1
65,65,18,18,0,0.0,53815.027978,1,3272.832028,8,3270.99717,0.999439,4509.256913,2770.28723,1738.969683,7,5,4,18,0,1.000561,0.614356,0.0,0.060816,1.0,0.060816,0.999439,0.055556,0.444444,0.051478,0.385644,2989.7237765556,3272.832028,408.87464625,0.0,0.0,4.0,0.16666666666666666,MEDIUM,1
66,66,16,16,0,0.0,47276.414002,1,8573.02383,8,8571.911353,0.99987,14730.251128,9485.792994,5244.458134,2,5,4,15,0,1.00013,0.643967,0.0,0.181338,1.066667,0.181338,0.99987,0.066667,0.533333,0.200645,0.356033,2954.775875125,8573.02383,1071.488919125,0.0,0.0,5.0,0.0,LOW,0
67,67,10,10,0,0.0,46485.212527,0,0.0,0,0.0,0.0,0.0,8279.455222,-8279.455222,8,4,3,9,0,0.0,0.0,0.0,0.0,1.111111,0.0,0.0,0.0,0.0,0.178109,0.0,4648.5212527,0.0,0.0,0.0,0.0,0.0,0.0,LOW,0
68,68,11,11,0,0.0,44385.03228,4,16193.746244,2,5532.593408,0.34165,0.0,1447.851388,-1447.851388,2,5,4,10,2,2.926972,0.0,0.5,0.364847,1.1,0.364847,0.34165,0.4,0.2,0.03262,0.0,4035.0029345455,4048.436561,2766.296704,0.0,2.0,1.0,0.0,LOW,0
69,69,13,12,1,0.076923,58523.186298,0,0.0,0,0.0,0.0,23315.275388,13929.80403,9385.471358,7,5,4,13,0,0.0,0.597454,0.0,0.0,1.0,0.0,0.0,0.0,0.0,0.238022,0.402546,4501.7835613846,0.0,0.0,0.0,0.0,0.0,0.0,LOW,0
70,70,17,17,0,0.0,70379.773446,1,2336.415953,0,0.0,0.0,13166.859258,23684.171624,-10517.312366,7,5,4,14,0,0.0,1.798772,0.0,0.033197,1.214286,0.033197,0.0,0.071429,0.0,0.33652,-0.798772,4139.9866732941,2336.415953,0.0,0.0,1.0,2.0,0.0,LOW,0
71,71,17,16,1,0.058824,46344.379823,6,24437.437907,8,13916.050234,0.569456,0.0,0.0,0.0,2,5,4,17,1,1.756061,0.0,0.166667,0.527301,1.0,0.527301,0.569456,0.352941,0.470588,0.0,0.0,2726.1399895882,4072.9063178333,1739.50627925,0.0,1.0,2.0,0.0,LOW,0
72,72,8,7,1,0.125,25173.156141,1,5890.651686,5,8737.626057,1.0,0.0,0.0,0.0,2,4,4,8,0,0.674171,0.0,0.0,0.234005,1.0,0.234005,1.483304,0.125,0.625,0.0,0.0,3146.644517625,5890.651686,1747.5252114,0.0,0.0,3.0,0.0,LOW,0
73,73,21,21,0,0.0,33182.749758,1,1621.917782,14,1621.910865,0.999996,0.0,11468.453855,-11468.453855,3,5,4,20,1,1.000004,0.0,1.0,0.048878,1.05,0.048878,0.999996,0.05,0.7,0.345615,0.0,1580.1309408571,1621.917782,115.8507760714,0.0,2.0,2.0,0.0,LOW,0
74,74,17,17,0,0.0,47565.998666,1,9713.816304,9,9712.462431,0.999861,9180.527138,9755.561335,-575.034197,3,5,4,15,0,1.000139,1.062636,0.0,0.204218,1.133333,0.204218,0.999861,0.066667,0.6,0.205095,-0.062636,2797.9999215294,9713.816304,1079.1624923333,0.0,0.0,5.0,0.0,LOW,0
75,75,13,13,0,0.0,20677.135803,1,6258.390785,9,6253.118064,0.999157,5285.676447,2874.677786,2410.998661,0,5,4,13,1,1.000843,0.543862,1.0,0.302672,1.0,0.302672,0.999157,0.076923,0.692308,0.139027,0.456138,1590.5489079231,6258.390785,694.790896,0.0,1.0,3.0,0.0,LOW,0
76,76,9,9,0,0.0,41576.572793,0,0.0,0,0.0,0.0,17374.463589,0.0,17374.463589,6,5,2,9,0,0.0,0.0,0.0,0.0,1.0,0.0,0.0,0.0,0.0,0.0,1.0,4619.6191992222,0.0,0.0,0.0,1.0,6.0,0.1,MEDIUM,1
77,77,11,10,1,0.090909,45053.981014,2,11567.447214,3,5476.727953,0.47346,3598.240571,12818.643168,-9220.402597,2,5,4,11,0,2.112109,3.562475,0.0,0.256746,1.0,0.256746,0.47346,0.181818,0.272727,0.284517,-2.562475,4095.8164558182,5783.723607,1825.5759843333,0.0,0.0,6.0,0.0,LOW,0
78,78,14,14,0,0.0,18233.463288,1,3128.498421,10,3128.026823,0.999849,8012.509434,3499.472265,4513.037169,1,4,4,13,0,1.000151,0.436751,0.0,0.17158,1.076923,0.17158,0.999849,0.076923,0.769231,0.191926,0.563249,1302.3902348571,3128.498421,312.8026823,0.0,0.0,1.0,0.3333333333333333,HIGH,2
79,79,15,15,0,0.0,56805.932085,1,2701.332612,2,2401.286288,0.888927,0.0,8404.212859,-8404.212859,8,5,4,14,0,1.124952,0.0,0.0,0.047554,1.071429,0.047554,0.888927,0.071429,0.142857,0.147946,0.0,3787.062139,2701.332612,1200.643144,0.0,0.0,10.0,0.0,LOW,0
80,80,18,18,0,0.0,83898.904793,1,1400.385644,1,1264.354846,0.902862,21646.35835,9778.170173,11868.188177,9,5,4,18,0,1.107589,0.451724,0.0,0.016691,1.0,0.016691,0.902862,0.055556,0.055556,0.116547,0.548276,4661.0502662778,1400.385644,1264.354846,0.0,0.0,4.0,0.0,LOW,0
81,81,10,10,0,0.0,15451.934062,1,1814.794296,5,1741.498984,0.959612,0.0,3640.222653,-3640.222653,3,5,4,10,0,1.042087,0.0,0.0,0.117448,1.0,0.117448,0.959612,0.1,0.5,0.235584,0.0,1545.1934062,1814.794296,348.2997968,0.0,2.0,8.0,0.0,LOW,0
82,82,15,15,0,0.0,52469.308055,6,17448.122018,3,896.385411,0.051374,2557.117317,8335.611188,-5778.493871,1,5,4,14,3,19.464978,3.259769,0.5,0.33254,1.071429,0.33254,0.051374,0.428571,0.214286,0.158866,-2.259769,3497.9538703333,2908.0203363333,298.795137,1.0,1.0,1.0,0.0,MEDIUM,1
83,83,18,18,0,0.0,50946.058259,1,7981.565528,12,7981.525684,0.999995,0.0,6225.935638,-6225.935638,4,5,4,16,0,1.000005,0.0,0.0,0.156667,1.125,0.156667,0.999995,0.0625,0.75,0.122206,0.0,2830.3365699444,7981.565528,665.1271403333,0.0,0.0,6.0,0.0,LOW,0
84,84,18,18,0,0.0,50014.518605,1,1052.947096,10,1052.93967,0.999993,19395.191806,11939.034968,7456.156838,2,5,4,18,0,1.000007,0.615567,0.0,0.021053,1.0,0.021053,0.999993,0.055556,0.555556,0.238711,0.384433,2778.5843669444,1052.947096,105.293967,0.0,0.0,4.0,0.16666666666666666,MEDIUM,1
85,85,18,16,2,0.111111,43967.998843,1,2201.292665,9,2201.249038,0.99998,18703.181301,12194.646561,6508.53474,2,5,4,18,0,1.00002,0.652009,0.0,0.050066,1.0,0.050066,0.99998,0.055556,0.5,0.277353,0.347991,2442.6666023889,2201.292665,244.5832264444,0.0,0.0,5.0,0.0,LOW,0
86,86,18,18,0,0.0,30263.389231,1,5698.710409,11,5698.701485,0.999998,0.0,10713.747719,-10713.747719,3,5,4,15,0,1.000002,0.0,0.0,0.188304,1.2,0.188304,0.999998,0.066667,0.733333,0.354017,0.0,1681.2994017222,5698.710409,518.0637713636,0.0,0.0,1.0,0.0,LOW,0
87,87,10,9,1,0.1,63774.551995,0,0.0,0,0.0,0.0,0.0,10163.162961,-10163.162961,8,5,3,10,0,0.0,0.0,0.0,0.0,1.0,0.0,0.0,0.0,0.0,0.159361,0.0,6377.4551995,0.0,0.0,0.0,0.0,0.0,0.0,LOW,0
88,88,18,18,0,0.0,53193.837445,2,7117.650847,10,7060.916323,0.992029,13230.520973,0.0,13230.520973,3,5,4,15,1,1.008035,0.0,0.5,0.133806,1.2,0.133806,0.992029,0.133333,0.666667,0.0,1.0,2955.2131913889,3558.8254235,706.0916323,1.0,0.0,0.0,0.0,MEDIUM,1
89,89,9,9,0,0.0,19625.348877,1,4844.012091,7,4842.608362,0.99971,0.0,0.0,0.0,1,4,3,9,0,1.00029,0.0,0.0,0.246824,1.0,0.246824,0.99971,0.111111,0.777778,0.0,0.0,2180.5943196667,4844.012091,691.8011945714,0.0,0.0,7.0,0.0,LOW,0
90,90,15,15,0,0.0,59999.572577,1,1382.353054,2,1036.883724,0.750086,0.0,5011.615814,-5011.615814,9,5,3,13,1,1.33318,0.0,1.0,0.023039,1.153846,0.023039,0.750086,0.076923,0.153846,0.083528,0.0,3999.9715051333,1382.353054,518.441862,0.0,1.0,3.0,0.0,LOW,0
91,91,17,16,1,0.058824,60560.25313,3,14627.608631,7,9391.131515,0.642014,8416.660916,0.0,8416.660916,4,5,4,16,2,1.557598,0.0,0.666667,0.241538,1.0625,0.241538,0.642014,0.1875,0.4375,0.0,1.0,3562.3678311765,4875.8695436667,1341.5902164286,0.0,3.0,2.0,0.2857142857142857,HIGH,2
92,92,15,15,0,0.0,48153.643256,3,5875.94515,4,3024.284003,0.514689,10859.195061,0.0,10859.195061,5,5,4,13,1,1.942921,0.0,0.333333,0.122025,1.153846,0.122025,0.514689,0.230769,0.307692,0.0,1.0,3210.2428837333,1958.6483833333,756.07100075,0.0,1.0,1.0,0.0,LOW,0
93,93,8,8,0,0.0,47026.75586,0,0.0,0,0.0,0.0,9910.835307,0.0,9910.835307,5,4,3,8,0,0.0,0.0,0.0,0.0,1.0,0.0,0.0,0.0,0.0,0.0,1.0,5878.3444825,0.0,0.0,0.0,0.0,0.0,0.0,LOW,0
94,94,8,8,0,0.0,25260.594204,1,3643.445679,5,3642.182461,0.999653,0.0,0.0,0.0,2,4,4,8,0,1.000347,0.0,0.0,0.144234,1.0,0.144234,0.999653,0.125,0.625,0.0,0.0,3157.5742755,3643.445679,728.4364922,0.0,0.0,7.0,0.0,LOW,0
95,95,13,11,2,0.153846,61687.230769,2,11054.314208,2,8012.814839,0.724859,1778.756164,9371.807392,-7593.051228,5,4,4,12,0,1.379579,5.268742,0.0,0.179199,1.083333,0.179199,0.724859,0.166667,0.166667,0.151925,-4.268742,4745.1715976154,5527.157104,4006.4074195,0.0,0.0,5.0,0.0,LOW,0
96,96,16,16,0,0.0,43397.406889,1,7715.727118,9,7715.725362,1.0,13655.447843,13860.761128,-205.313285,1,5,4,15,0,1.0,1.015035,0.0,0.177792,1.066667,0.177792,1.0,0.066667,0.6,0.319391,-0.015035,2712.3379305625,7715.727118,857.302818,0.0,0.0,2.0,0.0,LOW,0
97,97,15,15,0,0.0,49697.977582,2,12786.601146,9,12782.334652,0.999666,0.0,15199.683024,-15199.683024,1,5,4,14,0,1.000334,0.0,0.0,0.257286,1.071429,0.257286,0.999666,0.142857,0.642857,0.305841,0.0,3313.1985054667,6393.300573,1420.2594057778,0.0,0.0,2.0,0.0,LOW,0
98,98,16,16,0,0.0,32375.161106,2,8931.627236,7,8888.538481,0.995176,1115.29195,399.420538,715.871412,4,5,4,16,1,1.004848,0.358131,0.5,0.275879,1.0,0.275879,0.995176,0.125,0.4375,0.012337,0.641869,2023.447569125,4465.813618,1269.7912115714,1.0,0.0,7.0,0.1111111111111111,MEDIUM,1
99,99,12,11,1,0.083333,25114.837672,2,4885.849799,4,2841.96333,0.581672,5608.504381,0.0,5608.504381,3,5,4,11,1,1.719181,0.0,0.5,0.19454,1.090909,0.19454,0.581672,0.181818,0.363636,0.0,1.0,2092.9031393333,2442.9248995,710.4908325,0.0,1.0,2.0,0.0,LOW,0
100,100,18,17,1,0.055556,41024.883253,2,18240.649212,15,18290.467245,1.0,0.0,0.0,0.0,1,5,4,18,0,0.997276,0.0,0.0,0.444624,1.0,0.444624,1.002731,0.111111,0.833333,0.0,0.0,2279.1601807222,9120.324606,1219.364483,0.0,0.0,2.0,0.25,HIGH,2
101,101,13,12,1,0.076923,60845.188001,4,25265.265042,5,12520.460494,0.49556,0.0,6038.965119,-6038.965119,1,4,4,11,2,2.017918,0.0,0.5,0.415239,1.181818,0.415239,0.49556,0.363636,0.454545,0.099251,0.0,4680.399077,6316.3162605,2504.0920988,2.0,2.0,0.0,0.125,HIGH,2
102,102,12,12,0,0.0,16770.150464,1,1441.08103,8,1427.293033,0.990432,3872.173676,3627.537465,244.636211,1,4,3,12,0,1.00966,0.936822,0.0,0.085931,1.0,0.085931,0.990432,0.083333,0.666667,0.216309,0.063178,1397.5125386667,1441.08103,178.411629125,0.0,0.0,6.0,0.0,LOW,0
103,103,11,10,1,0.090909,26817.986417,1,9255.629514,7,12295.73604,1.0,0.0,0.0,0.0,3,5,4,10,0,0.752751,0.0,0.0,0.345128,1.1,0.345128,1.32846,0.1,0.7,0.0,0.0,2437.9987651818,9255.629514,1756.53372,0.0,0.0,7.0,0.0,LOW,0
104,104,12,12,0,0.0,64167.085013,0,0.0,0,0.0,0.0,5386.012552,3688.7515,1697.261052,10,4,3,12,0,0.0,0.684876,0.0,0.0,1.0,0.0,0.0,0.0,0.0,0.057487,0.315124,5347.2570844167,0.0,0.0,0.0,0.0,0.0,0.0,LOW,0
105,105,14,14,0,0.0,27153.082101,1,4468.511897,8,4465.501174,0.999326,5570.565958,0.0,5570.565958,4,5,4,13,0,1.000674,0.0,0.0,0.164567,1.076923,0.164567,0.999326,0.076923,0.615385,0.0,1.0,1939.5058643571,4468.511897,558.18764675,0.0,0.0,5.0,0.0,LOW,0
106,106,21,21,0,0.0,56501.123358,1,1754.075945,8,1753.611549,0.999735,9143.207413,9398.444272,-255.236859,8,5,4,19,0,1.000265,1.027915,0.0,0.031045,1.105263,0.031045,0.999735,0.052632,0.421053,0.166341,-0.027915,2690.5296837143,1754.075945,219.201443625,0.0,1.0,4.0,0.0,LOW,0
107,107,6,5,1,0.166667,28636.366327,2,14014.246426,1,2903.12877,0.207156,5168.694408,5705.142687,-536.448279,1,3,3,6,0,4.827291,1.103788,0.0,0.489386,1.0,0.489386,0.207156,0.333333,0.166667,0.199227,-0.103788,4772.7277211667,7007.123213,2903.12877,0.0,1.0,6.0,0.0,LOW,0
108,108,10,9,1,0.1,40549.290896,2,4872.239928,1,2807.485692,0.576221,5692.847321,13425.287386,-7732.440065,2,5,3,9,0,1.735446,2.358273,0.0,0.120156,1.111111,0.120156,0.576221,0.222222,0.111111,0.331086,-1.358273,4054.9290896,2436.119964,2807.485692,0.0,0.0,4.0,0.0,LOW,0
109,109,20,19,1,0.05,45180.611121,2,13071.252895,13,13063.655447,0.999419,1873.754094,0.0,1873.754094,4,5,4,18,0,1.000582,0.0,0.0,0.289311,1.111111,0.289311,0.999419,0.111111,0.722222,0.0,1.0,2259.03055605,6535.6264475,1004.8965728462,0.0,1.0,6.0,0.1111111111111111,MEDIUM,1
110,110,9,7,2,0.222222,43333.973323,4,20418.6357,0,0.0,0.0,0.0,0.0,0.0,1,5,4,9,4,0.0,0.0,1.0,0.471192,1.0,0.471192,0.0,0.444444,0.0,0.0,0.0,4814.8859247778,5104.658925,0.0,3.0,3.0,1.0,0.1111111111111111,HIGH,2
111,111,15,15,0,0.0,57051.101497,1,6895.371979,3,6565.504596,0.952161,4408.413814,11504.641765,-7096.227951,7,5,4,13,0,1.050243,2.609701,0.0,0.120863,1.153846,0.120863,0.952161,0.076923,0.230769,0.201655,-1.609701,3803.4067664667,6895.371979,2188.501532,0.0,0.0,5.0,0.0,LOW,0
112,112,16,16,0,0.0,50008.340547,1,1366.33628,6,1362.425046,0.997137,4930.003619,17547.530531,-12617.526912,4,5,4,15,0,1.002871,3.559334,0.0,0.027322,1.066667,0.027322,0.997137,0.066667,0.4,0.350892,-2.559334,3125.5212841875,1366.33628,227.070841,0.0,0.0,4.0,0.0,LOW,0
113,113,16,15,1,0.0625,65989.450315,4,28637.978564,7,20785.725919,0.72581,12538.340385,0.0,12538.340385,3,5,4,16,0,1.377771,0.0,0.0,0.433978,1.0,0.433978,0.72581,0.25,0.4375,0.0,1.0,4124.3406446875,7159.494641,2969.389417,0.0,0.0,4.0,0.2,HIGH,2
114,114,7,7,0,0.0,14507.156104,0,0.0,0,0.0,0.0,217.166846,5857.558135,-5640.391289,2,5,3,6,0,0.0,26.972617,0.0,0.0,1.166667,0.0,0.0,0.0,0.0,0.40377,-25.972617,2072.450872,0.0,0.0,0.0,0.0,0.0,0.09090909090909091,LOW,0
115,115,16,16,0,0.0,53963.609282,1,2820.235161,3,1992.486232,0.706496,4303.728404,19911.718434,-15607.99003,6,5,4,15,1,1.415435,4.626621,1.0,0.052262,1.066667,0.052262,0.706496,0.066667,0.2,0.368984,-3.626621,3372.725580125,2820.235161,664.1620773333,0.0,1.0,1.0,0.0,LOW,0
116,116,13,13,0,0.0,14865.336582,2,1053.117905,6,993.36192,0.943258,0.0,9501.684952,-9501.684952,2,5,4,12,1,1.060155,0.0,0.5,0.070844,1.083333,0.070844,0.943258,0.166667,0.5,0.639184,0.0,1143.4874293846,526.5589525,165.56032,0.0,0.0,0.0,0.0,LOW,0
117,117,15,15,0,0.0,34491.952502,1,6859.38395,9,6856.832567,0.999628,6959.142873,0.0,6959.142873,2,4,4,15,1,1.000372,0.0,1.0,0.198869,1.0,0.198869,0.999628,0.066667,0.6,0.0,1.0,2299.4635001333,6859.38395,761.8702852222,0.0,1.0,6.0,0.0,LOW,0
118,118,19,16,3,0.157895,100631.76077,8,47950.791262,1,1704.207442,0.035541,0.0,0.0,0.0,5,5,4,18,5,28.13671,0.0,0.625,0.476498,1.055556,0.476498,0.035541,0.444444,0.055556,0.0,0.0,5296.4084615789,5993.84890775,1704.207442,2.0,1.0,0.0,0.0,HIGH,2
119,119,14,14,0,0.0,47442.721761,1,7194.124568,5,7194.122133,1.0,0.0,4165.32904,-4165.32904,7,5,4,14,0,1.0,0.0,0.0,0.151638,1.0,0.151638,1.0,0.071429,0.357143,0.087797,0.0,3388.7658400714,7194.124568,1438.8244266,0.0,1.0,5.0,0.14285714285714285,MEDIUM,1
120,120,13,13,0,0.0,55118.380733,1,5151.109974,3,4422.032574,0.858462,5132.572049,9695.582826,-4563.010777,6,5,4,12,0,1.164874,1.88903,0.0,0.093455,1.083333,0.093455,0.858462,0.083333,0.25,0.175905,-0.88903,4239.875441,5151.109974,1474.010858,0.0,0.0,5.0,0.0,LOW,0
121,121,15,15,0,0.0,54720.570565,0,0.0,0,0.0,0.0,8046.296314,17941.671571,-9895.375257,8,4,4,14,0,0.0,2.229805,0.0,0.0,1.071429,0.0,0.0,0.0,0.0,0.327878,-1.229805,3648.0380376667,0.0,0.0,0.0,1.0,2.0,0.0,LOW,0
122,122,8,8,0,0.0,25509.486415,1,4452.571724,4,3910.344075,0.878221,9083.664115,0.0,9083.664115,1,5,4,8,0,1.138665,0.0,0.0,0.174546,1.0,0.174546,0.878221,0.125,0.5,0.0,1.0,3188.685801875,4452.571724,977.58601875,0.0,0.0,6.0,0.0,LOW,0
123,123,12,12,0,0.0,54073.688076,2,14268.952624,2,5829.51938,0.408546,0.0,8454.548261,-8454.548261,5,4,4,11,1,2.447707,0.0,0.5,0.26388,1.090909,0.26388,0.408546,0.181818,0.181818,0.156352,0.0,4506.140673,7134.476312,2914.75969,0.0,1.0,4.0,0.0,LOW,0
124,124,18,17,1,0.055556,73459.037345,0,0.0,0,0.0,0.0,2213.741759,25873.632818,-23659.891059,11,5,4,15,0,0.0,11.687738,0.0,0.0,1.2,0.0,0.0,0.0,0.0,0.352219,-10.687738,4081.0576302778,0.0,0.0,0.0,0.0,0.0,0.1,MEDIUM,1
125,125,12,12,0,0.0,53419.276328,0,0.0,0,0.0,0.0,12404.834955,12261.021397,143.813558,6,4,4,11,0,0.0,0.988407,0.0,0.0,1.090909,0.0,0.0,0.0,0.0,0.229524,0.011593,4451.6063606667,0.0,0.0,0.0,1.0,1.0,0.0,LOW,0
126,126,20,20,0,0.0,83209.563945,1,4435.569975,8,4432.044046,0.999205,6506.514384,20017.333188,-13510.818804,6,5,4,19,0,1.000796,3.076506,0.0,0.053306,1.052632,0.053306,0.999205,0.052632,0.421053,0.240565,-2.076506,4160.47819725,4435.569975,554.00550575,0.0,0.0,9.0,0.0,LOW,0
127,127,10,10,0,0.0,58283.969855,0,0.0,0,0.0,0.0,4892.398257,8062.380543,-3169.982286,7,4,4,10,0,0.0,1.64794,0.0,0.0,1.0,0.0,0.0,0.0,0.0,0.138329,-0.64794,5828.3969855,0.0,0.0,0.0,0.0,0.0,0.0,LOW,0
128,128,10,9,1,0.1,36140.729937,4,9508.191103,0,0.0,0.0,3485.129124,0.0,3485.129124,2,4,3,10,3,0.0,0.0,0.75,0.263088,1.0,0.263088,0.0,0.4,0.0,0.0,1.0,3614.0729937,2377.04777575,0.0,1.0,3.0,0.0,0.16666666666666666,MEDIUM,1
129,129,10,10,0,0.0,39230.376227,1,4818.047754,3,4679.718687,0.971289,5645.16199,0.0,5645.16199,4,5,4,9,1,1.029559,0.0,1.0,0.122814,1.111111,0.122814,0.971289,0.111111,0.333333,0.0,1.0,3923.0376227,4818.047754,1559.906229,0.0,1.0,1.0,0.0,LOW,0
130,130,14,13,1,0.071429,31651.876901,1,3762.396981,8,3754.238702,0.997832,6021.168308,0.0,6021.168308,4,4,4,12,0,1.002173,0.0,0.0,0.118868,1.166667,0.118868,0.997832,0.083333,0.666667,0.0,1.0,2260.8483500714,3762.396981,469.27983775,0.0,0.0,6.0,0.125,MEDIUM,1
131,131,11,11,0,0.0,43526.718767,0,0.0,0,0.0,0.0,3507.001792,11210.503686,-7703.501894,6,5,4,11,0,0.0,3.196606,0.0,0.0,1.0,0.0,0.0,0.0,0.0,0.257555,-2.196606,3956.9744333636,0.0,0.0,0.0,0.0,0.0,0.0,LOW,0
132,132,6,6,0,0.0,23013.830305,0,0.0,0,0.0,0.0,0.0,4671.952453,-4671.952453,5,5,2,5,0,0.0,0.0,0.0,0.0,1.2,0.0,0.0,0.0,0.0,0.203006,0.0,3835.6383841667,0.0,0.0,0.0,1.0,3.0,0.0,LOW,0
133,133,8,8,0,0.0,25411.035799,0,0.0,0,0.0,0.0,1073.758431,6056.968385,-4983.209954,6,3,4,7,0,0.0,5.640904,0.0,0.0,1.142857,0.0,0.0,0.0,0.0,0.23836,-4.640904,3176.379474875,0.0,0.0,0.0,0.0,0.0,0.0,LOW,0
134,134,13,13,0,0.0,56824.901701,1,5452.119861,1,4742.776584,0.869896,6114.138751,2468.814816,3645.323935,8,5,3,13,0,1.149563,0.403788,0.0,0.095946,1.0,0.095946,0.869896,0.076923,0.076923,0.043446,0.596212,4371.1462846923,5452.119861,4742.776584,0.0,0.0,2.0,0.0,LOW,0
135,135,11,11,0,0.0,33045.102264,1,1631.58475,4,1624.342286,0.995561,8299.76376,0.0,8299.76376,4,4,4,10,0,1.004459,0.0,0.0,0.049374,1.1,0.049374,0.995561,0.1,0.4,0.0,1.0,3004.1002058182,1631.58475,406.0855715,1.0,0.0,3.0,0.0,MEDIUM,1
136,136,15,13,2,0.133333,77975.492568,6,27984.994513,0,0.0,0.0,7924.221109,6632.436761,1291.784348,2,5,4,14,5,0.0,0.836983,0.833333,0.358895,1.071429,0.358895,0.0,0.428571,0.0,0.085058,0.163017,5198.3661712,4664.1657521667,0.0,1.0,1.0,0.0,0.0,MEDIUM,1
137,137,18,16,2,0.111111,89375.420365,0,0.0,0,0.0,0.0,12461.667321,13545.060823,-1083.393502,12,5,3,17,0,0.0,1.086938,0.0,0.0,1.058824,0.0,0.0,0.0,0.0,0.151552,-0.086938,4965.3011313889,0.0,0.0,0.0,1.0,4.0,0.0,LOW,0
138,138,15,14,1,0.066667,96111.438427,4,28120.090164,1,1340.11074,0.047657,13671.655951,9741.342074,3930.313877,4,4,4,14,3,20.983408,0.712521,0.75,0.292578,1.071429,0.292578,0.047657,0.285714,0.071429,0.101355,0.287479,6407.4292284667,7030.022541,1340.11074,0.0,3.0,1.0,0.0,LOW,0
139,139,16,16,0,0.0,90771.232558,1,8687.778284,2,6266.459107,0.721296,22150.414762,4270.371802,17880.04296,8,5,4,14,0,1.386394,0.19279,0.0,0.095711,1.142857,0.095711,0.721296,0.071429,0.142857,0.047045,0.80721,5673.202034875,8687.778284,3133.2295535,0.0,0.0,6.0,0.0,LOW,0
140,140,13,13,0,0.0,22052.830401,1,5778.807379,10,5778.796994,0.999998,1252.508168,0.0,1252.508168,1,5,4,12,0,1.000002,0.0,0.0,0.262044,1.083333,0.262044,0.999998,0.083333,0.833333,0.0,1.0,1696.3715693077,5778.807379,577.8796994,0.0,0.0,3.0,0.0,LOW,0
141,141,14,14,0,0.0,62732.72282,0,0.0,0,0.0,0.0,11487.924731,6491.895461,4996.02927,8,5,3,13,0,0.0,0.565106,0.0,0.0,1.076923,0.0,0.0,0.0,0.0,0.103485,0.434894,4480.9087728571,0.0,0.0,0.0,0.0,0.0,0.0,LOW,0
142,142,15,15,0,0.0,47805.040451,2,7085.889858,7,5154.385945,0.727415,7884.730789,5614.035851,2270.694938,4,5,4,15,0,1.37473,0.712014,0.0,0.148225,1.0,0.148225,0.727415,0.133333,0.466667,0.117436,0.287986,3187.0026967333,3542.944929,736.3408492857,0.0,0.0,6.0,0.0,LOW,0
143,143,20,19,1,0.05,46151.689352,3,14064.775385,14,14035.235424,0.9979,3843.249588,0.0,3843.249588,2,5,4,19,0,1.002105,0.0,0.0,0.304751,1.052632,0.304751,0.9979,0.157895,0.736842,0.0,1.0,2307.5844676,4688.2584616667,1002.516816,0.0,0.0,3.0,0.0,LOW,0
144,144,9,9,0,0.0,55972.231964,0,0.0,0,0.0,0.0,26245.480712,0.0,26245.480712,5,4,3,9,0,0.0,0.0,0.0,0.0,1.0,0.0,0.0,0.0,0.0,0.0,1.0,6219.1368848889,0.0,0.0,0.0,0.0,0.0,0.0,LOW,0
145,145,18,15,3,0.166667,53351.716396,3,18245.621985,12,25403.980382,1.0,0.0,0.0,0.0,1,5,4,17,2,0.718219,0.0,0.666667,0.341988,1.058824,0.341988,1.392333,0.176471,0.705882,0.0,0.0,2963.9842442222,6081.873995,2116.9983651667,0.0,2.0,2.0,0.0,LOW,0
146,146,15,15,0,0.0,80096.529918,5,23879.693243,1,9077.275616,0.380125,0.0,6862.108454,-6862.108454,5,5,3,14,3,2.630711,0.0,0.6,0.298136,1.071429,0.298136,0.380125,0.357143,0.071429,0.085673,0.0,5339.7686612,4775.9386486,9077.275616,1.0,1.0,0.0,0.3333333333333333,HIGH,2
147,147,11,11,0,0.0,44643.453468,0,0.0,0,0.0,0.0,8567.658691,5725.744511,2841.91418,7,5,4,11,0,0.0,0.668297,0.0,0.0,1.0,0.0,0.0,0.0,0.0,0.128255,0.331703,4058.4957698182,0.0,0.0,0.0,0.0,0.0,0.0,LOW,0
148,148,16,16,0,0.0,81524.289141,0,0.0,0,0.0,0.0,22690.898594,18192.746525,4498.152069,10,5,4,13,0,0.0,0.801764,0.0,0.0,1.230769,0.0,0.0,0.0,0.0,0.223157,0.198236,5095.2680713125,0.0,0.0,0.0,0.0,0.0,0.0,LOW,0
149,149,15,15,0,0.0,75323.91639,2,4141.872766,1,3577.677128,0.863782,19773.664252,9762.048394,10011.615858,6,5,3,14,1,1.157699,0.493689,0.5,0.054987,1.071429,0.054987,0.863782,0.142857,0.071429,0.129601,0.506311,5021.594426,2070.936383,3577.677128,0.0,1.0,3.0,0.16666666666666666,MEDIUM,1
150,150,10,9,1,0.1,22682.607823,1,5205.371096,6,5438.553755,1.0,5806.315796,540.662223,5265.653573,1,4,4,9,0,0.957124,0.093116,0.0,0.229487,1.111111,0.229487,1.044797,0.111111,0.666667,0.023836,0.906884,2268.2607823,5205.371096,906.4256258333,0.0,0.0,3.0,0.0,LOW,0
151,151,20,20,0,0.0,55946.660359,1,3461.386246,10,3461.304914,0.999977,11341.77195,9465.993405,1875.778545,5,5,4,20,0,1.000023,0.834613,0.0,0.061869,1.0,0.061869,0.999977,0.05,0.5,0.169197,0.165387,2797.33301795,3461.386246,346.1304914,0.0,0.0,5.0,0.0,LOW,0
152,152,14,14,0,0.0,76937.651409,0,0.0,0,0.0,0.0,3609.68524,9351.108317,-5741.423077,12,5,4,14,0,0.0,2.590561,0.0,0.0,1.0,0.0,0.0,0.0,0.0,0.121541,-1.590561,5495.5465292143,0.0,0.0,0.0,0.0,0.0,0.0,LOW,0
153,153,14,13,1,0.071429,37944.070001,3,6987.219653,7,6051.476398,0.866078,0.0,7981.07153,-7981.07153,2,5,4,12,1,1.154631,0.0,0.333333,0.184145,1.166667,0.184145,0.866078,0.25,0.583333,0.210338,0.0,2710.2907143571,2329.0732176667,864.4966282857,0.0,0.0,5.0,0.0,LOW,0
154,154,19,18,1,0.052632,67611.285106,1,1721.623381,3,1574.562301,0.91458,34396.292714,15167.306919,19228.985795,5,5,4,18,0,1.093398,0.440958,0.0,0.025464,1.055556,0.025464,0.91458,0.055556,0.166667,0.224331,0.559042,3558.4886897895,1721.623381,524.8541003333,0.0,0.0,3.0,0.0,LOW,0
155,155,15,15,0,0.0,46455.690954,2,8412.39621,4,7103.090212,0.84436,0.0,0.0,0.0,7,5,4,15,2,1.184329,0.0,1.0,0.181084,1.0,0.181084,0.84436,0.133333,0.266667,0.0,0.0,3097.0460636,4206.198105,1775.772553,1.0,1.0,0.0,0.0,MEDIUM,1
156,156,13,13,0,0.0,57065.348801,0,0.0,0,0.0,0.0,27621.66395,16324.892404,11296.771546,5,4,4,13,0,0.0,0.591018,0.0,0.0,1.0,0.0,0.0,0.0,0.0,0.286074,0.408982,4389.6422154615,0.0,0.0,0.0,0.0,0.0,0.0,LOW,0
157,157,10,10,0,0.0,21512.888188,1,4140.843314,6,4125.583019,0.996315,4810.130295,0.0,4810.130295,1,4,4,10,0,1.003699,0.0,0.0,0.192482,1.0,0.192482,0.996315,0.1,0.6,0.0,1.0,2151.2888188,4140.843314,687.5971698333,0.0,0.0,3.0,0.0,LOW,0
158,158,11,11,0,0.0,35843.104138,2,9388.108198,6,9374.194671,0.998518,0.0,0.0,0.0,3,5,4,11,0,1.001484,0.0,0.0,0.261922,1.0,0.261922,0.998518,0.181818,0.545455,0.0,0.0,3258.4640125455,4694.054099,1562.3657785,1.0,0.0,1.0,0.0,MEDIUM,1
159,159,16,16,0,0.0,26742.425482,1,1562.031708,11,1562.030199,0.999999,4897.056157,8517.106348,-3620.050191,2,5,4,15,0,1.000001,1.73923,0.0,0.05841,1.066667,0.05841,0.999999,0.066667,0.733333,0.318487,-0.73923,1671.401592625,1562.031708,142.0027453636,0.0,0.0,4.0,0.2,HIGH,2
160,160,7,7,0,0.0,25074.167288,0,0.0,0,0.0,0.0,13203.533408,3672.090044,9531.443364,2,4,3,7,0,0.0,0.278114,0.0,0.0,1.0,0.0,0.0,0.0,0.0,0.146449,0.721886,3582.0238982857,0.0,0.0,0.0,1.0,9.0,0.0,LOW,0
161,161,19,17,2,0.105263,89698.452218,8,39612.816205,2,7893.480867,0.199266,0.0,9432.560809,-9432.560809,2,5,4,16,6,5.018422,0.0,0.75,0.441622,1.1875,0.441622,0.199266,0.5,0.125,0.105159,0.0,4720.9711693684,4951.602025625,3946.7404335,2.0,3.0,1.0,0.2222222222222222,HIGH,2
162,162,12,12,0,0.0,53559.533628,1,5650.627209,2,4364.013164,0.772306,25887.683935,11890.199546,13997.484389,1,5,4,11,0,1.294824,0.459299,0.0,0.105502,1.090909,0.105502,0.772306,0.090909,0.181818,0.222,0.540701,4463.294469,5650.627209,2182.006582,0.0,0.0,8.0,0.0,LOW,0
163,163,13,12,1,0.076923,17033.916788,1,8437.43255,12,8596.484238,1.0,0.0,0.0,0.0,0,5,4,13,0,0.981498,0.0,0.0,0.495331,1.0,0.495331,1.018851,0.076923,0.923077,0.0,0.0,1310.3012913846,8437.43255,716.3736865,0.0,1.0,4.0,0.0,LOW,0
164,164,9,9,0,0.0,49275.651633,0,0.0,0,0.0,0.0,4488.460145,19630.519689,-15142.059544,5,3,3,9,0,0.0,4.373553,0.0,0.0,1.0,0.0,0.0,0.0,0.0,0.398382,-3.373553,5475.0724036667,0.0,0.0,0.0,0.0,0.0,0.0,LOW,0
165,165,8,8,0,0.0,41153.674007,0,0.0,0,0.0,0.0,0.0,6850.780657,-6850.780657,7,4,2,8,0,0.0,0.0,0.0,0.0,1.0,0.0,0.0,0.0,0.0,0.166468,0.0,5144.209250875,0.0,0.0,0.0,0.0,0.0,0.0,LOW,0
199,199,8,7,1,0.125,36492.040536,1,7498.957367,3,7144.196764,0.952692,0.0,17145.143942,-17145.143942,2,4,2,8,0,1.049657,0.0,0.0,0.205496,1.0,0.205496,0.952692,0.125,0.375,0.469832,0.0,4561.505067,7498.957367,2381.3989213333,1.0,1.0,2.0,0.0,MEDIUM,1
166,166,17,16,1,0.058824,49420.676213,1,5917.859102,6,5916.806805,0.999822,1059.996889,13230.424032,-12170.427143,5,5,4,15,1,1.000178,12.481569,1.0,0.119745,1.133333,0.119745,0.999822,0.066667,0.4,0.26771,-11.481569,2907.0986007647,5917.859102,986.1344675,0.0,1.0,4.0,0.125,MEDIUM,1
167,167,18,17,1,0.055556,95502.336599,0,0.0,0,0.0,0.0,9814.598646,24401.855432,-14587.256786,11,5,3,16,0,0.0,2.486282,0.0,0.0,1.125,0.0,0.0,0.0,0.0,0.255511,-1.486282,5305.6853666111,0.0,0.0,0.0,1.0,2.0,0.0,LOW,0
168,168,12,12,0,0.0,16901.318334,1,1906.632649,7,1906.093982,0.999717,0.0,6091.698268,-6091.698268,3,4,4,11,0,1.000283,0.0,0.0,0.11281,1.090909,0.11281,0.999717,0.090909,0.636364,0.360427,0.0,1408.4431945,1906.632649,272.2991402857,0.0,0.0,6.0,0.14285714285714285,MEDIUM,1
169,169,15,15,0,0.0,58671.596821,1,2754.845263,4,2523.537368,0.916036,2771.572833,18554.663481,-15783.090648,6,5,4,13,0,1.09166,6.694633,0.0,0.046954,1.153846,0.046954,0.916036,0.076923,0.307692,0.316246,-5.694633,3911.4397880667,2754.845263,630.884342,0.0,0.0,8.0,0.0,LOW,0
170,170,18,17,1,0.055556,60644.515696,2,11867.651153,6,11758.88517,0.990835,10726.316748,2246.10544,8480.211308,7,5,4,17,0,1.00925,0.209401,0.0,0.195692,1.058824,0.195692,0.990835,0.117647,0.352941,0.037037,0.790599,3369.1397608889,5933.8255765,1959.814195,0.0,0.0,3.0,0.0,LOW,0
171,171,11,11,0,0.0,55931.298633,1,4560.61317,2,4530.868493,0.993478,18408.146357,5568.140805,12840.005552,4,5,4,11,0,1.006565,0.302482,0.0,0.08154,1.0,0.08154,0.993478,0.090909,0.181818,0.099553,0.697518,5084.6635120909,4560.61317,2265.4342465,0.0,0.0,7.0,0.09090909090909091,LOW,0
172,172,16,16,0,0.0,76685.99108,1,3905.444803,0,0.0,0.0,11672.155821,15759.647391,-4087.49157,11,5,3,16,0,0.0,1.350192,0.0,0.050928,1.0,0.050928,0.0,0.0625,0.0,0.205509,-0.350192,4792.8744425,3905.444803,0.0,0.0,0.0,2.0,0.0,LOW,0
173,173,15,15,0,0.0,69748.528119,0,0.0,0,0.0,0.0,14437.466945,18492.258614,-4054.791669,10,5,3,15,0,0.0,1.280852,0.0,0.0,1.0,0.0,0.0,0.0,0.0,0.265128,-0.280852,4649.9018746,0.0,0.0,0.0,1.0,1.0,0.0,LOW,0
174,174,8,8,0,0.0,42806.234523,0,0.0,0,0.0,0.0,17046.527394,8906.733326,8139.794068,4,5,3,7,0,0.0,0.522495,0.0,0.0,1.142857,0.0,0.0,0.0,0.0,0.208071,0.477505,5350.779315375,0.0,0.0,0.0,0.0,0.0,0.0,LOW,0
175,175,14,14,0,0.0,69994.668812,0,0.0,0,0.0,0.0,26576.605328,5714.255209,20862.350119,8,5,4,12,0,0.0,0.215011,0.0,0.0,1.166667,0.0,0.0,0.0,0.0,0.081638,0.784989,4999.6192008571,0.0,0.0,0.0,1.0,3.0,0.0,LOW,0
176,176,11,11,0,0.0,47798.175872,4,26127.045525,4,17942.767667,0.686751,76.501645,0.0,76.501645,1,4,4,10,1,1.456132,0.0,0.25,0.546612,1.1,0.546612,0.686751,0.4,0.4,0.0,1.0,4345.2887156364,6531.76138125,4485.69191675,3.0,3.0,2.0,0.09090909090909091,HIGH,2
177,177,10,10,0,0.0,46691.221209,0,0.0,0,0.0,0.0,15894.63334,857.743975,15036.889365,6,5,3,9,0,0.0,0.053964,0.0,0.0,1.111111,0.0,0.0,0.0,0.0,0.018371,0.946036,4669.1221209,0.0,0.0,0.0,0.0,0.0,0.0,LOW,0
178,178,20,20,0,0.0,17180.068803,1,7633.867954,18,7633.867903,1.0,0.0,1912.332946,-1912.332946,0,5,4,19,0,1.0,0.0,0.0,0.444344,1.052632,0.444344,1.0,0.052632,0.947368,0.111311,0.0,859.00344015,7633.867954,424.1037723889,0.0,0.0,4.0,0.0,LOW,0
179,179,14,14,0,0.0,72545.009656,0,0.0,0,0.0,0.0,18898.362226,16968.32967,1930.032556,8,4,4,11,0,0.0,0.897873,0.0,0.0,1.272727,0.0,0.0,0.0,0.0,0.233901,0.102127,5181.786404,0.0,0.0,0.0,0.0,0.0,0.0,LOW,0
180,180,17,17,0,0.0,63562.199182,5,22746.789523,6,11836.490426,0.520359,1547.836202,16304.269165,-14756.432963,2,5,4,17,1,1.921751,10.533588,0.2,0.357867,1.0,0.357867,0.520359,0.294118,0.352941,0.256509,-9.533588,3738.9528930588,4549.3579046,1972.7484043333,0.0,1.0,3.0,0.0,LOW,0
181,181,11,10,1,0.090909,18733.762313,2,6451.081525,5,95.630876,0.014824,0.0,0.0,0.0,4,4,4,10,0,67.458145,0.0,0.0,0.344356,1.1,0.344356,0.014824,0.2,0.5,0.0,0.0,1703.0693011818,3225.5407625,19.1261752,0.0,0.0,7.0,0.0,LOW,0
182,182,8,8,0,0.0,29459.858552,3,12028.576638,3,11946.602354,0.993185,0.0,0.0,0.0,2,5,4,8,0,1.006862,0.0,0.0,0.408304,1.0,0.408304,0.993185,0.375,0.375,0.0,0.0,3682.482319,4009.525546,3982.2007846667,1.0,1.0,7.0,0.07692307692307693,MEDIUM,1
183,183,12,12,0,0.0,59863.363948,0,0.0,0,0.0,0.0,28040.070694,6625.788901,21414.281793,6,4,3,12,0,0.0,0.236297,0.0,0.0,1.0,0.0,0.0,0.0,0.0,0.110682,0.763703,4988.6136623333,0.0,0.0,0.0,0.0,0.0,0.0,LOW,0
184,184,13,13,0,0.0,58063.4067,1,5133.617339,2,3720.908099,0.724812,19549.892032,5878.461873,13671.430159,5,4,4,12,0,1.379668,0.30069,0.0,0.088414,1.083333,0.088414,0.724812,0.083333,0.166667,0.101242,0.69931,4466.4159,5133.617339,1860.4540495,0.0,0.0,7.0,0.0,LOW,0
185,185,13,13,0,0.0,65987.419944,0,0.0,0,0.0,0.0,0.0,21256.018722,-21256.018722,9,5,4,13,0,0.0,0.0,0.0,0.0,1.0,0.0,0.0,0.0,0.0,0.322122,0.0,5075.9553803077,0.0,0.0,0.0,0.0,0.0,0.0,LOW,0
186,186,11,11,0,0.0,60450.607727,0,0.0,0,0.0,0.0,6942.556802,9537.431007,-2594.874205,8,5,4,11,0,0.0,1.373763,0.0,0.0,1.0,0.0,0.0,0.0,0.0,0.157772,-0.373763,5495.5097933636,0.0,0.0,0.0,0.0,0.0,0.0,LOW,0
187,187,13,13,0,0.0,62172.337956,0,0.0,0,0.0,0.0,7428.460263,13528.545241,-6100.084978,8,4,4,12,0,0.0,1.821178,0.0,0.0,1.083333,0.0,0.0,0.0,0.0,0.217597,-0.821178,4782.4875350769,0.0,0.0,0.0,1.0,1.0,0.0,LOW,0
188,188,15,15,0,0.0,88404.156471,1,7228.372328,2,5618.62202,0.777301,22092.743104,17540.659699,4552.083405,7,5,4,15,0,1.286503,0.793956,0.0,0.081765,1.0,0.081765,0.777301,0.066667,0.133333,0.198414,0.206044,5893.6104314,7228.372328,2809.31101,0.0,0.0,3.0,0.0,LOW,0
189,189,11,11,0,0.0,26361.078522,2,7004.738218,6,6950.670697,0.992281,3774.060826,0.0,3774.060826,2,5,3,10,0,1.007779,0.0,0.0,0.265723,1.1,0.265723,0.992281,0.2,0.6,0.0,1.0,2396.4616838182,3502.369109,1158.4451161667,0.0,0.0,10.0,0.0,LOW,0
190,190,9,9,0,0.0,33686.909257,1,7203.069,3,6768.885865,0.939722,7427.987956,2733.714912,4694.273044,2,4,4,9,0,1.064144,0.368029,0.0,0.213824,1.0,0.213824,0.939722,0.111111,0.333333,0.081151,0.631971,3742.9899174444,7203.069,2256.2952883333,0.0,1.0,4.0,0.0,LOW,0
191,191,21,21,0,0.0,34614.077298,2,8035.09113,15,7993.321687,0.994802,3766.860004,0.0,3766.860004,3,5,4,19,0,1.005226,0.0,0.0,0.232134,1.105263,0.232134,0.994802,0.105263,0.789474,0.0,1.0,1648.2893951429,4017.545565,532.8881124667,0.0,0.0,5.0,0.0,LOW,0
192,192,14,13,1,0.071429,34023.270696,2,7275.24713,8,6621.75532,0.910176,11851.503998,0.0,11851.503998,2,5,4,13,0,1.098689,0.0,0.0,0.213832,1.076923,0.213832,0.910176,0.153846,0.615385,0.0,1.0,2430.2336211429,3637.623565,827.719415,1.0,2.0,2.0,0.0,MEDIUM,1
193,193,17,16,1,0.058824,49429.103924,6,20702.194251,4,10054.190644,0.485658,5979.458439,2277.731221,3701.727218,2,5,4,16,2,2.059061,0.380926,0.333333,0.418826,1.0625,0.418826,0.485658,0.375,0.25,0.046081,0.619074,2907.5943484706,3450.3657085,2513.547661,0.0,3.0,4.0,0.25,HIGH,2
194,194,13,12,1,0.076923,60191.021013,1,7240.735455,4,6993.830701,0.965901,0.0,4429.81056,-4429.81056,7,4,4,12,0,1.035303,0.0,0.0,0.120296,1.083333,0.120296,0.965901,0.083333,0.333333,0.073596,0.0,4630.0785394615,7240.735455,1748.45767525,0.0,0.0,3.0,0.0,LOW,0
195,195,11,11,0,0.0,8122.151272,1,948.579543,8,948.55836,0.999978,0.0,0.0,0.0,2,4,4,11,0,1.000022,0.0,0.0,0.116789,1.0,0.116789,0.999978,0.090909,0.727273,0.0,0.0,738.3773883636,948.579543,118.569795,0.0,0.0,7.0,0.0,LOW,0
196,196,15,15,0,0.0,74585.720292,2,10926.873166,4,8118.521388,0.742987,20344.83853,0.0,20344.83853,6,5,4,15,0,1.345919,0.0,0.0,0.146501,1.0,0.146501,0.742987,0.133333,0.266667,0.0,1.0,4972.3813528,5463.436583,2029.630347,0.0,0.0,6.0,0.0,LOW,0
197,197,9,9,0,0.0,47407.55171,1,6310.885772,2,4817.96511,0.763437,5048.854393,3655.163619,1393.690774,4,5,3,8,0,1.309865,0.723959,0.0,0.13312,1.125,0.13312,0.763437,0.125,0.25,0.077101,0.276041,5267.5057455556,6310.885772,2408.982555,0.0,0.0,5.0,0.0,LOW,0
198,198,14,14,0,0.0,60679.877088,0,0.0,0,0.0,0.0,3630.512894,12745.002414,-9114.48952,8,4,4,14,0,0.0,3.510524,0.0,0.0,1.0,0.0,0.0,0.0,0.0,0.210037,-2.510524,4334.2769348571,0.0,0.0,0.0,0.0,0.0,0.125,MEDIUM,1
200,200,11,11,0,0.0,41441.607814,0,0.0,0,0.0,0.0,8586.413898,0.0,8586.413898,7,5,4,9,0,0.0,0.0,0.0,0.0,1.222222,0.0,0.0,0.0,0.0,0.0,1.0,3767.4188921818,0.0,0.0,0.0,0.0,0.0,0.0,LOW,0
201,201,12,12,0,0.0,27154.809557,1,1598.389292,6,1597.222608,0.99927,2868.956297,10301.609212,-7432.652915,2,5,3,11,0,1.00073,3.590717,0.0,0.058862,1.090909,0.058862,0.99927,0.090909,0.545455,0.379366,-2.590717,2262.9007964167,1598.389292,266.203768,0.0,0.0,5.0,0.0,LOW,0
202,202,5,5,0,0.0,12267.753269,0,0.0,0,0.0,0.0,7007.278566,0.0,7007.278566,3,3,2,5,0,0.0,0.0,0.0,0.0,1.0,0.0,0.0,0.0,0.0,0.0,1.0,2453.5506538,0.0,0.0,2.0,2.0,0.0,0.0,HIGH,2
203,203,15,15,0,0.0,37466.810067,2,10220.598341,8,5698.126146,0.557514,3689.883797,7925.086731,-4235.202934,2,5,4,15,0,1.793677,2.147788,0.0,0.272791,1.0,0.272791,0.557514,0.133333,0.533333,0.211523,-1.147788,2497.7873378,5110.2991705,712.26576825,0.0,0.0,3.0,0.0,LOW,0
204,204,14,13,1,0.071429,47552.836911,1,7338.496256,8,7335.201129,0.999551,16422.14187,1574.278857,14847.863013,2,4,4,12,0,1.000449,0.095863,0.0,0.154323,1.166667,0.154323,0.999551,0.083333,0.666667,0.033106,0.904137,3396.6312079286,7338.496256,916.900141125,0.0,0.0,4.0,0.0,LOW,0
205,205,8,8,0,0.0,34539.440573,1,8766.516343,1,7111.189943,0.811176,0.0,7427.939128,-7427.939128,4,5,3,7,0,1.232778,0.0,0.0,0.253812,1.142857,0.253812,0.811176,0.142857,0.142857,0.215057,0.0,4317.430071625,8766.516343,7111.189943,0.0,0.0,2.0,0.0,LOW,0
206,206,14,14,0,0.0,47591.305184,1,5689.076606,8,5685.546733,0.99938,0.0,7060.84658,-7060.84658,4,5,3,14,0,1.000621,0.0,0.0,0.11954,1.0,0.11954,0.99938,0.071429,0.571429,0.148364,0.0,3399.3789417143,5689.076606,710.693341625,0.0,0.0,5.0,0.0,LOW,0
207,207,13,13,0,0.0,33887.067882,1,8253.249377,9,8253.121451,0.999984,0.0,0.0,0.0,3,5,4,13,0,1.000016,0.0,0.0,0.243552,1.0,0.243552,0.999984,0.076923,0.692308,0.0,0.0,2606.6975293846,8253.249377,917.0134945556,0.0,0.0,7.0,0.0,LOW,0
208,208,13,10,3,0.230769,50717.662629,3,11489.157458,4,8787.133484,0.76482,0.0,0.0,0.0,4,4,3,12,2,1.307498,0.0,0.666667,0.226532,1.083333,0.226532,0.76482,0.25,0.333333,0.0,0.0,3901.3586637692,3829.7191526667,2196.783371,2.0,1.0,1.0,0.14285714285714285,HIGH,2
209,209,12,12,0,0.0,45067.422067,1,1746.904677,1,1464.958313,0.838602,5288.963066,6204.150166,-915.1871,8,5,2,12,0,1.19246,1.173037,0.0,0.038762,1.0,0.038762,0.838602,0.083333,0.083333,0.137664,-0.173037,3755.6185055833,1746.904677,1464.958313,1.0,0.0,1.0,0.0,MEDIUM,1
210,210,12,12,0,0.0,54044.526034,0,0.0,0,0.0,0.0,10598.292896,28239.042761,-17640.749865,4,4,3,11,0,0.0,2.66449,0.0,0.0,1.090909,0.0,0.0,0.0,0.0,0.522514,-1.66449,4503.7105028333,0.0,0.0,0.0,0.0,0.0,0.0,LOW,0
211,211,17,16,1,0.058824,57334.519104,2,8938.412108,3,6960.53467,0.778722,12403.870802,6283.817541,6120.053261,5,5,4,15,2,1.284156,0.506601,1.0,0.155899,1.133333,0.155899,0.778722,0.133333,0.2,0.109599,0.493399,3372.6187708235,4469.206054,2320.1782233333,1.0,2.0,0.0,0.0,MEDIUM,1
212,212,13,13,0,0.0,14200.679258,1,1243.808331,10,1243.750792,0.999954,0.0,3976.07093,-3976.07093,1,5,4,13,0,1.000046,0.0,0.0,0.087588,1.0,0.087588,0.999954,0.076923,0.769231,0.279992,0.0,1092.3599429231,1243.808331,124.3750792,0.0,0.0,6.0,0.0,LOW,0
213,213,8,8,0,0.0,19419.001137,2,9975.881033,6,9443.120104,0.946595,0.0,0.0,0.0,0,4,4,8,0,1.056418,0.0,0.0,0.513718,1.0,0.513718,0.946595,0.25,0.75,0.0,0.0,2427.375142125,4987.9405165,1573.8533506667,0.0,0.0,7.0,0.0,LOW,0
214,214,15,15,0,0.0,64704.31093,3,16665.877183,4,8762.698607,0.525787,11416.673913,13778.009701,-2361.335788,2,5,4,15,0,1.901911,1.206832,0.0,0.25757,1.0,0.25757,0.525787,0.2,0.266667,0.212938,-0.206832,4313.6207286667,5555.2923943333,2190.67465175,0.0,1.0,5.0,0.0,LOW,0
215,215,11,11,0,0.0,43174.521504,0,0.0,0,0.0,0.0,0.0,17922.117399,-17922.117399,6,4,3,11,0,0.0,0.0,0.0,0.0,1.0,0.0,0.0,0.0,0.0,0.415109,0.0,3924.9565003636,0.0,0.0,0.0,1.0,0.0,0.0,LOW,0
216,216,10,10,0,0.0,42668.537244,3,11147.327983,2,5696.868939,0.511052,14477.330951,300.748447,14176.582504,1,3,4,10,1,1.956746,0.020774,0.333333,0.261254,1.0,0.261254,0.511052,0.3,0.2,0.007048,0.979226,4266.8537244,3715.7759943333,2848.4344695,0.0,2.0,7.0,0.0,LOW,0
217,217,12,12,0,0.0,37963.345621,1,8508.710071,6,8411.636327,0.988591,11606.416257,0.0,11606.416257,3,5,4,10,0,1.01154,0.0,0.0,0.22413,1.2,0.22413,0.988591,0.1,0.6,0.0,1.0,3163.6121350833,8508.710071,1401.9393878333,0.0,1.0,5.0,0.125,MEDIUM,1
218,218,17,16,1,0.058824,86137.971118,1,9005.235388,2,6518.024532,0.723804,4314.35737,24217.794324,-19903.436954,8,5,4,16,0,1.38159,5.613303,0.0,0.104544,1.0625,0.104544,0.723804,0.0625,0.125,0.281151,-4.613303,5066.9394775294,9005.235388,3259.012266,0.0,0.0,4.0,0.0,LOW,0
219,219,17,16,1,0.058824,82508.725248,5,29551.285619,1,3747.322741,0.126807,2050.523416,5934.40364,-3883.880224,4,5,4,16,5,7.885973,2.894092,1.0,0.35816,1.0625,0.35816,0.126807,0.3125,0.0625,0.071925,-1.894092,4853.4544263529,5910.2571238,3747.322741,2.0,3.0,0.0,0.0,HIGH,2
220,220,14,14,0,0.0,37358.48676,2,13733.173871,10,13622.625756,0.99195,0.0,0.0,0.0,2,5,4,13,0,1.008115,0.0,0.0,0.367605,1.076923,0.367605,0.99195,0.153846,0.769231,0.0,0.0,2668.46334,6866.5869355,1362.2625756,0.0,0.0,5.0,0.0,LOW,0
221,221,19,19,0,0.0,43954.228895,5,12860.970851,7,8268.427026,0.642908,12653.286573,0.0,12653.286573,1,5,4,16,1,1.555431,0.0,0.2,0.292599,1.1875,0.292599,0.642908,0.3125,0.4375,0.0,1.0,2313.3804681579,2572.1941702,1181.2038608571,0.0,1.0,4.0,0.14285714285714285,MEDIUM,1
222,222,13,13,0,0.0,55218.954647,6,28704.164326,0,0.0,0.0,942.713655,2737.732498,-1795.018843,1,5,4,10,4,0.0,2.904098,0.666667,0.519824,1.3,0.519824,0.0,0.6,0.0,0.04958,-1.904098,4247.6118959231,4784.0273876667,0.0,1.0,2.0,0.0,0.0,MEDIUM,1
223,223,18,18,0,0.0,68384.656183,3,20473.625389,10,14635.427061,0.714843,0.0,0.0,0.0,4,5,4,18,1,1.398909,0.0,0.333333,0.299389,1.0,0.299389,0.714843,0.166667,0.555556,0.0,0.0,3799.1475657222,6824.5417963333,1463.5427061,0.0,0.0,2.0,0.0,LOW,0
224,224,16,16,0,0.0,51053.835961,1,4695.934819,7,4695.174945,0.999838,157.106436,9568.980179,-9411.873743,5,5,3,16,0,1.000162,60.907627,0.0,0.09198,1.0,0.09198,0.999838,0.0625,0.4375,0.187429,-59.907627,3190.8647475625,4695.934819,670.7392778571,0.0,0.0,5.0,0.0,LOW,0
225,225,15,15,0,0.0,45306.376425,1,1489.241954,7,1489.240399,0.999999,0.0,16639.584833,-16639.584833,5,5,3,15,0,1.000001,0.0,0.0,0.03287,1.0,0.03287,0.999999,0.066667,0.466667,0.367268,0.0,3020.425095,1489.241954,212.7486284286,0.0,0.0,2.0,0.0,LOW,0
226,226,20,20,0,0.0,96773.646235,1,3849.967683,3,3584.40415,0.931022,9271.394184,31793.342992,-22521.948808,10,4,4,20,0,1.074089,3.429187,0.0,0.039783,1.0,0.039783,0.931022,0.05,0.15,0.328533,-2.429187,4838.68231175,3849.967683,1194.8013833333,0.0,0.0,0.0,0.0,LOW,0
227,227,7,7,0,0.0,24856.967328,1,1195.64548,2,552.530079,0.462119,0.0,20299.623901,-20299.623901,1,4,3,7,0,2.163946,0.0,0.0,0.048101,1.0,0.048101,0.462119,0.142857,0.285714,0.816657,0.0,3550.9953325714,1195.64548,276.2650395,0.0,0.0,8.0,0.0,LOW,0
228,228,12,12,0,0.0,62462.180867,0,0.0,0,0.0,0.0,450.518466,17088.290903,-16637.772437,9,5,4,12,0,0.0,37.930279,0.0,0.0,1.0,0.0,0.0,0.0,0.0,0.273578,-36.930279,5205.1817389167,0.0,0.0,0.0,1.0,2.0,0.0,LOW,0
229,229,11,10,1,0.090909,49058.239627,1,9766.558889,4,11297.477755,1.0,4758.152415,0.0,4758.152415,4,5,4,11,0,0.86449,0.0,0.0,0.199081,1.0,0.199081,1.156751,0.090909,0.363636,0.0,1.0,4459.8399660909,9766.558889,2824.36943875,0.0,0.0,6.0,0.0,LOW,0
230,230,18,17,1,0.055556,67781.589645,2,10371.701779,4,3398.420008,0.327663,4193.576348,5176.238469,-982.662121,9,5,4,17,1,3.051919,1.234326,0.5,0.153017,1.058824,0.153017,0.327663,0.117647,0.235294,0.076366,-0.234326,3765.6438691667,5185.8508895,849.605002,0.0,0.0,6.0,0.0,LOW,0
231,231,12,10,2,0.166667,40316.873183,2,12395.596428,5,12442.683043,1.0,0.0,0.0,0.0,5,4,4,12,0,0.996216,0.0,0.0,0.307454,1.0,0.307454,1.003799,0.166667,0.416667,0.0,0.0,3359.7394319167,6197.798214,2488.5366086,0.0,0.0,2.0,0.0,LOW,0
232,232,17,16,1,0.058824,52476.84828,2,7654.419075,6,2839.632143,0.370979,2817.563741,9748.695794,-6931.132053,5,5,4,15,1,2.695567,3.459973,0.5,0.145863,1.133333,0.145863,0.370979,0.133333,0.4,0.185771,-2.459973,3086.8734282353,3827.2095375,473.2720238333,0.0,0.0,2.0,0.14285714285714285,MEDIUM,1
233,233,14,13,1,0.071429,74491.771425,1,9810.052142,1,1001.148736,0.102053,14086.735923,12219.44037,1867.295553,7,5,4,14,0,9.798796,0.867443,0.0,0.131693,1.0,0.131693,0.102053,0.071429,0.071429,0.164037,0.132557,5320.8408160714,9810.052142,1001.148736,0.0,0.0,7.0,0.0,LOW,0
234,234,13,13,0,0.0,56785.210236,0,0.0,0,0.0,0.0,14357.804442,11377.084546,2980.719896,6,4,3,12,0,0.0,0.792397,0.0,0.0,1.083333,0.0,0.0,0.0,0.0,0.200353,0.207603,4368.0930950769,0.0,0.0,0.0,0.0,0.0,0.2,HIGH,2
235,235,22,22,0,0.0,30748.680201,1,927.719492,16,927.719433,1.0,4767.74853,8322.928719,-3555.180189,2,5,4,21,0,1.0,1.745673,0.0,0.030171,1.047619,0.030171,1.0,0.047619,0.761905,0.270676,-0.745673,1397.6672818636,927.719492,57.9824645625,0.0,0.0,3.0,0.0,LOW,0
236,236,17,17,0,0.0,25398.418388,1,4142.085627,13,4142.064975,0.999995,0.0,0.0,0.0,3,5,4,17,0,1.000005,0.0,0.0,0.163084,1.0,0.163084,0.999995,0.058824,0.764706,0.0,0.0,1494.0246110588,4142.085627,318.6203826923,0.0,0.0,7.0,0.0,LOW,0
237,237,11,11,0,0.0,37878.458457,2,8466.40697,5,7651.982129,0.903805,0.0,16906.042403,-16906.042403,2,5,4,11,0,1.106433,0.0,0.0,0.223515,1.0,0.223515,0.903805,0.181818,0.454545,0.446323,0.0,3443.4962233636,4233.203485,1530.3964258,1.0,1.0,2.0,0.125,MEDIUM,1
238,238,15,13,2,0.133333,82972.213752,5,29548.550084,2,5431.279567,0.183809,14989.336395,5794.267717,9195.068678,2,4,3,14,3,5.44044,0.386559,0.6,0.356126,1.071429,0.356126,0.183809,0.357143,0.142857,0.069834,0.613441,5531.4809168,5909.7100168,2715.6397835,1.0,2.0,0.0,0.0,MEDIUM,1
239,239,19,17,2,0.105263,44365.376684,4,13500.792073,7,7853.596344,0.581714,1861.835333,8125.415049,-6263.579716,3,5,4,18,2,1.719059,4.364196,0.5,0.304309,1.055556,0.304309,0.581714,0.222222,0.388889,0.183148,-3.364196,2335.0198254737,3375.19801825,1121.9423348571,0.0,1.0,1.0,0.0,LOW,0
240,240,14,14,0,0.0,31436.522726,1,741.545457,7,741.429604,0.999844,2604.485324,16519.566258,-13915.080934,3,5,4,14,0,1.000156,6.342737,0.0,0.023589,1.0,0.023589,0.999844,0.071429,0.5,0.52549,-5.342737,2245.465909,741.545457,105.9185148571,0.0,0.0,5.0,0.0,LOW,0
241,241,18,18,0,0.0,80917.746666,4,22868.211572,4,5871.831421,0.256768,9617.596761,3618.030147,5999.566614,4,4,4,18,3,3.894562,0.376189,0.75,0.282611,1.0,0.282611,0.256768,0.222222,0.222222,0.044712,0.623811,4495.4303703333,5717.052893,1467.95785525,2.0,3.0,0.0,0.0,HIGH,2
242,242,14,13,1,0.071429,29895.150445,1,767.08282,9,1090.433866,1.0,24531.553626,3506.080133,21025.473493,0,5,4,14,0,0.703466,0.142921,0.0,0.025659,1.0,0.025659,1.421533,0.071429,0.642857,0.117279,0.857079,2135.3678889286,767.08282,121.1593184444,1.0,2.0,4.0,0.0,MEDIUM,1
243,243,11,11,0,0.0,19287.968779,1,9643.984879,10,9643.9839,1.0,0.0,0.0,0.0,0,5,4,11,0,1.0,0.0,0.0,0.5,1.0,0.5,1.0,0.090909,0.909091,0.0,0.0,1753.4517071818,9643.984879,964.39839,0.0,0.0,4.0,0.0,LOW,0
244,244,14,14,0,0.0,73855.47683,2,13195.419339,3,10337.948711,0.78345,9646.681807,0.0,9646.681807,4,5,4,13,2,1.276406,0.0,1.0,0.178665,1.076923,0.178665,0.78345,0.153846,0.230769,0.0,1.0,5275.3912021429,6597.7096695,3445.9829036667,0.0,1.0,6.0,0.0,LOW,0
245,245,16,16,0,0.0,56241.615032,1,2835.236609,6,2815.099492,0.992898,2731.58406,3130.36233,-398.77827,7,5,4,14,0,1.007153,1.145988,0.0,0.050412,1.142857,0.050412,0.992898,0.071429,0.428571,0.055659,-0.145988,3515.1009395,2835.236609,469.1832486667,1.0,0.0,0.0,0.0,MEDIUM,1
246,246,12,12,0,0.0,64872.818833,1,3790.4144,1,1308.447524,0.345199,12604.798428,10883.086172,1721.712256,5,5,3,11,0,2.896879,0.863408,0.0,0.058428,1.090909,0.058428,0.345199,0.090909,0.090909,0.16776,0.136592,5406.0682360833,3790.4144,1308.447524,0.0,0.0,5.0,0.0,LOW,0
247,247,11,11,0,0.0,51125.826802,1,8628.420972,1,2385.528276,0.276473,6458.989319,10953.511193,-4494.521874,5,5,4,11,0,3.616985,1.695855,0.0,0.168768,1.0,0.168768,0.276473,0.090909,0.090909,0.214246,-0.695855,4647.8024365455,8628.420972,2385.528276,0.0,0.0,5.0,0.0,LOW,0
248,248,14,14,0,0.0,75386.835017,0,0.0,0,0.0,0.0,16010.713811,25927.47871,-9916.764899,7,5,3,13,0,0.0,1.619383,0.0,0.0,1.076923,0.0,0.0,0.0,0.0,0.343926,-0.619383,5384.7739297857,0.0,0.0,0.0,1.0,7.0,0.0,LOW,0
249,249,14,14,0,0.0,45755.4763,1,8226.842528,6,8206.936192,0.99758,11004.56396,15155.118326,-4150.554366,2,4,4,14,0,1.002426,1.377167,0.0,0.1798,1.0,0.1798,0.99758,0.071429,0.428571,0.33122,-0.377167,3268.2483071429,8226.842528,1367.8226986667,0.0,0.0,4.0,0.0,LOW,0
250,250,12,12,0,0.0,61677.412338,0,0.0,0,0.0,0.0,14077.297349,11697.668945,2379.628404,7,5,3,12,0,0.0,0.83096,0.0,0.0,1.0,0.0,0.0,0.0,0.0,0.189659,0.16904,5139.7843615,0.0,0.0,0.0,0.0,0.0,0.0,LOW,0
251,251,8,8,0,0.0,37462.400845,0,0.0,0,0.0,0.0,4424.911323,12676.711304,-8251.799981,4,3,4,8,0,0.0,2.864851,0.0,0.0,1.0,0.0,0.0,0.0,0.0,0.338385,-1.864851,4682.800105625,0.0,0.0,0.0,0.0,0.0,0.0,LOW,0
252,252,9,9,0,0.0,57152.776216,6,31855.116834,0,0.0,0.0,0.0,0.0,0.0,1,4,4,8,2,0.0,0.0,0.333333,0.557368,1.125,0.557368,0.0,0.75,0.0,0.0,0.0,6350.3084684444,5309.186139,0.0,1.0,1.0,0.0,0.0,MEDIUM,1
253,253,11,11,0,0.0,37630.720071,1,7312.692926,4,6670.573406,0.912191,0.0,0.0,0.0,6,4,4,10,0,1.096262,0.0,0.0,0.194328,1.1,0.194328,0.912191,0.1,0.4,0.0,0.0,3420.9745519091,7312.692926,1667.6433515,0.0,0.0,8.0,0.0,LOW,0
254,254,8,8,0,0.0,43575.927743,0,0.0,0,0.0,0.0,8646.784653,6825.107322,1821.677331,5,5,2,7,0,0.0,0.789323,0.0,0.0,1.142857,0.0,0.0,0.0,0.0,0.156626,0.210677,5446.990967875,0.0,0.0,0.0,0.0,0.0,0.0,LOW,0
255,255,16,14,2,0.125,98872.355329,2,9133.931772,0,0.0,0.0,13553.524019,23848.128415,-10294.604396,7,5,4,16,0,0.0,1.759552,0.0,0.092381,1.0,0.092381,0.0,0.125,0.0,0.241201,-0.759552,6179.5222080625,4566.965886,0.0,0.0,1.0,0.0,0.0,LOW,0
256,256,12,12,0,0.0,49417.278068,2,17678.583826,5,8727.364549,0.493669,10922.182418,7860.03825,3062.144168,1,5,4,11,0,2.02565,0.71964,0.0,0.357741,1.090909,0.357741,0.493669,0.181818,0.454545,0.159054,0.28036,4118.1065056667,8839.291913,1745.4729098,1.0,1.0,5.0,0.0,MEDIUM,1
257,257,14,14,0,0.0,57634.094915,1,9888.642715,3,6391.319976,0.646329,11891.194984,5651.84077,6239.354214,6,5,4,14,0,1.547199,0.475296,0.0,0.171576,1.0,0.171576,0.646329,0.071429,0.214286,0.098064,0.524704,4116.7210653571,9888.642715,2130.439992,0.0,0.0,3.0,0.16666666666666666,MEDIUM,1
258,258,8,8,0,0.0,36682.91092,0,0.0,0,0.0,0.0,5754.125734,8749.102089,-2994.976355,5,4,2,8,0,0.0,1.520492,0.0,0.0,1.0,0.0,0.0,0.0,0.0,0.238506,-0.520492,4585.363865,0.0,0.0,0.0,1.0,0.0,0.0,LOW,0
259,259,14,14,0,0.0,35950.943191,2,9039.055984,9,9036.97021,0.999769,6278.918162,0.0,6278.918162,2,5,3,14,0,1.000231,0.0,0.0,0.251428,1.0,0.251428,0.999769,0.142857,0.642857,0.0,1.0,2567.9245136429,4519.527992,1004.1078011111,0.0,0.0,8.0,0.0,LOW,0
260,260,10,10,0,0.0,22703.600286,1,991.569672,5,871.107627,0.878514,1044.610412,1812.800067,-768.189655,2,5,3,10,0,1.138286,1.735384,0.0,0.043675,1.0,0.043675,0.878514,0.1,0.5,0.079846,-0.735384,2270.3600286,991.569672,174.2215254,0.0,1.0,4.0,0.0,LOW,0
261,261,16,16,0,0.0,22282.324899,1,9338.081411,13,9338.078616,1.0,0.0,0.0,0.0,2,5,4,15,0,1.0,0.0,0.0,0.41908,1.066667,0.41908,1.0,0.066667,0.866667,0.0,0.0,1392.6453061875,9338.081411,718.3137396923,0.0,0.0,9.0,0.0,LOW,0
262,262,13,13,0,0.0,58190.134682,3,11309.718617,2,2613.155944,0.231054,9881.838196,14259.893287,-4378.055091,3,5,4,13,1,4.327992,1.443041,0.333333,0.194358,1.0,0.194358,0.231054,0.230769,0.153846,0.245057,-0.443041,4476.1642063077,3769.9062056667,1306.577972,1.0,1.0,2.0,0.0,MEDIUM,1
263,263,14,14,0,0.0,39005.421805,1,6332.526872,7,6266.268376,0.989537,0.0,10479.026667,-10479.026667,4,5,3,13,0,1.010574,0.0,0.0,0.16235,1.076923,0.16235,0.989537,0.076923,0.538462,0.268656,0.0,2786.1015575,6332.526872,895.1811965714,0.0,0.0,3.0,0.0,LOW,0
264,264,13,13,0,0.0,67839.73908,7,29724.197389,1,7602.969656,0.255784,0.0,0.0,0.0,2,5,4,12,3,3.909551,0.0,0.428571,0.438153,1.083333,0.438153,0.255784,0.583333,0.083333,0.0,0.0,5218.4414676923,4246.3139127143,7602.969656,1.0,0.0,0.0,0.0,MEDIUM,1
265,265,18,17,1,0.055556,43229.246858,1,861.109559,8,859.024521,0.997579,5539.637071,4365.614919,1174.022152,7,5,4,17,0,1.002427,0.788069,0.0,0.01992,1.058824,0.01992,0.997579,0.058824,0.470588,0.100988,0.211931,2401.6248254444,861.109559,107.378065125,0.0,0.0,3.0,0.0,LOW,0
266,266,13,13,0,0.0,59898.125777,0,0.0,0,0.0,0.0,13346.093596,22599.817123,-9253.723527,4,5,4,12,0,0.0,1.693366,0.0,0.0,1.083333,0.0,0.0,0.0,0.0,0.377304,-0.693366,4607.5481366923,0.0,0.0,0.0,0.0,0.0,0.0,LOW,0
267,267,16,16,0,0.0,55641.169353,5,13855.684304,4,6136.538815,0.44289,9412.714388,7373.872062,2038.842326,2,5,4,14,2,2.257899,0.783395,0.4,0.249019,1.142857,0.249019,0.44289,0.357143,0.285714,0.132525,0.216605,3477.5730845625,2771.1368608,1534.13470375,1.0,1.0,0.0,0.2,HIGH,2
268,268,20,20,0,0.0,31130.565034,1,865.720592,13,865.720591,1.0,0.0,17252.823049,-17252.823049,4,5,4,20,0,1.0,0.0,0.0,0.027809,1.0,0.027809,1.0,0.05,0.65,0.554208,0.0,1556.5282517,865.720592,66.5938916154,0.0,0.0,4.0,0.0,LOW,0
269,269,14,14,0,0.0,64511.248914,1,4293.547746,1,976.657415,0.227471,1782.327445,2631.112342,-848.784897,9,5,4,13,1,4.396166,1.476223,1.0,0.066555,1.076923,0.066555,0.227471,0.076923,0.076923,0.040785,-0.476223,4607.946351,4293.547746,976.657415,1.0,3.0,1.0,0.0,MEDIUM,1
270,270,10,10,0,0.0,49869.557657,0,0.0,0,0.0,0.0,8147.871613,11560.36182,-3412.490207,5,4,4,10,0,0.0,1.41882,0.0,0.0,1.0,0.0,0.0,0.0,0.0,0.231812,-0.41882,4986.9557657,0.0,0.0,1.0,1.0,0.0,0.0,MEDIUM,1
271,271,12,12,0,0.0,30257.295454,1,7074.813017,8,7073.767037,0.999852,13278.421603,0.0,13278.421603,1,5,4,12,0,1.000148,0.0,0.0,0.233822,1.0,0.233822,0.999852,0.083333,0.666667,0.0,1.0,2521.4412878333,7074.813017,884.220879625,0.0,0.0,6.0,0.0,LOW,0
272,272,15,15,0,0.0,69669.567751,1,4219.251702,1,1067.973962,0.253119,12070.219006,0.0,12070.219006,10,5,4,15,1,3.950707,0.0,1.0,0.060561,1.0,0.060561,0.253119,0.066667,0.066667,0.0,1.0,4644.6378500667,4219.251702,1067.973962,0.0,1.0,0.0,0.0,LOW,0
273,273,14,13,1,0.071429,20783.50686,2,10424.986089,9,3961.877786,0.380037,0.0,0.0,0.0,3,5,4,13,0,2.631325,0.0,0.0,0.501599,1.076923,0.501599,0.380037,0.153846,0.692308,0.0,0.0,1484.5362042857,5212.4930445,440.2086428889,0.0,0.0,6.0,0.0,LOW,0
274,274,8,8,0,0.0,31916.87336,0,0.0,0,0.0,0.0,4375.563756,0.0,4375.563756,6,4,2,8,0,0.0,0.0,0.0,0.0,1.0,0.0,0.0,0.0,0.0,0.0,1.0,3989.60917,0.0,0.0,0.0,0.0,0.0,0.0,LOW,0
275,275,17,17,0,0.0,15005.476602,1,3124.480518,15,3124.480518,1.0,8756.515566,0.0,8756.515566,0,5,3,16,0,1.0,0.0,0.0,0.208223,1.0625,0.208223,1.0,0.0625,0.9375,0.0,1.0,882.6750942353,3124.480518,208.2987012,0.0,0.0,0.0,0.0,LOW,0
276,276,12,11,1,0.083333,66693.522094,2,12758.594212,4,9839.107516,0.771175,272.802883,7350.016348,-7077.213465,3,5,4,11,1,1.296723,26.94259,0.5,0.191302,1.090909,0.191302,0.771175,0.181818,0.363636,0.110206,-25.94259,5557.7935078333,6379.297106,2459.776879,0.0,0.0,3.0,0.0,LOW,0
277,277,16,16,0,0.0,29365.439422,2,10806.350176,11,7641.394064,0.707121,0.0,3150.124744,-3150.124744,1,5,4,16,1,1.414186,0.0,0.5,0.367996,1.0,0.367996,0.707121,0.125,0.6875,0.107273,0.0,1835.339963875,5403.175088,694.6721876364,0.0,4.0,3.0,0.09090909090909091,LOW,0
278,278,13,13,0,0.0,47182.997406,1,8399.321177,5,8347.219436,0.993797,0.0,2326.553743,-2326.553743,6,4,4,12,0,1.006242,0.0,0.0,0.178016,1.083333,0.178016,0.993797,0.083333,0.416667,0.049309,0.0,3629.4613389231,8399.321177,1669.4438872,0.0,0.0,7.0,0.0,LOW,0
279,279,9,9,0,0.0,47109.341219,0,0.0,0,0.0,0.0,0.0,9577.465063,-9577.465063,8,5,1,9,0,0.0,0.0,0.0,0.0,1.0,0.0,0.0,0.0,0.0,0.203303,0.0,5234.3712465556,0.0,0.0,0.0,0.0,0.0,0.0,LOW,0
280,280,19,16,3,0.157895,56632.531275,2,9514.920397,11,9557.087613,1.0,10050.136665,4963.193921,5086.942744,3,5,4,19,0,0.995588,0.493843,0.0,0.168012,1.0,0.168012,1.004432,0.105263,0.578947,0.087639,0.506157,2980.6595407895,4757.4601985,868.8261466364,0.0,1.0,5.0,0.14285714285714285,MEDIUM,1
281,281,17,14,3,0.176471,70129.661401,5,22259.99027,4,13946.114465,0.62651,3802.098064,7045.338683,-3243.240619,5,5,3,17,1,1.596143,1.853013,0.2,0.317412,1.0,0.317412,0.62651,0.294118,0.235294,0.100462,-0.853013,4125.2742000588,4451.998054,3486.52861625,1.0,1.0,0.0,0.0,MEDIUM,1
282,282,11,11,0,0.0,49175.041218,1,7903.318292,5,7681.116044,0.971885,9057.688086,23347.56991,-14289.881824,1,5,4,9,0,1.028928,2.577652,0.0,0.160718,1.222222,0.160718,0.971885,0.111111,0.555556,0.474785,-1.577652,4470.4582925455,7903.318292,1536.2232088,0.0,0.0,3.0,0.0,LOW,0
283,283,14,14,0,0.0,32883.566138,1,1705.803358,9,1705.794045,0.999995,0.0,0.0,0.0,4,5,4,14,0,1.000005,0.0,0.0,0.051874,1.0,0.051874,0.999995,0.071429,0.642857,0.0,0.0,2348.8261527143,1705.803358,189.5326716667,0.0,0.0,6.0,0.0,LOW,0
284,284,15,15,0,0.0,45582.024233,1,9479.743043,10,9466.624359,0.998616,0.0,18832.087372,-18832.087372,2,5,4,13,0,1.001386,0.0,0.0,0.207971,1.153846,0.207971,0.998616,0.076923,0.769231,0.413147,0.0,3038.8016155333,9479.743043,946.6624359,0.0,0.0,8.0,0.0,LOW,0
285,285,22,22,0,0.0,110360.914799,0,0.0,0,0.0,0.0,41347.111838,6216.636103,35130.475735,13,5,4,20,0,0.0,0.150352,0.0,0.0,1.1,0.0,0.0,0.0,0.0,0.05633,0.849648,5016.4052181364,0.0,0.0,0.0,0.0,0.0,0.0,LOW,0
286,286,18,18,0,0.0,93247.349019,2,7778.563057,1,562.55367,0.072321,38764.316347,29212.37445,9551.941897,5,5,4,15,0,13.827237,0.753589,0.0,0.083419,1.2,0.083419,0.072321,0.133333,0.066667,0.313278,0.246411,5180.4082788333,3889.2815285,562.55367,0.0,0.0,4.0,0.2,HIGH,2
287,287,13,13,0,0.0,53601.772601,3,17102.720732,5,12847.958912,0.751223,11825.833869,0.0,11825.833869,2,5,4,12,1,1.331162,0.0,0.333333,0.31907,1.083333,0.31907,0.751223,0.25,0.416667,0.0,1.0,4123.213277,5700.9069106667,2569.5917824,1.0,1.0,5.0,0.0,MEDIUM,1
288,288,25,25,0,0.0,136996.432189,3,21174.302012,5,10246.752084,0.483924,17469.716361,26753.414996,-9283.698635,9,5,4,22,2,2.06644,1.531417,0.666667,0.154561,1.136364,0.154561,0.483924,0.136364,0.227273,0.195285,-0.531417,5479.85728756,7058.1006706667,2049.3504168,0.0,2.0,2.0,0.0,LOW,0
289,289,14,14,0,0.0,30188.731806,1,4637.080386,7,4634.965214,0.999544,0.0,9740.328643,-9740.328643,3,5,4,14,0,1.000456,0.0,0.0,0.153603,1.0,0.153603,0.999544,0.071429,0.5,0.322648,0.0,2156.3379861429,4637.080386,662.1378877143,0.0,0.0,5.0,0.125,MEDIUM,1
290,290,14,13,1,0.071429,74363.612384,6,34860.006389,1,2918.133188,0.08371,0.0,0.0,0.0,2,5,4,14,5,11.945996,0.0,0.833333,0.468778,1.0,0.468778,0.08371,0.428571,0.071429,0.0,0.0,5311.6865988571,5810.0010648333,2918.133188,2.0,3.0,2.0,0.2,HIGH,2
291,291,15,15,0,0.0,76109.688686,1,8219.229268,2,7953.881832,0.967716,9377.583618,7064.73862,2312.844998,8,4,4,14,0,1.033361,0.753365,0.0,0.107992,1.071429,0.107992,0.967716,0.071429,0.142857,0.092823,0.246635,5073.9792457333,8219.229268,3976.940916,0.0,0.0,4.0,0.0,LOW,0
292,292,26,26,0,0.0,75749.031436,3,16066.195609,11,9774.690969,0.608401,11250.29041,6574.918216,4675.372194,4,5,4,25,2,1.643653,0.584422,0.666667,0.212098,1.04,0.212098,0.608401,0.12,0.44,0.086799,0.415578,2913.424286,5355.3985363333,888.6082699091,1.0,2.0,0.0,0.14285714285714285,MEDIUM,1
293,293,10,9,1,0.1,60903.243605,2,15484.231962,2,13716.439508,0.885833,18580.112225,3221.886088,15358.226137,2,4,4,10,0,1.128881,0.173405,0.0,0.254243,1.0,0.254243,0.885833,0.2,0.2,0.052902,0.826595,6090.3243605,7742.115981,6858.219754,0.0,0.0,6.0,0.0,LOW,0
294,294,12,11,1,0.083333,54487.077163,1,4080.852873,0,0.0,0.0,20626.424205,8564.212583,12062.211622,5,4,3,11,1,0.0,0.415206,1.0,0.074896,1.090909,0.074896,0.0,0.090909,0.0,0.157179,0.584794,4540.5897635833,4080.852873,0.0,0.0,1.0,3.0,0.0,LOW,0
295,295,8,8,0,0.0,27447.966408,1,7931.745509,5,7907.958091,0.997001,0.0,5287.068541,-5287.068541,1,4,3,7,0,1.003008,0.0,0.0,0.288974,1.142857,0.288974,0.997001,0.142857,0.714286,0.192622,0.0,3430.995801,7931.745509,1581.5916182,0.0,0.0,3.0,0.0,LOW,0
296,296,11,11,0,0.0,53808.544624,4,16107.969806,0,0.0,0.0,25410.60138,0.0,25410.60138,1,5,3,10,2,0.0,0.0,0.5,0.299357,1.1,0.299357,0.0,0.4,0.0,0.0,1.0,4891.6858749091,4026.9924515,0.0,2.0,4.0,1.0,0.0,HIGH,2
297,297,12,11,1,0.083333,70145.52509,4,27456.274107,2,10243.577835,0.373087,2174.097083,0.0,2174.097083,2,5,4,12,3,2.68034,0.0,0.75,0.391419,1.0,0.391419,0.373087,0.333333,0.166667,0.0,1.0,5845.4604241667,6864.06852675,5121.7889175,3.0,3.0,0.0,0.0,HIGH,2
298,298,15,15,0,0.0,79422.944498,5,27023.502404,0,0.0,0.0,0.0,5080.659764,-5080.659764,4,5,4,13,5,0.0,0.0,1.0,0.340248,1.153846,0.340248,0.0,0.384615,0.0,0.06397,0.0,5294.8629665333,5404.7004808,0.0,2.0,2.0,1.0,0.0,HIGH,2
299,299,8,8,0,0.0,6219.368393,1,3109.800179,7,3109.568214,0.999925,0.0,0.0,0.0,0,4,4,8,0,1.000075,0.0,0.0,0.500019,1.0,0.500019,0.999925,0.125,0.875,0.0,0.0,777.421049125,3109.800179,444.2240305714,0.0,0.0,4.0,0.0,LOW,0
300,300,11,11,0,0.0,55969.165563,1,2254.671075,0,0.0,0.0,16684.95684,15561.297863,1123.658977,5,5,3,11,0,0.0,0.932654,0.0,0.040284,1.0,0.040284,0.0,0.090909,0.0,0.278033,0.067346,5088.1059602727,2254.671075,0.0,0.0,1.0,3.0,0.0,LOW,0
301,301,15,13,2,0.133333,68000.846929,4,22525.562615,3,5205.939642,0.231113,15245.863654,0.0,15245.863654,4,5,4,14,1,4.326897,0.0,0.25,0.331254,1.071429,0.331254,0.231113,0.285714,0.214286,0.0,1.0,4533.3897952667,5631.39065375,1735.313214,1.0,1.0,1.0,0.2,HIGH,2
302,302,11,11,0,0.0,41724.940013,0,0.0,0,0.0,0.0,16566.245403,1712.904954,14853.340449,7,5,4,11,0,0.0,0.103397,0.0,0.0,1.0,0.0,0.0,0.0,0.0,0.041052,0.896603,3793.1763648182,0.0,0.0,1.0,2.0,8.0,0.07692307692307693,MEDIUM,1
303,303,16,15,1,0.0625,40145.387358,1,8313.083853,9,8312.994833,0.999989,2814.376528,1631.43985,1182.936678,3,4,4,15,0,1.000011,0.579681,0.0,0.207074,1.066667,0.207074,0.999989,0.066667,0.6,0.040638,0.420319,2509.086709875,8313.083853,923.6660925556,0.0,0.0,4.0,0.0,LOW,0
304,304,13,13,0,0.0,61055.323915,2,9069.757398,1,8751.386943,0.964898,7915.631732,17734.745643,-9819.113911,3,5,4,13,1,1.036379,2.240471,0.5,0.14855,1.0,0.14855,0.964898,0.153846,0.076923,0.29047,-1.240471,4696.5633780769,4534.878699,8751.386943,0.0,1.0,0.0,0.0,LOW,0
305,305,8,6,2,0.25,27886.195363,2,4699.608348,2,5194.645303,1.0,0.0,5832.560866,-5832.560866,3,4,3,8,0,0.904702,0.0,0.0,0.168528,1.0,0.168528,1.105336,0.25,0.25,0.209156,0.0,3485.774420375,2349.804174,2597.3226515,2.0,2.0,0.0,0.0,HIGH,2
306,306,10,10,0,0.0,37832.392439,0,0.0,0,0.0,0.0,4375.984032,19040.65621,-14664.672178,3,5,4,10,0,0.0,4.351171,0.0,0.0,1.0,0.0,0.0,0.0,0.0,0.50329,-3.351171,3783.2392439,0.0,0.0,0.0,1.0,2.0,0.0,LOW,0
307,307,15,13,2,0.133333,79222.986708,5,27200.954777,1,5325.172784,0.195772,6402.937187,0.0,6402.937187,3,4,4,12,5,5.107995,0.0,1.0,0.343347,1.25,0.343347,0.195772,0.416667,0.083333,0.0,1.0,5281.5324472,5440.1909554,5325.172784,1.0,3.0,0.0,0.0,MEDIUM,1
308,308,7,6,1,0.142857,27859.132909,0,0.0,0,0.0,0.0,1165.655873,3298.563708,-2132.907835,4,5,2,7,0,0.0,2.829792,0.0,0.0,1.0,0.0,0.0,0.0,0.0,0.118402,-1.829792,3979.8761298571,0.0,0.0,1.0,2.0,3.0,0.0,MEDIUM,1
309,309,11,11,0,0.0,20314.045781,1,583.67176,6,583.55259,0.999796,2765.747881,0.0,2765.747881,3,4,4,11,0,1.000204,0.0,0.0,0.028732,1.0,0.028732,0.999796,0.090909,0.545455,0.0,1.0,1846.7314346364,583.67176,97.258765,1.0,0.0,4.0,0.0,MEDIUM,1
310,310,19,19,0,0.0,76756.341694,0,0.0,0,0.0,0.0,7814.530773,2529.78537,5284.745403,16,4,4,19,0,0.0,0.323728,0.0,0.0,1.0,0.0,0.0,0.0,0.0,0.032959,0.676272,4039.8074575789,0.0,0.0,0.0,1.0,0.0,0.0,LOW,0
311,311,17,15,2,0.117647,100248.691247,5,27385.714306,2,7528.680942,0.274913,8828.662313,9784.710171,-956.047858,3,5,4,16,5,3.637518,1.108289,1.0,0.273178,1.0625,0.273178,0.274913,0.3125,0.125,0.097604,-0.108289,5896.9818380588,5477.1428612,3764.340471,1.0,2.0,0.0,0.0,MEDIUM,1
312,312,10,10,0,0.0,75695.852341,0,0.0,0,0.0,0.0,16582.65728,14778.642627,1804.014653,6,4,4,10,0,0.0,0.891211,0.0,0.0,1.0,0.0,0.0,0.0,0.0,0.195237,0.108789,7569.5852341,0.0,0.0,0.0,1.0,3.0,0.1111111111111111,MEDIUM,1
313,313,10,7,3,0.3,55753.767217,5,28303.005614,1,998.292139,0.035272,0.0,0.0,0.0,0,4,4,8,4,28.351426,0.0,0.8,0.507643,1.25,0.507643,0.035272,0.625,0.125,0.0,0.0,5575.3767217,5660.6011228,998.292139,1.0,2.0,0.0,0.0,MEDIUM,1
314,314,19,19,0,0.0,57820.177257,2,12176.63991,11,12176.21019,0.999965,5280.225797,14531.297826,-9251.072029,3,5,4,16,0,1.000035,2.752022,0.0,0.210595,1.1875,0.210595,0.999965,0.125,0.6875,0.251319,-1.752022,3043.1672240526,6088.319955,1106.9281990909,0.0,0.0,4.0,0.0,LOW,0
315,315,16,16,0,0.0,58334.259271,1,4938.2573,4,4881.933391,0.988594,13607.564576,4618.201285,8989.363291,6,4,4,15,1,1.011537,0.339385,1.0,0.084654,1.066667,0.084654,0.988594,0.066667,0.266667,0.079168,0.660615,3645.8912044375,4938.2573,1220.48334775,0.0,0.0,0.0,0.0,LOW,0
316,316,17,16,1,0.058824,75340.70523,3,13184.887115,2,7921.87813,0.60083,6471.187317,9283.813418,-2812.626101,7,5,4,16,2,1.664364,1.434638,0.666667,0.175004,1.0625,0.175004,0.60083,0.1875,0.125,0.123224,-0.434638,4431.80619,4394.9623716667,3960.939065,0.0,2.0,2.0,0.0,LOW,0
317,317,18,18,0,0.0,84661.067548,0,0.0,0,0.0,0.0,10656.206103,10473.402048,182.804055,12,5,4,17,0,0.0,0.982845,0.0,0.0,1.058824,0.0,0.0,0.0,0.0,0.12371,0.017155,4703.3926415556,0.0,0.0,0.0,1.0,1.0,0.0,LOW,0
318,318,7,7,0,0.0,19515.210918,2,7782.424682,2,904.066192,0.116168,0.0,0.0,0.0,2,3,3,7,1,8.608247,0.0,0.5,0.398788,1.0,0.398788,0.116168,0.285714,0.285714,0.0,0.0,2787.887274,3891.212341,452.033096,0.0,1.0,2.0,0.0,LOW,0
319,319,11,11,0,0.0,48952.868956,0,0.0,0,0.0,0.0,4021.5913,3631.22059,390.37071,9,5,3,11,0,0.0,0.902931,0.0,0.0,1.0,0.0,0.0,0.0,0.0,0.074178,0.097069,4450.2608141818,0.0,0.0,0.0,0.0,0.0,0.0,LOW,0
320,320,12,12,0,0.0,57085.581631,0,0.0,0,0.0,0.0,4254.9325,13200.321736,-8945.389236,8,4,3,10,0,0.0,3.102357,0.0,0.0,1.2,0.0,0.0,0.0,0.0,0.231237,-2.102357,4757.1318025833,0.0,0.0,0.0,0.0,0.0,0.0,LOW,0
321,321,9,9,0,0.0,36854.809014,2,7310.88111,1,1327.728721,0.18161,3767.237699,11480.995477,-7713.757778,2,3,4,9,1,5.506306,3.04759,0.5,0.19837,1.0,0.19837,0.18161,0.222222,0.111111,0.31152,-2.04759,4094.9787793333,3655.440555,1327.728721,1.0,3.0,1.0,0.0,MEDIUM,1
322,322,8,7,1,0.125,23692.995342,3,7908.478439,0,0.0,0.0,0.0,0.0,0.0,1,4,3,7,4,0.0,0.0,1.333333,0.33379,1.142857,0.33379,0.0,0.428571,0.0,0.0,0.0,2961.62441775,2636.1594796667,0.0,0.0,3.0,0.0,0.0,LOW,0
323,323,15,15,0,0.0,72740.298367,1,5589.785765,0,0.0,0.0,14096.657846,4704.200043,9392.457803,10,5,4,14,0,0.0,0.33371,0.0,0.076846,1.071429,0.076846,0.0,0.071429,0.0,0.064671,0.66629,4849.3532244667,5589.785765,0.0,0.0,0.0,3.0,0.0,LOW,0
324,324,10,9,1,0.1,44721.09778,1,5893.491048,4,11329.284302,1.0,0.0,9519.826654,-9519.826654,3,5,4,9,1,0.5202,0.0,1.0,0.131783,1.111111,0.131783,1.922338,0.111111,0.444444,0.212871,0.0,4472.109778,5893.491048,2832.3210755,0.0,1.0,3.0,0.0,LOW,0
325,325,14,14,0,0.0,30758.268517,1,1335.504681,9,1335.497935,0.999995,15586.956243,12500.309658,3086.646585,0,4,4,13,0,1.000005,0.801972,0.0,0.043419,1.076923,0.043419,0.999995,0.076923,0.692308,0.406405,0.198028,2197.0191797857,1335.504681,148.3886594444,0.0,0.0,6.0,0.1111111111111111,MEDIUM,1
326,326,13,13,0,0.0,26277.633296,1,3175.737027,8,3175.1023,0.9998,6685.103273,208.599751,6476.503522,2,5,4,13,0,1.0002,0.031204,0.0,0.120853,1.0,0.120853,0.9998,0.076923,0.615385,0.007938,0.968796,2021.3564073846,3175.737027,396.8877875,0.0,0.0,9.0,0.07692307692307693,LOW,0
327,327,12,12,0,0.0,48673.45474,1,4563.809953,4,4179.59866,0.915813,11473.82853,0.0,11473.82853,5,5,4,12,0,1.091925,0.0,0.0,0.093764,1.0,0.093764,0.915813,0.083333,0.333333,0.0,1.0,4056.1212283333,4563.809953,1044.899665,0.0,2.0,5.0,0.0,LOW,0
328,328,10,10,0,0.0,23737.030716,1,1721.784759,4,1713.823573,0.995376,0.0,18067.337251,-18067.337251,2,5,4,10,0,1.004645,0.0,0.0,0.072536,1.0,0.072536,0.995376,0.1,0.4,0.761146,0.0,2373.7030716,1721.784759,428.45589325,0.0,0.0,4.0,0.2,HIGH,2
329,329,12,12,0,0.0,77672.956266,0,0.0,0,0.0,0.0,19487.654709,7514.726458,11972.928251,8,5,4,12,0,0.0,0.385615,0.0,0.0,1.0,0.0,0.0,0.0,0.0,0.096748,0.614385,6472.7463555,0.0,0.0,1.0,1.0,3.0,0.0,MEDIUM,1
330,330,12,12,0,0.0,23066.480282,1,6065.737788,9,6065.12205,0.999898,6959.681946,3975.938498,2983.743448,0,4,4,12,0,1.000102,0.571282,0.0,0.262968,1.0,0.262968,0.999898,0.083333,0.75,0.172369,0.428718,1922.2066901667,6065.737788,673.90245,0.0,0.0,3.0,0.0,LOW,0
331,331,14,14,0,0.0,19918.848027,1,3065.609267,8,3065.516408,0.99997,30.145809,1398.59918,-1368.453371,3,5,3,12,0,1.00003,46.394482,0.0,0.153905,1.166667,0.153905,0.99997,0.083333,0.666667,0.070215,-45.394482,1422.7748590714,3065.609267,383.189551,0.0,0.0,3.0,0.0,LOW,0
496,496,17,17,0,0.0,102485.321726,0,0.0,0,0.0,0.0,6353.647383,22640.242012,-16286.594629,12,5,4,17,0,0.0,3.563346,0.0,0.0,1.0,0.0,0.0,0.0,0.0,0.220912,-2.563346,6028.5483368235,0.0,0.0,0.0,0.0,0.0,0.0,LOW,0
332,332,14,10,4,0.285714,67003.523622,4,16242.334959,0,0.0,0.0,15734.078849,8040.177059,7693.90179,3,5,4,13,3,0.0,0.511004,0.75,0.24241,1.076923,0.24241,0.0,0.307692,0.0,0.119996,0.488996,4785.965973,4060.58373975,0.0,1.0,1.0,0.0,0.0,MEDIUM,1
333,333,13,11,2,0.153846,30638.450428,1,7333.136716,8,8066.585909,1.0,3208.834996,1925.366436,1283.46856,2,5,4,13,0,0.909076,0.60002,0.0,0.239344,1.0,0.239344,1.100018,0.076923,0.615385,0.062842,0.39998,2356.8038790769,7333.136716,1008.323238625,0.0,1.0,3.0,0.16666666666666666,MEDIUM,1
334,334,12,11,1,0.083333,71598.714883,6,41140.247725,1,985.65594,0.023958,7949.996839,1139.845238,6810.151601,1,4,4,11,2,41.738954,0.143377,0.333333,0.574595,1.090909,0.574595,0.023958,0.545455,0.090909,0.01592,0.856623,5966.5595735833,6856.7079541667,985.65594,2.0,3.0,3.0,0.0,HIGH,2
335,335,14,13,1,0.071429,52249.335039,1,9243.149281,7,13851.536888,1.0,9802.324797,0.0,9802.324797,4,5,4,13,0,0.667301,0.0,0.0,0.176905,1.076923,0.176905,1.498573,0.076923,0.538462,0.0,1.0,3732.0953599286,9243.149281,1978.790984,0.0,0.0,1.0,0.2,HIGH,2
336,336,13,13,0,0.0,83017.987175,1,4292.712432,0,0.0,0.0,10251.838939,9457.858477,793.980462,9,5,4,13,0,0.0,0.922552,0.0,0.051708,1.0,0.051708,0.0,0.076923,0.0,0.113925,0.077448,6385.9990134615,4292.712432,0.0,0.0,0.0,3.0,0.0,LOW,0
337,337,13,12,1,0.076923,73452.178555,1,5279.596191,2,4812.799402,0.911585,0.0,23925.784991,-23925.784991,6,5,4,13,1,1.096991,0.0,1.0,0.071878,1.0,0.071878,0.911585,0.076923,0.153846,0.325733,0.0,5650.1675811538,5279.596191,2406.399701,0.0,1.0,3.0,0.0,LOW,0
338,338,13,13,0,0.0,71616.401148,0,0.0,0,0.0,0.0,15068.155226,14058.467885,1009.687341,8,5,4,13,0,0.0,0.932992,0.0,0.0,1.0,0.0,0.0,0.0,0.0,0.196302,0.067008,5508.9539344615,0.0,0.0,0.0,1.0,0.0,0.0,LOW,0
339,339,10,9,1,0.1,33897.372602,1,7741.799811,6,7926.650681,1.0,0.0,0.0,0.0,3,4,4,10,0,0.97668,0.0,0.0,0.228389,1.0,0.228389,1.023877,0.1,0.6,0.0,0.0,3389.7372602,7741.799811,1321.1084468333,1.0,1.0,4.0,0.0,MEDIUM,1
340,340,15,15,0,0.0,60048.153468,1,2997.535768,2,2703.136219,0.901786,0.0,7774.427009,-7774.427009,9,5,4,12,0,1.10891,0.0,0.0,0.049919,1.25,0.049919,0.901786,0.083333,0.166667,0.12947,0.0,4003.2102312,2997.535768,1351.5681095,0.0,0.0,9.0,0.0,LOW,0
341,341,13,13,0,0.0,30824.232364,1,5648.004,8,5611.769694,0.993585,18484.674221,0.0,18484.674221,1,5,4,13,0,1.006457,0.0,0.0,0.183233,1.0,0.183233,0.993585,0.076923,0.615385,0.0,1.0,2371.0947972308,5648.004,701.47121175,0.0,0.0,9.0,0.0,LOW,0
342,342,9,9,0,0.0,9153.05749,1,3496.762369,6,3493.960475,0.999199,0.0,1911.242714,-1911.242714,1,5,4,8,0,1.000802,0.0,0.0,0.382032,1.125,0.382032,0.999199,0.125,0.75,0.208809,0.0,1017.0063877778,3496.762369,582.3267458333,0.0,0.0,7.0,0.0,LOW,0
343,343,9,9,0,0.0,30782.10808,3,11808.9626,1,1571.599087,0.133085,0.0,2534.448717,-2534.448717,2,5,3,9,2,7.513979,0.0,0.666667,0.383631,1.0,0.383631,0.133085,0.333333,0.111111,0.082335,0.0,3420.2342311111,3936.3208666667,1571.599087,2.0,1.0,0.0,0.25,HIGH,2
344,344,13,12,1,0.076923,68341.845258,2,15143.063698,4,8152.750999,0.538382,19935.393899,0.0,19935.393899,3,5,4,11,1,1.857418,0.0,0.5,0.221578,1.181818,0.221578,0.538382,0.181818,0.363636,0.0,1.0,5257.0650198462,7571.531849,2038.18774975,0.0,1.0,8.0,0.0,LOW,0
345,345,13,13,0,0.0,55872.58611,1,7318.527435,3,5967.077099,0.815338,7302.211624,7145.894314,156.31731,5,5,4,12,0,1.226484,0.978593,0.0,0.130986,1.083333,0.130986,0.815338,0.083333,0.25,0.127896,0.021407,4297.8912392308,7318.527435,1989.0256996667,0.0,1.0,2.0,0.0,LOW,0
346,346,18,18,0,0.0,17594.698495,1,2189.511443,14,2189.509363,0.999999,2463.881799,0.0,2463.881799,2,5,4,16,0,1.000001,0.0,0.0,0.124442,1.125,0.124442,0.999999,0.0625,0.875,0.0,1.0,977.4832497222,2189.511443,156.3935259286,0.0,0.0,7.0,0.0,LOW,0
347,347,11,11,0,0.0,52830.712505,1,9454.081219,0,0.0,0.0,0.0,27166.28894,-27166.28894,5,5,4,11,0,0.0,0.0,0.0,0.17895,1.0,0.17895,0.0,0.090909,0.0,0.514214,0.0,4802.7920459091,9454.081219,0.0,0.0,0.0,3.0,0.0,LOW,0
348,348,14,14,0,0.0,56735.710082,1,4759.509444,4,4729.902976,0.99378,6213.108395,15736.913262,-9523.804867,6,5,4,13,0,1.006259,2.532857,0.0,0.083889,1.076923,0.083889,0.99378,0.076923,0.307692,0.277372,-1.532857,4052.5507201429,4759.509444,1182.475744,0.0,0.0,7.0,0.0,LOW,0
349,349,9,9,0,0.0,43862.852594,1,8961.780404,1,1574.550704,0.175696,0.0,9139.160481,-9139.160481,5,4,2,7,0,5.691643,0.0,0.0,0.204314,1.285714,0.204314,0.175696,0.142857,0.142857,0.208358,0.0,4873.6502882222,8961.780404,1574.550704,0.0,0.0,9.0,0.0,LOW,0
350,350,11,11,0,0.0,61891.351737,0,0.0,0,0.0,0.0,9198.465253,13259.225249,-4060.759996,8,4,4,10,0,0.0,1.441461,0.0,0.0,1.1,0.0,0.0,0.0,0.0,0.214234,-0.441461,5626.4865215455,0.0,0.0,0.0,1.0,4.0,0.0,LOW,0
351,351,14,13,1,0.071429,66287.969748,1,7214.299399,0,0.0,0.0,6683.970353,24728.824302,-18044.853949,7,5,4,13,0,0.0,3.699721,0.0,0.108833,1.076923,0.108833,0.0,0.076923,0.0,0.373051,-2.699721,4734.854982,7214.299399,0.0,0.0,1.0,0.0,0.14285714285714285,MEDIUM,1
352,352,11,11,0,0.0,39643.279225,3,21075.300568,6,12589.043549,0.597336,0.0,5494.561005,-5494.561005,1,5,4,11,0,1.674099,0.0,0.0,0.531624,1.0,0.531624,0.597336,0.272727,0.545455,0.1386,0.0,3603.934475,7025.1001893333,2098.1739248333,0.0,0.0,5.0,0.0,LOW,0
353,353,17,17,0,0.0,59106.633127,2,12607.343962,8,5009.186102,0.397323,16078.898351,7999.535771,8079.36258,2,5,4,16,0,2.516845,0.497518,0.0,0.213298,1.0625,0.213298,0.397323,0.125,0.5,0.135341,0.502482,3476.8607721765,6303.671981,626.14826275,0.0,0.0,2.0,0.0,LOW,0
354,354,10,10,0,0.0,48523.540934,0,0.0,0,0.0,0.0,0.0,15506.386542,-15506.386542,7,4,2,9,0,0.0,0.0,0.0,0.0,1.111111,0.0,0.0,0.0,0.0,0.319564,0.0,4852.3540934,0.0,0.0,0.0,0.0,0.0,0.0,LOW,0
355,355,12,12,0,0.0,63341.289418,0,0.0,0,0.0,0.0,4308.409347,13142.068145,-8833.658798,7,4,4,10,0,0.0,3.05033,0.0,0.0,1.2,0.0,0.0,0.0,0.0,0.20748,-2.05033,5278.4407848333,0.0,0.0,0.0,1.0,1.0,0.125,MEDIUM,1
356,356,12,11,1,0.083333,56307.699936,1,5696.562238,0,0.0,0.0,8205.87293,525.229571,7680.643359,8,4,4,11,0,0.0,0.064007,0.0,0.101168,1.090909,0.101168,0.0,0.090909,0.0,0.009328,0.935993,4692.308328,5696.562238,0.0,1.0,1.0,4.0,0.0,MEDIUM,1
357,357,15,15,0,0.0,41961.906283,1,2740.007281,6,2737.361587,0.999034,1063.036323,6175.352229,-5112.315906,5,5,4,15,0,1.000967,5.809164,0.0,0.065297,1.0,0.065297,0.999034,0.066667,0.4,0.147166,-4.809164,2797.4604188667,2740.007281,456.2269311667,0.0,0.0,4.0,0.0,LOW,0
358,358,9,9,0,0.0,38394.478034,0,0.0,0,0.0,0.0,14555.142815,5935.81278,8619.330035,5,4,3,9,0,0.0,0.407815,0.0,0.0,1.0,0.0,0.0,0.0,0.0,0.154601,0.592185,4266.0531148889,0.0,0.0,0.0,1.0,3.0,0.0,LOW,0
359,359,15,15,0,0.0,35992.629147,3,11639.736203,9,11509.507485,0.988812,0.0,0.0,0.0,3,5,4,15,0,1.011315,0.0,0.0,0.323392,1.0,0.323392,0.988812,0.2,0.6,0.0,0.0,2399.5086098,3879.9120676667,1278.834165,0.0,0.0,3.0,0.0,LOW,0
360,360,18,18,0,0.0,44691.555083,1,3711.910665,10,3709.507906,0.999353,6505.445101,5187.243508,1318.201593,5,4,4,17,0,1.000648,0.79737,0.0,0.083056,1.058824,0.083056,0.999353,0.058824,0.588235,0.116068,0.20263,2482.8641712778,3711.910665,370.9507906,1.0,0.0,3.0,0.0,MEDIUM,1
361,361,10,10,0,0.0,46916.723697,1,2864.061887,0,0.0,0.0,11055.346333,0.0,11055.346333,7,4,4,10,0,0.0,0.0,0.0,0.061046,1.0,0.061046,0.0,0.1,0.0,0.0,1.0,4691.6723697,2864.061887,0.0,1.0,1.0,3.0,0.0,MEDIUM,1
362,362,9,9,0,0.0,24979.367271,1,9698.360626,7,9698.321389,0.999996,0.0,0.0,0.0,1,4,4,8,0,1.000004,0.0,0.0,0.388255,1.125,0.388255,0.999996,0.125,0.875,0.0,0.0,2775.4852523333,9698.360626,1385.4744841429,0.0,0.0,3.0,0.0,LOW,0
363,363,16,15,1,0.0625,78871.938611,1,5188.133988,3,5120.604894,0.986984,11219.846354,12892.529752,-1672.683398,7,5,3,15,0,1.013188,1.149083,0.0,0.065779,1.066667,0.065779,0.986984,0.066667,0.2,0.163462,-0.149083,4929.4961631875,5188.133988,1706.868298,1.0,0.0,1.0,0.0,MEDIUM,1
364,364,16,16,0,0.0,18600.086565,1,592.431042,9,590.789504,0.997229,12073.987026,271.317847,11802.669179,2,5,4,16,0,1.002779,0.022471,0.0,0.031851,1.0,0.031851,0.997229,0.0625,0.5625,0.014587,0.977529,1162.5054103125,592.431042,65.6432782222,0.0,0.0,7.0,0.0,LOW,0
365,365,15,15,0,0.0,39082.329602,1,8017.127658,9,8016.248482,0.99989,7819.412773,3459.546866,4359.865907,3,4,4,15,0,1.00011,0.442431,0.0,0.205134,1.0,0.205134,0.99989,0.066667,0.6,0.088519,0.557569,2605.4886401333,8017.127658,890.6942757778,0.0,0.0,9.0,0.0,LOW,0
366,366,14,14,0,0.0,12905.45911,1,2628.004571,11,2627.970539,0.999987,6602.648855,0.0,6602.648855,1,4,4,14,0,1.000013,0.0,0.0,0.203635,1.0,0.203635,0.999987,0.071429,0.785714,0.0,1.0,921.8185078571,2628.004571,238.9064126364,0.0,0.0,4.0,0.0,LOW,0
367,367,17,17,0,0.0,67722.568833,1,6496.553955,2,5944.459978,0.915017,12676.813128,11333.589074,1343.224054,7,5,4,17,1,1.092875,0.894041,1.0,0.095929,1.0,0.095929,0.915017,0.058824,0.117647,0.167353,0.105959,3983.6805195882,6496.553955,2972.229989,0.0,1.0,0.0,0.0,LOW,0
368,368,11,9,2,0.181818,74824.244878,4,20421.683104,0,0.0,0.0,5882.730273,18105.092155,-12222.361882,2,4,4,10,1,0.0,3.077668,0.25,0.272929,1.1,0.272929,0.0,0.4,0.0,0.241968,-2.077668,6802.2040798182,5105.420776,0.0,0.0,0.0,0.0,0.3,HIGH,2
369,369,10,10,0,0.0,58608.85214,2,13602.930956,3,9657.106959,0.709928,0.0,7907.850359,-7907.850359,3,5,4,10,1,1.408593,0.0,0.5,0.232097,1.0,0.232097,0.709928,0.2,0.3,0.134926,0.0,5860.885214,6801.465478,3219.035653,0.0,0.0,7.0,0.0,LOW,0
370,370,17,17,0,0.0,42175.368094,1,3579.698687,9,3579.692821,0.999998,10780.768808,0.0,10780.768808,5,5,4,17,0,1.000002,0.0,0.0,0.084877,1.0,0.084877,0.999998,0.058824,0.529412,0.0,1.0,2480.9040055294,3579.698687,397.7436467778,0.0,0.0,4.0,0.0,LOW,0
371,371,18,18,0,0.0,56966.168535,1,8784.681814,8,8784.14853,0.999939,6685.127171,6980.833906,-295.706735,5,5,4,18,1,1.000061,1.044234,1.0,0.154209,1.0,0.154209,0.999939,0.055556,0.444444,0.122544,-0.044234,3164.7871408333,8784.681814,1098.01856625,0.0,0.0,0.0,0.0,LOW,0
372,372,15,15,0,0.0,37424.865073,1,811.963315,7,811.956021,0.999991,10397.390929,11523.54875,-1126.157821,2,4,4,15,0,1.000009,1.108312,0.0,0.021696,1.0,0.021696,0.999991,0.066667,0.466667,0.307912,-0.108312,2494.9910048667,811.963315,115.9937172857,0.0,0.0,11.0,0.0,LOW,0
373,373,23,20,3,0.130435,144094.943144,8,46934.633283,2,4797.489242,0.102216,396.068297,0.0,396.068297,6,5,4,21,6,9.783166,0.0,0.75,0.32572,1.095238,0.32572,0.102216,0.380952,0.095238,0.0,1.0,6264.997528,5866.829160375,2398.744621,1.0,1.0,0.0,0.2,HIGH,2
374,374,14,12,2,0.142857,52980.635754,5,19900.969338,0,0.0,0.0,3443.834731,0.0,3443.834731,3,5,4,13,5,0.0,0.0,1.0,0.375627,1.076923,0.375627,0.0,0.384615,0.0,0.0,1.0,3784.3311252857,3980.1938676,0.0,0.0,3.0,2.0,0.14285714285714285,MEDIUM,1
375,375,14,13,1,0.071429,87499.701904,0,0.0,0,0.0,0.0,882.010249,13991.62276,-13109.612511,11,5,3,13,0,0.0,15.863334,0.0,0.0,1.076923,0.0,0.0,0.0,0.0,0.159905,-14.863334,6249.9787074286,0.0,0.0,0.0,0.0,0.0,0.0,LOW,0
376,376,13,12,1,0.076923,80530.837601,4,29999.443985,0,0.0,0.0,10842.405043,413.89402,10428.511023,3,5,4,12,3,0.0,0.038174,0.75,0.372521,1.083333,0.372521,0.0,0.333333,0.0,0.00514,0.961826,6194.6798154615,7499.86099625,0.0,4.0,6.0,0.0,0.14285714285714285,HIGH,2
377,377,11,10,1,0.090909,45066.744282,1,4204.193127,3,4121.263603,0.980275,4843.266072,8882.248233,-4038.982161,5,5,3,10,0,1.020122,1.833938,0.0,0.093288,1.1,0.093288,0.980275,0.1,0.3,0.197091,-0.833938,4096.9767529091,4204.193127,1373.7545343333,0.0,0.0,2.0,0.0,LOW,0
378,378,8,7,1,0.125,20987.660149,1,6669.344116,5,6668.658627,0.999897,0.0,6962.341337,-6962.341337,1,3,4,8,0,1.000103,0.0,0.0,0.317775,1.0,0.317775,0.999897,0.125,0.625,0.331735,0.0,2623.457518625,6669.344116,1333.7317254,0.0,1.0,4.0,0.0,LOW,0
379,379,12,12,0,0.0,71036.835423,0,0.0,0,0.0,0.0,13732.393193,7940.488439,5791.904754,9,5,2,12,0,0.0,0.57823,0.0,0.0,1.0,0.0,0.0,0.0,0.0,0.11178,0.42177,5919.73628525,0.0,0.0,0.0,0.0,0.0,0.0,LOW,0
380,380,11,10,1,0.090909,70622.054431,4,28432.500046,0,0.0,0.0,889.398084,7544.794881,-6655.396797,3,4,4,11,2,0.0,8.483035,0.5,0.402601,1.0,0.402601,0.0,0.363636,0.0,0.106833,-7.483035,6420.1867664545,7108.1250115,0.0,3.0,3.0,0.0,0.0,HIGH,2
381,381,15,15,0,0.0,79711.665512,4,27748.252221,4,12019.487353,0.433162,0.0,0.0,0.0,5,5,4,14,2,2.308605,0.0,0.5,0.348108,1.071429,0.348108,0.433162,0.285714,0.285714,0.0,0.0,5314.1110341333,6937.06305525,3004.87183825,1.0,2.0,0.0,0.0,MEDIUM,1
382,382,12,12,0,0.0,53351.92793,1,9116.390111,4,7651.12627,0.839271,0.0,25697.848583,-25697.848583,3,3,3,11,0,1.19151,0.0,0.0,0.170873,1.090909,0.170873,0.839271,0.090909,0.363636,0.481667,0.0,4445.9939941667,9116.390111,1912.7815675,0.0,0.0,4.0,0.0,LOW,0
383,383,18,18,0,0.0,53306.860699,2,10425.799193,9,10141.207353,0.972703,7643.060249,14593.846316,-6950.786067,3,5,4,17,1,1.028063,1.909424,0.5,0.195581,1.058824,0.195581,0.972703,0.117647,0.529412,0.273771,-0.909424,2961.4922610556,5212.8995965,1126.800817,0.0,0.0,1.0,0.0,LOW,0
384,384,14,13,1,0.071429,50751.098838,2,9348.079647,3,8175.930313,0.874611,0.0,7740.886927,-7740.886927,5,5,4,13,1,1.143366,0.0,0.5,0.184195,1.076923,0.184195,0.874611,0.153846,0.230769,0.152526,0.0,3625.0784884286,4674.0398235,2725.3101043333,0.0,0.0,6.0,0.14285714285714285,MEDIUM,1
385,385,12,12,0,0.0,50894.069923,2,5119.928908,3,978.946533,0.191203,3120.820303,0.0,3120.820303,6,4,4,11,0,5.230039,0.0,0.0,0.1006,1.090909,0.1006,0.191203,0.181818,0.272727,0.0,1.0,4241.1724935833,2559.964454,326.315511,0.0,0.0,4.0,0.0,LOW,0
386,386,17,17,0,0.0,69778.980403,0,0.0,0,0.0,0.0,8940.68081,3637.512485,5303.168325,12,5,4,17,0,0.0,0.40685,0.0,0.0,1.0,0.0,0.0,0.0,0.0,0.052129,0.59315,4104.6459060588,0.0,0.0,0.0,0.0,0.0,0.0,LOW,0
387,387,11,11,0,0.0,46123.756938,1,3152.280834,1,1739.543053,0.551836,6934.235775,5236.519387,1697.716388,6,5,4,11,0,1.812132,0.755169,0.0,0.068344,1.0,0.068344,0.551836,0.090909,0.090909,0.113532,0.244831,4193.0688125455,3152.280834,1739.543053,0.0,0.0,7.0,0.0,LOW,0
388,388,7,7,0,0.0,25084.850832,1,7143.890664,2,6426.401188,0.899566,5622.32267,0.0,5622.32267,3,4,3,7,0,1.111647,0.0,0.0,0.284789,1.0,0.284789,0.899566,0.142857,0.285714,0.0,1.0,3583.5501188571,7143.890664,3213.200594,2.0,1.0,0.0,0.0,HIGH,2
389,389,7,7,0,0.0,19959.125478,1,697.247831,3,612.50238,0.878457,8116.110134,10533.265133,-2417.154999,0,4,4,7,0,1.138359,1.297822,0.0,0.034934,1.0,0.034934,0.878457,0.142857,0.428571,0.527742,-0.297822,2851.3036397143,697.247831,204.16746,0.0,1.0,7.0,0.1,MEDIUM,1
390,390,15,15,0,0.0,84392.849559,0,0.0,0,0.0,0.0,15898.364337,14176.150279,1722.214058,10,5,4,13,0,0.0,0.891674,0.0,0.0,1.153846,0.0,0.0,0.0,0.0,0.167978,0.108326,5626.1899706,0.0,0.0,0.0,0.0,0.0,0.0,LOW,0
391,391,18,15,3,0.166667,125142.711335,9,48934.076072,3,15673.438242,0.320297,0.0,7144.065766,-7144.065766,2,5,4,18,3,3.122102,0.0,0.333333,0.391026,1.0,0.391026,0.320297,0.5,0.166667,0.057087,0.0,6952.3728519444,5437.1195635556,5224.479414,2.0,3.0,0.0,0.0,HIGH,2
392,392,9,9,0,0.0,25937.205632,1,6890.084096,6,6887.242166,0.999588,0.0,0.0,0.0,2,4,4,9,0,1.000413,0.0,0.0,0.265645,1.0,0.265645,0.999588,0.111111,0.666667,0.0,0.0,2881.9117368889,6890.084096,1147.8736943333,1.0,0.0,1.0,0.0,MEDIUM,1
393,393,17,15,2,0.117647,79478.829112,5,24293.947711,4,13177.864527,0.542434,0.0,0.0,0.0,4,5,4,15,4,1.843542,0.0,0.8,0.305666,1.133333,0.305666,0.542434,0.333333,0.266667,0.0,0.0,4675.2252418824,4858.7895422,3294.46613175,0.0,2.0,0.0,0.16666666666666666,MEDIUM,1
394,394,9,7,2,0.222222,37986.062863,2,10021.410867,2,2671.667633,0.266596,2931.489245,0.0,2931.489245,4,4,4,9,0,3.750995,0.0,0.0,0.263818,1.0,0.263818,0.266596,0.222222,0.222222,0.0,1.0,4220.6736514444,5010.7054335,1335.8338165,1.0,0.0,0.0,0.0,MEDIUM,1
395,395,16,16,0,0.0,45790.595575,3,14053.299403,8,13023.746586,0.926739,1131.905469,8588.742223,-7456.836754,2,5,4,15,0,1.079052,7.587862,0.0,0.306904,1.066667,0.306904,0.926739,0.2,0.533333,0.187566,-6.587862,2861.9122234375,4684.4331343333,1627.96832325,1.0,1.0,3.0,0.09090909090909091,MEDIUM,1
396,396,11,11,0,0.0,44805.132658,2,5991.914977,2,2556.00568,0.426576,0.0,7544.250809,-7544.250809,5,4,4,11,0,2.344249,0.0,0.0,0.133733,1.0,0.133733,0.426576,0.181818,0.181818,0.168379,0.0,4073.193878,2995.9574885,1278.00284,0.0,1.0,7.0,0.07692307692307693,LOW,0
928,928,5,3,2,0.4,4742.11774,2,1542.607575,0,0.0,0.0,0.0,0.0,0.0,1,4,4,5,2,0.0,0.0,1.0,0.325299,1.0,0.325299,0.0,0.4,0.0,0.0,0.0,948.423548,771.3037875,0.0,1.0,1.0,0.0,0.25,HIGH,2
397,397,16,15,1,0.0625,67706.69218,4,16127.960952,1,4833.912478,0.299722,0.0,11256.454837,-11256.454837,5,5,4,16,4,3.33642,0.0,1.0,0.238203,1.0,0.238203,0.299722,0.25,0.0625,0.166253,0.0,4231.66826125,4031.990238,4833.912478,2.0,2.0,0.0,0.2,HIGH,2
398,398,15,14,1,0.066667,64053.732536,2,13047.302768,0,0.0,0.0,7385.357198,14828.745252,-7443.388054,8,5,4,13,0,0.0,2.007858,0.0,0.203693,1.153846,0.203693,0.0,0.153846,0.0,0.231505,-1.007858,4270.2488357333,6523.651384,0.0,0.0,0.0,6.0,0.08333333333333333,LOW,0
399,399,8,8,0,0.0,30788.075279,1,9683.000243,5,9199.349301,0.950052,0.0,0.0,0.0,2,4,3,8,0,1.052574,0.0,0.0,0.314505,1.0,0.314505,0.950052,0.125,0.625,0.0,0.0,3848.509409875,9683.000243,1839.8698602,0.0,0.0,6.0,0.0,LOW,0
400,400,15,14,1,0.066667,57118.440823,1,3485.001924,1,1221.153374,0.350402,19120.68815,9495.029996,9625.658154,7,5,4,12,0,2.853861,0.496584,0.0,0.061014,1.25,0.061014,0.350402,0.083333,0.083333,0.166234,0.503416,3807.8960548667,3485.001924,1221.153374,0.0,1.0,7.0,0.1,MEDIUM,1
401,401,13,12,1,0.076923,48349.055186,1,1975.975483,3,1882.356147,0.952621,12661.082069,10325.217162,2335.864907,4,5,3,13,0,1.049735,0.815508,0.0,0.040869,1.0,0.040869,0.952621,0.076923,0.230769,0.213556,0.184492,3719.1580912308,1975.975483,627.452049,0.0,0.0,5.0,0.0,LOW,0
402,402,14,14,0,0.0,84652.115596,0,0.0,0,0.0,0.0,31217.860588,15503.000497,15714.860091,8,5,4,13,0,0.0,0.496607,0.0,0.0,1.076923,0.0,0.0,0.0,0.0,0.183138,0.503393,6046.5796854286,0.0,0.0,0.0,1.0,2.0,0.0,LOW,0
403,403,17,17,0,0.0,18570.553068,1,9285.276534,15,9285.273803,1.0,0.0,0.0,0.0,0,5,4,13,1,1.0,0.0,1.0,0.5,1.307692,0.5,1.0,0.076923,1.153846,0.0,0.0,1092.3854745882,9285.276534,619.0182535333,0.0,0.0,0.0,0.0,LOW,0
404,404,13,12,1,0.076923,18098.268272,1,1643.503164,8,1652.633795,1.0,6991.81866,0.0,6991.81866,2,5,3,13,1,0.994475,0.0,1.0,0.09081,1.0,0.09081,1.005556,0.076923,0.615385,0.0,1.0,1392.1744824615,1643.503164,206.579224375,0.0,0.0,0.0,0.0,LOW,0
405,405,10,10,0,0.0,21907.879979,2,6846.827632,6,6248.846129,0.912663,0.0,5201.304494,-5201.304494,1,5,3,9,0,1.095695,0.0,0.0,0.312528,1.111111,0.312528,0.912663,0.222222,0.666667,0.237417,0.0,2190.7879979,3423.413816,1041.4743548333,0.0,1.0,3.0,0.0,LOW,0
406,406,11,11,0,0.0,27521.696149,1,195.871681,6,195.357117,0.997373,0.0,23423.852146,-23423.852146,1,4,4,11,0,1.002634,0.0,0.0,0.007117,1.0,0.007117,0.997373,0.090909,0.545455,0.851105,0.0,2501.9723771818,195.871681,32.5595195,0.0,1.0,5.0,0.0,LOW,0
407,407,11,10,1,0.090909,34092.442724,1,4210.235913,5,4194.574759,0.99628,5291.424802,6144.119011,-852.694209,2,3,4,11,0,1.003734,1.161146,0.0,0.123495,1.0,0.123495,0.99628,0.090909,0.454545,0.180219,-0.161146,3099.3129749091,4210.235913,838.9149518,0.0,0.0,10.0,0.16666666666666666,MEDIUM,1
408,408,15,15,0,0.0,56060.948633,1,9196.51918,8,9196.511855,0.999999,8473.974986,10124.353109,-1650.378123,3,4,4,15,0,1.000001,1.194758,0.0,0.164045,1.0,0.164045,0.999999,0.066667,0.533333,0.180595,-0.194758,3737.3965755333,9196.51918,1149.563981875,0.0,0.0,3.0,0.0,LOW,0
409,409,9,9,0,0.0,39095.084877,1,4906.990433,1,3438.36943,0.700708,14189.266253,0.0,14189.266253,4,4,3,9,0,1.427127,0.0,0.0,0.125514,1.0,0.125514,0.700708,0.111111,0.111111,0.0,1.0,4343.8983196667,4906.990433,3438.36943,0.0,0.0,6.0,0.0,LOW,0
410,410,9,9,0,0.0,43798.220951,0,0.0,0,0.0,0.0,10281.433292,4817.208172,5464.22512,6,4,4,9,0,0.0,0.468535,0.0,0.0,1.0,0.0,0.0,0.0,0.0,0.109986,0.531465,4866.4689945556,0.0,0.0,0.0,0.0,0.0,0.0,LOW,0
411,411,11,9,2,0.181818,50358.640829,1,7739.424709,0,0.0,0.0,3367.068986,0.0,3367.068986,8,5,4,9,1,0.0,0.0,1.0,0.153686,1.222222,0.153686,0.0,0.111111,0.0,0.0,1.0,4578.0582571818,7739.424709,0.0,0.0,0.0,0.0,0.0,LOW,0
412,412,13,13,0,0.0,74744.708101,0,0.0,0,0.0,0.0,7242.955375,21613.480762,-14370.525387,8,4,4,12,0,0.0,2.984069,0.0,0.0,1.083333,0.0,0.0,0.0,0.0,0.289164,-1.984069,5749.5929308462,0.0,0.0,0.0,0.0,0.0,0.0,LOW,0
413,413,9,9,0,0.0,20184.688811,1,5514.698323,4,5510.71064,0.999277,3956.762947,0.0,3956.762947,3,5,4,8,0,1.000724,0.0,0.0,0.273212,1.125,0.273212,0.999277,0.125,0.5,0.0,1.0,2242.7432012222,5514.698323,1377.67766,1.0,0.0,4.0,0.0,MEDIUM,1
414,414,13,13,0,0.0,78310.040164,1,3530.501147,1,3170.803831,0.898117,9324.749083,28696.220325,-19371.471242,6,4,3,13,0,1.11344,3.077425,0.0,0.045084,1.0,0.045084,0.898117,0.076923,0.076923,0.366444,-2.077425,6023.8492433846,3530.501147,3170.803831,0.0,0.0,4.0,0.0,LOW,0
415,415,18,17,1,0.055556,118353.950841,7,37952.179377,4,4521.314954,0.119132,985.777788,0.0,985.777788,2,5,4,17,4,8.394058,0.0,0.571429,0.320667,1.058824,0.320667,0.119132,0.411765,0.235294,0.0,1.0,6575.2194911667,5421.739911,1130.3287385,1.0,3.0,0.0,0.0,MEDIUM,1
416,416,21,21,0,0.0,93709.605171,2,7038.063253,5,5439.008315,0.772799,9773.762741,5391.94226,4381.820481,9,5,4,19,1,1.293998,0.551675,0.5,0.075105,1.105263,0.075105,0.772799,0.105263,0.263158,0.057539,0.448325,4462.362151,3519.0316265,1087.801663,0.0,0.0,5.0,0.0,LOW,0
417,417,13,13,0,0.0,27527.034491,1,3271.566899,8,3271.550926,0.999995,7545.704025,0.0,7545.704025,3,4,4,11,0,1.000005,0.0,0.0,0.118849,1.181818,0.118849,0.999995,0.090909,0.727273,0.0,1.0,2117.4641916154,3271.566899,408.94386575,0.0,0.0,7.0,0.0,LOW,0
418,418,11,11,0,0.0,17986.462868,1,6151.084577,8,6150.566634,0.999916,0.0,1780.441367,-1780.441367,1,3,4,11,0,1.000084,0.0,0.0,0.341984,1.0,0.341984,0.999916,0.090909,0.727273,0.098988,0.0,1635.132988,6151.084577,768.82082925,0.0,0.0,8.0,0.0,LOW,0
419,419,14,13,1,0.071429,69645.558444,1,7061.456828,1,3564.671126,0.504807,6696.595081,1190.981082,5505.613999,8,5,4,13,0,1.980956,0.177849,0.0,0.101391,1.076923,0.101391,0.504807,0.076923,0.076923,0.017101,0.822151,4974.682746,7061.456828,3564.671126,0.0,0.0,4.0,0.0,LOW,0
420,420,16,15,1,0.0625,85334.810116,5,25639.525075,0,0.0,0.0,15439.879296,20012.547277,-4572.667981,2,4,4,15,3,0.0,1.29616,0.6,0.300458,1.066667,0.300458,0.0,0.333333,0.0,0.234518,-0.29616,5333.42563225,5127.905015,0.0,0.0,3.0,3.0,0.0,LOW,0
421,421,10,10,0,0.0,33367.121829,1,5574.858549,3,4953.727962,0.888584,2095.584132,5244.583912,-3148.99978,3,5,4,10,0,1.125386,2.502684,0.0,0.167076,1.0,0.167076,0.888584,0.1,0.3,0.157178,-1.502684,3336.7121829,5574.858549,1651.242654,0.0,1.0,4.0,0.0,LOW,0
422,422,14,13,1,0.071429,56309.828569,1,8205.469133,6,8038.89474,0.9797,2803.455225,22592.44161,-19788.986385,3,5,4,14,0,1.020721,8.058785,0.0,0.14572,1.0,0.14572,0.9797,0.071429,0.428571,0.401217,-7.058785,4022.1306120714,8205.469133,1339.81579,0.0,0.0,5.0,0.0,LOW,0
423,423,14,14,0,0.0,85174.076282,0,0.0,0,0.0,0.0,6759.097422,18112.724785,-11353.627363,9,5,4,13,0,0.0,2.679755,0.0,0.0,1.076923,0.0,0.0,0.0,0.0,0.212655,-1.679755,6083.8625915714,0.0,0.0,0.0,0.0,0.0,0.0,LOW,0
424,424,17,17,0,0.0,20549.251053,1,2952.734445,14,2952.73427,1.0,9257.33649,0.0,9257.33649,1,5,4,16,0,1.0,0.0,0.0,0.143691,1.0625,0.143691,1.0,0.0625,0.875,0.0,1.0,1208.7794737059,2952.734445,210.9095907143,0.0,0.0,6.0,0.0,LOW,0
425,425,21,20,1,0.047619,108736.068456,8,49768.327302,2,2061.161528,0.041415,24499.177038,4792.39387,19706.783168,2,5,4,18,3,24.145768,0.195614,0.375,0.457698,1.166667,0.457698,0.041415,0.444444,0.111111,0.044074,0.804386,5177.9080217143,6221.04091275,1030.580764,2.0,4.0,1.0,0.15384615384615385,HIGH,2
426,426,22,21,1,0.045455,142302.03005,10,54960.686955,2,11849.848841,0.215606,6594.88424,0.0,6594.88424,4,5,4,19,5,4.638092,0.0,0.5,0.386226,1.157895,0.386226,0.215606,0.526316,0.105263,0.0,1.0,6468.2740931818,5496.0686955,5924.9244205,0.0,1.0,0.0,0.0,LOW,0
427,427,8,6,2,0.25,38429.633678,3,17694.330211,1,3593.5932,0.203093,0.0,5792.879526,-5792.879526,2,4,3,8,1,4.923855,0.0,0.333333,0.460435,1.0,0.460435,0.203093,0.375,0.125,0.15074,0.0,4803.70420975,5898.1100703333,3593.5932,3.0,4.0,1.0,0.1,HIGH,2
428,428,14,14,0,0.0,64384.191047,0,0.0,0,0.0,0.0,7792.256522,14330.80946,-6538.552938,10,5,3,14,0,0.0,1.839109,0.0,0.0,1.0,0.0,0.0,0.0,0.0,0.222583,-0.839109,4598.8707890714,0.0,0.0,0.0,0.0,0.0,0.0,LOW,0
429,429,8,7,1,0.125,40743.686661,2,6681.679118,0,0.0,0.0,9053.584384,11681.759072,-2628.174688,2,4,4,8,1,0.0,1.290291,0.5,0.163993,1.0,0.163993,0.0,0.25,0.0,0.286713,-0.290291,5092.960832625,3340.839559,0.0,1.0,1.0,0.0,0.0,MEDIUM,1
430,430,15,15,0,0.0,28304.433491,1,7372.024917,8,7369.510174,0.999659,0.0,2880.54014,-2880.54014,4,5,4,13,0,1.000341,0.0,0.0,0.260455,1.153846,0.260455,0.999659,0.076923,0.615385,0.10177,0.0,1886.9622327333,7372.024917,921.18877175,0.0,0.0,5.0,0.0,LOW,0
431,431,18,18,0,0.0,28401.666289,1,8434.387847,15,8434.387828,1.0,2584.868261,0.0,2584.868261,1,5,4,17,0,1.0,0.0,0.0,0.296968,1.058824,0.296968,1.0,0.058824,0.882353,0.0,1.0,1577.8703493889,8434.387847,562.2925218667,0.0,0.0,5.0,0.14285714285714285,MEDIUM,1
432,432,10,10,0,0.0,47071.24908,0,0.0,0,0.0,0.0,884.838631,16562.203459,-15677.364828,6,5,4,9,0,0.0,18.717767,0.0,0.0,1.111111,0.0,0.0,0.0,0.0,0.351854,-17.717767,4707.124908,0.0,0.0,0.0,0.0,0.0,0.0,LOW,0
433,433,11,10,1,0.090909,45983.307834,3,11558.987586,3,7141.875366,0.617863,4003.254585,8693.049843,-4689.795258,2,5,4,11,1,1.618481,2.171496,0.333333,0.251374,1.0,0.251374,0.617863,0.272727,0.272727,0.189048,-1.171496,4180.3007121818,3852.995862,2380.625122,0.0,0.0,6.0,0.0,LOW,0
434,434,16,15,1,0.0625,72381.609586,0,0.0,0,0.0,0.0,19341.273403,3668.096065,15673.177338,11,5,4,15,0,0.0,0.189651,0.0,0.0,1.066667,0.0,0.0,0.0,0.0,0.050677,0.810349,4523.850599125,0.0,0.0,0.0,1.0,2.0,0.0,LOW,0
435,435,15,14,1,0.066667,10990.791682,1,1786.897501,12,2596.396844,1.0,0.0,0.0,0.0,2,5,4,13,0,0.688222,0.0,0.0,0.162581,1.153846,0.162581,1.453019,0.076923,0.923077,0.0,0.0,732.7194454667,1786.897501,216.3664036667,1.0,2.0,2.0,0.09090909090909091,MEDIUM,1
436,436,15,15,0,0.0,70748.953801,2,6017.676896,4,4211.912676,0.699923,28129.292655,7967.978843,20161.313812,4,5,4,15,0,1.428728,0.283263,0.0,0.085057,1.0,0.085057,0.699923,0.133333,0.266667,0.112623,0.716737,4716.5969200667,3008.838448,1052.978169,0.0,0.0,7.0,0.0,LOW,0
437,437,14,14,0,0.0,44224.096142,1,1862.258421,5,1862.239951,0.99999,8343.004404,13897.124833,-5554.120429,4,5,4,14,0,1.00001,1.665722,0.0,0.04211,1.0,0.04211,0.99999,0.071429,0.357143,0.314243,-0.665722,3158.8640101429,1862.258421,372.4479902,0.0,0.0,3.0,0.0,LOW,0
438,438,12,12,0,0.0,42799.139053,3,10219.146677,5,10187.491488,0.996902,0.0,22382.32521,-22382.32521,0,5,4,12,1,1.003107,0.0,0.333333,0.23877,1.0,0.23877,0.996902,0.25,0.416667,0.522962,0.0,3566.5949210833,3406.3822256667,2037.4982976,0.0,0.0,3.0,0.0,LOW,0
439,439,14,13,1,0.071429,31319.516814,2,2941.896468,7,1798.067494,0.611193,9971.194853,0.0,9971.194853,3,5,4,13,1,1.636144,0.0,0.5,0.093932,1.076923,0.093932,0.611193,0.153846,0.538462,0.0,1.0,2237.1083438571,1470.948234,256.8667848571,0.0,0.0,4.0,0.0,LOW,0
440,440,10,10,0,0.0,22793.528112,1,7192.671955,8,7192.326635,0.999952,0.0,0.0,0.0,1,4,4,10,0,1.000048,0.0,0.0,0.315558,1.0,0.315558,0.999952,0.1,0.8,0.0,0.0,2279.3528112,7192.671955,899.040829375,0.0,0.0,7.0,0.0,LOW,0
441,441,7,7,0,0.0,15500.299898,1,6690.025401,4,6590.081178,0.985061,0.0,432.990911,-432.990911,1,4,2,7,0,1.015166,0.0,0.0,0.431606,1.0,0.431606,0.985061,0.142857,0.571429,0.027934,0.0,2214.3285568571,6690.025401,1647.5202945,0.0,1.0,8.0,0.0,LOW,0
442,442,11,11,0,0.0,59347.044338,0,0.0,0,0.0,0.0,6536.237667,15397.931858,-8861.694191,8,4,4,10,0,0.0,2.355779,0.0,0.0,1.1,0.0,0.0,0.0,0.0,0.259456,-1.355779,5395.1858489091,0.0,0.0,0.0,1.0,0.0,0.0,LOW,0
443,443,15,14,1,0.066667,61182.117308,1,8178.634234,6,8178.099254,0.999935,7636.287451,7990.88506,-354.597609,4,5,4,14,0,1.000065,1.046436,0.0,0.133677,1.071429,0.133677,0.999935,0.071429,0.428571,0.130608,-0.046436,4078.8078205333,8178.634234,1363.0165423333,1.0,0.0,5.0,0.0,MEDIUM,1
444,444,13,13,0,0.0,25358.308417,1,7810.008591,8,7796.825247,0.998312,0.0,807.321909,-807.321909,3,4,4,13,0,1.001691,0.0,0.0,0.307986,1.0,0.307986,0.998312,0.076923,0.615385,0.031837,0.0,1950.639109,7810.008591,974.603155875,0.0,0.0,4.0,0.0,LOW,0
445,445,8,8,0,0.0,20367.163639,1,774.009726,1,491.088769,0.634474,2116.082058,9544.800059,-7428.718001,4,4,2,8,0,1.57611,4.5106,0.0,0.038003,1.0,0.038003,0.634474,0.125,0.125,0.468637,-3.5106,2545.895454875,774.009726,491.088769,0.0,1.0,1.0,0.16666666666666666,MEDIUM,1
446,446,11,11,0,0.0,48633.627573,0,0.0,0,0.0,0.0,10620.996537,4252.926503,6368.070034,8,4,3,11,0,0.0,0.400426,0.0,0.0,1.0,0.0,0.0,0.0,0.0,0.087448,0.599574,4421.2388702727,0.0,0.0,0.0,1.0,3.0,0.0,LOW,0
447,447,14,14,0,0.0,31418.069008,2,12929.378248,9,10167.855788,0.786415,0.0,8271.375211,-8271.375211,1,5,4,14,0,1.271593,0.0,0.0,0.411527,1.0,0.411527,0.786415,0.142857,0.642857,0.263268,0.0,2244.1477862857,6464.689124,1129.7617542222,0.0,1.0,7.0,0.0,LOW,0
448,448,20,20,0,0.0,69487.239177,2,6208.003458,8,3533.619394,0.569204,13083.104169,8824.29914,4258.805029,6,5,4,16,0,1.75684,0.674481,0.0,0.08934,1.25,0.08934,0.569204,0.125,0.5,0.126992,0.325519,3474.36195885,3104.001729,441.70242425,0.0,0.0,3.0,0.0,LOW,0
449,449,21,21,0,0.0,43224.549182,1,1113.514949,11,1113.514941,1.0,8714.857554,0.0,8714.857554,8,5,4,20,0,1.0,0.0,0.0,0.025761,1.05,0.025761,1.0,0.05,0.55,0.0,1.0,2058.3118658095,1113.514949,101.228631,0.0,1.0,3.0,0.0,LOW,0
450,450,15,15,0,0.0,79013.556342,2,8207.610781,4,7964.188744,0.970342,8438.58177,15291.337583,-6852.755813,5,4,4,15,0,1.030565,1.812074,0.0,0.103876,1.0,0.103876,0.970342,0.133333,0.266667,0.193528,-0.812074,5267.5704228,4103.8053905,1991.047186,1.0,1.0,3.0,0.0,MEDIUM,1
451,451,9,9,0,0.0,20046.388175,1,2444.798591,4,2410.72205,0.986062,2151.573813,0.0,2151.573813,3,5,4,9,0,1.014135,0.0,0.0,0.121957,1.0,0.121957,0.986062,0.111111,0.444444,0.0,1.0,2227.3764638889,2444.798591,602.6805125,0.0,0.0,3.0,0.2,HIGH,2
452,452,12,12,0,0.0,17642.912709,1,8838.779168,11,8804.133541,0.99608,0.0,0.0,0.0,0,5,4,12,0,1.003935,0.0,0.0,0.500982,1.0,0.500982,0.99608,0.083333,0.916667,0.0,0.0,1470.24272575,8838.779168,800.3757764545,0.0,0.0,7.0,0.0,LOW,0
453,453,10,9,1,0.1,61799.07421,2,11615.552297,0,0.0,0.0,11827.483803,0.0,11827.483803,5,5,3,9,1,0.0,0.0,0.5,0.187957,1.111111,0.187957,0.0,0.222222,0.0,0.0,1.0,6179.907421,5807.7761485,0.0,1.0,2.0,0.0,0.0,MEDIUM,1
454,454,13,13,0,0.0,74816.14334,0,0.0,0,0.0,0.0,3374.1703,6912.529917,-3538.359617,9,5,4,12,0,0.0,2.048661,0.0,0.0,1.083333,0.0,0.0,0.0,0.0,0.092394,-1.048661,5755.0879492308,0.0,0.0,0.0,1.0,1.0,0.0,LOW,0
455,455,22,22,0,0.0,59293.119811,2,11993.359733,13,11962.533685,0.99743,0.0,15621.545396,-15621.545396,3,5,4,20,1,1.002577,0.0,0.5,0.202272,1.1,0.202272,0.99743,0.1,0.65,0.263463,0.0,2695.1418095909,5996.6798665,920.1948988462,0.0,0.0,8.0,0.0,LOW,0
456,456,14,13,1,0.071429,60126.132955,1,5760.394048,5,5751.924673,0.99853,16718.70937,22473.52375,-5754.81438,1,5,4,13,0,1.001472,1.344214,0.0,0.095805,1.076923,0.095805,0.99853,0.076923,0.384615,0.373773,-0.344214,4294.7237825,5760.394048,1150.3849346,0.0,1.0,4.0,0.0,LOW,0
457,457,19,18,1,0.052632,60580.990023,5,21200.595079,7,13609.194911,0.641925,5162.260631,3607.45978,1554.800851,5,5,4,18,0,1.557814,0.698814,0.0,0.349955,1.055556,0.349955,0.641925,0.277778,0.388889,0.059548,0.301186,3188.4731591053,4240.1190158,1944.1707015714,0.0,1.0,5.0,0.0,LOW,0
458,458,11,10,1,0.090909,23959.345228,2,4261.569049,6,3450.545228,0.809689,4212.985504,0.0,4212.985504,2,5,4,11,0,1.235042,0.0,0.0,0.177867,1.0,0.177867,0.809689,0.181818,0.545455,0.0,1.0,2178.1222934545,2130.7845245,575.0908713333,0.0,1.0,2.0,0.0,LOW,0
459,459,9,9,0,0.0,49628.970425,0,0.0,0,0.0,0.0,0.0,21865.957367,-21865.957367,5,5,3,9,0,0.0,0.0,0.0,0.0,1.0,0.0,0.0,0.0,0.0,0.440589,0.0,5514.3300472222,0.0,0.0,0.0,1.0,2.0,0.0,LOW,0
460,460,21,20,1,0.047619,59398.382424,1,9029.147269,11,10748.605808,1.0,0.0,9870.76709,-9870.76709,8,5,4,17,0,0.84003,0.0,0.0,0.15201,1.235294,0.15201,1.190434,0.058824,0.647059,0.166179,0.0,2828.4944011429,9029.147269,977.1459825455,1.0,0.0,2.0,0.0,MEDIUM,1
461,461,10,10,0,0.0,52625.83396,0,0.0,0,0.0,0.0,9603.903725,9075.73337,528.170355,7,4,3,10,0,0.0,0.945005,0.0,0.0,1.0,0.0,0.0,0.0,0.0,0.172458,0.054995,5262.583396,0.0,0.0,0.0,0.0,0.0,0.0,LOW,0
462,462,17,17,0,0.0,20721.624763,1,113.499292,11,113.499277,1.0,7565.302261,3174.899516,4390.402745,3,5,4,16,0,1.0,0.419666,0.0,0.005477,1.0625,0.005477,1.0,0.0625,0.6875,0.153217,0.580334,1218.9191037059,113.499292,10.3181160909,0.0,0.0,3.0,0.0,LOW,0
463,463,14,14,0,0.0,38541.214492,1,6337.361501,8,6337.075144,0.999955,4240.955297,9342.249433,-5101.294136,2,5,4,14,0,1.000045,2.202864,0.0,0.164431,1.0,0.164431,0.999955,0.071429,0.571429,0.242396,-1.202864,2752.9438922857,6337.361501,792.134393,0.0,0.0,3.0,0.0,LOW,0
464,464,8,5,3,0.375,32996.216218,3,11819.946099,0,0.0,0.0,0.0,6472.236359,-6472.236359,2,5,4,8,2,0.0,0.0,0.666667,0.358221,1.0,0.358221,0.0,0.375,0.0,0.196151,0.0,4124.52702725,3939.982033,0.0,2.0,3.0,2.0,0.2,HIGH,2
465,465,12,12,0,0.0,49391.461618,1,9996.40968,5,9980.078418,0.998366,235.9905,21832.711142,-21596.720642,1,5,4,12,0,1.001636,92.515212,0.0,0.202391,1.0,0.202391,0.998366,0.083333,0.416667,0.442034,-91.515212,4115.9551348333,9996.40968,1996.0156836,0.0,0.0,13.0,0.0,LOW,0
466,466,17,17,0,0.0,103613.373376,0,0.0,0,0.0,0.0,28925.311751,18178.948757,10746.362994,10,5,4,15,0,0.0,0.628479,0.0,0.0,1.133333,0.0,0.0,0.0,0.0,0.17545,0.371521,6094.9043162353,0.0,0.0,0.0,0.0,0.0,0.0,LOW,0
467,467,13,13,0,0.0,53586.393256,2,7379.800438,2,4535.389414,0.614568,4645.879574,1161.7928,3484.086774,6,4,4,12,1,1.627159,0.25007,0.5,0.137718,1.083333,0.137718,0.614568,0.166667,0.166667,0.021681,0.74993,4122.0302504615,3689.900219,2267.694707,0.0,0.0,6.0,0.0,LOW,0
468,468,11,11,0,0.0,50635.656672,1,7006.575492,2,4938.165063,0.70479,0.0,14773.762471,-14773.762471,5,5,4,11,0,1.418862,0.0,0.0,0.138372,1.0,0.138372,0.70479,0.090909,0.181818,0.291766,0.0,4603.2415156364,7006.575492,2469.0825315,0.0,0.0,8.0,0.0,LOW,0
469,469,9,9,0,0.0,44598.544026,0,0.0,0,0.0,0.0,7611.774418,13640.10141,-6028.326992,6,4,4,9,0,0.0,1.791974,0.0,0.0,1.0,0.0,0.0,0.0,0.0,0.305842,-0.791974,4955.3937806667,0.0,0.0,0.0,0.0,0.0,0.0,LOW,0
470,470,8,8,0,0.0,31980.129879,1,3533.723396,2,2363.738855,0.668909,10468.98137,7736.946763,2732.034607,1,5,4,8,1,1.494972,0.739035,1.0,0.110497,1.0,0.110497,0.668909,0.125,0.25,0.24193,0.260965,3997.516234875,3533.723396,1181.8694275,2.0,2.0,1.0,0.0,HIGH,2
471,471,7,6,1,0.142857,25186.175684,0,0.0,0,0.0,0.0,10484.935638,6758.994383,3725.941255,3,3,3,7,0,0.0,0.644639,0.0,0.0,1.0,0.0,0.0,0.0,0.0,0.268361,0.355361,3598.0250977143,0.0,0.0,0.0,1.0,2.0,0.0,LOW,0
472,472,20,20,0,0.0,35426.927557,1,5453.61456,13,5453.612852,1.0,15492.995628,2935.570234,12557.425394,1,5,4,20,0,1.0,0.189477,0.0,0.15394,1.0,0.15394,1.0,0.05,0.65,0.082863,0.810523,1771.34637785,5453.61456,419.5086809231,0.0,0.0,3.0,0.16666666666666666,MEDIUM,1
473,473,17,17,0,0.0,34682.411259,1,4085.677423,9,4084.870777,0.999803,0.0,9383.815582,-9383.815582,5,5,4,16,0,1.000197,0.0,0.0,0.117803,1.0625,0.117803,0.999803,0.0625,0.5625,0.270564,0.0,2040.1418387647,4085.677423,453.8745307778,0.0,0.0,4.0,0.0,LOW,0
474,474,10,10,0,0.0,44209.049307,2,6673.633062,1,3540.926382,0.530585,13188.527085,1575.15339,11613.373695,3,4,3,9,0,1.884714,0.119434,0.0,0.150956,1.111111,0.150956,0.530585,0.222222,0.111111,0.03563,0.880566,4420.9049307,3336.816531,3540.926382,0.0,0.0,3.0,0.0,LOW,0
475,475,14,14,0,0.0,73654.188766,4,20806.310259,2,479.181064,0.023031,8444.690318,5979.358203,2465.332115,4,5,4,14,2,43.42056,0.708061,0.5,0.282486,1.0,0.282486,0.023031,0.285714,0.142857,0.081182,0.291939,5261.0134832857,5201.57756475,239.590532,1.0,0.0,0.0,0.1111111111111111,MEDIUM,1
476,476,6,6,0,0.0,10743.726038,1,3839.951301,2,3767.462279,0.981122,538.957591,0.0,538.957591,2,3,3,6,0,1.019241,0.0,0.0,0.357413,1.0,0.357413,0.981122,0.166667,0.333333,0.0,1.0,1790.6210063333,3839.951301,1883.7311395,0.0,0.0,7.0,0.0,LOW,0
477,477,15,14,1,0.066667,44973.385383,3,9108.619618,6,8951.755551,0.982779,0.0,5557.09098,-5557.09098,5,5,4,13,0,1.017523,0.0,0.0,0.202534,1.153846,0.202534,0.982779,0.230769,0.461538,0.123564,0.0,2998.2256922,3036.2065393333,1491.9592585,0.0,0.0,4.0,0.0,LOW,0
478,478,12,12,0,0.0,52981.735092,0,0.0,0,0.0,0.0,11512.780334,11208.961101,303.819233,6,4,4,11,0,0.0,0.97361,0.0,0.0,1.090909,0.0,0.0,0.0,0.0,0.211563,0.02639,4415.144591,0.0,0.0,0.0,0.0,0.0,0.0,LOW,0
479,479,11,10,1,0.090909,33760.610344,2,11478.769562,4,4467.977938,0.389238,10524.396784,6393.232133,4131.164651,1,5,4,11,1,2.56912,0.607468,0.5,0.340005,1.0,0.340005,0.389238,0.181818,0.363636,0.18937,0.392532,3069.1463949091,5739.384781,1116.9944845,1.0,2.0,2.0,0.0,MEDIUM,1
480,480,19,18,1,0.052632,89564.486617,1,9141.329245,6,8261.176499,0.903717,17361.501112,14000.861512,3360.6396,7,5,4,19,0,1.106541,0.806432,0.0,0.102064,1.0,0.102064,0.903717,0.052632,0.315789,0.156322,0.193568,4713.9203482632,9141.329245,1376.8627498333,0.0,0.0,11.0,0.0,LOW,0
481,481,7,7,0,0.0,19475.739366,1,9158.553813,5,8883.939919,0.970016,1433.245634,0.0,1433.245634,0,3,4,7,0,1.030911,0.0,0.0,0.470254,1.0,0.470254,0.970016,0.142857,0.714286,0.0,1.0,2782.2484808571,9158.553813,1776.7879838,0.0,1.0,5.0,0.0,LOW,0
482,482,12,12,0,0.0,60634.67718,0,0.0,0,0.0,0.0,0.0,12774.557017,-12774.557017,8,5,4,12,0,0.0,0.0,0.0,0.0,1.0,0.0,0.0,0.0,0.0,0.210681,0.0,5052.889765,0.0,0.0,0.0,1.0,4.0,0.0,LOW,0
483,483,16,15,1,0.0625,60724.118511,1,9817.41781,9,9817.417769,1.0,0.0,0.0,0.0,5,5,4,15,1,1.0,0.0,1.0,0.161672,1.066667,0.161672,1.0,0.066667,0.6,0.0,0.0,3795.2574069375,9817.41781,1090.8241965556,0.0,0.0,0.0,0.0,LOW,0
484,484,14,14,0,0.0,52088.682371,1,2556.912353,4,2537.356254,0.992352,27593.477287,0.0,27593.477287,4,5,4,14,1,1.007707,0.0,1.0,0.049088,1.0,0.049088,0.992352,0.071429,0.285714,0.0,1.0,3720.6201693571,2556.912353,634.3390635,0.0,1.0,4.0,0.0,LOW,0
485,485,12,12,0,0.0,53772.271455,1,6592.317607,0,0.0,0.0,16421.083556,8012.008041,8409.075515,6,4,4,12,0,0.0,0.48791,0.0,0.122597,1.0,0.122597,0.0,0.083333,0.0,0.148999,0.51209,4481.02262125,6592.317607,0.0,0.0,0.0,7.0,0.0,LOW,0
486,486,14,11,3,0.214286,65599.980765,7,33813.443199,2,1680.508265,0.049699,9659.136835,5003.097463,4656.039372,0,5,4,13,3,20.120962,0.517965,0.428571,0.515449,1.076923,0.515449,0.049699,0.538462,0.153846,0.076267,0.482035,4685.7129117857,4830.4918855714,840.2541325,2.0,2.0,1.0,0.0,HIGH,2
487,487,9,9,0,0.0,17101.415139,2,11418.28685,6,4527.885232,0.396547,1155.243057,0.0,1155.243057,0,4,4,9,0,2.52177,0.0,0.0,0.667681,1.0,0.667681,0.396547,0.222222,0.666667,0.0,1.0,1900.1572376667,5709.143425,754.6475386667,0.0,0.0,5.0,0.0,LOW,0
488,488,13,11,2,0.153846,63783.386026,3,20391.892206,4,20687.071924,1.0,0.0,4195.08987,-4195.08987,3,4,4,12,1,0.985731,0.0,0.333333,0.319705,1.083333,0.319705,1.014475,0.25,0.333333,0.065771,0.0,4906.4143096923,6797.297402,5171.767981,0.0,0.0,0.0,0.25,HIGH,2
489,489,14,14,0,0.0,48173.963894,1,8717.234845,8,8696.916817,0.997669,3653.730275,0.0,3653.730275,4,5,4,13,0,1.002336,0.0,0.0,0.180953,1.076923,0.180953,0.997669,0.076923,0.615385,0.0,1.0,3440.997421,8717.234845,1087.114602125,0.0,0.0,5.0,0.0,LOW,0
490,490,16,16,0,0.0,4853.181979,1,2426.598379,15,2426.5836,0.999994,0.0,0.0,0.0,0,5,4,15,0,1.000006,0.0,0.0,0.500002,1.066667,0.500002,0.999994,0.066667,1.0,0.0,0.0,303.3238736875,2426.598379,161.77224,0.0,0.0,7.0,0.0,LOW,0
491,491,12,12,0,0.0,65831.870308,0,0.0,0,0.0,0.0,14887.669662,17257.439444,-2369.769782,7,5,3,11,0,0.0,1.159177,0.0,0.0,1.090909,0.0,0.0,0.0,0.0,0.262144,-0.159177,5485.9891923333,0.0,0.0,0.0,1.0,7.0,0.0,LOW,0
492,492,8,8,0,0.0,45259.983232,4,22629.991616,1,3871.378429,0.171073,0.0,0.0,0.0,0,4,3,8,3,5.845461,0.0,0.75,0.5,1.0,0.5,0.171073,0.5,0.125,0.0,0.0,5657.497904,5657.497904,3871.378429,0.0,2.0,0.0,0.25,HIGH,2
493,493,18,16,2,0.111111,94172.985668,4,22207.875923,3,15128.351422,0.681216,23933.970724,0.0,23933.970724,4,5,4,17,2,1.467964,0.0,0.5,0.23582,1.058824,0.23582,0.681216,0.235294,0.176471,0.0,1.0,5231.8325371111,5551.96898075,5042.7838073333,1.0,3.0,0.0,0.125,MEDIUM,1
494,494,9,8,1,0.111111,17014.005386,1,3652.939987,5,3654.565476,1.0,2109.364049,0.0,2109.364049,2,4,4,9,0,0.999555,0.0,0.0,0.214702,1.0,0.214702,1.000445,0.111111,0.555556,0.0,1.0,1890.4450428889,3652.939987,730.9130952,0.0,0.0,4.0,0.0,LOW,0
495,495,14,13,1,0.071429,28937.82569,1,1132.054884,8,1123.947362,0.992838,0.0,11352.740813,-11352.740813,3,5,4,14,0,1.007213,0.0,0.0,0.03912,1.0,0.03912,0.992838,0.071429,0.571429,0.392315,0.0,2066.9875492857,1132.054884,140.49342025,0.0,1.0,14.0,0.0,LOW,0
497,497,22,22,0,0.0,77714.534653,1,4388.371185,5,4227.740679,0.963396,12346.135135,16547.319098,-4201.183963,9,5,4,19,0,1.037994,1.340283,0.0,0.056468,1.157895,0.056468,0.963396,0.052632,0.263158,0.212924,-0.340283,3532.4788478636,4388.371185,845.5481358,0.0,0.0,4.0,0.16666666666666666,MEDIUM,1
498,498,15,14,1,0.066667,48591.006584,5,17597.320986,2,1006.007188,0.057168,7561.285212,6086.14994,1475.135272,1,5,4,14,4,17.492242,0.804909,0.8,0.362152,1.071429,0.362152,0.057168,0.357143,0.142857,0.125253,0.195091,3239.4004389333,3519.4641972,503.003594,2.0,3.0,0.0,0.25,HIGH,2
499,499,20,20,0,0.0,87249.20463,1,9349.550136,5,9342.294418,0.999224,25854.185989,14941.730835,10912.455154,7,5,4,17,0,1.000777,0.577923,0.0,0.107159,1.176471,0.107159,0.999224,0.058824,0.294118,0.171253,0.422077,4362.4602315,9349.550136,1868.4588836,0.0,0.0,6.0,0.0,LOW,0
500,500,7,7,0,0.0,14449.12097,1,1820.481057,4,1806.339212,0.992232,0.0,0.0,0.0,2,4,4,7,0,1.007829,0.0,0.0,0.125993,1.0,0.125993,0.992232,0.142857,0.571429,0.0,0.0,2064.1601385714,1820.481057,451.584803,0.0,0.0,5.0,0.0,LOW,0
501,501,19,14,5,0.263158,77234.152539,7,24153.649809,1,115.170072,0.004768,6525.025865,0.0,6525.025865,4,5,4,19,6,209.721583,0.0,0.857143,0.312733,1.0,0.312733,0.004768,0.368421,0.052632,0.0,1.0,4064.9553967895,3450.5214012857,115.170072,2.0,2.0,0.0,0.0,HIGH,2
502,502,14,12,2,0.142857,77105.122318,1,5709.287825,3,5590.662105,0.979222,16393.787746,7111.68676,9282.100986,7,5,4,11,0,1.021219,0.433804,0.0,0.074046,1.272727,0.074046,0.979222,0.090909,0.272727,0.092234,0.566196,5507.508737,5709.287825,1863.554035,0.0,1.0,5.0,0.1,MEDIUM,1
503,503,10,10,0,0.0,55969.428028,0,0.0,0,0.0,0.0,0.0,2640.315825,-2640.315825,8,5,3,10,0,0.0,0.0,0.0,0.0,1.0,0.0,0.0,0.0,0.0,0.047174,0.0,5596.9428028,0.0,0.0,0.0,0.0,0.0,0.0,LOW,0
504,504,10,9,1,0.1,38455.814563,1,3606.785526,3,3601.35983,0.998496,1921.285011,8512.870039,-6591.585028,3,4,4,10,1,1.001507,4.430821,1.0,0.09379,1.0,0.09379,0.998496,0.1,0.3,0.221368,-3.430821,3845.5814563,3606.785526,1200.4532766667,1.0,2.0,0.0,0.0,MEDIUM,1
505,505,13,13,0,0.0,58976.6052,1,8487.000664,6,8474.485571,0.998525,0.0,15733.39631,-15733.39631,4,5,4,11,0,1.001477,0.0,0.0,0.143905,1.181818,0.143905,0.998525,0.090909,0.545455,0.266774,0.0,4536.6619384615,8487.000664,1412.4142618333,0.0,0.0,9.0,0.0,LOW,0
506,506,16,15,1,0.0625,34126.808521,1,6206.303706,10,6206.245011,0.999991,7153.769012,8622.125987,-1468.356975,2,5,4,14,0,1.000009,1.205256,0.0,0.18186,1.142857,0.18186,0.999991,0.071429,0.714286,0.25265,-0.205256,2132.9255325625,6206.303706,620.6245011,0.0,1.0,5.0,0.0,LOW,0
507,507,12,12,0,0.0,44693.817925,1,8982.559155,4,8076.186011,0.899096,0.0,5547.490032,-5547.490032,4,5,3,12,1,1.112228,0.0,1.0,0.20098,1.0,0.20098,0.899096,0.083333,0.333333,0.124122,0.0,3724.4848270833,8982.559155,2019.04650275,0.0,1.0,4.0,0.0,LOW,0
508,508,24,23,1,0.041667,96571.384349,1,3016.597157,3,2945.787148,0.976527,21586.820623,12601.81597,8985.004653,13,5,4,23,0,1.024038,0.583774,0.0,0.031237,1.043478,0.031237,0.976527,0.043478,0.130435,0.130492,0.416226,4023.8076812083,3016.597157,981.9290493333,0.0,0.0,6.0,0.0,LOW,0
509,509,16,12,4,0.25,22651.390847,2,5118.642807,11,5427.739907,1.0,0.0,0.0,0.0,3,5,4,16,0,0.943052,0.0,0.0,0.225975,1.0,0.225975,1.060387,0.125,0.6875,0.0,0.0,1415.7119279375,2559.3214035,493.4309006364,0.0,0.0,2.0,0.0,LOW,0
510,510,11,11,0,0.0,44264.501151,1,8430.80787,6,8340.83882,0.989329,0.0,12904.508276,-12904.508276,2,4,3,11,0,1.010787,0.0,0.0,0.190464,1.0,0.190464,0.989329,0.090909,0.545455,0.291532,0.0,4024.0455591818,8430.80787,1390.1398033333,1.0,1.0,1.0,0.2,HIGH,2
511,511,16,16,0,0.0,82440.278146,0,0.0,0,0.0,0.0,25849.827271,10275.877598,15573.949673,9,5,4,16,0,0.0,0.397522,0.0,0.0,1.0,0.0,0.0,0.0,0.0,0.124646,0.602478,5152.517384125,0.0,0.0,0.0,0.0,0.0,0.5,HIGH,2
512,512,11,11,0,0.0,20162.13612,1,9835.713805,9,9832.741852,0.999698,0.0,493.680463,-493.680463,0,5,4,11,0,1.000302,0.0,0.0,0.487831,1.0,0.487831,0.999698,0.090909,0.818182,0.024486,0.0,1832.9214654545,9835.713805,1092.5268724444,0.0,0.0,2.0,0.0,LOW,0
513,513,10,8,2,0.2,56341.833924,3,18391.401728,0,0.0,0.0,4817.606301,4533.470869,284.135432,3,4,4,10,2,0.0,0.941021,0.666667,0.326425,1.0,0.326425,0.0,0.3,0.0,0.080464,0.058979,5634.1833924,6130.4672426667,0.0,2.0,4.0,0.0,0.2222222222222222,HIGH,2
514,514,16,10,6,0.375,83057.706425,6,32223.28056,2,3228.129746,0.10018,0.0,0.0,0.0,4,5,4,14,4,9.982028,0.0,0.666667,0.387963,1.142857,0.387963,0.10018,0.428571,0.142857,0.0,0.0,5191.1066515625,5370.54676,1614.064873,0.0,1.0,0.0,0.16666666666666666,MEDIUM,1
515,515,16,15,1,0.0625,26759.268424,3,9101.077214,11,8430.43634,0.926312,0.0,0.0,0.0,2,5,4,14,0,1.07955,0.0,0.0,0.340109,1.142857,0.340109,0.926312,0.214286,0.785714,0.0,0.0,1672.4542765,3033.6924046667,766.4033036364,0.0,0.0,3.0,0.0,LOW,0
516,516,11,11,0,0.0,42632.727719,3,19794.677953,3,9412.64907,0.475514,0.0,8583.426434,-8583.426434,2,5,4,9,1,2.102987,0.0,0.333333,0.464307,1.222222,0.464307,0.475514,0.333333,0.333333,0.201334,0.0,3875.7025199091,6598.2259843333,3137.54969,0.0,1.0,2.0,0.0,LOW,0
517,517,22,22,0,0.0,93646.180875,0,0.0,0,0.0,0.0,24148.733233,18764.044365,5384.688868,10,5,4,20,0,0.0,0.77702,0.0,0.0,1.1,0.0,0.0,0.0,0.0,0.200372,0.22298,4256.6445852273,0.0,0.0,0.0,1.0,9.0,0.0,LOW,0
518,518,12,11,1,0.083333,33758.877689,1,2822.694665,6,2818.11141,0.998376,8476.839393,8081.004695,395.834698,2,5,3,11,0,1.001626,0.953304,0.0,0.083613,1.090909,0.083613,0.998376,0.090909,0.545455,0.239374,0.046696,2813.2398074167,2822.694665,469.685235,3.0,5.0,0.0,0.0,HIGH,2
519,519,16,16,0,0.0,69628.594976,0,0.0,0,0.0,0.0,16158.544322,31945.858021,-15787.313699,5,5,4,15,0,0.0,1.977026,0.0,0.0,1.066667,0.0,0.0,0.0,0.0,0.458804,-0.977026,4351.787186,0.0,0.0,0.0,0.0,0.0,0.0,LOW,0
520,520,10,10,0,0.0,54143.759908,1,8055.710381,0,0.0,0.0,10654.251841,12043.194456,-1388.942615,4,4,4,10,0,0.0,1.130365,0.0,0.148784,1.0,0.148784,0.0,0.1,0.0,0.22243,-0.130365,5414.3759908,8055.710381,0.0,0.0,0.0,4.0,0.1111111111111111,MEDIUM,1
521,521,17,15,2,0.117647,81914.33748,1,9225.233077,2,4747.358303,0.514606,14244.974627,19550.325658,-5305.351031,6,4,4,13,2,1.943235,1.372437,2.0,0.11262,1.307692,0.11262,0.514606,0.076923,0.153846,0.238668,-0.372437,4818.49044,9225.233077,2373.6791515,1.0,1.0,1.0,0.09090909090909091,MEDIUM,1
522,522,20,20,0,0.0,87275.221052,0,0.0,0,0.0,0.0,20267.642097,17831.858685,2435.783412,12,5,4,18,0,0.0,0.879819,0.0,0.0,1.111111,0.0,0.0,0.0,0.0,0.204318,0.120181,4363.7610526,0.0,0.0,0.0,1.0,0.0,0.0,LOW,0
523,523,9,8,1,0.111111,32318.261082,0,0.0,0,0.0,0.0,0.0,7207.836255,-7207.836255,8,4,1,9,0,0.0,0.0,0.0,0.0,1.0,0.0,0.0,0.0,0.0,0.223027,0.0,3590.917898,0.0,0.0,0.0,0.0,0.0,0.125,MEDIUM,1
524,524,17,16,1,0.058824,24865.418718,1,2684.602923,11,2718.795685,1.0,7916.718236,7880.816765,35.901471,1,5,4,16,0,0.987424,0.995465,0.0,0.107965,1.0625,0.107965,1.012737,0.0625,0.6875,0.316939,0.004535,1462.6716892941,2684.602923,247.1632440909,0.0,0.0,6.0,0.0,LOW,0
525,525,13,13,0,0.0,61168.988272,0,0.0,0,0.0,0.0,23775.095893,19064.736406,4710.359487,5,5,4,13,0,0.0,0.801878,0.0,0.0,1.0,0.0,0.0,0.0,0.0,0.311673,0.198122,4705.3067901538,0.0,0.0,0.0,1.0,1.0,0.0,LOW,0
526,526,16,16,0,0.0,51426.034213,2,18415.866031,11,18350.463817,0.996449,0.0,6597.37058,-6597.37058,1,5,4,16,0,1.003564,0.0,0.0,0.358104,1.0,0.358104,0.996449,0.125,0.6875,0.128289,0.0,3214.1271383125,9207.9330155,1668.2239833636,0.0,0.0,5.0,0.0,LOW,0
527,527,15,15,0,0.0,53016.336275,2,7731.254767,8,7730.952279,0.999961,0.0,0.0,0.0,5,4,3,14,0,1.000039,0.0,0.0,0.145828,1.071429,0.145828,0.999961,0.142857,0.571429,0.0,0.0,3534.4224183333,3865.6273835,966.369034875,0.0,0.0,8.0,0.0,LOW,0
528,528,10,10,0,0.0,60891.348891,0,0.0,0,0.0,0.0,21565.204261,9547.008579,12018.195682,5,5,4,10,0,0.0,0.442704,0.0,0.0,1.0,0.0,0.0,0.0,0.0,0.156788,0.557296,6089.1348891,0.0,0.0,1.0,3.0,4.0,0.0,MEDIUM,1
529,529,15,15,0,0.0,28046.856935,1,862.461242,8,862.452151,0.999989,14965.638278,3360.955243,11604.683035,2,5,4,15,0,1.000011,0.224578,0.0,0.030751,1.0,0.030751,0.999989,0.066667,0.533333,0.119834,0.775422,1869.7904623333,862.461242,107.806518875,0.0,0.0,3.0,0.2,HIGH,2
530,530,9,9,0,0.0,39480.15139,1,7006.400538,3,5292.110632,0.755325,0.0,5853.835268,-5853.835268,3,4,3,8,0,1.323933,0.0,0.0,0.177466,1.125,0.177466,0.755325,0.125,0.375,0.148273,0.0,4386.6834877778,7006.400538,1764.0368773333,0.0,0.0,4.0,0.16666666666666666,MEDIUM,1
531,531,11,10,1,0.090909,38845.81106,2,6716.577176,4,6683.231096,0.995035,8630.370085,3320.034625,5310.33546,3,4,4,10,0,1.00499,0.384692,0.0,0.172904,1.1,0.172904,0.995035,0.2,0.4,0.085467,0.615308,3531.4373690909,3358.288588,1670.807774,0.0,0.0,4.0,0.0,LOW,0
532,532,19,19,0,0.0,55406.803403,1,1892.40472,4,1837.81979,0.971156,11533.422334,12649.420181,-1115.997847,6,5,4,19,0,1.029701,1.096762,0.0,0.034155,1.0,0.034155,0.971156,0.052632,0.210526,0.228301,-0.096762,2916.1475475263,1892.40472,459.4549475,0.0,0.0,2.0,0.0,LOW,0
533,533,13,13,0,0.0,37742.991793,1,679.61276,7,679.475305,0.999798,0.0,8151.169229,-8151.169229,4,5,4,13,0,1.000202,0.0,0.0,0.018006,1.0,0.018006,0.999798,0.076923,0.538462,0.215965,0.0,2903.307061,679.61276,97.0679007143,0.0,0.0,2.0,0.0,LOW,0
534,534,18,17,1,0.055556,89609.897104,1,9068.64735,5,9050.161731,0.997962,8526.749306,22856.489709,-14329.740403,6,5,4,17,0,1.002043,2.680563,0.0,0.101201,1.058824,0.101201,0.997962,0.058824,0.294118,0.255067,-1.680563,4978.3276168889,9068.64735,1810.0323462,1.0,0.0,3.0,0.0,MEDIUM,1
535,535,11,11,0,0.0,40755.01235,1,6851.749887,3,6541.000588,0.954647,0.0,3030.251051,-3030.251051,5,5,4,11,1,1.047508,0.0,1.0,0.16812,1.0,0.16812,0.954647,0.090909,0.272727,0.074353,0.0,3705.0011227273,6851.749887,2180.3335293333,0.0,1.0,0.0,0.0,LOW,0
536,536,9,8,1,0.111111,58092.638385,4,27891.195928,0,0.0,0.0,3130.364419,0.0,3130.364419,1,5,3,8,2,0.0,0.0,0.5,0.480116,1.125,0.480116,0.0,0.5,0.0,0.0,1.0,6454.7375983333,6972.798982,0.0,0.0,2.0,4.0,0.1111111111111111,MEDIUM,1
537,537,6,6,0,0.0,23859.803491,1,6541.854405,2,6441.408218,0.984646,0.0,4393.763547,-4393.763547,2,3,3,6,0,1.015594,0.0,0.0,0.274179,1.0,0.274179,0.984646,0.166667,0.333333,0.184149,0.0,3976.6339151667,6541.854405,3220.704109,0.0,0.0,8.0,0.0,LOW,0
538,538,19,19,0,0.0,54941.447539,2,9330.031854,8,6921.484352,0.74185,6331.99532,3578.307311,2753.688009,5,5,4,17,1,1.347981,0.565115,0.5,0.169818,1.117647,0.169818,0.74185,0.117647,0.470588,0.065129,0.434885,2891.6551336316,4665.015927,865.185544,0.0,0.0,7.0,0.0,LOW,0
539,539,15,14,1,0.066667,68481.326726,1,1507.488844,0,0.0,0.0,7227.107136,5480.164888,1746.942248,11,4,4,15,0,0.0,0.758279,0.0,0.022013,1.0,0.022013,0.0,0.066667,0.0,0.080024,0.241721,4565.4217817333,1507.488844,0.0,0.0,0.0,5.0,0.0,LOW,0
540,540,7,7,0,0.0,42397.654676,0,0.0,0,0.0,0.0,3805.998596,9676.139196,-5870.1406,5,3,3,7,0,0.0,2.542339,0.0,0.0,1.0,0.0,0.0,0.0,0.0,0.228223,-1.542339,6056.8078108571,0.0,0.0,0.0,1.0,8.0,0.0,LOW,0
541,541,18,15,3,0.166667,95246.043917,8,43507.401367,2,7822.943438,0.179807,2381.882479,0.0,2381.882479,3,5,4,18,4,5.561513,0.0,0.5,0.45679,1.0,0.45679,0.179807,0.444444,0.111111,0.0,1.0,5291.4468842778,5438.425170875,3911.471719,2.0,3.0,0.0,0.0,HIGH,2
542,542,11,10,1,0.090909,48216.807658,1,2414.099827,2,2385.425962,0.988122,10585.441791,14573.914174,-3988.472383,3,4,3,11,1,1.01202,1.376788,1.0,0.050068,1.0,0.050068,0.988122,0.090909,0.181818,0.302258,-0.376788,4383.3461507273,2414.099827,1192.712981,0.0,1.0,0.0,0.16666666666666666,MEDIUM,1
543,543,12,12,0,0.0,47857.206709,1,8308.174805,5,8304.077488,0.999507,0.0,0.0,0.0,6,5,4,10,0,1.000493,0.0,0.0,0.173603,1.2,0.173603,0.999507,0.1,0.5,0.0,0.0,3988.1005590833,8308.174805,1660.8154976,1.0,1.0,4.0,0.0,MEDIUM,1
544,544,15,14,1,0.066667,84678.365755,0,0.0,0,0.0,0.0,341.962791,18576.373239,-18234.410448,10,5,3,14,0,0.0,54.322791,0.0,0.0,1.071429,0.0,0.0,0.0,0.0,0.219376,-53.322791,5645.2243836667,0.0,0.0,0.0,0.0,0.0,0.0,LOW,0
545,545,8,8,0,0.0,28736.808251,1,7170.009325,2,6976.585319,0.973023,10604.051762,0.0,10604.051762,3,4,2,8,0,1.027725,0.0,0.0,0.249506,1.0,0.249506,0.973023,0.125,0.25,0.0,1.0,3592.101031375,7170.009325,3488.2926595,0.0,2.0,6.0,0.09090909090909091,LOW,0
546,546,12,12,0,0.0,36164.281026,1,6204.725172,7,6191.800972,0.997917,14503.063889,0.0,14503.063889,2,5,4,12,0,1.002087,0.0,0.0,0.171571,1.0,0.171571,0.997917,0.083333,0.583333,0.0,1.0,3013.6900855,6204.725172,884.542996,0.0,0.0,3.0,0.16666666666666666,MEDIUM,1
547,547,21,21,0,0.0,106351.026684,7,41335.295741,1,582.429174,0.01409,17087.349487,1065.37705,16021.972437,5,5,4,21,4,70.97051,0.062349,0.571429,0.388669,1.0,0.388669,0.01409,0.333333,0.047619,0.010018,0.937651,5064.334604,5905.0422487143,582.429174,2.0,4.0,1.0,0.2,HIGH,2
548,548,13,13,0,0.0,49680.472825,1,8782.508226,3,8717.285514,0.992574,0.0,9341.942272,-9341.942272,6,5,4,13,0,1.007482,0.0,0.0,0.17678,1.0,0.17678,0.992574,0.076923,0.230769,0.188041,0.0,3821.5748326923,8782.508226,2905.761838,0.0,0.0,4.0,0.0,LOW,0
549,549,4,4,0,0.0,21124.702725,0,0.0,0,0.0,0.0,2525.002605,0.0,2525.002605,3,3,2,3,0,0.0,0.0,0.0,0.0,1.333333,0.0,0.0,0.0,0.0,0.0,1.0,5281.17568125,0.0,0.0,0.0,0.0,0.0,0.125,MEDIUM,1
550,550,9,9,0,0.0,29239.209453,1,762.197835,2,581.498678,0.762924,11462.04338,8071.187827,3390.855553,2,5,4,9,0,1.310747,0.704167,0.0,0.026068,1.0,0.026068,0.762924,0.111111,0.222222,0.27604,0.295833,3248.8010503333,762.197835,290.749339,0.0,0.0,4.0,0.0,LOW,0
551,551,15,15,0,0.0,52680.6136,3,16694.976136,8,13674.866487,0.819101,9906.776776,0.0,9906.776776,3,5,4,15,0,1.220851,0.0,0.0,0.316909,1.0,0.316909,0.819101,0.2,0.533333,0.0,1.0,3512.0409066667,5564.9920453333,1709.358310875,0.0,1.0,3.0,0.0,LOW,0
552,552,14,14,0,0.0,58582.852434,1,8831.667862,7,8830.924246,0.999916,24759.399676,0.0,24759.399676,3,5,4,13,0,1.000084,0.0,0.0,0.150755,1.076923,0.150755,0.999916,0.076923,0.538462,0.0,1.0,4184.4894595714,8831.667862,1261.5606065714,0.0,0.0,9.0,0.0,LOW,0
553,553,11,11,0,0.0,29548.975394,1,5327.552921,5,5186.291438,0.973485,0.0,0.0,0.0,5,4,3,10,0,1.027237,0.0,0.0,0.180296,1.1,0.180296,0.973485,0.1,0.5,0.0,0.0,2686.2704903636,5327.552921,1037.2582876,0.0,0.0,4.0,0.0,LOW,0
554,554,12,12,0,0.0,47277.47929,1,6729.332526,4,6508.068297,0.967119,9752.408159,3564.082416,6188.325743,5,5,4,12,0,1.033998,0.365457,0.0,0.142337,1.0,0.142337,0.967119,0.083333,0.333333,0.075386,0.634543,3939.7899408333,6729.332526,1627.01707425,0.0,0.0,6.0,0.0,LOW,0
555,555,11,11,0,0.0,59006.229466,1,7581.623374,3,7504.328218,0.989805,14369.762765,0.0,14369.762765,5,5,3,11,0,1.0103,0.0,0.0,0.128489,1.0,0.128489,0.989805,0.090909,0.272727,0.0,1.0,5364.2026787273,7581.623374,2501.4427393333,0.0,0.0,2.0,0.25,HIGH,2
556,556,10,10,0,0.0,49868.497728,0,0.0,0,0.0,0.0,4814.28421,0.0,4814.28421,8,4,3,9,0,0.0,0.0,0.0,0.0,1.111111,0.0,0.0,0.0,0.0,0.0,1.0,4986.8497728,0.0,0.0,0.0,0.0,0.0,0.0,LOW,0
557,557,10,10,0,0.0,62313.60495,1,8939.912329,0,0.0,0.0,39085.910472,10210.871102,28875.03937,1,3,4,10,0,0.0,0.261242,0.0,0.143466,1.0,0.143466,0.0,0.1,0.0,0.163863,0.738758,6231.360495,8939.912329,0.0,0.0,0.0,0.0,0.0,LOW,0
558,558,12,12,0,0.0,39064.782812,1,9722.297823,6,9409.755638,0.967853,0.0,0.0,0.0,5,5,4,10,0,1.033215,0.0,0.0,0.248876,1.2,0.248876,0.967853,0.1,0.6,0.0,0.0,3255.3985676667,9722.297823,1568.2926063333,0.0,0.0,5.0,0.0,LOW,0
559,559,16,16,0,0.0,52181.262524,1,8124.155436,8,8065.551182,0.992786,6102.148882,0.0,6102.148882,6,5,4,14,0,1.007266,0.0,0.0,0.155691,1.142857,0.155691,0.992786,0.071429,0.571429,0.0,1.0,3261.32890775,8124.155436,1008.19389775,0.0,0.0,4.0,0.0,LOW,0
560,560,14,13,1,0.071429,70448.733029,1,9180.387168,1,1749.935418,0.190617,12090.927569,30800.454303,-18709.526734,5,5,4,14,0,5.246129,2.547402,0.0,0.130313,1.0,0.130313,0.190617,0.071429,0.071429,0.437204,-1.547402,5032.0523592143,9180.387168,1749.935418,0.0,0.0,7.0,0.0,LOW,0
561,561,11,11,0,0.0,16866.728898,1,1643.208658,7,1634.348517,0.994608,0.0,8732.718739,-8732.718739,2,5,3,11,0,1.005421,0.0,0.0,0.097423,1.0,0.097423,0.994608,0.090909,0.636364,0.517748,0.0,1533.3389907273,1643.208658,233.4783595714,0.0,0.0,6.0,0.0,LOW,0
562,562,8,7,1,0.125,31294.015346,2,10885.298606,3,8706.783126,0.799866,0.0,0.0,0.0,1,4,3,8,2,1.250209,0.0,1.0,0.34784,1.0,0.34784,0.799866,0.25,0.375,0.0,0.0,3911.75191825,5442.649303,2902.261042,0.0,1.0,2.0,0.14285714285714285,MEDIUM,1
563,563,7,7,0,0.0,44881.896111,1,8435.252329,0,0.0,0.0,4073.704537,0.0,4073.704537,4,4,2,7,1,0.0,0.0,1.0,0.187943,1.0,0.187943,0.0,0.142857,0.0,0.0,1.0,6411.6994444286,8435.252329,0.0,0.0,0.0,0.0,0.0,LOW,0
564,564,10,10,0,0.0,55974.233587,3,20185.685274,1,1102.659053,0.054626,6961.930627,4995.758072,1966.172555,2,5,3,10,1,18.306371,0.717582,0.333333,0.360625,1.0,0.360625,0.054626,0.3,0.1,0.089251,0.282418,5597.4233587,6728.561758,1102.659053,0.0,2.0,3.0,0.0,LOW,0
565,565,15,13,2,0.133333,69716.242565,0,0.0,0,0.0,0.0,16103.239828,15616.218498,487.02133,8,4,4,15,0,0.0,0.969756,0.0,0.0,1.0,0.0,0.0,0.0,0.0,0.223997,0.030244,4647.7495043333,0.0,0.0,0.0,1.0,2.0,0.0,LOW,0
566,566,17,15,2,0.117647,127224.457855,6,40860.226257,2,7361.673001,0.180167,7076.085094,11703.041517,-4626.956423,4,5,4,17,2,5.5504,1.653886,0.333333,0.321166,1.0,0.321166,0.180167,0.352941,0.117647,0.091987,-0.653886,7483.7916385294,6810.0377095,3680.8365005,1.0,2.0,1.0,0.25,HIGH,2
567,567,15,15,0,0.0,71382.24437,1,3457.120809,2,2780.063062,0.804156,13163.295046,16055.999805,-2892.704759,7,4,4,14,0,1.24354,1.219755,0.0,0.048431,1.071429,0.048431,0.804156,0.071429,0.142857,0.22493,-0.219755,4758.8162913333,3457.120809,1390.031531,0.0,1.0,3.0,0.2,HIGH,2
568,568,15,14,1,0.066667,62550.230447,1,5257.766548,2,4876.17514,0.927423,22050.330145,6012.413637,16037.916508,7,4,4,14,0,1.078256,0.272668,0.0,0.084057,1.071429,0.084057,0.927423,0.071429,0.142857,0.096121,0.727332,4170.0153631333,5257.766548,2438.08757,0.0,0.0,3.0,0.0,LOW,0
569,569,9,9,0,0.0,13694.511669,1,3122.803479,7,3019.43813,0.9669,0.0,0.0,0.0,1,5,3,9,0,1.034233,0.0,0.0,0.228033,1.0,0.228033,0.9669,0.111111,0.777778,0.0,0.0,1521.6124076667,3122.803479,431.3483042857,0.0,0.0,2.0,0.0,LOW,0
570,570,10,9,1,0.1,41513.092644,1,1032.704412,0,0.0,0.0,8059.59892,8142.006628,-82.407708,4,4,3,9,0,0.0,1.010225,0.0,0.024877,1.111111,0.024877,0.0,0.111111,0.0,0.196131,-0.010225,4151.3092644,1032.704412,0.0,0.0,1.0,5.0,0.0,LOW,0
571,571,9,8,1,0.111111,22172.700383,1,700.005708,3,911.515194,1.0,4202.161313,3937.517704,264.643609,3,4,3,9,0,0.767958,0.937022,0.0,0.031571,1.0,0.031571,1.302154,0.111111,0.333333,0.177584,0.062978,2463.6333758889,700.005708,303.838398,0.0,0.0,9.0,0.0,LOW,0
572,572,14,14,0,0.0,34942.870657,1,2406.621469,5,2406.609494,0.999995,18424.364414,598.668897,17825.695517,4,5,4,14,0,1.000005,0.032493,0.0,0.068873,1.0,0.068873,0.999995,0.071429,0.357143,0.017133,0.967507,2495.9193326429,2406.621469,481.3218988,0.0,0.0,3.0,0.0,LOW,0
573,573,9,9,0,0.0,28548.338982,0,0.0,0,0.0,0.0,10413.281494,0.0,10413.281494,6,4,3,9,0,0.0,0.0,0.0,0.0,1.0,0.0,0.0,0.0,0.0,0.0,1.0,3172.0376646667,0.0,0.0,0.0,0.0,0.0,0.0,LOW,0
574,574,12,9,3,0.25,46060.562062,4,11882.090678,1,168.033168,0.014142,20548.796321,7135.48925,13413.307071,0,5,4,12,3,70.71277,0.347246,0.75,0.257967,1.0,0.257967,0.014142,0.333333,0.083333,0.154915,0.652754,3838.3801718333,2970.5226695,168.033168,0.0,3.0,1.0,0.2,HIGH,2
575,575,10,10,0,0.0,28607.450399,1,4911.178928,4,4063.269008,0.827351,8976.275377,0.0,8976.275377,3,5,4,10,0,1.208677,0.0,0.0,0.171675,1.0,0.171675,0.827351,0.1,0.4,0.0,1.0,2860.7450399,4911.178928,1015.817252,0.0,1.0,2.0,0.0,LOW,0
576,576,16,16,0,0.0,18258.329323,2,4649.130255,12,4649.082061,0.99999,0.0,6562.054042,-6562.054042,1,5,4,14,0,1.00001,0.0,0.0,0.254631,1.142857,0.254631,0.99999,0.142857,0.857143,0.359401,0.0,1141.1455826875,2324.5651275,387.4235050833,0.0,0.0,11.0,0.0,LOW,0
577,577,15,15,0,0.0,23137.858049,1,4380.007177,10,4372.040583,0.998181,3894.810086,3157.319284,737.490802,2,5,4,13,0,1.001822,0.810648,0.0,0.1893,1.153846,0.1893,0.998181,0.076923,0.769231,0.136457,0.189352,1542.5238699333,4380.007177,437.2040583,0.0,0.0,8.0,0.0,LOW,0
578,578,12,12,0,0.0,38540.575112,1,8949.977404,5,8927.459538,0.997484,7275.797383,0.0,7275.797383,4,5,4,12,0,1.002522,0.0,0.0,0.232222,1.0,0.232222,0.997484,0.083333,0.416667,0.0,1.0,3211.7145926667,8949.977404,1785.4919076,0.0,0.0,3.0,0.0,LOW,0
579,579,12,12,0,0.0,35453.10825,1,7543.610589,6,7476.070469,0.991047,0.0,0.0,0.0,5,5,3,12,0,1.009034,0.0,0.0,0.212777,1.0,0.212777,0.991047,0.083333,0.5,0.0,0.0,2954.4256875,7543.610589,1246.0117448333,0.0,0.0,7.0,0.0,LOW,0
580,580,10,10,0,0.0,34157.454969,2,8719.238993,4,6549.636427,0.751171,11952.252219,4766.724764,7185.527455,0,4,4,9,1,1.331255,0.398814,0.5,0.255266,1.111111,0.255266,0.751171,0.222222,0.444444,0.139552,0.601186,3415.7454969,4359.6194965,1637.40910675,0.0,0.0,0.0,0.0,LOW,0
581,581,15,15,0,0.0,45680.097782,2,12345.734717,8,12282.01013,0.994838,5944.079843,0.0,5944.079843,3,5,4,15,0,1.005188,0.0,0.0,0.270265,1.0,0.270265,0.994838,0.133333,0.533333,0.0,1.0,3045.3398521333,6172.8673585,1535.25126625,1.0,0.0,1.0,0.0,MEDIUM,1
582,582,18,17,1,0.055556,89749.522124,0,0.0,0,0.0,0.0,33212.609414,5141.121809,28071.487605,11,5,4,18,0,0.0,0.154794,0.0,0.0,1.0,0.0,0.0,0.0,0.0,0.057283,0.845206,4986.0845624444,0.0,0.0,0.0,0.0,0.0,0.0,LOW,0
583,583,14,13,1,0.071429,56058.979595,0,0.0,0,0.0,0.0,32594.377278,5424.912191,27169.465087,6,5,4,14,0,0.0,0.166437,0.0,0.0,1.0,0.0,0.0,0.0,0.0,0.096772,0.833563,4004.2128282143,0.0,0.0,0.0,0.0,0.0,0.0,LOW,0
584,584,21,16,5,0.238095,97585.410304,7,36765.918268,1,7543.394888,0.205174,0.0,15112.596119,-15112.596119,4,5,4,18,6,4.873922,0.0,0.857143,0.376756,1.166667,0.376756,0.205174,0.388889,0.055556,0.154865,0.0,4646.9243001905,5252.2740382857,7543.394888,1.0,1.0,2.0,0.14285714285714285,MEDIUM,1
585,585,5,5,0,0.0,24725.130249,0,0.0,0,0.0,0.0,11951.174672,12664.291371,-713.116699,1,3,4,5,0,0.0,1.059669,0.0,0.0,1.0,0.0,0.0,0.0,0.0,0.512203,-0.059669,4945.0260498,0.0,0.0,0.0,0.0,0.0,0.25,HIGH,2
586,586,15,15,0,0.0,41194.819289,1,7654.214636,10,7648.261312,0.999222,0.0,0.0,0.0,4,5,4,15,0,1.000778,0.0,0.0,0.185805,1.0,0.185805,0.999222,0.066667,0.666667,0.0,0.0,2746.3212859333,7654.214636,764.8261312,0.0,0.0,4.0,0.16666666666666666,MEDIUM,1
587,587,8,8,0,0.0,33875.936439,1,9331.608323,4,9196.60791,0.985533,3133.70901,0.0,3133.70901,2,4,3,8,0,1.014679,0.0,0.0,0.275464,1.0,0.275464,0.985533,0.125,0.5,0.0,1.0,4234.492054875,9331.608323,2299.1519775,1.0,1.0,1.0,0.0,MEDIUM,1
588,588,19,19,0,0.0,84852.819675,4,18420.824271,2,3272.396674,0.177647,9534.056631,14675.384372,-5141.327741,5,5,4,17,3,5.629154,1.539259,0.75,0.217091,1.117647,0.217091,0.177647,0.235294,0.117647,0.172951,-0.539259,4465.9378776316,4605.20606775,1636.198337,1.0,1.0,1.0,0.2857142857142857,HIGH,2
589,589,20,19,1,0.05,73322.121784,5,20736.807546,3,3088.833461,0.148954,10952.117042,4441.345194,6510.771848,6,5,4,20,3,6.713475,0.405524,0.6,0.282818,1.0,0.282818,0.148954,0.25,0.15,0.060573,0.594476,3666.1060892,4147.3615092,1029.6111536667,0.0,0.0,0.0,0.0,LOW,0
590,590,13,12,1,0.076923,53873.267668,1,5842.242796,3,5761.307602,0.986147,0.0,8660.323296,-8660.323296,5,5,3,13,1,1.014048,0.0,1.0,0.108444,1.0,0.108444,0.986147,0.076923,0.230769,0.160754,0.0,4144.0975129231,5842.242796,1920.4358673333,0.0,1.0,7.0,0.0,LOW,0
591,591,13,11,2,0.153846,79314.41949,2,13369.615733,0,0.0,0.0,5762.66293,20054.499293,-14291.836363,6,5,3,13,1,0.0,3.480075,0.5,0.168565,1.0,0.168565,0.0,0.153846,0.0,0.252848,-2.480075,6101.1091915385,6684.8078665,0.0,2.0,2.0,0.0,0.0,HIGH,2
592,592,13,13,0,0.0,16221.352594,1,1720.88573,8,1719.537063,0.999216,3715.899885,0.0,3715.899885,2,4,3,13,0,1.000784,0.0,0.0,0.106088,1.0,0.106088,0.999216,0.076923,0.615385,0.0,1.0,1247.7963533846,1720.88573,214.942132875,0.0,0.0,6.0,0.0,LOW,0
593,593,18,18,0,0.0,91598.169461,0,0.0,0,0.0,0.0,33193.362029,1714.769273,31478.592756,11,5,4,18,0,0.0,0.05166,0.0,0.0,1.0,0.0,0.0,0.0,0.0,0.018721,0.94834,5088.7871922778,0.0,0.0,0.0,0.0,0.0,0.0,LOW,0
594,594,20,20,0,0.0,39767.139477,2,9736.203757,11,9689.401821,0.995193,0.0,6744.563745,-6744.563745,3,5,4,19,0,1.00483,0.0,0.0,0.24483,1.052632,0.24483,0.995193,0.105263,0.578947,0.169601,0.0,1988.35697385,4868.1018785,880.854711,0.0,0.0,4.0,0.0,LOW,0
595,595,15,14,1,0.066667,87695.549117,0,0.0,0,0.0,0.0,29736.594393,21675.67423,8060.920163,7,5,4,15,0,0.0,0.728923,0.0,0.0,1.0,0.0,0.0,0.0,0.0,0.24717,0.271077,5846.3699411333,0.0,0.0,0.0,0.0,0.0,0.0,LOW,0
596,596,16,16,0,0.0,52074.805798,2,12546.432825,6,9802.838383,0.781325,13443.207762,2428.770873,11014.436889,3,5,4,14,1,1.279878,0.180669,0.5,0.240931,1.142857,0.240931,0.781325,0.142857,0.428571,0.04664,0.819331,3254.675362375,6273.2164125,1633.8063971667,0.0,1.0,4.0,0.0,LOW,0
597,597,19,18,1,0.052632,119108.740758,0,0.0,0,0.0,0.0,50455.635025,9051.965582,41403.669443,10,4,3,19,0,0.0,0.179404,0.0,0.0,1.0,0.0,0.0,0.0,0.0,0.075997,0.820596,6268.8810925263,0.0,0.0,0.0,0.0,0.0,0.0,LOW,0
598,598,8,8,0,0.0,20602.161374,2,6522.365477,3,4266.981571,0.654208,0.0,8458.13953,-8458.13953,1,4,3,8,1,1.528567,0.0,0.5,0.316586,1.0,0.316586,0.654208,0.25,0.375,0.410546,0.0,2575.27017175,3261.1827385,1422.3271903333,0.0,1.0,7.0,0.0,LOW,0
599,599,9,9,0,0.0,26565.800794,2,9233.88707,4,9002.840289,0.974978,8017.451807,0.0,8017.451807,1,4,4,9,1,1.025664,0.0,0.5,0.347585,1.0,0.347585,0.974978,0.222222,0.444444,0.0,1.0,2951.7556437778,4616.943535,2250.71007225,0.0,1.0,0.0,0.2,HIGH,2
600,600,17,17,0,0.0,19071.155319,1,9535.577681,16,9535.577638,1.0,0.0,0.0,0.0,0,4,4,16,0,1.0,0.0,0.0,0.5,1.0625,0.5,1.0,0.0625,1.0,0.0,0.0,1121.8326658235,9535.577681,595.973602375,1.0,0.0,1.0,0.0,MEDIUM,1
601,601,7,5,2,0.285714,3668.682867,1,910.377033,5,903.493468,0.992439,0.0,1854.812366,-1854.812366,0,4,3,6,0,1.007619,0.0,0.0,0.248148,1.166667,0.248148,0.992439,0.166667,0.833333,0.50558,0.0,524.0975524286,910.377033,180.6986936,0.0,0.0,2.0,0.0,LOW,0
602,602,15,14,1,0.066667,85120.424039,1,5940.431273,0,0.0,0.0,4161.849972,2870.441807,1291.408165,12,5,3,15,0,0.0,0.689703,0.0,0.069789,1.0,0.069789,0.0,0.066667,0.0,0.033722,0.310297,5674.6949359333,5940.431273,0.0,0.0,0.0,7.0,0.0,LOW,0
603,603,12,12,0,0.0,59581.14667,1,3041.608842,3,2954.614824,0.971399,5142.277768,9887.991823,-4745.714055,6,5,3,12,0,1.029443,1.922882,0.0,0.05105,1.0,0.05105,0.971399,0.083333,0.25,0.165958,-0.922882,4965.0955558333,3041.608842,984.871608,0.0,0.0,7.0,0.0,LOW,0
604,604,9,9,0,0.0,40455.222168,0,0.0,0,0.0,0.0,5943.70077,17882.229503,-11938.528733,4,5,4,9,0,0.0,3.008602,0.0,0.0,1.0,0.0,0.0,0.0,0.0,0.442025,-2.008602,4495.0246853333,0.0,0.0,0.0,1.0,1.0,0.0,LOW,0
605,605,15,15,0,0.0,40738.49961,1,3557.572834,6,3044.233437,0.855705,0.0,20904.758747,-20904.758747,5,4,4,15,0,1.168627,0.0,0.0,0.087327,1.0,0.087327,0.855705,0.066667,0.4,0.513145,0.0,2715.899974,3557.572834,507.3722395,0.0,0.0,6.0,0.0,LOW,0
606,606,17,17,0,0.0,40453.520573,1,1724.218834,9,1724.188934,0.999983,6331.094648,0.0,6331.094648,6,5,4,17,0,1.000017,0.0,0.0,0.042622,1.0,0.042622,0.999983,0.058824,0.529412,0.0,1.0,2379.6188572353,1724.218834,191.5765482222,0.0,0.0,2.0,0.0,LOW,0
607,607,11,10,1,0.090909,37052.490636,2,12717.742754,5,9823.676639,0.772439,2391.627793,0.0,2391.627793,3,4,4,10,0,1.294601,0.0,0.0,0.343236,1.1,0.343236,0.772439,0.2,0.5,0.0,1.0,3368.4082396364,6358.871377,1964.7353278,0.0,0.0,4.0,0.16666666666666666,MEDIUM,1
608,608,15,15,0,0.0,54047.908358,1,3052.002508,4,3041.938107,0.996702,12064.200283,0.0,12064.200283,8,5,4,15,0,1.003309,0.0,0.0,0.056468,1.0,0.056468,0.996702,0.066667,0.266667,0.0,1.0,3603.1938905333,3052.002508,760.48452675,0.0,0.0,7.0,0.1111111111111111,MEDIUM,1
609,609,5,5,0,0.0,27897.063461,0,0.0,0,0.0,0.0,6247.835768,5806.920954,440.914814,3,3,2,4,0,0.0,0.929429,0.0,0.0,1.25,0.0,0.0,0.0,0.0,0.208155,0.070571,5579.4126922,0.0,0.0,0.0,0.0,0.0,0.0,LOW,0
610,610,17,17,0,0.0,101461.334137,0,0.0,0,0.0,0.0,9167.321872,13281.11012,-4113.788248,14,5,4,16,0,0.0,1.448745,0.0,0.0,1.0625,0.0,0.0,0.0,0.0,0.130898,-0.448745,5968.3137727647,0.0,0.0,1.0,1.0,0.0,0.0,MEDIUM,1
611,611,20,20,0,0.0,38313.60938,1,7484.043893,15,7484.04328,1.0,0.0,16823.898728,-16823.898728,1,5,4,20,0,1.0,0.0,0.0,0.195336,1.0,0.195336,1.0,0.05,0.75,0.43911,0.0,1915.680469,7484.043893,498.9362186667,0.0,1.0,4.0,0.0,LOW,0
612,612,17,17,0,0.0,70330.965942,0,0.0,0,0.0,0.0,2676.126461,16578.230429,-13902.103968,10,4,4,17,0,0.0,6.194861,0.0,0.0,1.0,0.0,0.0,0.0,0.0,0.235717,-5.194861,4137.1156436471,0.0,0.0,0.0,0.0,0.0,0.0,LOW,0
613,613,17,16,1,0.058824,57338.048095,1,7940.888892,7,8328.065932,1.0,8697.104116,7816.483153,880.620963,6,5,4,17,0,0.953509,0.898745,0.0,0.138492,1.0,0.138492,1.048757,0.058824,0.411765,0.136323,0.101255,3372.8263585294,7940.888892,1189.7237045714,1.0,0.0,0.0,0.0,MEDIUM,1
614,614,12,12,0,0.0,57042.197907,0,0.0,0,0.0,0.0,13030.920139,10248.881968,2782.038171,7,5,4,11,0,0.0,0.786505,0.0,0.0,1.090909,0.0,0.0,0.0,0.0,0.179672,0.213495,4753.51649225,0.0,0.0,0.0,0.0,0.0,0.0,LOW,0
615,615,15,14,1,0.066667,20104.898336,1,7074.296301,12,7075.207437,1.0,0.0,0.0,0.0,2,4,4,13,0,0.999871,0.0,0.0,0.351869,1.153846,0.351869,1.000129,0.076923,0.923077,0.0,0.0,1340.3265557333,7074.296301,589.60061975,0.0,0.0,8.0,0.1111111111111111,MEDIUM,1
616,616,8,8,0,0.0,36267.484288,1,1027.081348,1,663.964365,0.646457,8037.093342,18092.75715,-10055.663808,3,3,4,8,0,1.546892,2.251157,0.0,0.02832,1.0,0.02832,0.646457,0.125,0.125,0.49887,-1.251157,4533.435536,1027.081348,663.964365,1.0,0.0,1.0,0.0,MEDIUM,1
617,617,7,5,2,0.285714,26731.267869,2,5596.340493,1,189.369816,0.033838,0.0,7638.772348,-7638.772348,2,5,3,7,1,29.552442,0.0,0.5,0.209356,1.0,0.209356,0.033838,0.285714,0.142857,0.285762,0.0,3818.7525527143,2798.1702465,189.369816,0.0,4.0,1.0,0.0,LOW,0
618,618,13,13,0,0.0,50427.651267,0,0.0,0,0.0,0.0,15162.515734,1550.288264,13612.22747,9,5,3,12,0,0.0,0.102245,0.0,0.0,1.083333,0.0,0.0,0.0,0.0,0.030743,0.897755,3879.0500974615,0.0,0.0,0.0,0.0,0.0,0.0,LOW,0
619,619,14,14,0,0.0,46311.708738,1,9517.290937,7,9516.863091,0.999955,3838.515424,7113.489544,-3274.97412,4,5,4,14,0,1.000045,1.853188,0.0,0.205505,1.0,0.205505,0.999955,0.071429,0.5,0.1536,-0.853188,3307.9791955714,9517.290937,1359.5518701429,0.0,0.0,7.0,0.0,LOW,0
620,620,9,9,0,0.0,16357.665077,1,2010.71372,6,2009.867882,0.999579,12337.083475,0.0,12337.083475,0,4,4,9,0,1.000421,0.0,0.0,0.122922,1.0,0.122922,0.999579,0.111111,0.666667,0.0,1.0,1817.5183418889,2010.71372,334.9779803333,0.0,0.0,10.0,0.0,LOW,0
621,621,20,20,0,0.0,70783.443896,2,10518.445168,5,10418.05543,0.990456,9610.247524,6216.009719,3394.237805,9,5,4,19,1,1.009636,0.646811,0.5,0.1486,1.052632,0.1486,0.990456,0.105263,0.263158,0.087817,0.353189,3539.1721948,5259.222584,2083.611086,0.0,1.0,0.0,0.0,LOW,0
622,622,20,20,0,0.0,107504.565537,0,0.0,0,0.0,0.0,26769.941711,14150.450467,12619.491244,11,5,3,20,0,0.0,0.528595,0.0,0.0,1.0,0.0,0.0,0.0,0.0,0.131627,0.471405,5375.22827685,0.0,0.0,0.0,0.0,0.0,0.0,LOW,0
623,623,11,11,0,0.0,53546.130032,1,8285.833487,1,6358.175257,0.767355,8613.516924,0.0,8613.516924,7,5,3,10,1,1.303178,0.0,1.0,0.154742,1.1,0.154742,0.767355,0.1,0.1,0.0,1.0,4867.8300029091,8285.833487,6358.175257,0.0,1.0,0.0,0.0,LOW,0
624,624,15,14,1,0.066667,62623.421619,6,27495.644028,1,4489.766513,0.16329,2583.559992,9692.79935,-7109.239358,2,5,4,13,3,6.12407,3.751722,0.5,0.439063,1.153846,0.439063,0.16329,0.461538,0.076923,0.154779,-2.751722,4174.8947746,4582.607338,4489.766513,2.0,3.0,4.0,0.0,HIGH,2
625,625,13,13,0,0.0,43684.566437,0,0.0,0,0.0,0.0,15034.196985,3146.468395,11887.72859,9,5,4,13,0,0.0,0.209287,0.0,0.0,1.0,0.0,0.0,0.0,0.0,0.072027,0.790713,3360.3512643846,0.0,0.0,0.0,0.0,0.0,0.0,LOW,0
626,626,14,14,0,0.0,43071.521487,1,2461.192878,5,2413.696697,0.980702,26024.718854,12171.913058,13852.805796,0,5,4,14,0,1.019678,0.467706,0.0,0.057142,1.0,0.057142,0.980702,0.071429,0.357143,0.282598,0.532294,3076.5372490714,2461.192878,482.7393394,1.0,1.0,3.0,0.0,MEDIUM,1
627,627,13,13,0,0.0,25137.102457,1,7554.51681,10,7554.505443,0.999998,0.0,10028.080204,-10028.080204,0,5,4,10,0,1.000002,0.0,0.0,0.300533,1.3,0.300533,0.999998,0.1,1.0,0.398935,0.0,1933.6232659231,7554.51681,755.4505443,0.0,1.0,3.0,0.0,LOW,0
628,628,22,22,0,0.0,90837.563394,1,7207.448024,9,7198.870228,0.99881,20472.346222,18145.18156,2327.164662,6,5,4,21,1,1.001192,0.886326,1.0,0.079344,1.047619,0.079344,0.99881,0.047619,0.428571,0.199754,0.113674,4128.9801542727,7207.448024,799.8744697778,0.0,2.0,1.0,0.0,LOW,0
629,629,12,12,0,0.0,34546.605376,0,0.0,0,0.0,0.0,9984.92301,429.157077,9555.765933,8,5,4,12,0,0.0,0.042981,0.0,0.0,1.0,0.0,0.0,0.0,0.0,0.012423,0.957019,2878.8837813333,0.0,0.0,0.0,1.0,5.0,0.0,LOW,0
630,630,16,16,0,0.0,19438.679617,2,4062.837444,12,2426.472017,0.597236,8470.436749,0.0,8470.436749,1,5,4,13,0,1.674381,0.0,0.0,0.209008,1.230769,0.209008,0.597236,0.153846,0.923077,0.0,1.0,1214.9174760625,2031.418722,202.2060014167,0.0,0.0,5.0,0.0,LOW,0
631,631,13,13,0,0.0,36949.709692,1,3664.825811,6,3661.350086,0.999052,18794.53217,0.0,18794.53217,3,4,4,13,0,1.000949,0.0,0.0,0.099184,1.0,0.099184,0.999052,0.076923,0.461538,0.0,1.0,2842.2853609231,3664.825811,610.2250143333,0.0,0.0,5.0,0.0,LOW,0
632,632,18,17,1,0.055556,80490.357585,6,32647.265152,5,10687.968525,0.327377,0.0,0.0,0.0,5,5,4,16,2,3.054581,0.0,0.333333,0.405605,1.125,0.405605,0.327377,0.375,0.3125,0.0,0.0,4471.6865325,5441.2108586667,2137.593705,1.0,3.0,1.0,0.16666666666666666,MEDIUM,1
633,633,19,19,0,0.0,24878.893637,1,1560.437187,14,1560.398365,0.999975,9918.330074,0.0,9918.330074,2,5,4,16,0,1.000025,0.0,0.0,0.062721,1.1875,0.062721,0.999975,0.0625,0.875,0.0,1.0,1309.4154545789,1560.437187,111.4570260714,1.0,1.0,4.0,0.0,MEDIUM,1
634,634,12,11,1,0.083333,60080.259483,4,19631.313319,2,3557.404174,0.181211,4082.335707,9139.32304,-5056.987333,1,4,4,12,3,5.518438,2.238749,0.75,0.326751,1.0,0.326751,0.181211,0.333333,0.166667,0.152119,-1.238749,5006.68829025,4907.82832975,1778.702087,1.0,1.0,2.0,0.0,MEDIUM,1
635,635,14,14,0,0.0,37059.802405,1,9968.469913,7,9918.832632,0.995021,1080.75689,0.0,1080.75689,5,4,4,13,0,1.005004,0.0,0.0,0.268983,1.076923,0.268983,0.995021,0.076923,0.538462,0.0,1.0,2647.1287432143,9968.469913,1416.9760902857,0.0,0.0,4.0,0.0,LOW,0
636,636,12,12,0,0.0,66960.447134,3,16475.800625,1,3316.0709,0.201269,367.426763,6556.470292,-6189.043529,5,5,4,10,1,4.968471,17.844292,0.333333,0.246053,1.2,0.246053,0.201269,0.3,0.1,0.097916,-16.844292,5580.0372611667,5491.9335416667,3316.0709,0.0,4.0,2.0,0.1,MEDIUM,1
637,637,10,10,0,0.0,41254.488519,0,0.0,0,0.0,0.0,9809.053933,11980.126691,-2171.072758,5,5,4,8,0,0.0,1.221334,0.0,0.0,1.25,0.0,0.0,0.0,0.0,0.290396,-0.221334,4125.4488519,0.0,0.0,0.0,0.0,0.0,0.0,LOW,0
638,638,15,15,0,0.0,67629.634477,0,0.0,0,0.0,0.0,13389.895852,13191.728706,198.167146,9,5,3,13,0,0.0,0.9852,0.0,0.0,1.153846,0.0,0.0,0.0,0.0,0.195058,0.0148,4508.6422984667,0.0,0.0,0.0,0.0,0.0,0.0,LOW,0
639,639,12,11,1,0.083333,30061.614292,1,8614.771316,7,10812.291674,1.0,6691.167803,0.0,6691.167803,2,4,4,10,0,0.796757,0.0,0.0,0.28657,1.2,0.28657,1.255087,0.1,0.7,0.0,1.0,2505.1345243333,8614.771316,1544.6130962857,0.0,0.0,4.0,0.0,LOW,0
640,640,15,15,0,0.0,16059.341131,1,3096.833642,12,3096.725061,0.999965,0.0,9466.991142,-9466.991142,1,5,4,15,0,1.000035,0.0,0.0,0.192837,1.0,0.192837,0.999965,0.066667,0.8,0.589501,0.0,1070.6227420667,3096.833642,258.06042175,0.0,0.0,7.0,0.0,LOW,0
641,641,19,18,1,0.052632,51836.239489,2,12387.706292,11,12256.45942,0.989405,0.0,16128.13925,-16128.13925,2,5,4,18,1,1.010708,0.0,0.5,0.238978,1.055556,0.238978,0.989405,0.111111,0.611111,0.311136,0.0,2728.223131,6193.853146,1114.2235836364,0.0,0.0,6.0,0.0,LOW,0
642,642,10,9,1,0.1,9779.919958,1,193.889289,7,193.704493,0.999047,4474.844501,0.0,4474.844501,1,5,4,10,0,1.000954,0.0,0.0,0.019825,1.0,0.019825,0.999047,0.1,0.7,0.0,1.0,977.9919958,193.889289,27.6720704286,0.0,0.0,4.0,0.0,LOW,0
643,643,10,10,0,0.0,49799.64297,1,7893.139807,1,2526.840648,0.320131,6882.292115,3866.519466,3015.772649,5,5,4,9,0,3.123719,0.561807,0.0,0.158498,1.111111,0.158498,0.320131,0.111111,0.111111,0.077642,0.438193,4979.964297,7893.139807,2526.840648,0.0,0.0,5.0,0.0,LOW,0
644,644,9,9,0,0.0,57546.649488,0,0.0,0,0.0,0.0,25022.687599,0.0,25022.687599,5,4,4,8,0,0.0,0.0,0.0,0.0,1.125,0.0,0.0,0.0,0.0,0.0,1.0,6394.0721653333,0.0,0.0,0.0,0.0,0.0,0.0,LOW,0
645,645,13,13,0,0.0,35878.191939,1,2627.478879,5,2619.569183,0.99699,10807.050766,0.0,10807.050766,5,5,3,13,0,1.003019,0.0,0.0,0.073233,1.0,0.073233,0.99699,0.076923,0.384615,0.0,1.0,2759.8609183846,2627.478879,523.9138366,0.0,0.0,4.0,0.0,LOW,0
646,646,5,5,0,0.0,17405.521028,1,8676.357655,3,5044.785497,0.58144,0.0,0.0,0.0,1,3,4,5,0,1.719867,0.0,0.0,0.498483,1.0,0.498483,0.58144,0.2,0.6,0.0,0.0,3481.1042056,8676.357655,1681.5951656667,0.0,0.0,2.0,0.0,LOW,0
647,647,21,20,1,0.047619,38383.310041,1,644.174835,12,644.468595,1.0,11562.746496,0.0,11562.746496,5,5,4,20,0,0.999544,0.0,0.0,0.016783,1.05,0.016783,1.000456,0.05,0.6,0.0,1.0,1827.776668619,644.174835,53.70571625,0.0,0.0,8.0,0.0,LOW,0
648,648,14,14,0,0.0,80872.209355,1,8118.838475,0,0.0,0.0,16833.685705,13812.078216,3021.607489,8,5,3,12,0,0.0,0.820502,0.0,0.100391,1.166667,0.100391,0.0,0.083333,0.0,0.170789,0.179498,5776.5863825,8118.838475,0.0,0.0,0.0,3.0,0.0,LOW,0
649,649,21,20,1,0.047619,99453.905137,1,8855.938908,3,8723.341214,0.985027,9886.923285,7977.920103,1909.003182,12,5,4,20,1,1.0152,0.806916,1.0,0.089046,1.05,0.089046,0.985027,0.05,0.15,0.080217,0.193084,4735.900244619,8855.938908,2907.7804046667,0.0,1.0,2.0,0.0,LOW,0
650,650,18,18,0,0.0,25571.624301,1,2612.18744,14,2612.156094,0.999988,6032.097457,0.0,6032.097457,2,5,4,17,0,1.000012,0.0,0.0,0.102152,1.058824,0.102152,0.999988,0.058824,0.823529,0.0,1.0,1420.6457945,2612.18744,186.5825781429,0.0,0.0,5.0,0.0,LOW,0
651,651,13,13,0,0.0,40863.899472,1,1356.075833,1,1341.7385,0.989427,2844.983447,3469.995803,-625.012356,8,4,4,12,0,1.010686,1.219689,0.0,0.033185,1.083333,0.033185,0.989427,0.083333,0.083333,0.084916,-0.219689,3143.3768824615,1356.075833,1341.7385,0.0,0.0,7.0,0.0,LOW,0
652,652,12,11,1,0.083333,67819.054992,5,34814.388402,2,5921.850962,0.170098,0.0,6400.821709,-6400.821709,2,4,4,11,2,5.878971,0.0,0.4,0.513342,1.090909,0.513342,0.170098,0.454545,0.181818,0.094381,0.0,5651.587916,6962.8776804,2960.925481,1.0,1.0,0.0,0.2,HIGH,2
653,653,10,10,0,0.0,18584.200599,1,6433.337869,7,6433.203699,0.999979,3423.097028,0.0,3423.097028,1,4,4,9,0,1.000021,0.0,0.0,0.346172,1.111111,0.346172,0.999979,0.111111,0.777778,0.0,1.0,1858.4200599,6433.337869,919.0290998571,0.0,0.0,3.0,0.0,LOW,0
654,654,6,6,0,0.0,28607.747532,0,0.0,0,0.0,0.0,2308.738269,8064.59709,-5755.858821,4,3,2,6,0,0.0,3.493076,0.0,0.0,1.0,0.0,0.0,0.0,0.0,0.281903,-2.493076,4767.957922,0.0,0.0,0.0,1.0,5.0,0.0,LOW,0
655,655,12,12,0,0.0,49631.425329,3,12615.849102,5,11984.008532,0.949917,0.0,9501.809163,-9501.809163,2,5,4,12,1,1.052724,0.0,0.333333,0.254191,1.0,0.254191,0.949917,0.25,0.416667,0.191447,0.0,4135.95211075,4205.283034,2396.8017064,1.0,1.0,1.0,0.2,HIGH,2
656,656,11,11,0,0.0,32043.014513,1,5538.954657,6,5531.592812,0.998671,9888.795215,2524.659578,7364.135637,2,5,4,10,0,1.001331,0.255305,0.0,0.17286,1.1,0.17286,0.998671,0.1,0.6,0.07879,0.744695,2913.0013193636,5538.954657,921.9321353333,1.0,0.0,2.0,0.0,MEDIUM,1
657,657,9,9,0,0.0,52279.554574,3,20478.412986,2,7307.291316,0.356829,13148.538609,0.0,13148.538609,1,3,4,9,1,2.802463,0.0,0.333333,0.39171,1.0,0.39171,0.356829,0.333333,0.222222,0.0,1.0,5808.8393971111,6826.137662,3653.645658,1.0,2.0,1.0,0.0,MEDIUM,1
658,658,11,10,1,0.090909,29226.036518,1,5250.922454,5,5153.845933,0.981512,0.0,2693.023538,-2693.023538,4,4,3,11,0,1.018836,0.0,0.0,0.179666,1.0,0.179666,0.981512,0.090909,0.454545,0.092145,0.0,2656.9124107273,5250.922454,1030.7691866,0.0,0.0,3.0,0.0,LOW,0
659,659,13,13,0,0.0,63038.802511,0,0.0,0,0.0,0.0,16803.780616,20518.278127,-3714.497511,6,5,4,13,0,0.0,1.221051,0.0,0.0,1.0,0.0,0.0,0.0,0.0,0.325486,-0.221051,4849.1386546923,0.0,0.0,0.0,0.0,0.0,0.0,LOW,0
660,660,13,12,1,0.076923,73682.142442,0,0.0,0,0.0,0.0,19610.87578,15099.435735,4511.440045,7,5,4,13,0,0.0,0.769952,0.0,0.0,1.0,0.0,0.0,0.0,0.0,0.204927,0.230048,5667.8571109231,0.0,0.0,0.0,1.0,0.0,0.0,LOW,0
661,661,17,16,1,0.058824,50652.280539,1,7069.531339,10,7069.531301,1.0,6690.623044,0.0,6690.623044,5,4,4,17,0,1.0,0.0,0.0,0.13957,1.0,0.13957,1.0,0.058824,0.588235,0.0,1.0,2979.5459140588,7069.531339,706.9531301,0.0,0.0,5.0,0.0,LOW,0
662,662,11,11,0,0.0,47423.58965,0,0.0,0,0.0,0.0,8548.128614,3064.901709,5483.226905,7,5,4,10,0,0.0,0.358547,0.0,0.0,1.1,0.0,0.0,0.0,0.0,0.064628,0.641453,4311.2354227273,0.0,0.0,0.0,0.0,0.0,0.1111111111111111,MEDIUM,1
663,663,4,4,0,0.0,24640.982057,1,3816.274706,0,0.0,0.0,0.0,9538.234741,-9538.234741,2,4,3,4,0,0.0,0.0,0.0,0.154875,1.0,0.154875,0.0,0.25,0.0,0.387088,0.0,6160.24551425,3816.274706,0.0,1.0,0.0,3.0,0.0,MEDIUM,1
664,664,20,20,0,0.0,51671.355551,1,8141.715346,14,8141.714164,1.0,7195.061824,13485.093897,-6290.032073,2,5,4,19,0,1.0,1.874215,0.0,0.157567,1.052632,0.157567,1.0,0.052632,0.736842,0.260978,-0.874215,2583.56777755,8141.715346,581.5510117143,0.0,0.0,6.0,0.0,LOW,0
665,665,16,16,0,0.0,58226.097856,2,10588.293363,7,10585.237035,0.999711,13329.901981,122.620289,13207.281692,4,4,4,12,0,1.000289,0.009199,0.0,0.181848,1.333333,0.181848,0.999711,0.166667,0.583333,0.002106,0.990801,3639.131116,5294.1466815,1512.1767192857,0.0,0.0,3.0,0.0,LOW,0
666,666,13,13,0,0.0,76819.049965,1,4593.650387,2,4510.786014,0.981961,0.0,36245.619847,-36245.619847,6,4,4,13,0,1.01837,0.0,0.0,0.059798,1.0,0.059798,0.981961,0.076923,0.153846,0.471831,0.0,5909.1576896154,4593.650387,2255.393007,0.0,0.0,3.0,0.0,LOW,0
667,667,14,14,0,0.0,2121.70433,1,162.112055,12,162.106139,0.999964,0.0,1797.486136,-1797.486136,0,4,4,14,0,1.000036,0.0,0.0,0.076407,1.0,0.076407,0.999964,0.071429,0.857143,0.84719,0.0,151.5503092857,162.112055,13.5088449167,0.0,0.0,5.0,0.0,LOW,0
668,668,13,13,0,0.0,58886.398934,1,4190.89023,3,3766.018118,0.89862,0.0,7190.964222,-7190.964222,8,5,4,13,0,1.112817,0.0,0.0,0.071169,1.0,0.071169,0.89862,0.076923,0.230769,0.122116,0.0,4529.7229949231,4190.89023,1255.3393726667,0.0,0.0,6.0,0.0,LOW,0
669,669,7,7,0,0.0,44860.088697,0,0.0,0,0.0,0.0,14582.408414,9322.811703,5259.596711,4,4,3,7,0,0.0,0.639319,0.0,0.0,1.0,0.0,0.0,0.0,0.0,0.20782,0.360681,6408.5840995714,0.0,0.0,0.0,0.0,0.0,0.0,LOW,0
670,670,5,5,0,0.0,29063.538971,2,12791.200583,1,1323.831723,0.103496,0.0,0.0,0.0,2,3,2,5,0,9.662256,0.0,0.0,0.440112,1.0,0.440112,0.103496,0.4,0.2,0.0,0.0,5812.7077942,6395.6002915,1323.831723,0.0,0.0,6.0,0.0,LOW,0
671,671,10,10,0,0.0,62553.062751,0,0.0,0,0.0,0.0,14755.744914,2713.447311,12042.297603,7,4,3,10,0,0.0,0.183891,0.0,0.0,1.0,0.0,0.0,0.0,0.0,0.043378,0.816109,6255.3062751,0.0,0.0,0.0,0.0,0.0,0.0,LOW,0
672,672,13,13,0,0.0,36308.807146,1,195.186161,4,182.462461,0.934812,13598.882225,3484.453708,10114.428517,5,5,4,13,0,1.069733,0.256231,0.0,0.005376,1.0,0.005376,0.934812,0.076923,0.307692,0.095967,0.743769,2792.9851650769,195.186161,45.61561525,0.0,0.0,3.0,0.0,LOW,0
673,673,14,14,0,0.0,80321.54957,3,16990.115224,2,2511.199568,0.147804,9168.413137,11196.918802,-2028.505665,4,4,4,12,1,6.765737,1.221249,0.333333,0.211526,1.166667,0.211526,0.147804,0.25,0.166667,0.139401,-0.221249,5737.2535407143,5663.3717413333,1255.599784,0.0,0.0,2.0,0.0,LOW,0
674,674,16,16,0,0.0,28168.931982,1,4486.987914,9,4486.846999,0.999969,5103.379739,0.0,5103.379739,4,5,3,15,1,1.000031,0.0,1.0,0.159289,1.066667,0.159289,0.999969,0.066667,0.6,0.0,1.0,1760.558248875,4486.987914,498.5385554444,1.0,1.0,3.0,0.0,MEDIUM,1
675,675,12,12,0,0.0,60250.914449,1,4019.114625,0,0.0,0.0,6416.563426,14870.308463,-8453.745037,8,5,3,12,0,0.0,2.317488,0.0,0.066706,1.0,0.066706,0.0,0.083333,0.0,0.246806,-1.317488,5020.9095374167,4019.114625,0.0,0.0,0.0,4.0,0.0,LOW,0
676,676,13,13,0,0.0,66628.385718,0,0.0,0,0.0,0.0,27739.512598,0.0,27739.512598,8,4,4,12,0,0.0,0.0,0.0,0.0,1.083333,0.0,0.0,0.0,0.0,0.0,1.0,5125.2604398462,0.0,0.0,0.0,0.0,0.0,0.0,LOW,0
677,677,11,11,0,0.0,41040.380476,1,4360.811184,3,3533.754305,0.810343,1430.690305,23939.116245,-22508.42594,2,4,4,11,0,1.234045,16.732563,0.0,0.106257,1.0,0.106257,0.810343,0.090909,0.272727,0.583306,-15.732563,3730.9436796364,4360.811184,1177.9181016667,0.0,0.0,3.0,0.0,LOW,0
678,678,19,18,1,0.052632,65474.775929,1,9916.880134,10,9917.842729,1.0,11158.048955,0.0,11158.048955,5,5,4,17,0,0.999903,0.0,0.0,0.151461,1.117647,0.151461,1.000097,0.058824,0.588235,0.0,1.0,3446.0408383684,9916.880134,991.7842729,0.0,0.0,4.0,0.0,LOW,0
679,679,14,14,0,0.0,86216.362664,4,23444.911691,0,0.0,0.0,0.0,8791.511187,-8791.511187,5,5,4,13,4,0.0,0.0,1.0,0.271931,1.076923,0.271931,0.0,0.307692,0.0,0.10197,0.0,6158.3116188571,5861.22792275,0.0,1.0,3.0,1.0,0.25,HIGH,2
680,680,11,11,0,0.0,48854.010745,0,0.0,0,0.0,0.0,9348.854458,17081.5379,-7732.683442,5,4,4,11,0,0.0,1.827126,0.0,0.0,1.0,0.0,0.0,0.0,0.0,0.349645,-0.827126,4441.2737040909,0.0,0.0,0.0,0.0,0.0,0.0,LOW,0
681,681,13,13,0,0.0,95069.538801,6,43429.981266,0,0.0,0.0,5635.288776,0.0,5635.288776,2,5,4,11,3,0.0,0.0,0.5,0.456823,1.181818,0.456823,0.0,0.545455,0.0,0.0,1.0,7313.0414462308,7238.330211,0.0,2.0,2.0,0.0,0.42857142857142855,HIGH,2
682,682,22,20,2,0.090909,106698.509077,0,0.0,0,0.0,0.0,23266.333609,13244.843302,10021.490307,13,5,4,19,0,0.0,0.569271,0.0,0.0,1.157895,0.0,0.0,0.0,0.0,0.124133,0.430729,4849.9322307727,0.0,0.0,0.0,1.0,1.0,0.0,LOW,0
683,683,11,11,0,0.0,56301.043644,0,0.0,0,0.0,0.0,20472.635498,4083.398721,16389.236777,7,4,4,10,0,0.0,0.199456,0.0,0.0,1.1,0.0,0.0,0.0,0.0,0.072528,0.800544,5118.2766949091,0.0,0.0,0.0,1.0,3.0,0.0,LOW,0
684,684,12,12,0,0.0,35015.047475,2,3797.439268,4,3790.423002,0.998152,7433.248583,16644.882579,-9211.633996,2,5,4,12,0,1.001851,2.239247,0.0,0.108452,1.0,0.108452,0.998152,0.166667,0.333333,0.475364,-1.239247,2917.9206229167,1898.719634,947.6057505,0.0,0.0,7.0,0.0,LOW,0
685,685,8,8,0,0.0,36487.435914,1,8613.49717,1,3583.632147,0.416048,0.0,5124.276337,-5124.276337,2,4,4,8,1,2.403566,0.0,1.0,0.236067,1.0,0.236067,0.416048,0.125,0.125,0.140439,0.0,4560.92948925,8613.49717,3583.632147,0.0,0.0,0.0,0.0,LOW,0
686,686,13,12,1,0.076923,45976.830581,1,2047.098105,4,2043.397152,0.998192,3166.267927,7078.344511,-3912.076584,6,5,4,12,0,1.001811,2.235548,0.0,0.044525,1.083333,0.044525,0.998192,0.083333,0.333333,0.153955,-1.235548,3536.6792754615,2047.098105,510.849288,0.0,0.0,7.0,0.0,LOW,0
687,687,14,13,1,0.071429,53882.205047,2,9653.618229,0,0.0,0.0,13777.597349,5795.8894,7981.707949,6,5,4,13,1,0.0,0.420675,0.5,0.179162,1.076923,0.179162,0.0,0.153846,0.0,0.107566,0.579325,3848.7289319286,4826.8091145,0.0,0.0,1.0,5.0,0.0,LOW,0
688,688,15,15,0,0.0,74560.229665,0,0.0,0,0.0,0.0,5656.090365,38260.196171,-32604.105806,7,5,4,14,0,0.0,6.764424,0.0,0.0,1.071429,0.0,0.0,0.0,0.0,0.513145,-5.764424,4970.6819776667,0.0,0.0,0.0,1.0,0.0,0.1,MEDIUM,1
689,689,15,15,0,0.0,66055.273453,0,0.0,0,0.0,0.0,8336.780499,19524.752149,-11187.97165,10,5,4,13,0,0.0,2.342001,0.0,0.0,1.153846,0.0,0.0,0.0,0.0,0.295582,-1.342001,4403.6848968667,0.0,0.0,0.0,1.0,0.0,0.0,LOW,0
690,690,14,13,1,0.071429,61919.315646,5,16435.299762,2,4090.266487,0.248871,0.0,0.0,0.0,5,5,4,12,2,4.018149,0.0,0.4,0.265431,1.166667,0.265431,0.248871,0.416667,0.166667,0.0,0.0,4422.8082604286,3287.0599524,2045.1332435,1.0,1.0,1.0,0.0,MEDIUM,1
691,691,9,9,0,0.0,18276.375707,1,1002.591374,4,998.552179,0.995971,4743.268947,7660.244336,-2916.975389,2,5,4,8,0,1.004045,1.614972,0.0,0.054857,1.125,0.054857,0.995971,0.125,0.5,0.419134,-0.614972,2030.7084118889,1002.591374,249.63804475,0.0,1.0,4.0,0.0,LOW,0
692,692,10,9,1,0.1,42904.675565,0,0.0,0,0.0,0.0,13894.456111,0.0,13894.456111,7,5,4,10,0,0.0,0.0,0.0,0.0,1.0,0.0,0.0,0.0,0.0,0.0,1.0,4290.4675565,0.0,0.0,0.0,0.0,0.0,0.0,LOW,0
693,693,14,13,1,0.071429,59441.686319,2,14951.274992,3,4990.075649,0.333756,4144.24008,34200.829403,-30056.589323,2,5,4,11,0,2.996202,8.252618,0.0,0.251528,1.272727,0.251528,0.333756,0.181818,0.272727,0.575368,-7.252618,4245.8347370714,7475.637496,1663.3585496667,0.0,0.0,5.0,0.0,LOW,0
694,694,11,11,0,0.0,47412.05674,0,0.0,0,0.0,0.0,5398.321063,4909.933408,488.387655,8,3,3,11,0,0.0,0.90953,0.0,0.0,1.0,0.0,0.0,0.0,0.0,0.103559,0.09047,4310.1869763636,0.0,0.0,0.0,1.0,4.0,0.0,LOW,0
695,695,16,16,0,0.0,30793.939346,3,6017.478472,10,6017.13946,0.999944,0.0,0.0,0.0,3,5,4,14,0,1.000056,0.0,0.0,0.195411,1.142857,0.195411,0.999944,0.214286,0.714286,0.0,0.0,1924.621209125,2005.8261573333,601.713946,0.0,0.0,8.0,0.0,LOW,0
696,696,22,21,1,0.045455,97381.030279,2,7928.724502,3,1996.096445,0.251755,20430.881145,17065.534206,3365.346939,10,5,4,21,1,3.972115,0.835281,0.5,0.08142,1.047619,0.08142,0.251755,0.095238,0.142857,0.175245,0.164719,4426.4104672273,3964.362251,665.3654816667,0.0,0.0,4.0,0.0,LOW,0
697,697,9,9,0,0.0,13600.497074,1,3665.911669,7,3658.506879,0.99798,6276.078526,0.0,6276.078526,0,4,4,9,0,1.002024,0.0,0.0,0.269542,1.0,0.269542,0.99798,0.111111,0.777778,0.0,1.0,1511.1663415556,3665.911669,522.6438398571,0.0,0.0,3.0,0.0,LOW,0
698,698,15,15,0,0.0,57583.883054,1,1825.819384,6,1824.750144,0.999414,3684.829251,9500.143369,-5815.314118,6,5,4,14,0,1.000586,2.578177,0.0,0.031707,1.071429,0.031707,0.999414,0.071429,0.428571,0.164979,-1.578177,3838.9255369333,1825.819384,304.125024,0.0,1.0,0.0,0.0,LOW,0
699,699,8,7,1,0.125,39247.314659,1,8319.664468,0,0.0,0.0,12412.858626,7947.460689,4465.397937,3,3,2,7,0,0.0,0.64026,0.0,0.21198,1.142857,0.21198,0.0,0.142857,0.0,0.202497,0.35974,4905.914332375,8319.664468,0.0,0.0,0.0,7.0,0.0,LOW,0
700,700,10,7,3,0.3,46254.304997,3,11400.619221,1,3007.083883,0.263765,7813.592212,0.0,7813.592212,3,5,3,8,2,3.791254,0.0,0.666667,0.246477,1.25,0.246477,0.263765,0.375,0.125,0.0,1.0,4625.4304997,3800.206407,3007.083883,0.0,1.0,0.0,0.3333333333333333,HIGH,2
701,701,13,12,1,0.076923,33866.189887,1,5344.451496,6,5254.88789,0.983242,12759.023565,0.0,12759.023565,3,5,4,13,0,1.017044,0.0,0.0,0.157811,1.0,0.157811,0.983242,0.076923,0.461538,0.0,1.0,2605.0915297692,5344.451496,875.8146483333,0.0,0.0,6.0,0.0,LOW,0
702,702,16,16,0,0.0,62398.784663,0,0.0,0,0.0,0.0,25381.679608,6112.533187,19269.146421,9,5,4,16,0,0.0,0.240825,0.0,0.0,1.0,0.0,0.0,0.0,0.0,0.097959,0.759175,3899.9240414375,0.0,0.0,0.0,0.0,0.0,0.0,LOW,0
703,703,17,16,1,0.058824,82625.328155,0,0.0,0,0.0,0.0,6959.818205,7543.683046,-583.864841,12,5,4,17,0,0.0,1.083891,0.0,0.0,1.0,0.0,0.0,0.0,0.0,0.0913,-0.083891,4860.3134208824,0.0,0.0,0.0,0.0,0.0,0.0,LOW,0
704,704,11,11,0,0.0,14119.640836,1,7071.180061,10,7048.460775,0.996787,0.0,0.0,0.0,0,4,4,11,0,1.003223,0.0,0.0,0.500805,1.0,0.500805,0.996787,0.090909,0.909091,0.0,0.0,1283.6037123636,7071.180061,704.8460775,0.0,1.0,4.0,0.0,LOW,0
705,705,9,9,0,0.0,38361.371224,0,0.0,0,0.0,0.0,12815.774533,18825.597642,-6009.823109,4,4,4,9,0,0.0,1.46894,0.0,0.0,1.0,0.0,0.0,0.0,0.0,0.490744,-0.46894,4262.3745804444,0.0,0.0,0.0,0.0,0.0,0.0,LOW,0
706,706,11,11,0,0.0,46640.424603,0,0.0,0,0.0,0.0,28457.778329,6915.088535,21542.689794,5,5,3,11,0,0.0,0.242995,0.0,0.0,1.0,0.0,0.0,0.0,0.0,0.148264,0.757005,4240.0386002727,0.0,0.0,0.0,0.0,0.0,0.0,LOW,0
707,707,12,11,1,0.083333,37690.918111,1,8498.560932,6,8480.202172,0.99784,11165.709408,7544.358977,3621.350431,1,5,4,10,0,1.002165,0.675672,0.0,0.22548,1.2,0.22548,0.99784,0.1,0.6,0.200164,0.324328,3140.9098425833,8498.560932,1413.3670286667,1.0,1.0,2.0,0.0,MEDIUM,1
708,708,14,14,0,0.0,59095.530906,0,0.0,0,0.0,0.0,9701.248311,10484.28563,-783.037319,8,5,4,12,0,0.0,1.080715,0.0,0.0,1.166667,0.0,0.0,0.0,0.0,0.177412,-0.080715,4221.1093504286,0.0,0.0,0.0,1.0,0.0,0.0,LOW,0
709,709,9,8,1,0.111111,19973.950942,4,8107.521581,0,0.0,0.0,0.0,3625.060296,-3625.060296,1,5,4,9,3,0.0,0.0,0.75,0.405905,1.0,0.405905,0.0,0.444444,0.0,0.181489,0.0,2219.3278824444,2026.88039525,0.0,3.0,3.0,0.0,0.1,HIGH,2
710,710,13,13,0,0.0,45896.077458,1,3944.445091,5,3943.96895,0.999879,0.0,15321.498902,-15321.498902,5,5,4,13,0,1.000121,0.0,0.0,0.085943,1.0,0.085943,0.999879,0.076923,0.384615,0.33383,0.0,3530.4674967692,3944.445091,788.79379,0.0,0.0,4.0,0.0,LOW,0
711,711,19,18,1,0.052632,61811.202117,1,3154.438029,6,3153.700491,0.999766,2739.845305,14373.626452,-11633.781147,6,5,4,17,0,1.000234,5.246145,0.0,0.051033,1.117647,0.051033,0.999766,0.058824,0.352941,0.232541,-4.246145,3253.2211640526,3154.438029,525.6167485,0.0,0.0,5.0,0.14285714285714285,MEDIUM,1
712,712,13,13,0,0.0,33007.969682,1,5070.963839,6,5068.196196,0.999454,9326.747406,7980.23506,1346.512346,4,5,3,13,0,1.000546,0.855629,0.0,0.153628,1.0,0.153628,0.999454,0.076923,0.461538,0.241767,0.144371,2539.0745909231,5070.963839,844.699366,0.0,1.0,10.0,0.0,LOW,0
713,713,14,13,1,0.071429,44701.416412,1,5839.066947,7,7405.371073,1.0,16663.477699,8915.564395,7747.913304,3,5,4,12,0,0.788491,0.535036,0.0,0.130624,1.166667,0.130624,1.268246,0.083333,0.583333,0.199447,0.464964,3192.9583151429,5839.066947,1057.9101532857,0.0,0.0,5.0,0.0,LOW,0
714,714,12,11,1,0.083333,51945.092352,2,13890.374888,5,6344.377372,0.456746,11003.078401,9712.794308,1290.284093,2,5,4,10,0,2.189399,0.882734,0.0,0.267405,1.2,0.267405,0.456746,0.2,0.5,0.186982,0.117266,4328.757696,6945.187444,1268.8754744,0.0,2.0,7.0,0.0,LOW,0
715,715,14,14,0,0.0,61216.912219,5,17358.206351,2,9838.473636,0.566791,472.11013,8333.735614,-7861.625484,4,5,4,14,1,1.764319,17.652101,0.2,0.283552,1.0,0.283552,0.566791,0.357143,0.142857,0.136135,-16.652101,4372.6365870714,3471.6412702,4919.236818,2.0,3.0,2.0,0.2,HIGH,2
716,716,7,7,0,0.0,34205.501069,0,0.0,0,0.0,0.0,3927.767938,0.0,3927.767938,6,4,2,6,0,0.0,0.0,0.0,0.0,1.166667,0.0,0.0,0.0,0.0,0.0,1.0,4886.5001527143,0.0,0.0,0.0,0.0,0.0,0.0,LOW,0
717,717,17,16,1,0.058824,111609.22768,6,34803.609069,2,965.357838,0.027737,9724.932766,0.0,9724.932766,2,5,4,15,6,36.052547,0.0,1.0,0.311835,1.133333,0.311835,0.027737,0.4,0.133333,0.0,1.0,6565.2486870588,5800.6015115,482.678919,1.0,1.0,0.0,0.0,MEDIUM,1
718,718,15,14,1,0.066667,48748.235498,2,6260.260853,6,6667.413938,1.0,4232.789677,12934.974885,-8702.185208,4,5,4,14,0,0.938934,3.055898,0.0,0.12842,1.071429,0.12842,1.065038,0.142857,0.428571,0.265342,-2.055898,3249.8823665333,3130.1304265,1111.2356563333,0.0,0.0,2.0,0.0,LOW,0
719,719,9,7,2,0.222222,43097.750435,3,17275.799704,2,8359.168678,0.483866,0.0,5472.516412,-5472.516412,1,5,3,8,2,2.066689,0.0,0.666667,0.400852,1.125,0.400852,0.483866,0.375,0.25,0.126979,0.0,4788.6389372222,5758.5999013333,4179.584339,1.0,2.0,0.0,0.5,HIGH,2
720,720,15,15,0,0.0,71992.780904,0,0.0,0,0.0,0.0,24431.796195,11012.775773,13419.020422,7,5,3,13,0,0.0,0.450756,0.0,0.0,1.153846,0.0,0.0,0.0,0.0,0.152971,0.549244,4799.5187269333,0.0,0.0,0.0,1.0,6.0,0.07692307692307693,LOW,0
721,721,14,14,0,0.0,56260.848177,1,9011.306603,3,8794.212944,0.975909,1309.895165,1405.292206,-95.397041,6,5,4,12,0,1.024686,1.072828,0.0,0.16017,1.166667,0.16017,0.975909,0.083333,0.25,0.024978,-0.072828,4018.6320126429,9011.306603,2931.4043146667,0.0,1.0,4.0,0.0,LOW,0
722,722,16,16,0,0.0,40669.795961,2,6885.886975,9,6841.434313,0.993544,10982.997167,7634.76085,3348.236317,2,5,4,15,0,1.006498,0.695144,0.0,0.169312,1.066667,0.169312,0.993544,0.133333,0.6,0.187726,0.304856,2541.8622475625,3442.9434875,760.1593681111,0.0,0.0,8.0,0.0,LOW,0
723,723,12,12,0,0.0,43890.167447,0,0.0,0,0.0,0.0,6388.682914,9741.493458,-3352.810544,5,5,3,12,0,0.0,1.524805,0.0,0.0,1.0,0.0,0.0,0.0,0.0,0.221952,-0.524805,3657.5139539167,0.0,0.0,0.0,1.0,2.0,0.0,LOW,0
724,724,19,18,1,0.052632,54825.079994,2,11287.824772,9,2802.319208,0.24826,0.0,9585.033732,-9585.033732,5,5,4,17,0,4.02803,0.0,0.0,0.205888,1.117647,0.205888,0.24826,0.117647,0.529412,0.174829,0.0,2885.530526,5643.912386,311.3688008889,1.0,0.0,2.0,0.0,MEDIUM,1
725,725,21,21,0,0.0,50664.627837,1,2048.389798,12,2048.389657,1.0,4750.927428,14321.838369,-9570.910941,5,5,4,20,0,1.0,3.014535,0.0,0.04043,1.05,0.04043,1.0,0.05,0.6,0.282679,-2.014535,2412.6013255714,2048.389798,170.6991380833,0.0,0.0,5.0,0.0,LOW,0
726,726,17,16,1,0.058824,36889.907757,1,4839.627084,12,8697.281203,1.0,10767.914352,0.0,10767.914352,2,5,4,15,0,0.556453,0.0,0.0,0.131191,1.133333,0.131191,1.797097,0.066667,0.8,0.0,1.0,2169.9945739412,4839.627084,724.7734335833,0.0,0.0,3.0,0.0,LOW,0
727,727,11,11,0,0.0,61071.999199,2,11781.75195,2,8361.69906,0.709716,10942.448736,12128.258982,-1185.810246,2,5,4,11,0,1.409014,1.108368,0.0,0.192916,1.0,0.192916,0.709716,0.181818,0.181818,0.19859,-0.108368,5551.9999271818,5890.875975,4180.84953,0.0,0.0,9.0,0.0,LOW,0
728,728,15,14,1,0.066667,68243.331096,1,7193.533244,4,7088.223044,0.98536,10731.605226,8836.579642,1895.025584,6,5,4,14,0,1.014857,0.823416,0.0,0.10541,1.071429,0.10541,0.98536,0.071429,0.285714,0.129486,0.176584,4549.5554064,7193.533244,1772.055761,0.0,0.0,3.0,0.0,LOW,0
729,729,14,14,0,0.0,84283.764787,0,0.0,0,0.0,0.0,10109.065354,9325.284158,783.781196,10,5,4,14,0,0.0,0.922467,0.0,0.0,1.0,0.0,0.0,0.0,0.0,0.110642,0.077533,6020.2689133571,0.0,0.0,0.0,1.0,7.0,0.0,LOW,0
730,730,6,6,0,0.0,24631.802315,0,0.0,0,0.0,0.0,10959.834626,3350.22065,7609.613976,2,4,3,6,0,0.0,0.305682,0.0,0.0,1.0,0.0,0.0,0.0,0.0,0.136012,0.694318,4105.3003858333,0.0,0.0,0.0,0.0,0.0,0.0,LOW,0
731,731,10,10,0,0.0,51250.637076,1,2824.409705,0,0.0,0.0,20438.845853,14320.021287,6118.824566,4,4,4,10,0,0.0,0.700628,0.0,0.05511,1.0,0.05511,0.0,0.1,0.0,0.279412,0.299372,5125.0637076,2824.409705,0.0,0.0,0.0,2.0,0.0,LOW,0
732,732,17,17,0,0.0,49253.215033,1,7174.31484,7,7167.508958,0.999051,9265.743373,0.0,9265.743373,8,5,3,16,0,1.00095,0.0,0.0,0.145662,1.0625,0.145662,0.999051,0.0625,0.4375,0.0,1.0,2897.2479431176,7174.31484,1023.9298511429,0.0,0.0,7.0,0.0,LOW,0
733,733,11,8,3,0.272727,41672.638389,3,14570.435149,2,1707.435392,0.117185,8407.899328,0.0,8407.899328,3,3,4,10,2,8.533521,0.0,0.666667,0.34964,1.1,0.34964,0.117185,0.3,0.2,0.0,1.0,3788.4216717273,4856.8117163333,853.717696,1.0,0.0,0.0,0.0,MEDIUM,1
734,734,9,9,0,0.0,37168.018596,1,2080.508555,2,1934.854448,0.929991,13599.486931,19553.168662,-5953.681731,0,5,4,9,0,1.075279,1.437787,0.0,0.055976,1.0,0.055976,0.929991,0.111111,0.222222,0.526075,-0.437787,4129.779844,2080.508555,967.427224,0.0,0.0,3.0,0.0,LOW,0
735,735,11,11,0,0.0,33654.201618,2,6655.011285,5,6652.035237,0.999553,4745.823417,8778.496821,-4032.673404,2,5,4,9,0,1.000447,1.849731,0.0,0.197747,1.222222,0.197747,0.999553,0.222222,0.555556,0.260844,-0.849731,3059.4728743636,3327.5056425,1330.4070474,0.0,0.0,5.0,0.0,LOW,0
736,736,19,19,0,0.0,84951.341716,1,476.637175,0,0.0,0.0,11459.944202,6854.496074,4605.448128,12,5,4,18,0,0.0,0.598126,0.0,0.005611,1.055556,0.005611,0.0,0.055556,0.0,0.080687,0.401874,4471.1232482105,476.637175,0.0,0.0,0.0,4.0,0.16666666666666666,MEDIUM,1
737,737,17,17,0,0.0,59382.392794,1,7571.919372,1,3623.153952,0.478499,0.0,27792.185366,-27792.185366,6,5,4,16,1,2.08987,0.0,1.0,0.127511,1.0625,0.127511,0.478499,0.0625,0.0625,0.468021,0.0,3493.0819290588,7571.919372,3623.153952,0.0,1.0,2.0,0.0,LOW,0
738,738,11,11,0,0.0,49578.690437,3,9169.621435,0,0.0,0.0,0.0,5450.606833,-5450.606833,4,5,4,10,3,0.0,0.0,1.0,0.184951,1.1,0.184951,0.0,0.3,0.0,0.109938,0.0,4507.1536760909,3056.5404783333,0.0,3.0,3.0,3.0,0.15384615384615385,HIGH,2
739,739,15,15,0,0.0,42527.045965,3,10820.021048,8,10819.869411,0.999986,10738.461428,9826.706343,911.755085,1,5,4,15,0,1.000014,0.915094,0.0,0.254427,1.0,0.254427,0.999986,0.2,0.533333,0.23107,0.084906,2835.1363976667,3606.6736826667,1352.483676375,1.0,1.0,6.0,0.09090909090909091,MEDIUM,1
740,740,13,13,0,0.0,84700.765628,0,0.0,0,0.0,0.0,17688.034433,9088.340069,8599.694364,8,4,4,12,0,0.0,0.513813,0.0,0.0,1.083333,0.0,0.0,0.0,0.0,0.107299,0.486187,6515.4435098462,0.0,0.0,0.0,0.0,0.0,0.0,LOW,0
741,741,8,7,1,0.125,15283.940674,3,1776.102551,1,1307.460196,0.73614,0.0,0.0,0.0,3,4,4,8,1,1.358437,0.0,0.333333,0.116207,1.0,0.116207,0.73614,0.375,0.125,0.0,0.0,1910.49258425,592.0341836667,1307.460196,1.0,2.0,2.0,0.0,MEDIUM,1
742,742,11,11,0,0.0,51683.708557,0,0.0,0,0.0,0.0,14197.351964,12590.263424,1607.08854,6,5,3,10,0,0.0,0.886804,0.0,0.0,1.1,0.0,0.0,0.0,0.0,0.243602,0.113196,4698.5189597273,0.0,0.0,0.0,2.0,1.0,0.0,LOW,0
743,743,14,14,0,0.0,78494.070346,0,0.0,0,0.0,0.0,23510.379563,13833.343931,9677.035632,8,5,3,14,0,0.0,0.588393,0.0,0.0,1.0,0.0,0.0,0.0,0.0,0.176234,0.411607,5606.7193104286,0.0,0.0,0.0,0.0,0.0,0.0,LOW,0
744,744,15,15,0,0.0,40071.933591,1,4052.400336,6,4052.035461,0.99991,840.802894,0.0,840.802894,7,5,4,15,0,1.00009,0.0,0.0,0.101128,1.0,0.101128,0.99991,0.066667,0.4,0.0,1.0,2671.4622394,4052.400336,675.3392435,0.0,0.0,3.0,0.0,LOW,0
745,745,13,12,1,0.076923,41590.174539,2,11577.821489,7,1852.478074,0.160002,0.0,0.0,0.0,4,3,4,13,0,6.24991,0.0,0.0,0.278379,1.0,0.278379,0.160002,0.153846,0.538462,0.0,0.0,3199.2441953077,5788.9107445,264.6397248571,0.0,0.0,3.0,0.0,LOW,0
746,746,14,12,2,0.142857,89223.888058,8,44677.982245,0,0.0,0.0,0.0,1913.427495,-1913.427495,1,5,4,13,4,0.0,0.0,0.5,0.50074,1.076923,0.50074,0.0,0.615385,0.0,0.021445,0.0,6373.1348612857,5584.747780625,0.0,1.0,1.0,0.0,0.2,HIGH,2
747,747,8,8,0,0.0,15539.462119,1,6976.161444,5,6507.86396,0.932872,182.005147,1873.431568,-1691.426421,0,5,3,7,0,1.071959,10.293289,0.0,0.448932,1.142857,0.448932,0.932872,0.142857,0.714286,0.12056,-9.293289,1942.432764875,6976.161444,1301.572792,1.0,0.0,4.0,0.0,MEDIUM,1
748,748,12,11,1,0.083333,32541.051505,3,7576.695447,3,5774.840969,0.762185,5065.401046,5854.385325,-788.984279,2,4,3,12,1,1.312018,1.155759,0.333333,0.232835,1.0,0.232835,0.762185,0.25,0.25,0.179908,-0.155759,2711.7542920833,2525.565149,1924.9469896667,0.0,0.0,3.0,0.0,LOW,0
749,749,13,12,1,0.076923,51485.549884,1,5792.151057,2,1553.279304,0.26817,8375.822616,4311.409698,4064.412918,7,5,3,13,0,3.728982,0.514745,0.0,0.112501,1.0,0.112501,0.26817,0.076923,0.153846,0.08374,0.485255,3960.4269141538,5792.151057,776.639652,1.0,1.0,3.0,0.125,MEDIUM,1
750,750,17,15,2,0.117647,105260.587516,7,40524.881292,1,5541.409421,0.136741,9700.981236,0.0,9700.981236,3,5,4,15,5,7.3131,0.0,0.714286,0.384996,1.133333,0.384996,0.136741,0.466667,0.066667,0.0,1.0,6191.7992656471,5789.268756,5541.409421,1.0,2.0,1.0,0.14285714285714285,MEDIUM,1
751,751,21,21,0,0.0,89353.718913,1,5867.911126,8,5867.835005,0.999987,39902.785154,9011.810559,30890.974595,5,5,4,21,0,1.000013,0.225844,0.0,0.065671,1.0,0.065671,0.999987,0.047619,0.380952,0.100855,0.774156,4254.9389958571,5867.911126,733.479375625,0.0,0.0,6.0,0.0,LOW,0
752,752,14,13,1,0.071429,52115.954173,1,8029.902362,4,8362.382216,1.0,5762.220922,11612.593715,-5850.372793,5,5,4,14,0,0.960241,2.015298,0.0,0.154078,1.0,0.154078,1.041405,0.071429,0.285714,0.222822,-1.015298,3722.5681552143,8029.902362,2090.595554,0.0,0.0,14.0,0.0625,LOW,0
753,753,13,13,0,0.0,71842.02847,0,0.0,0,0.0,0.0,1779.386566,28225.451006,-26446.06444,8,4,4,13,0,0.0,15.862462,0.0,0.0,1.0,0.0,0.0,0.0,0.0,0.392882,-14.862462,5526.3098823077,0.0,0.0,0.0,0.0,0.0,0.0,LOW,0
754,754,13,12,1,0.076923,54386.502662,3,18691.883575,3,5705.563984,0.305243,0.0,14156.033449,-14156.033449,3,5,4,13,1,3.27608,0.0,0.333333,0.343686,1.0,0.343686,0.305243,0.230769,0.230769,0.260286,0.0,4183.5771278462,6230.6278583333,1901.8546613333,0.0,1.0,4.0,0.0,LOW,0
755,755,14,12,2,0.142857,69234.995238,3,15538.571145,1,1489.016732,0.095827,0.0,12007.374651,-12007.374651,5,4,4,12,2,10.435458,0.0,0.666667,0.224432,1.166667,0.224432,0.095827,0.25,0.083333,0.173429,0.0,4945.3568027143,5179.523715,1489.016732,1.0,1.0,0.0,0.0,MEDIUM,1
756,756,13,13,0,0.0,60513.358978,1,5500.453092,2,5312.112041,0.965759,15839.305202,14913.334407,925.970795,4,5,4,13,0,1.035455,0.94154,0.0,0.090897,1.0,0.090897,0.965759,0.076923,0.153846,0.246447,0.05846,4654.8737675385,5500.453092,2656.0560205,0.0,0.0,4.0,0.0,LOW,0
757,757,9,8,1,0.111111,56549.563411,0,0.0,0,0.0,0.0,0.0,29595.055529,-29595.055529,5,2,4,9,0,0.0,0.0,0.0,0.0,1.0,0.0,0.0,0.0,0.0,0.523347,0.0,6283.2848234444,0.0,0.0,0.0,1.0,4.0,0.0,LOW,0
758,758,11,11,0,0.0,22607.248857,1,1202.896234,7,1202.297632,0.999502,11537.796577,0.0,11537.796577,1,4,3,11,0,1.000498,0.0,0.0,0.053208,1.0,0.053208,0.999502,0.090909,0.636364,0.0,1.0,2055.2044415455,1202.896234,171.7568045714,0.0,0.0,2.0,0.0,LOW,0
759,759,19,18,1,0.052632,82604.416971,8,35482.529119,3,9530.824508,0.268606,8318.21636,8606.863322,-288.646962,1,5,4,19,3,3.722923,1.034701,0.375,0.429548,1.0,0.429548,0.268606,0.421053,0.157895,0.104194,-0.034701,4347.6008932105,4435.316139875,3176.9415026667,1.0,0.0,0.0,0.0,MEDIUM,1
760,760,16,16,0,0.0,75721.238152,1,8952.224573,2,7959.514808,0.88911,10838.09886,12442.530774,-1604.431914,8,5,4,14,0,1.12472,1.148036,0.0,0.118226,1.142857,0.118226,0.88911,0.071429,0.142857,0.16432,-0.148036,4732.5773845,8952.224573,3979.757404,0.0,0.0,4.0,0.0,LOW,0
761,761,17,16,1,0.058824,50131.449084,1,1572.346577,9,1571.425467,0.999414,20671.492398,19774.698305,896.794093,1,4,4,16,0,1.000586,0.956617,0.0,0.031364,1.0625,0.031364,0.999414,0.0625,0.5625,0.394457,0.043383,2948.9087696471,1572.346577,174.6028296667,0.0,1.0,2.0,0.0,LOW,0
762,762,17,16,1,0.058824,28470.624599,2,9889.714226,12,9889.357222,0.999964,0.0,0.0,0.0,3,5,4,17,0,1.000036,0.0,0.0,0.347366,1.0,0.347366,0.999964,0.117647,0.705882,0.0,0.0,1674.7426234706,4944.857113,824.1131018333,1.0,1.0,5.0,0.0,MEDIUM,1
763,763,18,17,1,0.055556,63972.784959,0,0.0,0,0.0,0.0,8539.306694,12851.064107,-4311.757413,12,5,4,18,0,0.0,1.504931,0.0,0.0,1.0,0.0,0.0,0.0,0.0,0.200883,-0.504931,3554.0436088333,0.0,0.0,0.0,1.0,1.0,0.0,LOW,0
764,764,16,16,0,0.0,70298.951344,3,13558.101962,3,9859.948954,0.727237,9058.124775,8160.484079,897.640696,5,5,4,15,1,1.375068,0.900902,0.333333,0.192864,1.066667,0.192864,0.727237,0.2,0.2,0.116083,0.099098,4393.684459,4519.3673206667,3286.6496513333,0.0,0.0,3.0,0.0,LOW,0
765,765,22,22,0,0.0,27896.759305,1,5880.429758,17,5880.429675,1.0,532.952212,9703.683706,-9170.731494,2,5,4,20,0,1.0,18.207418,0.0,0.210793,1.1,0.210793,1.0,0.05,0.85,0.347843,-17.207418,1268.0345138636,5880.429758,345.9076279412,0.0,0.0,4.0,0.0,LOW,0
766,766,14,13,1,0.071429,62372.283394,2,14352.208036,5,13758.487558,0.958632,7116.285882,8051.01664,-934.730758,3,5,4,14,0,1.043153,1.131351,0.0,0.230106,1.0,0.230106,0.958632,0.142857,0.357143,0.12908,-0.131351,4455.1630995714,7176.104018,2751.6975116,0.0,0.0,6.0,0.0,LOW,0
767,767,10,9,1,0.1,49723.411541,0,0.0,0,0.0,0.0,5095.137166,2318.904816,2776.23235,7,5,4,8,0,0.0,0.455121,0.0,0.0,1.25,0.0,0.0,0.0,0.0,0.046636,0.544879,4972.3411541,0.0,0.0,0.0,1.0,1.0,0.2,HIGH,2
768,768,13,12,1,0.076923,48532.073594,1,9754.216749,7,9796.699297,1.0,5387.880797,0.0,5387.880797,4,4,4,13,0,0.995664,0.0,0.0,0.200985,1.0,0.200985,1.004355,0.076923,0.538462,0.0,1.0,3733.2364303077,9754.216749,1399.528471,0.0,0.0,3.0,0.0,LOW,0
769,769,9,9,0,0.0,39222.094176,0,0.0,0,0.0,0.0,1060.795344,16690.434188,-15629.638844,5,5,3,9,0,0.0,15.733887,0.0,0.0,1.0,0.0,0.0,0.0,0.0,0.425537,-14.733887,4358.010464,0.0,0.0,0.0,0.0,0.0,0.0,LOW,0
770,770,12,12,0,0.0,61180.868067,4,22615.311738,1,6991.30887,0.309141,8171.506823,8430.523292,-259.016469,2,5,3,11,3,3.234775,1.031698,0.75,0.369647,1.090909,0.369647,0.309141,0.363636,0.090909,0.137797,-0.031698,5098.40567225,5653.8279345,6991.30887,1.0,2.0,0.0,0.5,HIGH,2
771,771,9,8,1,0.111111,30737.44721,5,18087.987894,0,0.0,0.0,0.0,3150.736208,-3150.736208,2,4,3,8,1,0.0,0.0,0.2,0.588467,1.125,0.588467,0.0,0.625,0.0,0.102505,0.0,3415.2719122222,3617.5975788,0.0,2.0,2.0,0.0,0.125,HIGH,2
772,772,19,19,0,0.0,66727.513336,1,6183.557109,4,6088.450816,0.984619,24617.02481,17513.174228,7103.850582,5,5,4,18,0,1.015621,0.711425,0.0,0.092669,1.055556,0.092669,0.984619,0.055556,0.222222,0.262458,0.288575,3511.9743861053,6183.557109,1522.112704,0.0,1.0,3.0,0.1111111111111111,MEDIUM,1
773,773,15,15,0,0.0,27319.88055,1,158.269111,10,158.263738,0.999966,843.013639,0.0,843.013639,3,5,3,14,0,1.000034,0.0,0.0,0.005793,1.071429,0.005793,0.999966,0.071429,0.714286,0.0,1.0,1821.32537,158.269111,15.8263738,0.0,0.0,3.0,0.0,LOW,0
774,774,10,10,0,0.0,60963.487646,0,0.0,0,0.0,0.0,8124.221455,14086.861454,-5962.639999,7,4,2,10,0,0.0,1.733934,0.0,0.0,1.0,0.0,0.0,0.0,0.0,0.23107,-0.733934,6096.3487646,0.0,0.0,0.0,0.0,0.0,0.0,LOW,0
775,775,12,12,0,0.0,50571.929513,1,3127.331808,3,3086.254597,0.986865,12822.899658,0.0,12822.899658,6,5,4,12,0,1.01331,0.0,0.0,0.061839,1.0,0.061839,0.986865,0.083333,0.25,0.0,1.0,4214.3274594167,3127.331808,1028.7515323333,0.0,0.0,9.0,0.0,LOW,0
776,776,16,15,1,0.0625,63499.162083,4,12660.627225,0,0.0,0.0,9972.379262,6202.682634,3769.696628,5,5,4,16,4,0.0,0.621986,1.0,0.199383,1.0,0.199383,0.0,0.25,0.0,0.097681,0.378014,3968.6976301875,3165.15680625,0.0,2.0,4.0,4.0,0.0,HIGH,2
777,777,17,17,0,0.0,78295.364778,2,8131.639213,3,5307.46992,0.652694,2997.929912,16054.968945,-13057.039033,7,5,4,15,1,1.532112,5.355352,0.5,0.103859,1.133333,0.103859,0.652694,0.133333,0.2,0.205056,-4.355352,4605.6096928235,4065.8196065,1769.15664,0.0,1.0,5.0,0.0,LOW,0
778,778,10,10,0,0.0,51162.194015,0,0.0,0,0.0,0.0,2603.03925,16934.751206,-14331.711956,7,5,4,10,0,0.0,6.505761,0.0,0.0,1.0,0.0,0.0,0.0,0.0,0.331001,-5.505761,5116.2194015,0.0,0.0,0.0,2.0,6.0,0.0,LOW,0
779,779,12,12,0,0.0,47227.808908,2,7375.062396,2,935.755144,0.126881,2438.159426,8825.501759,-6387.342333,3,5,3,12,1,7.881402,3.619739,0.5,0.156159,1.0,0.156159,0.126881,0.166667,0.166667,0.186871,-2.619739,3935.6507423333,3687.531198,467.877572,0.0,0.0,8.0,0.0,LOW,0
780,780,8,8,0,0.0,25704.477572,1,9002.454029,5,8805.551884,0.978128,3076.051496,0.0,3076.051496,1,5,4,8,0,1.022361,0.0,0.0,0.350229,1.0,0.350229,0.978128,0.125,0.625,0.0,1.0,3213.0596965,9002.454029,1761.1103768,0.0,0.0,2.0,0.0,LOW,0
781,781,17,14,3,0.176471,82783.564053,5,26471.106309,5,26408.538794,0.997636,9228.610344,4768.469155,4460.141189,4,5,4,16,0,1.002369,0.516705,0.0,0.319763,1.0625,0.319763,0.997636,0.3125,0.3125,0.057602,0.483295,4869.6214148824,5294.2212618,5281.7077588,0.0,1.0,5.0,0.0,LOW,0
782,782,11,11,0,0.0,66974.133219,0,0.0,0,0.0,0.0,5571.814177,6730.707141,-1158.892964,8,4,4,10,0,0.0,1.207992,0.0,0.0,1.1,0.0,0.0,0.0,0.0,0.100497,-0.207992,6088.5575653636,0.0,0.0,0.0,0.0,0.0,0.0,LOW,0
783,783,6,6,0,0.0,26939.56382,1,2773.945513,2,676.404866,0.243842,16062.918542,0.0,16062.918542,1,3,3,6,0,4.101014,0.0,0.0,0.102969,1.0,0.102969,0.243842,0.166667,0.333333,0.0,1.0,4489.9273033333,2773.945513,338.202433,0.0,1.0,7.0,0.0,LOW,0
784,784,14,14,0,0.0,39023.498154,1,2850.770755,5,2850.24201,0.999815,2367.713059,3810.099625,-1442.386566,6,5,4,14,0,1.000186,1.60919,0.0,0.073053,1.0,0.073053,0.999815,0.071429,0.357143,0.097636,-0.60919,2787.3927252857,2850.770755,570.048402,0.0,1.0,2.0,0.0,LOW,0
785,785,8,8,0,0.0,35220.932614,3,12220.241297,1,1420.645712,0.116253,8046.599178,0.0,8046.599178,3,4,3,8,0,8.601892,0.0,0.0,0.34696,1.0,0.34696,0.116253,0.375,0.125,0.0,1.0,4402.61657675,4073.4137656667,1420.645712,1.0,1.0,4.0,0.1111111111111111,MEDIUM,1
786,786,18,17,1,0.055556,60112.597521,1,6738.733607,7,6738.578912,0.999977,0.0,20227.548048,-20227.548048,5,5,4,17,0,1.000023,0.0,0.0,0.112102,1.058824,0.112102,0.999977,0.058824,0.411765,0.336494,0.0,3339.5887511667,6738.733607,962.6541302857,0.0,0.0,4.0,0.0,LOW,0
787,787,17,17,0,0.0,21938.76601,3,4483.204601,10,4322.190824,0.964085,0.0,4158.648805,-4158.648805,2,5,4,15,1,1.037253,0.0,0.333333,0.204351,1.133333,0.204351,0.964085,0.2,0.666667,0.189557,0.0,1290.5156476471,1494.4015336667,432.2190824,1.0,1.0,7.0,0.0,MEDIUM,1
788,788,13,12,1,0.076923,41481.122781,5,20163.066151,4,10130.574848,0.502432,0.0,216.98577,-216.98577,2,5,4,12,1,1.990318,0.0,0.2,0.486078,1.083333,0.486078,0.502432,0.416667,0.333333,0.005231,0.0,3190.8555985385,4032.6132302,2532.643712,0.0,3.0,3.0,0.2222222222222222,HIGH,2
789,789,8,8,0,0.0,39861.288601,3,16215.28739,1,2914.373776,0.17973,0.0,0.0,0.0,2,5,4,8,2,5.563901,0.0,0.666667,0.406793,1.0,0.406793,0.17973,0.375,0.125,0.0,0.0,4982.661075125,5405.0957966667,2914.373776,1.0,2.0,2.0,0.16666666666666666,MEDIUM,1
790,790,14,13,1,0.071429,49985.926224,4,16595.098465,3,2407.441182,0.145069,0.0,0.0,0.0,4,5,4,13,3,6.893252,0.0,0.75,0.331995,1.076923,0.331995,0.145069,0.307692,0.230769,0.0,0.0,3570.4233017143,4148.77461625,802.480394,1.0,2.0,0.0,0.25,HIGH,2
791,791,9,9,0,0.0,31229.425285,1,5820.293701,0,0.0,0.0,5252.221917,9795.65881,-4543.436893,2,4,4,9,0,0.0,1.86505,0.0,0.186372,1.0,0.186372,0.0,0.111111,0.0,0.313668,-0.86505,3469.9361427778,5820.293701,0.0,0.0,0.0,6.0,0.0,LOW,0
792,792,12,12,0,0.0,43977.455519,1,8653.071243,4,8531.743009,0.985979,0.0,11815.441176,-11815.441176,5,5,3,12,0,1.014221,0.0,0.0,0.196762,1.0,0.196762,0.985979,0.083333,0.333333,0.26867,0.0,3664.7879599167,8653.071243,2132.93575225,0.0,1.0,3.0,0.0,LOW,0
793,793,7,7,0,0.0,24940.207201,1,2002.286355,3,1998.224663,0.997971,0.0,9554.636386,-9554.636386,2,5,4,7,0,1.002033,0.0,0.0,0.080283,1.0,0.080283,0.997971,0.142857,0.428571,0.383102,0.0,3562.886743,2002.286355,666.0748876667,0.0,0.0,5.0,0.0,LOW,0
794,794,14,14,0,0.0,73736.08438,0,0.0,0,0.0,0.0,12571.874869,5155.821655,7416.053214,11,4,4,11,0,0.0,0.410108,0.0,0.0,1.272727,0.0,0.0,0.0,0.0,0.069923,0.589892,5266.86317,0.0,0.0,0.0,0.0,0.0,0.0,LOW,0
795,795,10,10,0,0.0,47038.708022,2,16503.064102,5,15832.746465,0.959382,0.0,0.0,0.0,3,5,4,9,0,1.042337,0.0,0.0,0.35084,1.111111,0.35084,0.959382,0.222222,0.555556,0.0,0.0,4703.8708022,8251.532051,3166.549293,0.0,1.0,4.0,0.0,LOW,0
796,796,18,16,2,0.111111,68904.679565,6,25310.41808,2,12521.09739,0.494701,9684.289503,0.0,9684.289503,4,5,4,18,4,2.021422,0.0,0.666667,0.367325,1.0,0.367325,0.494701,0.333333,0.111111,0.0,1.0,3828.0377536111,4218.4030133333,6260.548695,2.0,5.0,0.0,0.125,HIGH,2
797,797,12,12,0,0.0,40983.001301,1,4929.632066,4,4562.600741,0.925546,10688.104819,17665.060622,-6976.955803,2,5,4,11,0,1.080443,1.652778,0.0,0.120285,1.090909,0.120285,0.925546,0.090909,0.363636,0.431034,-0.652778,3415.2501084167,4929.632066,1140.65018525,0.0,0.0,2.0,0.0,LOW,0
798,798,9,8,1,0.111111,39733.929929,2,13500.046928,3,6091.582935,0.451227,0.0,0.0,0.0,3,5,3,9,1,2.21618,0.0,0.5,0.339761,1.0,0.339761,0.451227,0.222222,0.333333,0.0,0.0,4414.8811032222,6750.023464,2030.527645,0.0,1.0,3.0,0.0,LOW,0
799,799,6,6,0,0.0,9109.694638,1,927.974598,4,921.764976,0.993308,0.0,0.0,0.0,1,4,3,5,0,1.006737,0.0,0.0,0.101867,1.2,0.101867,0.993308,0.2,0.8,0.0,0.0,1518.2824396667,927.974598,230.441244,0.0,0.0,1.0,0.0,LOW,0
800,800,21,17,4,0.190476,113330.937171,7,38890.299135,2,8589.351895,0.220861,3799.411783,4956.878327,-1157.466544,4,5,4,19,6,4.527734,1.304644,0.857143,0.343157,1.105263,0.343157,0.220861,0.368421,0.105263,0.043738,-0.304644,5396.7112938571,5555.7570192857,4294.6759475,1.0,1.0,0.0,0.4444444444444444,HIGH,2
801,801,10,9,1,0.1,48501.476755,0,0.0,0,0.0,0.0,26785.210037,0.0,26785.210037,6,4,3,10,0,0.0,0.0,0.0,0.0,1.0,0.0,0.0,0.0,0.0,0.0,1.0,4850.1476755,0.0,0.0,0.0,1.0,3.0,0.0,LOW,0
802,802,2,2,0,0.0,11717.232697,0,0.0,0,0.0,0.0,0.0,0.0,0.0,2,2,2,2,0,0.0,0.0,0.0,0.0,1.0,0.0,0.0,0.0,0.0,0.0,0.0,5858.6163485,0.0,0.0,0.0,0.0,0.0,0.0,LOW,0
803,803,12,11,1,0.083333,61058.768396,2,11572.038215,1,6670.511727,0.576434,6087.445238,10230.733791,-4143.288553,6,5,4,10,0,1.734805,1.680628,0.0,0.189523,1.2,0.189523,0.576434,0.2,0.1,0.167556,-0.680628,5088.2306996667,5786.0191075,6670.511727,0.0,0.0,3.0,0.0,LOW,0
804,804,8,8,0,0.0,17354.170045,1,217.467724,4,213.877353,0.98349,16534.225857,0.0,16534.225857,1,5,4,7,0,1.016787,0.0,0.0,0.012531,1.142857,0.012531,0.98349,0.142857,0.571429,0.0,1.0,2169.271255625,217.467724,53.46933825,0.0,0.0,7.0,0.0,LOW,0
805,805,9,9,0,0.0,42247.034323,1,4932.009873,2,4544.510151,0.921432,7167.070053,0.0,7167.070053,5,4,3,8,0,1.085268,0.0,0.0,0.116742,1.125,0.116742,0.921432,0.125,0.25,0.0,1.0,4694.1149247778,4932.009873,2272.2550755,0.0,0.0,5.0,0.0,LOW,0
806,806,14,12,2,0.142857,54629.9922,3,12891.850486,2,900.54967,0.069854,4412.687575,6440.921598,-2028.234023,5,5,4,13,1,14.315535,1.459637,0.333333,0.235985,1.076923,0.235985,0.069854,0.230769,0.153846,0.117901,-0.459637,3902.1423,4297.2834953333,450.274835,1.0,1.0,1.0,0.0,MEDIUM,1
807,807,11,11,0,0.0,6321.777033,1,2486.85359,9,2486.843891,0.999996,0.0,0.0,0.0,1,4,4,11,0,1.000004,0.0,0.0,0.393379,1.0,0.393379,0.999996,0.090909,0.818182,0.0,0.0,574.707003,2486.85359,276.3159878889,1.0,3.0,4.0,0.0,MEDIUM,1
808,808,7,6,1,0.142857,24983.066926,2,12572.183045,5,12410.883881,0.98717,0.0,0.0,0.0,0,4,4,6,0,1.012997,0.0,0.0,0.503228,1.166667,0.503228,0.98717,0.333333,0.833333,0.0,0.0,3569.0095608571,6286.0915225,2482.1767762,0.0,0.0,4.0,0.0,LOW,0
809,809,18,18,0,0.0,74120.300384,5,14202.106727,1,525.770255,0.037021,9386.247043,23529.727501,-14143.480458,3,5,4,18,3,27.012001,2.50683,0.6,0.191609,1.0,0.191609,0.037021,0.277778,0.055556,0.317453,-1.50683,4117.7944657778,2840.4213454,525.770255,1.0,2.0,2.0,0.25,HIGH,2
810,810,10,9,1,0.1,41340.39339,1,7360.01895,4,6800.742176,0.924012,19268.371707,0.0,19268.371707,1,5,4,10,0,1.082238,0.0,0.0,0.178035,1.0,0.178035,0.924012,0.1,0.4,0.0,1.0,4134.039339,7360.01895,1700.185544,0.0,0.0,4.0,0.0,LOW,0
811,811,23,23,0,0.0,47139.266796,2,10310.152036,15,10232.339531,0.992453,3820.476676,3033.684446,786.79223,4,5,4,20,0,1.007605,0.794059,0.0,0.218717,1.15,0.218717,0.992453,0.1,0.75,0.064356,0.205941,2049.5333389565,5155.076018,682.1559687333,0.0,0.0,5.0,0.0,LOW,0
812,812,12,12,0,0.0,66405.315559,0,0.0,0,0.0,0.0,554.608956,23120.875746,-22566.26679,7,4,3,12,0,0.0,41.688609,0.0,0.0,1.0,0.0,0.0,0.0,0.0,0.348178,-40.688609,5533.7762965833,0.0,0.0,0.0,0.0,0.0,0.0,LOW,0
813,813,22,22,0,0.0,76479.388697,1,7633.142262,7,7384.175488,0.967383,33369.830643,16881.187594,16488.643049,3,5,4,20,0,1.033716,0.505882,0.0,0.099807,1.1,0.099807,0.967383,0.05,0.35,0.220729,0.494118,3476.3358498636,7633.142262,1054.8822125714,0.0,0.0,6.0,0.0,LOW,0
814,814,8,7,1,0.125,26134.156014,1,1316.268792,3,1264.715791,0.960834,4801.345542,0.0,4801.345542,3,4,4,8,0,1.040763,0.0,0.0,0.050366,1.0,0.050366,0.960834,0.125,0.375,0.0,1.0,3266.76950175,1316.268792,421.5719303333,0.0,0.0,9.0,0.0,LOW,0
815,815,14,14,0,0.0,19657.880798,1,4509.798778,11,4509.690004,0.999976,1209.792559,0.0,1209.792559,1,5,4,13,0,1.000024,0.0,0.0,0.229414,1.076923,0.229414,0.999976,0.076923,0.846154,0.0,1.0,1404.1343427143,4509.798778,409.9718185455,0.0,0.0,11.0,0.0,LOW,0
816,816,18,16,2,0.111111,86016.518517,5,24409.559222,3,9849.44588,0.403508,399.819038,2086.076637,-1686.257599,6,4,3,17,2,2.478267,5.217552,0.4,0.283778,1.058824,0.283778,0.403508,0.294118,0.176471,0.024252,-4.217552,4778.6954731667,4881.9118444,3283.1486266667,0.0,1.0,2.0,0.0,LOW,0
817,817,13,13,0,0.0,36554.524082,2,9695.185511,9,9695.181346,1.0,0.0,17164.157225,-17164.157225,0,4,4,11,0,1.0,0.0,0.0,0.265225,1.181818,0.265225,1.0,0.181818,0.818182,0.469549,0.0,2811.8864678462,4847.5927555,1077.2423717778,0.0,0.0,5.0,0.0,LOW,0
818,818,16,16,0,0.0,18213.379386,1,5382.942155,13,5382.935568,0.999999,0.0,0.0,0.0,2,5,4,15,0,1.000001,0.0,0.0,0.295549,1.066667,0.295549,0.999999,0.066667,0.866667,0.0,0.0,1138.336211625,5382.942155,414.0719667692,0.0,0.0,9.0,0.0,LOW,0
819,819,19,17,2,0.105263,40876.513879,1,9018.241358,12,9033.155798,1.0,5342.526171,11410.457164,-6067.930993,3,5,4,18,0,0.998349,2.135779,0.0,0.220622,1.055556,0.220622,1.001654,0.055556,0.666667,0.279145,-1.135779,2151.3954673158,9018.241358,752.7629831667,1.0,0.0,7.0,0.0,MEDIUM,1
820,820,16,15,1,0.0625,44629.811022,2,9484.104691,7,6519.545448,0.687418,1422.177124,4525.423013,-3103.245889,5,4,4,14,0,1.454719,3.182039,0.0,0.212506,1.142857,0.212506,0.687418,0.142857,0.5,0.101399,-2.182039,2789.363188875,4742.0523455,931.3636354286,0.0,0.0,4.0,0.0,LOW,0
821,821,10,9,1,0.1,48753.673186,2,7775.794921,1,949.688787,0.122134,9495.280789,9314.643201,180.637588,2,4,4,9,3,8.18773,0.980976,1.5,0.159491,1.111111,0.159491,0.122134,0.222222,0.111111,0.191055,0.019024,4875.3673186,3887.8974605,949.688787,2.0,3.0,1.0,0.125,HIGH,2
822,822,17,16,1,0.058824,32161.828898,1,7785.703702,11,7789.095296,1.0,8579.678781,3225.115197,5354.563584,3,5,4,17,0,0.999565,0.375902,0.0,0.242079,1.0,0.242079,1.000436,0.058824,0.647059,0.100278,0.624098,1891.8722881176,7785.703702,708.0995723636,0.0,0.0,7.0,0.0,LOW,0
823,823,11,10,1,0.090909,42335.848713,1,8085.317886,7,8095.914898,1.0,6252.152067,9983.441823,-3731.289756,1,4,4,11,0,0.998691,1.596801,0.0,0.19098,1.0,0.19098,1.001311,0.090909,0.636364,0.235815,-0.596801,3848.7135193636,8085.317886,1156.5592711429,1.0,1.0,1.0,0.0,MEDIUM,1
824,824,14,14,0,0.0,33930.083297,1,115.492539,7,115.481245,0.999902,0.0,0.0,0.0,6,5,4,14,0,1.000098,0.0,0.0,0.003404,1.0,0.003404,0.999902,0.071429,0.5,0.0,0.0,2423.5773783571,115.492539,16.4973207143,0.0,1.0,3.0,0.0,LOW,0
825,825,9,9,0,0.0,45156.771847,0,0.0,0,0.0,0.0,22641.850132,6148.299475,16493.550657,3,5,4,9,0,0.0,0.271546,0.0,0.0,1.0,0.0,0.0,0.0,0.0,0.136155,0.728454,5017.4190941111,0.0,0.0,0.0,2.0,5.0,0.0,LOW,0
826,826,18,17,1,0.055556,82816.920593,1,2247.852801,2,1864.812959,0.829597,20046.419259,2507.339649,17539.07961,10,5,4,17,1,1.205404,0.125077,1.0,0.027142,1.058824,0.027142,0.829597,0.058824,0.117647,0.030276,0.874923,4600.9400329444,2247.852801,932.4064795,0.0,0.0,0.0,0.0,LOW,0
827,827,14,12,2,0.142857,50305.39763,7,19012.178863,0,0.0,0.0,6531.173738,0.0,6531.173738,3,5,4,13,3,0.0,0.0,0.428571,0.377935,1.076923,0.377935,0.0,0.538462,0.0,0.0,1.0,3593.2426878571,2716.0255518571,0.0,1.0,2.0,1.0,0.0,MEDIUM,1
828,828,15,15,0,0.0,86658.311256,1,3864.231678,0,0.0,0.0,22059.294274,10031.478566,12027.815708,9,5,3,14,0,0.0,0.454751,0.0,0.044592,1.071429,0.044592,0.0,0.071429,0.0,0.115759,0.545249,5777.2207504,3864.231678,0.0,0.0,0.0,3.0,0.0,LOW,0
829,829,22,18,4,0.181818,83530.192774,4,18082.10675,8,16501.862965,0.912607,7136.19483,8033.948898,-897.754068,6,5,4,21,2,1.095762,1.125803,0.5,0.216474,1.047619,0.216474,0.912607,0.190476,0.380952,0.09618,-0.125803,3796.8269442727,4520.5266875,2062.732870625,1.0,1.0,1.0,0.3333333333333333,HIGH,2
830,830,15,15,0,0.0,77805.705191,0,0.0,0,0.0,0.0,27882.351634,19724.605847,8157.745787,8,5,4,14,0,0.0,0.707423,0.0,0.0,1.071429,0.0,0.0,0.0,0.0,0.253511,0.292577,5187.0470127333,0.0,0.0,0.0,1.0,8.0,0.0,LOW,0
831,831,20,20,0,0.0,38755.433189,1,7808.466863,15,7808.466574,1.0,0.0,0.0,0.0,4,5,4,19,0,1.0,0.0,0.0,0.201481,1.052632,0.201481,1.0,0.052632,0.789474,0.0,0.0,1937.77165945,7808.466863,520.5644382667,0.0,0.0,3.0,0.0,LOW,0
832,832,10,10,0,0.0,24170.59826,1,6197.539268,2,5287.596981,0.853177,843.664472,5623.276141,-4779.611669,3,5,3,10,1,1.17209,6.665299,1.0,0.256408,1.0,0.256408,0.853177,0.1,0.2,0.232649,-5.665299,2417.059826,6197.539268,2643.7984905,0.0,1.0,5.0,0.0,LOW,0
833,833,14,14,0,0.0,28594.181639,1,5807.226168,10,5807.167893,0.99999,0.0,5685.098258,-5685.098258,2,5,4,12,0,1.00001,0.0,0.0,0.203091,1.166667,0.203091,0.99999,0.083333,0.833333,0.19882,0.0,2042.4415456429,5807.226168,580.7167893,0.0,1.0,5.0,0.0,LOW,0
834,834,12,11,1,0.083333,30779.480438,1,3954.774863,6,4375.013194,1.0,0.0,9444.663278,-9444.663278,4,4,3,10,0,0.903946,0.0,0.0,0.128487,1.2,0.128487,1.106261,0.1,0.6,0.306849,0.0,2564.9567031667,3954.774863,729.1688656667,0.0,0.0,2.0,0.25,HIGH,2
835,835,15,15,0,0.0,57971.205582,1,433.401255,5,430.456831,0.993206,16557.48397,23095.754845,-6538.270875,3,4,3,15,0,1.00684,1.394883,0.0,0.007476,1.0,0.007476,0.993206,0.066667,0.333333,0.3984,-0.394883,3864.7470388,433.401255,86.0913662,0.0,0.0,5.0,0.0,LOW,0
836,836,10,9,1,0.1,43553.036358,1,8934.177202,5,8895.678171,0.995691,12377.098626,8336.222215,4040.876411,1,4,3,10,0,1.004328,0.67352,0.0,0.205133,1.0,0.205133,0.995691,0.1,0.5,0.191404,0.32648,4355.3036358,8934.177202,1779.1356342,0.0,0.0,4.0,0.0,LOW,0
837,837,14,14,0,0.0,67028.173984,0,0.0,0,0.0,0.0,13627.607852,7841.533481,5786.074371,10,5,4,13,0,0.0,0.575415,0.0,0.0,1.076923,0.0,0.0,0.0,0.0,0.116989,0.424585,4787.7267131429,0.0,0.0,0.0,2.0,3.0,0.14285714285714285,MEDIUM,1
838,838,10,10,0,0.0,38190.555683,1,6266.326477,0,0.0,0.0,4067.810489,8295.733636,-4227.923147,6,5,4,9,0,0.0,2.039361,0.0,0.164081,1.111111,0.164081,0.0,0.111111,0.0,0.21722,-1.039361,3819.0555683,6266.326477,0.0,0.0,0.0,5.0,0.0,LOW,0
839,839,9,9,0,0.0,43767.110617,0,0.0,0,0.0,0.0,0.0,8589.446084,-8589.446084,6,4,3,8,0,0.0,0.0,0.0,0.0,1.125,0.0,0.0,0.0,0.0,0.196253,0.0,4863.0122907778,0.0,0.0,0.0,1.0,1.0,0.0,LOW,0
840,840,12,12,0,0.0,25720.802918,2,2384.689113,5,2315.908555,0.971157,13789.403456,829.876577,12959.526879,2,5,4,11,0,1.029699,0.060182,0.0,0.092714,1.090909,0.092714,0.971157,0.181818,0.454545,0.032265,0.939818,2143.4002431667,1192.3445565,463.181711,1.0,2.0,5.0,0.0,MEDIUM,1
841,841,7,7,0,0.0,31291.98552,4,14763.34798,0,0.0,0.0,0.0,3446.422645,-3446.422645,0,3,4,7,2,0.0,0.0,0.5,0.471793,1.0,0.471793,0.0,0.571429,0.0,0.110138,0.0,4470.2836457143,3690.836995,0.0,3.0,3.0,2.0,0.09090909090909091,HIGH,2
842,842,15,15,0,0.0,76326.171051,0,0.0,0,0.0,0.0,8408.685419,36167.110506,-27758.425087,6,5,4,15,0,0.0,4.301161,0.0,0.0,1.0,0.0,0.0,0.0,0.0,0.473849,-3.301161,5088.4114034,0.0,0.0,0.0,0.0,0.0,0.0,LOW,0
843,843,8,8,0,0.0,46706.180578,1,4891.06253,2,4714.152836,0.96383,7808.9361,7517.171275,291.764825,3,4,4,8,0,1.037527,0.962637,0.0,0.10472,1.0,0.10472,0.96383,0.125,0.25,0.160946,0.037363,5838.27257225,4891.06253,2357.076418,0.0,0.0,5.0,0.0,LOW,0
844,844,19,19,0,0.0,83903.716517,2,13679.592622,3,4762.50535,0.348147,2927.761213,7962.998559,-5035.237346,9,5,3,17,1,2.872352,2.719825,0.5,0.163039,1.117647,0.163039,0.348147,0.117647,0.176471,0.094906,-1.719825,4415.9850798421,6839.796311,1587.5017833333,0.0,3.0,6.0,0.0,LOW,0
845,845,15,12,3,0.2,69787.085836,3,14093.710465,2,9449.679963,0.670489,4631.959487,0.0,4631.959487,7,4,4,14,2,1.491448,0.0,0.666667,0.201953,1.071429,0.201953,0.670489,0.214286,0.142857,0.0,1.0,4652.4723890667,4697.9034883333,4724.8399815,1.0,2.0,0.0,0.0,MEDIUM,1
846,846,14,14,0,0.0,53842.612036,1,7079.476044,1,4787.078052,0.676191,6274.823754,15382.423828,-9107.600074,7,4,3,14,0,1.478872,2.451451,0.0,0.131485,1.0,0.131485,0.676191,0.071429,0.071429,0.285692,-1.451451,3845.9008597143,7079.476044,4787.078052,0.0,1.0,5.0,0.2222222222222222,HIGH,2
847,847,11,10,1,0.090909,28793.285314,2,11301.837167,5,11674.85681,1.0,0.0,88.757305,-88.757305,3,5,4,10,0,0.968049,0.0,0.0,0.392516,1.1,0.392516,1.033005,0.2,0.5,0.003083,0.0,2617.5713921818,5650.9185835,2334.971362,1.0,0.0,0.0,0.0,MEDIUM,1
848,848,4,4,0,0.0,18949.971107,0,0.0,0,0.0,0.0,5562.926289,0.0,5562.926289,3,2,1,4,0,0.0,0.0,0.0,0.0,1.0,0.0,0.0,0.0,0.0,0.0,1.0,4737.49277675,0.0,0.0,0.0,2.0,2.0,0.0,LOW,0
849,849,12,12,0,0.0,39944.130947,0,0.0,0,0.0,0.0,7213.653493,19402.300649,-12188.647156,6,5,4,12,0,0.0,2.689664,0.0,0.0,1.0,0.0,0.0,0.0,0.0,0.485736,-1.689664,3328.6775789167,0.0,0.0,0.0,0.0,0.0,0.0,LOW,0
850,850,19,19,0,0.0,76386.095999,0,0.0,0,0.0,0.0,19473.516705,18666.082796,807.433909,12,5,4,17,0,0.0,0.958537,0.0,0.0,1.117647,0.0,0.0,0.0,0.0,0.244365,0.041463,4020.3208420526,0.0,0.0,0.0,1.0,6.0,0.0,LOW,0
851,851,15,15,0,0.0,52735.082835,1,2769.379838,5,2766.416385,0.99893,12953.851276,8738.277685,4215.573591,4,5,4,15,0,1.001071,0.67457,0.0,0.052515,1.0,0.052515,0.99893,0.066667,0.333333,0.165701,0.32543,3515.672189,2769.379838,553.283277,0.0,1.0,5.0,0.0,LOW,0
852,852,13,12,1,0.076923,45576.60991,1,163.158347,1,99.869613,0.612102,2544.041518,6305.653569,-3761.612051,7,5,3,12,1,1.633714,2.478597,1.0,0.00358,1.083333,0.00358,0.612102,0.083333,0.083333,0.138353,-1.478597,3505.89307,163.158347,99.869613,0.0,1.0,3.0,0.0,LOW,0
853,853,12,12,0,0.0,43597.4743,1,7608.116336,3,7373.170793,0.969119,8379.676685,2218.262457,6161.414228,6,4,3,11,0,1.031865,0.264719,0.0,0.174508,1.090909,0.174508,0.969119,0.090909,0.272727,0.050881,0.735281,3633.1228583333,7608.116336,2457.7235976667,0.0,0.0,4.0,0.0,LOW,0
854,854,12,12,0,0.0,63184.888113,0,0.0,0,0.0,0.0,11616.767907,25141.925066,-13525.157159,6,4,3,11,0,0.0,2.164279,0.0,0.0,1.090909,0.0,0.0,0.0,0.0,0.39791,-1.164279,5265.40734275,0.0,0.0,0.0,1.0,2.0,0.0,LOW,0
855,855,16,16,0,0.0,73069.991787,5,24343.646755,1,4343.344007,0.178418,4782.810906,3147.292146,1635.51876,4,5,4,15,4,5.604817,0.658042,0.8,0.333155,1.066667,0.333155,0.178418,0.333333,0.066667,0.043072,0.341958,4566.8744866875,4868.729351,4343.344007,1.0,4.0,3.0,0.08333333333333333,MEDIUM,1
856,856,10,10,0,0.0,40436.161117,1,4550.871878,3,4518.400636,0.992865,0.0,8090.394766,-8090.394766,4,5,4,10,1,1.007186,0.0,1.0,0.112545,1.0,0.112545,0.992865,0.1,0.3,0.200078,0.0,4043.6161117,4550.871878,1506.1335453333,0.0,1.0,1.0,0.0,LOW,0
857,857,16,16,0,0.0,89111.473738,5,25485.180832,2,1852.511793,0.07269,11700.605929,3326.55174,8374.054189,5,5,4,16,1,13.757095,0.284306,0.2,0.285992,1.0,0.285992,0.07269,0.3125,0.125,0.03733,0.715694,5569.467108625,5097.0361664,926.2558965,1.0,1.0,1.0,0.0,MEDIUM,1
858,858,9,7,2,0.222222,39399.533978,1,4078.506903,0,0.0,0.0,0.0,12112.696769,-12112.696769,4,4,2,8,2,0.0,0.0,2.0,0.103517,1.125,0.103517,0.0,0.125,0.0,0.307432,0.0,4377.7259975556,4078.506903,0.0,1.0,2.0,0.0,0.0,MEDIUM,1
859,859,11,10,1,0.090909,64872.947164,0,0.0,0,0.0,0.0,0.0,34958.17883,-34958.17883,7,5,2,11,0,0.0,0.0,0.0,0.0,1.0,0.0,0.0,0.0,0.0,0.538871,0.0,5897.5406512727,0.0,0.0,0.0,1.0,1.0,0.0,LOW,0
860,860,15,15,0,0.0,76397.885031,0,0.0,0,0.0,0.0,25779.24601,18018.19891,7761.0471,8,5,3,14,0,0.0,0.698942,0.0,0.0,1.071429,0.0,0.0,0.0,0.0,0.235847,0.301058,5093.1923354,0.0,0.0,1.0,2.0,2.0,0.0,MEDIUM,1
861,861,17,15,2,0.117647,22360.771629,2,11306.146996,13,4501.353542,0.398133,0.0,4465.340106,-4465.340106,1,5,4,16,0,2.511722,0.0,0.0,0.505624,1.0625,0.505624,0.398133,0.125,0.8125,0.199695,0.0,1315.3395075882,5653.073498,346.2579647692,1.0,1.0,3.0,0.0,MEDIUM,1
862,862,13,13,0,0.0,31609.381079,3,11294.49887,7,11291.112584,0.9997,0.0,0.0,0.0,3,5,4,12,0,1.0003,0.0,0.0,0.357315,1.083333,0.357315,0.9997,0.25,0.583333,0.0,0.0,2431.4908522308,3764.8329566667,1613.0160834286,1.0,0.0,4.0,0.0,MEDIUM,1
863,863,17,17,0,0.0,67302.117323,0,0.0,0,0.0,0.0,8175.299599,0.0,8175.299599,13,5,4,16,0,0.0,0.0,0.0,0.0,1.0625,0.0,0.0,0.0,0.0,0.0,1.0,3958.9480778235,0.0,0.0,0.0,0.0,0.0,0.09090909090909091,LOW,0
864,864,14,14,0,0.0,76771.513255,0,0.0,0,0.0,0.0,16534.931618,20895.989298,-4361.05768,8,5,3,13,0,0.0,1.263748,0.0,0.0,1.076923,0.0,0.0,0.0,0.0,0.272184,-0.263748,5483.6795182143,0.0,0.0,0.0,1.0,3.0,0.0,LOW,0
865,865,13,13,0,0.0,60914.024111,1,212.877196,0,0.0,0.0,0.0,20718.304041,-20718.304041,9,5,3,13,0,0.0,0.0,0.0,0.003495,1.0,0.003495,0.0,0.076923,0.0,0.340124,0.0,4685.6941623846,212.877196,0.0,0.0,0.0,4.0,0.0,LOW,0
866,866,11,11,0,0.0,69093.940507,0,0.0,0,0.0,0.0,8066.295237,18957.721299,-10891.426062,7,4,3,11,0,0.0,2.350239,0.0,0.0,1.0,0.0,0.0,0.0,0.0,0.274376,-1.350239,6281.2673188182,0.0,0.0,0.0,1.0,5.0,0.0,LOW,0
867,867,13,13,0,0.0,60982.381579,2,9391.108074,4,1763.886203,0.187825,0.0,13348.952459,-13348.952459,4,5,4,13,1,5.324101,0.0,0.5,0.153997,1.0,0.153997,0.187825,0.153846,0.307692,0.218899,0.0,4690.9524291538,4695.554037,440.97155075,0.0,1.0,6.0,0.1,MEDIUM,1
868,868,17,16,1,0.058824,89438.089548,1,9608.367689,0,0.0,0.0,14504.62625,12184.985686,2319.640564,8,5,3,17,1,0.0,0.840076,1.0,0.10743,1.0,0.10743,0.0,0.058824,0.0,0.136239,0.159924,5261.0640910588,9608.367689,0.0,0.0,1.0,4.0,0.0,LOW,0
869,869,16,16,0,0.0,98203.163087,0,0.0,0,0.0,0.0,13152.377942,15780.830581,-2628.452639,11,4,4,15,0,0.0,1.199846,0.0,0.0,1.066667,0.0,0.0,0.0,0.0,0.160696,-0.199846,6137.6976929375,0.0,0.0,0.0,0.0,0.0,0.0,LOW,0
870,870,17,17,0,0.0,95386.692618,0,0.0,0,0.0,0.0,18159.829011,19014.709187,-854.880176,10,5,4,16,0,0.0,1.047075,0.0,0.0,1.0625,0.0,0.0,0.0,0.0,0.199343,-0.047075,5610.9819187059,0.0,0.0,0.0,1.0,4.0,0.0,LOW,0
871,871,8,8,0,0.0,42875.692533,3,8612.137544,0,0.0,0.0,0.0,0.0,0.0,4,5,3,8,1,0.0,0.0,0.333333,0.200863,1.0,0.200863,0.0,0.375,0.0,0.0,0.0,5359.461566625,2870.7125146667,0.0,1.0,2.0,0.0,0.0,MEDIUM,1
872,872,14,14,0,0.0,64662.995356,1,1149.912773,3,1034.083731,0.899271,0.0,18567.953146,-18567.953146,7,4,4,13,0,1.112011,0.0,0.0,0.017783,1.076923,0.017783,0.899271,0.076923,0.230769,0.28715,0.0,4618.7853825714,1149.912773,344.694577,0.0,0.0,7.0,0.0,LOW,0
873,873,10,10,0,0.0,10778.484717,2,3079.630808,6,226.277003,0.073475,0.0,2243.216507,-2243.216507,1,4,3,9,0,13.610004,0.0,0.0,0.28572,1.111111,0.28572,0.073475,0.222222,0.666667,0.20812,0.0,1077.8484717,1539.815404,37.7128338333,0.0,0.0,2.0,0.0,LOW,0
874,874,14,13,1,0.071429,77567.361737,3,18922.039825,3,1918.431856,0.101386,10978.915854,9651.785308,1327.130546,4,5,3,13,1,9.863285,0.87912,0.333333,0.243943,1.076923,0.243943,0.101386,0.230769,0.230769,0.124431,0.12088,5540.5258383571,6307.3466083333,639.4772853333,1.0,1.0,3.0,0.0,MEDIUM,1
875,875,10,10,0,0.0,31592.907282,1,6069.356829,3,3446.13949,0.567793,551.382099,8825.821786,-8274.439687,3,5,4,10,0,1.761205,16.006725,0.0,0.192111,1.0,0.192111,0.567793,0.1,0.3,0.279361,-15.006725,3159.2907282,6069.356829,1148.7131633333,0.0,0.0,2.0,0.0,LOW,0
876,876,8,8,0,0.0,19056.941892,1,833.474437,1,323.698972,0.388373,0.0,4104.844829,-4104.844829,5,4,2,8,0,2.574844,0.0,0.0,0.043736,1.0,0.043736,0.388373,0.125,0.125,0.215399,0.0,2382.1177365,833.474437,323.698972,0.0,0.0,8.0,0.0,LOW,0
877,877,12,11,1,0.083333,65755.96935,3,17132.218604,0,0.0,0.0,6594.298791,5448.286885,1146.011906,3,4,4,11,3,0.0,0.826212,1.0,0.260542,1.090909,0.260542,0.0,0.272727,0.0,0.082856,0.173788,5479.6641125,5710.7395346667,0.0,0.0,0.0,0.0,0.3333333333333333,HIGH,2
878,878,15,15,0,0.0,54803.767692,1,7977.459353,7,7973.476936,0.999501,10579.623168,1631.705523,8947.917645,4,4,4,15,0,1.000499,0.154231,0.0,0.145564,1.0,0.145564,0.999501,0.066667,0.466667,0.029774,0.845769,3653.5845128,7977.459353,1139.0681337143,0.0,0.0,3.0,0.0,LOW,0
879,879,13,13,0,0.0,67647.402234,0,0.0,0,0.0,0.0,34098.904673,0.0,34098.904673,6,5,4,12,0,0.0,0.0,0.0,0.0,1.083333,0.0,0.0,0.0,0.0,0.0,1.0,5203.6463256923,0.0,0.0,0.0,0.0,0.0,0.0,LOW,0
880,880,13,13,0,0.0,58100.961503,1,3128.667296,4,3117.956224,0.996576,10200.995385,23012.846823,-12811.851438,2,4,3,12,0,1.003435,2.255941,0.0,0.053849,1.083333,0.053849,0.996576,0.083333,0.333333,0.396084,-1.255941,4469.304731,3128.667296,779.489056,0.0,0.0,6.0,0.0,LOW,0
881,881,16,16,0,0.0,54023.795178,4,12124.478765,3,4350.404593,0.358812,2798.216071,0.0,2798.216071,5,5,4,16,3,2.786977,0.0,0.75,0.224428,1.0,0.224428,0.358812,0.25,0.1875,0.0,1.0,3376.487198625,3031.11969125,1450.1348643333,0.0,2.0,3.0,0.125,MEDIUM,1
882,882,7,6,1,0.142857,32811.962839,2,5952.457968,1,3745.247463,0.629193,1772.445456,12867.462683,-11095.017227,1,4,3,6,0,1.589336,7.259723,0.0,0.181411,1.166667,0.181411,0.629193,0.333333,0.166667,0.392158,-6.259723,4687.4232627143,2976.228984,3745.247463,0.0,1.0,2.0,0.0,LOW,0
883,883,20,19,1,0.05,106940.512413,2,11359.331383,1,1416.881632,0.124733,20010.357129,7108.816771,12901.540358,12,5,4,19,0,8.017135,0.355257,0.0,0.106221,1.052632,0.106221,0.124733,0.105263,0.052632,0.066474,0.644743,5347.02562065,5679.6656915,1416.881632,0.0,1.0,3.0,0.0,LOW,0
884,884,12,12,0,0.0,29196.342245,1,8006.245435,5,7993.907501,0.998459,0.0,0.0,0.0,6,5,4,12,0,1.001543,0.0,0.0,0.274221,1.0,0.274221,0.998459,0.083333,0.416667,0.0,0.0,2433.0285204167,8006.245435,1598.7815002,1.0,1.0,3.0,0.0,MEDIUM,1
885,885,11,11,0,0.0,64188.025915,0,0.0,0,0.0,0.0,3425.816847,15044.986038,-11619.169191,8,5,3,11,0,0.0,4.391649,0.0,0.0,1.0,0.0,0.0,0.0,0.0,0.234389,-3.391649,5835.2750831818,0.0,0.0,0.0,0.0,0.0,0.0,LOW,0
886,886,6,6,0,0.0,46031.01879,0,0.0,0,0.0,0.0,21345.807152,9310.373806,12035.433346,2,5,4,6,0,0.0,0.436169,0.0,0.0,1.0,0.0,0.0,0.0,0.0,0.202263,0.563831,7671.836465,0.0,0.0,0.0,1.0,4.0,0.0,LOW,0
887,887,17,17,0,0.0,24690.339624,1,8086.019152,14,8086.01682,1.0,0.0,8086.100916,-8086.100916,1,5,4,17,0,1.0,0.0,0.0,0.327497,1.0,0.327497,1.0,0.058824,0.823529,0.327501,0.0,1452.3729190588,8086.019152,577.57263,0.0,0.0,4.0,0.0,LOW,0
888,888,13,13,0,0.0,36182.298297,1,437.22785,2,381.866179,0.87338,8560.401509,9898.315315,-1337.913806,4,4,2,13,1,1.144977,1.156291,1.0,0.012084,1.0,0.012084,0.87338,0.076923,0.153846,0.273568,-0.156291,2783.2537151538,437.22785,190.9330895,0.0,1.0,4.0,0.0,LOW,0
889,889,11,10,1,0.090909,44311.805302,1,3675.048988,3,2941.482455,0.800393,0.0,3200.830012,-3200.830012,5,5,4,10,0,1.249387,0.0,0.0,0.082936,1.1,0.082936,0.800393,0.1,0.3,0.072234,0.0,4028.3459365455,3675.048988,980.4941516667,0.0,2.0,7.0,0.08333333333333333,LOW,0
890,890,13,13,0,0.0,12402.823881,1,2280.401351,10,2278.135815,0.999007,0.0,0.0,0.0,2,5,4,13,0,1.000994,0.0,0.0,0.183861,1.0,0.183861,0.999007,0.076923,0.769231,0.0,0.0,954.0633754615,2280.401351,227.8135815,0.0,0.0,8.0,0.0,LOW,0
891,891,16,16,0,0.0,54609.11395,4,25688.585104,9,25617.455124,0.997231,0.0,2017.808506,-2017.808506,2,5,4,15,0,1.002777,0.0,0.0,0.470408,1.066667,0.470408,0.997231,0.266667,0.6,0.03695,0.0,3413.069621875,6422.146276,2846.3839026667,0.0,2.0,4.0,0.0,LOW,0
892,892,16,16,0,0.0,48247.326494,3,8700.47854,6,3416.874158,0.392723,7925.367114,18003.506812,-10078.139698,2,5,4,15,1,2.546327,2.271631,0.333333,0.180331,1.066667,0.180331,0.392723,0.2,0.4,0.37315,-1.271631,3015.457905875,2900.1595133333,569.4790263333,0.0,0.0,5.0,0.0,LOW,0
893,893,8,8,0,0.0,14636.060513,1,2953.605624,6,2953.361697,0.999917,8729.093192,0.0,8729.093192,0,4,3,8,0,1.000083,0.0,0.0,0.201803,1.0,0.201803,0.999917,0.125,0.75,0.0,1.0,1829.507564125,2953.605624,492.2269495,0.0,0.0,3.0,0.0,LOW,0
894,894,19,18,1,0.052632,78079.308622,1,9631.71504,4,8420.140129,0.87421,11274.520107,8448.497115,2826.022992,9,5,4,18,0,1.14389,0.749344,0.0,0.123358,1.055556,0.123358,0.87421,0.055556,0.222222,0.108204,0.250656,4109.4372958947,9631.71504,2105.03503225,0.0,0.0,6.0,0.0,LOW,0
895,895,12,12,0,0.0,32539.370676,2,6442.890909,5,6131.012969,0.951593,9558.16795,0.0,9558.16795,2,4,4,12,1,1.050869,0.0,0.5,0.198003,1.0,0.198003,0.951593,0.166667,0.416667,0.0,1.0,2711.614223,3221.4454545,1226.2025938,0.0,1.0,2.0,0.0,LOW,0
896,896,18,16,2,0.111111,90104.823174,3,21079.657017,7,13310.280881,0.631428,0.0,32269.537007,-32269.537007,2,4,4,17,2,1.583712,0.0,0.666667,0.233946,1.058824,0.233946,0.631428,0.176471,0.411765,0.358133,0.0,5005.8235096667,7026.552339,1901.4686972857,0.0,1.0,3.0,0.0,LOW,0
897,897,10,10,0,0.0,49441.603708,0,0.0,0,0.0,0.0,16150.726,483.571423,15667.154577,6,5,3,10,0,0.0,0.029941,0.0,0.0,1.0,0.0,0.0,0.0,0.0,0.009781,0.970059,4944.1603708,0.0,0.0,0.0,1.0,4.0,0.0,LOW,0
898,898,12,11,1,0.083333,10921.671424,1,5460.80426,11,5460.867164,1.0,0.0,0.0,0.0,0,5,3,12,0,0.999988,0.0,0.0,0.499997,1.0,0.499997,1.000012,0.083333,0.916667,0.0,0.0,910.1392853333,5460.80426,496.4424694545,0.0,0.0,3.0,0.0,LOW,0
899,899,12,11,1,0.083333,61447.847788,1,9208.804477,3,8703.919454,0.945174,0.0,0.0,0.0,8,5,3,12,0,1.058007,0.0,0.0,0.149864,1.0,0.149864,0.945174,0.083333,0.25,0.0,0.0,5120.6539823333,9208.804477,2901.3064846667,0.0,0.0,4.0,0.14285714285714285,MEDIUM,1
900,900,10,10,0,0.0,58239.033446,0,0.0,0,0.0,0.0,3670.080437,12278.592173,-8608.511736,6,4,3,9,0,0.0,3.345592,0.0,0.0,1.111111,0.0,0.0,0.0,0.0,0.210831,-2.345592,5823.9033446,0.0,0.0,0.0,1.0,0.0,0.0,LOW,0
901,901,15,15,0,0.0,85390.734234,0,0.0,0,0.0,0.0,10058.407511,6599.140655,3459.266856,10,5,4,14,0,0.0,0.656082,0.0,0.0,1.071429,0.0,0.0,0.0,0.0,0.077282,0.343918,5692.7156156,0.0,0.0,0.0,0.0,0.0,0.0,LOW,0
902,902,12,12,0,0.0,67413.827528,0,0.0,0,0.0,0.0,9755.497903,0.0,9755.497903,10,4,4,11,0,0.0,0.0,0.0,0.0,1.090909,0.0,0.0,0.0,0.0,0.0,1.0,5617.8189606667,0.0,0.0,0.0,1.0,2.0,0.0,LOW,0
903,903,20,20,0,0.0,71316.842835,2,9356.447808,10,7305.3692,0.780784,0.0,9986.259315,-9986.259315,7,5,4,17,0,1.280763,0.0,0.0,0.131195,1.176471,0.131195,0.780784,0.117647,0.588235,0.140027,0.0,3565.84214175,4678.223904,730.53692,0.0,0.0,2.0,0.0,LOW,0
904,904,15,15,0,0.0,43181.447589,1,3756.847324,7,3756.790647,0.999985,10792.34763,0.0,10792.34763,5,4,4,14,0,1.000015,0.0,0.0,0.087001,1.071429,0.087001,0.999985,0.071429,0.5,0.0,1.0,2878.7631726,3756.847324,536.6843781429,0.0,0.0,6.0,0.14285714285714285,MEDIUM,1
905,905,8,7,1,0.125,28082.81605,4,13677.357681,0,0.0,0.0,0.0,0.0,0.0,2,4,4,8,2,0.0,0.0,0.5,0.487037,1.0,0.487037,0.0,0.5,0.0,0.0,0.0,3510.35200625,3419.33942025,0.0,2.0,1.0,0.0,0.0,HIGH,2
906,906,16,16,0,0.0,27476.338976,1,8125.403073,11,8125.068548,0.999959,7220.367822,3218.900075,4001.467747,1,4,4,16,0,1.000041,0.445808,0.0,0.295724,1.0,0.295724,0.999959,0.0625,0.6875,0.117152,0.554192,1717.271186,8125.403073,738.6425952727,0.0,0.0,4.0,0.0,LOW,0
907,907,15,14,1,0.066667,78101.120684,4,15812.06285,4,14045.445431,0.888274,0.0,0.0,0.0,6,5,3,14,1,1.125779,0.0,0.25,0.202456,1.071429,0.202456,0.888274,0.285714,0.285714,0.0,0.0,5206.7413789333,3953.0157125,3511.36135775,1.0,1.0,1.0,0.0,MEDIUM,1
908,908,17,17,0,0.0,64955.860929,3,12505.966803,7,6654.724437,0.532124,5922.600267,0.0,5922.600267,5,4,4,17,1,1.879261,0.0,0.333333,0.19253,1.0,0.19253,0.532124,0.176471,0.411765,0.0,1.0,3820.9329958235,4168.655601,950.6749195714,0.0,1.0,5.0,0.0,LOW,0
909,909,12,12,0,0.0,29430.678546,1,1004.944571,7,1001.741745,0.996813,8906.491377,0.0,8906.491377,3,5,4,11,0,1.003197,0.0,0.0,0.034146,1.090909,0.034146,0.996813,0.090909,0.636364,0.0,1.0,2452.5565455,1004.944571,143.1059635714,0.0,0.0,2.0,0.0,LOW,0
910,910,12,10,2,0.166667,60166.691907,3,14870.786045,2,8502.117013,0.571733,7727.869768,4245.387123,3482.482645,4,5,3,12,1,1.749069,0.549361,0.333333,0.24716,1.0,0.24716,0.571733,0.25,0.166667,0.07056,0.450639,5013.89099225,4956.9286816667,4251.0585065,1.0,2.0,3.0,0.1111111111111111,MEDIUM,1
911,911,4,4,0,0.0,24601.471985,0,0.0,0,0.0,0.0,7229.600191,0.0,7229.600191,3,2,1,4,0,0.0,0.0,0.0,0.0,1.0,0.0,0.0,0.0,0.0,0.0,1.0,6150.36799625,0.0,0.0,0.0,0.0,0.0,0.0,LOW,0
912,912,13,13,0,0.0,13697.023334,1,196.758502,7,196.743196,0.999922,0.0,0.0,0.0,5,5,3,13,0,1.000078,0.0,0.0,0.014365,1.0,0.014365,0.999922,0.076923,0.538462,0.0,0.0,1053.6171795385,196.758502,28.1061708571,0.0,1.0,4.0,0.0,LOW,0
913,913,13,13,0,0.0,69151.553122,0,0.0,0,0.0,0.0,428.145545,6649.07661,-6220.931065,10,5,3,13,0,0.0,15.529945,0.0,0.0,1.0,0.0,0.0,0.0,0.0,0.096152,-14.529945,5319.3502401538,0.0,0.0,0.0,0.0,0.0,0.0,LOW,0
914,914,11,11,0,0.0,30233.860494,3,8304.562882,5,8243.36219,0.99263,0.0,3075.723001,-3075.723001,2,4,4,11,0,1.007424,0.0,0.0,0.274678,1.0,0.274678,0.99263,0.272727,0.454545,0.101731,0.0,2748.5327721818,2768.1876273333,1648.672438,0.0,1.0,4.0,0.14285714285714285,MEDIUM,1
915,915,19,18,1,0.052632,84922.926917,0,0.0,0,0.0,0.0,24163.683812,19788.894834,4374.788978,8,5,4,18,0,0.0,0.818952,0.0,0.0,1.055556,0.0,0.0,0.0,0.0,0.233022,0.181048,4469.6277324737,0.0,0.0,0.0,0.0,0.0,0.16666666666666666,MEDIUM,1
916,916,14,14,0,0.0,77819.782582,1,6228.227401,0,0.0,0.0,18381.449641,0.0,18381.449641,10,5,3,14,0,0.0,0.0,0.0,0.080034,1.0,0.080034,0.0,0.071429,0.0,0.0,1.0,5558.5558987143,6228.227401,0.0,0.0,0.0,4.0,0.0,LOW,0
917,917,18,18,0,0.0,26376.856918,1,5205.237907,14,5205.237907,1.0,0.0,6989.532955,-6989.532955,1,5,4,18,0,1.0,0.0,0.0,0.197341,1.0,0.197341,1.0,0.055556,0.777778,0.264987,0.0,1465.3809398889,5205.237907,371.8027076429,0.0,0.0,0.0,0.0,LOW,0
918,918,19,19,0,0.0,27293.243202,2,4042.828833,13,4042.535496,0.999927,8330.742318,0.0,8330.742318,2,5,4,18,1,1.000073,0.0,0.5,0.148126,1.055556,0.148126,0.999927,0.111111,0.722222,0.0,1.0,1436.4864843158,2021.4144165,310.9642689231,0.0,0.0,4.0,0.0,LOW,0
919,919,13,13,0,0.0,76440.946612,1,5391.900315,1,4959.699526,0.919843,24709.090986,12341.270183,12367.820803,4,5,4,13,0,1.087143,0.499463,0.0,0.070537,1.0,0.070537,0.919843,0.076923,0.076923,0.161448,0.500537,5880.0728163077,5391.900315,4959.699526,0.0,0.0,7.0,0.0,LOW,0
920,920,12,12,0,0.0,27626.133731,2,8455.054427,6,1421.807422,0.168161,0.0,0.0,0.0,4,5,4,12,0,5.946695,0.0,0.0,0.306053,1.0,0.306053,0.168161,0.166667,0.5,0.0,0.0,2302.1778109167,4227.5272135,236.9679036667,0.0,0.0,5.0,0.0,LOW,0
921,921,13,12,1,0.076923,39391.942501,2,4185.23265,5,1182.388051,0.282514,0.0,19161.567185,-19161.567185,3,5,4,12,0,3.539644,0.0,0.0,0.106246,1.083333,0.106246,0.282514,0.166667,0.416667,0.486434,0.0,3030.1494231538,2092.616325,236.4776102,0.0,1.0,2.0,0.0,LOW,0
922,922,14,14,0,0.0,59108.143719,0,0.0,0,0.0,0.0,12786.060741,9135.4102,3650.650541,10,5,4,14,0,0.0,0.714482,0.0,0.0,1.0,0.0,0.0,0.0,0.0,0.154554,0.285518,4222.0102656429,0.0,0.0,0.0,1.0,5.0,0.0,LOW,0
923,923,13,13,0,0.0,48149.945475,2,5708.351841,4,5614.650098,0.983585,0.0,0.0,0.0,7,5,4,11,0,1.016689,0.0,0.0,0.118554,1.181818,0.118554,0.983585,0.181818,0.363636,0.0,0.0,3703.8419596154,2854.1759205,1403.6625245,0.0,0.0,6.0,0.0,LOW,0
924,924,8,8,0,0.0,45372.532723,0,0.0,0,0.0,0.0,15489.65655,15113.476579,376.179971,3,4,4,8,0,0.0,0.975714,0.0,0.0,1.0,0.0,0.0,0.0,0.0,0.333097,0.024286,5671.566590375,0.0,0.0,0.0,1.0,2.0,0.0,LOW,0
925,925,13,11,2,0.153846,37832.543013,1,7332.173977,7,7331.472526,0.999904,0.0,618.985437,-618.985437,4,5,4,10,0,1.000096,0.0,0.0,0.193806,1.3,0.193806,0.999904,0.1,0.7,0.016361,0.0,2910.1956163846,7332.173977,1047.353218,0.0,0.0,1.0,0.0,LOW,0
926,926,15,13,2,0.133333,20093.341927,1,667.227881,10,861.940309,1.0,0.0,8015.515398,-8015.515398,3,5,4,15,0,0.7741,0.0,0.0,0.033206,1.0,0.033206,1.291823,0.066667,0.666667,0.398914,0.0,1339.5561284667,667.227881,86.1940309,0.0,1.0,5.0,0.1,MEDIUM,1
927,927,13,13,0,0.0,18119.608004,2,9059.804002,10,8191.291577,0.904136,0.0,0.0,0.0,0,5,4,13,1,1.106029,0.0,0.5,0.5,1.0,0.5,0.904136,0.153846,0.769231,0.0,0.0,1393.8160003077,4529.902001,819.1291577,0.0,1.0,4.0,0.0,LOW,0
929,929,12,12,0,0.0,44752.305789,1,3439.150729,2,3319.867938,0.965316,17975.178716,7938.352258,10036.826458,5,4,4,11,0,1.03593,0.441629,0.0,0.076849,1.090909,0.076849,0.965316,0.090909,0.181818,0.177384,0.558371,3729.35881575,3439.150729,1659.933969,1.0,0.0,2.0,0.16666666666666666,MEDIUM,1
930,930,13,13,0,0.0,65291.495971,0,0.0,0,0.0,0.0,11394.857015,10308.386577,1086.470438,8,4,4,13,0,0.0,0.904653,0.0,0.0,1.0,0.0,0.0,0.0,0.0,0.157883,0.095347,5022.422767,0.0,0.0,0.0,0.0,0.0,0.0,LOW,0
931,931,11,11,0,0.0,53195.573975,0,0.0,0,0.0,0.0,12428.283823,20.703283,12407.58054,7,5,4,11,0,0.0,0.001666,0.0,0.0,1.0,0.0,0.0,0.0,0.0,0.000389,0.998334,4835.9612704545,0.0,0.0,0.0,0.0,0.0,0.0,LOW,0
932,932,13,12,1,0.076923,40659.015014,1,2690.84524,5,2672.406277,0.993148,11095.634497,15441.704119,-4346.069622,2,5,4,11,0,1.0069,1.391692,0.0,0.066181,1.181818,0.066181,0.993148,0.090909,0.454545,0.379785,-0.391692,3127.6165395385,2690.84524,534.4812554,0.0,0.0,13.0,0.0625,LOW,0
933,933,13,11,2,0.153846,63043.552994,4,24420.069633,3,11165.335122,0.45722,0.0,1631.298392,-1631.298392,2,5,4,12,3,2.187133,0.0,0.75,0.387352,1.083333,0.387352,0.45722,0.333333,0.25,0.025876,0.0,4849.5040764615,6105.01740825,3721.778374,0.0,0.0,3.0,0.25,HIGH,2
934,934,5,5,0,0.0,24581.113305,1,5688.149165,0,0.0,0.0,4825.785082,0.0,4825.785082,2,3,2,5,0,0.0,0.0,0.0,0.231403,1.0,0.231403,0.0,0.2,0.0,0.0,1.0,4916.222661,5688.149165,0.0,0.0,0.0,11.0,0.0,LOW,0
935,935,14,14,0,0.0,77496.439257,0,0.0,0,0.0,0.0,16922.568538,4983.608644,11938.959894,9,5,4,13,0,0.0,0.294495,0.0,0.0,1.076923,0.0,0.0,0.0,0.0,0.064308,0.705505,5535.4599469286,0.0,0.0,0.0,0.0,0.0,0.0,LOW,0
936,936,6,6,0,0.0,33465.38669,2,11738.657479,1,3501.352736,0.298275,11690.259657,0.0,11690.259657,0,3,4,6,1,3.352606,0.0,0.5,0.35077,1.0,0.35077,0.298275,0.333333,0.166667,0.0,1.0,5577.5644483333,5869.3287395,3501.352736,1.0,0.0,0.0,0.0,MEDIUM,1
937,937,8,8,0,0.0,41934.887559,3,15341.060062,0,0.0,0.0,2498.546706,14662.477232,-12163.930526,1,5,4,8,1,0.0,5.868402,0.333333,0.36583,1.0,0.36583,0.0,0.375,0.0,0.349649,-4.868402,5241.860944875,5113.6866873333,0.0,1.0,3.0,0.0,0.0,MEDIUM,1
938,938,10,10,0,0.0,34984.899848,1,4427.712759,5,4424.32102,0.999234,8732.032591,0.0,8732.032591,3,5,3,10,0,1.000767,0.0,0.0,0.126561,1.0,0.126561,0.999234,0.1,0.5,0.0,1.0,3498.4899848,4427.712759,884.864204,1.0,0.0,0.0,0.125,MEDIUM,1
939,939,15,15,0,0.0,39052.838343,1,3154.286864,10,3154.196108,0.999971,0.0,23050.62183,-23050.62183,1,5,4,13,0,1.000029,0.0,0.0,0.08077,1.153846,0.08077,0.999971,0.076923,0.769231,0.590242,0.0,2603.5225562,3154.286864,315.4196108,1.0,0.0,0.0,0.14285714285714285,MEDIUM,1
940,940,11,11,0,0.0,41322.389022,1,9955.226921,4,9933.265488,0.997794,6680.817713,0.0,6680.817713,5,5,3,11,0,1.002211,0.0,0.0,0.240916,1.0,0.240916,0.997794,0.090909,0.363636,0.0,1.0,3756.5808201818,9955.226921,2483.316372,0.0,0.0,4.0,0.0,LOW,0
941,941,17,17,0,0.0,64717.266752,1,8473.395377,8,8472.957959,0.999948,12901.688012,5607.478288,7294.209724,5,5,4,17,0,1.000052,0.434631,0.0,0.130929,1.0,0.130929,0.999948,0.058824,0.470588,0.086646,0.565369,3806.8980442353,8473.395377,1059.119744875,0.0,0.0,3.0,0.2,HIGH,2
942,942,12,12,0,0.0,42476.966137,1,8565.461648,5,7010.088736,0.818413,16191.277325,250.851661,15940.425664,3,4,4,11,0,1.221876,0.015493,0.0,0.20165,1.090909,0.20165,0.818413,0.090909,0.454545,0.005906,0.984507,3539.7471780833,8565.461648,1402.0177472,0.0,0.0,1.0,0.0,LOW,0
943,943,12,12,0,0.0,63100.140542,1,6978.900218,3,6227.578347,0.892344,0.0,8035.887515,-8035.887515,6,5,4,12,0,1.120644,0.0,0.0,0.1106,1.0,0.1106,0.892344,0.083333,0.25,0.127351,0.0,5258.3450451667,6978.900218,2075.859449,0.0,0.0,4.0,0.0,LOW,0
944,944,25,25,0,0.0,50463.727854,2,7535.492748,15,7247.769124,0.961818,3129.282854,21442.17803,-18312.895176,3,5,4,24,0,1.039698,6.852106,0.0,0.149325,1.041667,0.149325,0.961818,0.083333,0.625,0.424903,-5.852106,2018.54911416,3767.746374,483.1846082667,0.0,2.0,5.0,0.1111111111111111,MEDIUM,1
945,945,18,18,0,0.0,29705.094568,1,1464.892169,11,1464.890365,0.999999,0.0,1415.976746,-1415.976746,4,5,4,18,1,1.000001,0.0,1.0,0.049315,1.0,0.049315,0.999999,0.055556,0.611111,0.047668,0.0,1650.2830315556,1464.892169,133.1718513636,0.0,0.0,0.0,0.0,LOW,0
946,946,15,13,2,0.133333,43442.716312,5,16892.240163,4,11424.225716,0.6763,0.0,0.0,0.0,2,5,4,13,4,1.478633,0.0,0.8,0.388839,1.153846,0.388839,0.6763,0.384615,0.307692,0.0,0.0,2896.1810874667,3378.4480326,2856.056429,0.0,1.0,0.0,0.16666666666666666,MEDIUM,1
947,947,6,6,0,0.0,39413.672444,0,0.0,0,0.0,0.0,8945.442385,0.0,8945.442385,5,3,1,6,0,0.0,0.0,0.0,0.0,1.0,0.0,0.0,0.0,0.0,0.0,1.0,6568.9454073333,0.0,0.0,0.0,0.0,0.0,0.0,LOW,0
948,948,14,14,0,0.0,33571.65457,1,3417.316729,8,3413.941709,0.999012,9827.041718,0.0,9827.041718,3,5,4,13,0,1.000989,0.0,0.0,0.101792,1.076923,0.101792,0.999012,0.076923,0.615385,0.0,1.0,2397.9753264286,3417.316729,426.742713625,1.0,0.0,3.0,0.0,MEDIUM,1
949,949,19,19,0,0.0,51975.257597,1,6051.482556,8,6050.888519,0.999902,28130.406307,2155.299956,25975.106351,3,5,4,19,0,1.000098,0.076618,0.0,0.11643,1.0,0.11643,0.999902,0.052632,0.421053,0.041468,0.923382,2735.5398735263,6051.482556,756.361064875,0.0,0.0,5.0,0.16666666666666666,MEDIUM,1
950,950,11,11,0,0.0,46436.623284,2,6306.042069,3,5222.05081,0.828103,17082.230226,5421.105874,11661.124352,3,5,4,11,0,1.20758,0.317354,0.0,0.135799,1.0,0.135799,0.828103,0.181818,0.272727,0.116742,0.682646,4221.5112076364,3153.0210345,1740.6836033333,1.0,0.0,4.0,0.0,MEDIUM,1
951,951,20,19,1,0.05,48842.097994,3,13395.928727,9,7798.18942,0.582131,15337.419467,1137.099266,14200.320201,3,5,4,19,1,1.717826,0.074139,0.333333,0.27427,1.052632,0.27427,0.582131,0.157895,0.473684,0.023281,0.925861,2442.1048997,4465.3095756667,866.4654911111,0.0,0.0,4.0,0.0,LOW,0
952,952,20,17,3,0.15,91006.22803,1,1358.835805,3,1292.974769,0.951531,25886.943718,14383.700066,11503.243652,9,5,4,20,1,1.050938,0.555635,1.0,0.014931,1.0,0.014931,0.951531,0.05,0.15,0.158052,0.444365,4550.3114015,1358.835805,430.9915896667,0.0,1.0,0.0,0.0,LOW,0
953,953,11,11,0,0.0,33912.773341,1,5306.946725,5,5224.467205,0.984458,6701.716425,4407.143952,2294.572473,2,5,4,10,0,1.015787,0.657614,0.0,0.156488,1.1,0.156488,0.984458,0.1,0.5,0.129955,0.342386,3082.9793946364,5306.946725,1044.893441,0.0,1.0,5.0,0.125,MEDIUM,1
954,954,14,9,5,0.357143,77709.08426,6,29906.207312,2,1676.135022,0.056046,0.0,0.0,0.0,2,5,3,14,4,17.842362,0.0,0.666667,0.384848,1.0,0.384848,0.056046,0.428571,0.142857,0.0,0.0,5550.6488757143,4984.3678853333,838.067511,3.0,4.0,1.0,0.0,HIGH,2
955,955,12,12,0,0.0,43420.88858,1,4345.3071,3,4002.512338,0.921111,4425.11497,6001.016061,-1575.901091,6,5,3,11,0,1.085645,1.356127,0.0,0.100074,1.090909,0.100074,0.921111,0.090909,0.272727,0.138206,-0.356127,3618.4073816667,4345.3071,1334.1707793333,0.0,0.0,5.0,0.0,LOW,0
956,956,14,14,0,0.0,74378.859914,0,0.0,0,0.0,0.0,1101.949826,33241.293035,-32139.343209,7,5,4,13,0,0.0,30.165886,0.0,0.0,1.076923,0.0,0.0,0.0,0.0,0.446919,-29.165886,5312.7757081429,0.0,0.0,0.0,0.0,0.0,0.0,LOW,0
957,957,16,15,1,0.0625,46570.822497,2,11014.431396,9,11094.987706,1.0,4606.555361,4913.68637,-307.131009,3,5,4,15,0,0.992739,1.066673,0.0,0.236509,1.066667,0.236509,1.007314,0.133333,0.6,0.10551,-0.066673,2910.6764060625,5507.215698,1232.7764117778,1.0,0.0,0.0,0.0,MEDIUM,1
958,958,16,16,0,0.0,39715.05517,1,5256.619026,10,5256.619008,1.0,12257.739025,0.0,12257.739025,3,5,4,15,0,1.0,0.0,0.0,0.132358,1.066667,0.132358,1.0,0.066667,0.666667,0.0,1.0,2482.190948125,5256.619026,525.6619008,0.0,0.0,1.0,0.0,LOW,0
959,959,9,9,0,0.0,10330.364548,2,5170.216027,7,5160.148521,0.998053,0.0,0.0,0.0,0,5,4,9,0,1.001951,0.0,0.0,0.500487,1.0,0.500487,0.998053,0.222222,0.777778,0.0,0.0,1147.8182831111,2585.1080135,737.1640744286,0.0,0.0,1.0,0.0,LOW,0
960,960,16,16,0,0.0,41917.697243,1,3701.991467,7,3664.540712,0.989884,6396.26789,2034.159531,4362.108359,5,5,4,14,0,1.01022,0.318023,0.0,0.088316,1.142857,0.088316,0.989884,0.071429,0.5,0.048527,0.681977,2619.8560776875,3701.991467,523.505816,0.0,0.0,5.0,0.0,LOW,0
961,961,14,14,0,0.0,19538.954839,1,6686.125014,11,6686.076676,0.999993,0.0,0.0,0.0,2,5,4,13,0,1.000007,0.0,0.0,0.342195,1.076923,0.342195,0.999993,0.076923,0.846154,0.0,0.0,1395.6396313571,6686.125014,607.8251523636,0.0,0.0,9.0,0.0,LOW,0
962,962,19,19,0,0.0,27293.744371,1,5060.763394,14,5060.763391,1.0,0.0,0.0,0.0,4,5,4,19,0,1.0,0.0,0.0,0.185418,1.0,0.185418,1.0,0.052632,0.736842,0.0,0.0,1436.5128616316,5060.763394,361.4830993571,0.0,1.0,6.0,0.09090909090909091,LOW,0
963,963,11,11,0,0.0,10036.772223,1,4111.306754,9,4090.563992,0.994955,0.0,0.0,0.0,1,5,4,9,0,1.005071,0.0,0.0,0.409624,1.222222,0.409624,0.994955,0.111111,1.0,0.0,0.0,912.4338384545,4111.306754,454.5071102222,0.0,1.0,4.0,0.0,LOW,0
964,964,9,7,2,0.222222,24539.295887,3,9557.705702,2,3289.553759,0.344178,0.0,2794.65748,-2794.65748,2,5,3,9,1,2.905472,0.0,0.333333,0.389486,1.0,0.389486,0.344178,0.333333,0.222222,0.113885,0.0,2726.5884318889,3185.9019006667,1644.7768795,3.0,2.0,0.0,0.2222222222222222,HIGH,2
965,965,10,9,1,0.1,48607.660038,0,0.0,0,0.0,0.0,13204.333958,13477.207614,-272.873656,5,5,3,10,0,0.0,1.020665,0.0,0.0,1.0,0.0,0.0,0.0,0.0,0.277265,-0.020665,4860.7660038,0.0,0.0,0.0,0.0,0.0,0.0,LOW,0
966,966,14,14,0,0.0,76604.627514,1,9112.867099,3,7467.88794,0.819488,8740.23424,0.0,8740.23424,8,4,3,12,0,1.220274,0.0,0.0,0.11896,1.166667,0.11896,0.819488,0.083333,0.25,0.0,1.0,5471.7591081429,9112.867099,2489.29598,0.0,0.0,6.0,0.0,LOW,0
967,967,11,11,0,0.0,24792.69257,1,4964.808377,7,4962.03248,0.999441,5781.327945,0.0,5781.327945,2,4,4,10,0,1.000559,0.0,0.0,0.200253,1.1,0.200253,0.999441,0.1,0.7,0.0,1.0,2253.8811427273,4964.808377,708.8617828571,0.0,0.0,8.0,0.0,LOW,0
968,968,12,12,0,0.0,33418.10052,1,7478.694281,8,7478.320326,0.99995,8269.499057,0.0,8269.499057,2,4,4,12,0,1.00005,0.0,0.0,0.223792,1.0,0.223792,0.99995,0.083333,0.666667,0.0,1.0,2784.84171,7478.694281,934.79004075,0.0,1.0,3.0,0.0,LOW,0
969,969,13,13,0,0.0,63865.813396,0,0.0,0,0.0,0.0,15440.352027,7790.450339,7649.901688,7,5,4,13,0,0.0,0.504551,0.0,0.0,1.0,0.0,0.0,0.0,0.0,0.121982,0.495449,4912.7548766154,0.0,0.0,0.0,0.0,0.0,0.0,LOW,0
970,970,13,12,1,0.076923,74067.616891,1,7311.699683,0,0.0,0.0,0.0,6144.973705,-6144.973705,11,5,2,13,0,0.0,0.0,0.0,0.098717,1.0,0.098717,0.0,0.076923,0.0,0.082964,0.0,5697.5089916154,7311.699683,0.0,0.0,0.0,0.0,0.0,LOW,0
971,971,11,11,0,0.0,47735.05534,3,11062.414087,3,6557.532499,0.592776,13698.640916,10129.964474,3568.676442,1,4,4,11,0,1.686978,0.739487,0.0,0.231746,1.0,0.231746,0.592776,0.272727,0.272727,0.212212,0.260513,4339.5504854545,3687.4713623333,2185.8441663333,0.0,0.0,5.0,0.09090909090909091,LOW,0
972,972,11,11,0,0.0,23408.065309,1,3134.948629,7,3129.839649,0.99837,0.0,479.206559,-479.206559,2,5,4,10,0,1.001632,0.0,0.0,0.133926,1.1,0.133926,0.99837,0.1,0.7,0.020472,0.0,2128.0059371818,3134.948629,447.1199498571,0.0,0.0,8.0,0.0,LOW,0
973,973,16,16,0,0.0,23505.788835,2,3974.629536,10,3974.569786,0.999985,6672.95046,0.0,6672.95046,3,4,4,14,0,1.000015,0.0,0.0,0.169092,1.142857,0.169092,0.999985,0.142857,0.714286,0.0,1.0,1469.1118021875,1987.314768,397.4569786,0.0,0.0,4.0,0.0,LOW,0
974,974,8,8,0,0.0,23187.987473,0,0.0,0,0.0,0.0,1649.265787,3564.675387,-1915.4096,6,5,3,7,0,0.0,2.161371,0.0,0.0,1.142857,0.0,0.0,0.0,0.0,0.153729,-1.161371,2898.498434125,0.0,0.0,0.0,1.0,5.0,0.0,LOW,0
975,975,18,18,0,0.0,69690.681591,3,13526.510591,5,11506.494966,0.850662,16361.334602,13965.734649,2395.599953,2,5,4,16,2,1.175554,0.853582,0.666667,0.194094,1.125,0.194094,0.850662,0.1875,0.3125,0.200396,0.146418,3871.7045328333,4508.8368636667,2301.2989932,0.0,2.0,3.0,0.0,LOW,0
976,976,15,14,1,0.066667,55339.748992,3,18748.445143,3,12515.929409,0.667572,0.0,110.989922,-110.989922,6,4,4,14,2,1.497967,0.0,0.666667,0.338788,1.071429,0.338788,0.667572,0.214286,0.214286,0.002006,0.0,3689.3165994667,6249.4817143333,4171.9764696667,0.0,1.0,1.0,0.0,LOW,0
977,977,12,12,0,0.0,47328.138934,2,14569.799939,4,8451.176258,0.580048,6752.437689,8544.247639,-1791.80995,2,5,4,11,0,1.723997,1.265357,0.0,0.307846,1.090909,0.307846,0.580048,0.181818,0.363636,0.180532,-0.265357,3944.0115778333,7284.8999695,2112.7940645,1.0,0.0,0.0,0.0,MEDIUM,1
978,978,21,21,0,0.0,35773.900595,1,7742.767705,16,7742.766663,1.0,0.0,7127.525363,-7127.525363,3,5,4,19,0,1.0,0.0,0.0,0.216436,1.105263,0.216436,1.0,0.052632,0.842105,0.199238,0.0,1703.5190759524,7742.767705,483.9229164375,0.0,1.0,3.0,0.14285714285714285,MEDIUM,1
979,979,17,17,0,0.0,70675.104159,1,4420.7858,0,0.0,0.0,1753.107999,6009.809202,-4256.701203,13,5,4,15,0,0.0,3.428088,0.0,0.062551,1.133333,0.062551,0.0,0.066667,0.0,0.085034,-2.428088,4157.3590681765,4420.7858,0.0,0.0,0.0,8.0,0.0,LOW,0
980,980,17,16,1,0.058824,99999.508164,4,33837.572999,4,24236.625037,0.716264,2590.620362,11689.38218,-9098.761818,5,5,4,15,1,1.396134,4.512194,0.25,0.338377,1.133333,0.338377,0.716264,0.266667,0.266667,0.116894,-3.512194,5882.3240096471,8459.39324975,6059.15625925,1.0,2.0,6.0,0.07692307692307693,MEDIUM,1
981,981,13,13,0,0.0,14515.796537,1,5058.512129,9,5058.482002,0.999994,2417.659841,0.0,2417.659841,1,5,4,13,0,1.000006,0.0,0.0,0.348483,1.0,0.348483,0.999994,0.076923,0.692308,0.0,1.0,1116.5997336154,5058.512129,562.0535557778,0.0,0.0,1.0,0.0,LOW,0
982,982,9,9,0,0.0,42533.422048,1,8302.563171,2,6379.433755,0.768369,5093.785183,0.0,5093.785183,4,5,2,9,0,1.301458,0.0,0.0,0.195201,1.0,0.195201,0.768369,0.111111,0.222222,0.0,1.0,4725.9357831111,8302.563171,3189.7168775,0.0,0.0,3.0,0.0,LOW,0
983,983,17,17,0,0.0,42100.239631,1,8314.672525,9,8254.830199,0.992803,0.0,0.0,0.0,7,4,4,16,0,1.007249,0.0,0.0,0.197497,1.0625,0.197497,0.992803,0.0625,0.5625,0.0,0.0,2476.4846841765,8314.672525,917.2033554444,0.0,0.0,3.0,0.0,LOW,0
984,984,16,16,0,0.0,57475.789503,1,1502.712568,2,1099.150738,0.731444,13527.593835,0.0,13527.593835,10,4,4,16,0,1.367158,0.0,0.0,0.026145,1.0,0.026145,0.731444,0.0625,0.125,0.0,1.0,3592.2368439375,1502.712568,549.575369,0.0,0.0,6.0,0.0,LOW,0
985,985,14,13,1,0.071429,45414.215846,2,13441.512624,7,14150.70431,1.0,6077.715797,0.0,6077.715797,3,5,4,14,0,0.949883,0.0,0.0,0.295976,1.0,0.295976,1.052761,0.142857,0.5,0.0,1.0,3243.8725604286,6720.756312,2021.5291871429,0.0,0.0,4.0,0.0,LOW,0
986,986,12,12,0,0.0,38707.776778,2,18436.697128,8,16808.457125,0.911685,0.0,0.0,0.0,2,5,4,11,0,1.09687,0.0,0.0,0.476305,1.090909,0.476305,0.911685,0.181818,0.727273,0.0,0.0,3225.6480648333,9218.348564,2101.057140625,0.0,0.0,2.0,0.0,LOW,0
987,987,10,10,0,0.0,48192.42311,0,0.0,0,0.0,0.0,9650.916661,0.0,9650.916661,7,5,3,9,0,0.0,0.0,0.0,0.0,1.111111,0.0,0.0,0.0,0.0,0.0,1.0,4819.242311,0.0,0.0,0.0,0.0,0.0,0.0,LOW,0
988,988,16,15,1,0.0625,48445.564374,3,12723.038033,7,12235.974213,0.961718,0.0,2962.176506,-2962.176506,4,5,4,14,0,1.039806,0.0,0.0,0.262625,1.142857,0.262625,0.961718,0.214286,0.5,0.061144,0.0,3027.847773375,4241.0126776667,1747.9963161429,0.0,2.0,2.0,0.0,LOW,0
989,989,9,9,0,0.0,16967.911333,1,672.304873,6,662.647369,0.985635,0.0,9051.800684,-9051.800684,1,4,4,8,0,1.014574,0.0,0.0,0.039622,1.125,0.039622,0.985635,0.125,0.75,0.533466,0.0,1885.3234814444,672.304873,110.4412281667,0.0,0.0,1.0,0.0,LOW,0
990,990,9,9,0,0.0,31425.503088,1,283.243365,2,158.121351,0.558253,0.0,11662.92323,-11662.92323,4,4,4,8,0,1.791304,0.0,0.0,0.009013,1.125,0.009013,0.558253,0.125,0.25,0.371129,0.0,3491.7225653333,283.243365,79.0606755,0.0,1.0,4.0,0.0,LOW,0
991,991,13,13,0,0.0,33566.937033,1,650.680825,6,650.484185,0.999698,13079.616318,4877.88047,8201.735848,2,4,3,11,0,1.000302,0.372938,0.0,0.019385,1.181818,0.019385,0.999698,0.090909,0.545455,0.145318,0.627062,2582.0720794615,650.680825,108.4140308333,0.0,0.0,4.0,0.0,LOW,0
992,992,11,11,0,0.0,46181.479773,1,1266.183771,0,0.0,0.0,14688.902201,7487.462202,7201.439999,6,4,4,11,0,0.0,0.509736,0.0,0.027418,1.0,0.027418,0.0,0.090909,0.0,0.162131,0.490264,4198.316343,1266.183771,0.0,0.0,0.0,4.0,0.0,LOW,0
993,993,13,13,0,0.0,47333.432298,2,10372.298275,5,4783.713198,0.461201,0.0,9540.926628,-9540.926628,4,5,3,11,1,2.168253,0.0,0.5,0.219133,1.181818,0.219133,0.461201,0.181818,0.454545,0.201568,0.0,3641.0332536923,5186.1491375,956.7426396,1.0,0.0,0.0,0.09090909090909091,MEDIUM,1
994,994,10,10,0,0.0,29449.781786,2,12331.708006,7,12327.097512,0.999626,0.0,0.0,0.0,1,5,4,10,0,1.000374,0.0,0.0,0.418737,1.0,0.418737,0.999626,0.2,0.7,0.0,0.0,2944.9781786,6165.854003,1761.0139302857,0.0,0.0,2.0,0.0,LOW,0
995,995,10,10,0,0.0,35270.618224,4,14306.279211,1,1020.510134,0.071333,4443.190337,7353.600876,-2910.410539,0,4,4,9,2,14.018753,1.655027,0.5,0.405615,1.111111,0.405615,0.071333,0.444444,0.111111,0.208491,-0.655027,3527.0618224,3576.56980275,1020.510134,0.0,0.0,2.0,0.0,LOW,0
996,996,23,22,1,0.043478,63158.535163,1,7863.741465,14,7863.727464,0.999998,23095.686105,13739.427127,9356.258978,2,5,4,22,0,1.000002,0.594891,0.0,0.124508,1.045455,0.124508,0.999998,0.045455,0.636364,0.217539,0.405109,2746.0232679565,7863.741465,561.6948188571,0.0,0.0,7.0,0.0,LOW,0
997,997,22,21,1,0.045455,79365.47105,1,2138.979805,7,2649.575089,1.0,12761.402686,2923.454878,9837.947808,9,5,4,20,0,0.807292,0.229086,0.0,0.026951,1.1,0.026951,1.23871,0.05,0.35,0.036835,0.770914,3607.5214113636,2138.979805,378.510727,0.0,0.0,4.0,0.0,LOW,0
998,998,8,7,1,0.125,35676.791715,0,0.0,0,0.0,0.0,9584.875786,2447.472944,7137.402842,5,4,2,8,0,0.0,0.255347,0.0,0.0,1.0,0.0,0.0,0.0,0.0,0.068601,0.744653,4459.598964375,0.0,0.0,0.0,0.0,0.0,0.0,LOW,0
999,999,14,13,1,0.071429,47836.810194,2,9207.451013,7,5432.216528,0.58998,0.0,23195.931073,-23195.931073,2,4,4,14,0,1.694971,0.0,0.0,0.192476,1.0,0.192476,0.58998,0.142857,0.5,0.484897,0.0,3416.9150138571,4603.7255065,776.0309325714,0.0,1.0,2.0,0.0,LOW,0
1000,1000,14,14,0,0.0,9673.470286,1,1060.982445,12,1060.980432,0.999998,0.0,0.0,0.0,1,5,4,13,0,1.000002,0.0,0.0,0.10968,1.076923,0.10968,0.999998,0.076923,0.923077,0.0,0.0,690.9621632857,1060.982445,88.415036,0.0,0.0,3.0,0.0,LOW,0
