event_id,transaction_id,account_id,protocol_id,event_type,token_id,amount,collateral_amount,debt_amount,timestamp
1,1,545,3,DEPOSIT,2,3209.961036,3209.961036,,2025-01-01 00:09:59
2,3,314,1,DEPOSIT,3,5280.225797,5280.225797,,2025-01-01 00:25:49
3,6,698,4,WITHDRAW,1,9500.143369,,,2025-01-01 00:54:42
4,13,501,3,BORROW,5,1756.930679,4342.1092002831,1756.930679,2025-01-01 02:59:26
5,16,235,2,BORROW,4,927.719492,2239.4800886024,927.719492,2025-01-01 03:21:16
6,17,631,1,DEPOSIT,4,6632.138852,6632.138852,,2025-01-01 03:21:46
7,20,200,4,DEPOSIT,1,703.134996,703.134996,,2025-01-01 04:02:36
8,21,165,1,WITHDRAW,1,6850.780657,,,2025-01-01 04:39:54
9,22,738,3,BORROW,3,480.457211,729.0672672777,480.457211,2025-01-01 04:41:25
10,23,391,4,BORROW,1,7710.084789,16290.7809424429,7710.084789,2025-01-01 05:03:45
11,25,397,4,BORROW,2,6164.824167,13897.8762370313,6164.824167,2025-01-01 05:38:27
12,27,398,1,WITHDRAW,3,4323.048504,,,2025-01-01 06:21:18
13,28,728,2,WITHDRAW,4,8402.952127,,,2025-01-01 06:31:27
14,34,684,2,WITHDRAW,5,6415.969029,,,2025-01-01 08:03:26
15,36,628,1,DEPOSIT,1,7871.752941,7871.752941,,2025-01-01 09:06:38
16,37,891,3,BORROW,1,9322.4702,15501.2950867576,9322.4702,2025-01-01 09:32:31
17,38,219,3,BORROW,1,6269.993691,9315.5678251733,6269.993691,2025-01-01 09:43:13
18,41,1000,4,BORROW,2,1060.982445,2389.6795441344,1060.982445,2025-01-01 10:24:45
19,43,21,3,WITHDRAW,5,8857.182587,,,2025-01-01 11:31:31
20,44,139,1,DEPOSIT,2,9929.039054,9929.039054,,2025-01-01 11:58:12
21,45,650,3,DEPOSIT,1,6032.097457,6032.097457,,2025-01-01 12:26:48
22,47,25,2,WITHDRAW,1,7008.143702,,,2025-01-01 13:21:25
23,49,640,1,BORROW,5,3096.833642,4929.0035032475,3096.833642,2025-01-01 14:20:03
24,51,725,2,WITHDRAW,3,4893.415891,,,2025-01-01 14:28:44
25,52,87,1,WITHDRAW,5,239.844511,,,2025-01-01 14:34:57
26,54,755,1,WITHDRAW,5,1570.875468,,,2025-01-01 15:01:36
27,55,647,1,DEPOSIT,1,571.102493,571.102493,,2025-01-01 15:24:48
28,56,191,1,BORROW,1,4386.396738,8815.1541921512,4386.396738,2025-01-01 15:33:11
29,57,82,2,BORROW,5,4812.836685,8158.4250505468,4812.836685,2025-01-01 16:11:12
30,58,191,1,REPAY,5,2185.586635,,2185.586635,2025-01-01 16:27:52
31,59,203,2,WITHDRAW,5,7002.670532,,,2025-01-01 16:46:47
32,60,869,4,WITHDRAW,2,6356.616278,,,2025-01-01 17:08:07
33,63,82,3,BORROW,1,5922.572371,10863.4569078023,5922.572371,2025-01-01 17:46:54
34,68,15,2,WITHDRAW,2,5933.442264,,,2025-01-01 19:28:58
35,70,234,4,DEPOSIT,4,4356.724659,4356.724659,,2025-01-01 20:00:46
36,73,701,2,DEPOSIT,5,5301.070837,5301.070837,,2025-01-01 20:44:19
37,75,705,4,WITHDRAW,3,7870.193323,,,2025-01-01 21:39:23
38,78,330,4,BORROW,4,6065.737788,11471.6393831604,6065.737788,2025-01-01 21:44:38
39,81,497,2,DEPOSIT,5,8243.123056,8243.123056,,2025-01-01 22:31:05
40,82,303,3,DEPOSIT,2,2489.782432,2489.782432,,2025-01-01 23:01:42
41,84,477,4,WITHDRAW,4,5557.09098,,,2025-01-01 23:22:10
42,86,18,4,BORROW,3,3751.337746,7619.7433782603,3751.337746,2025-01-01 23:32:22
43,87,27,2,DEPOSIT,4,3272.83855,3272.83855,,2025-01-01 23:39:47
44,89,509,2,BORROW,1,1600.542268,2055.975528216,1600.542268,2025-01-02 00:01:16
45,93,44,2,BORROW,2,9548.768099,22574.020229186,9548.768099,2025-01-02 00:17:46
46,95,42,2,BORROW,1,2372.109304,5706.6730981882,2372.109304,2025-01-02 00:39:22
47,98,267,4,BORROW,3,385.293034,800.0035592399,385.293034,2025-01-02 01:29:22
48,99,789,1,BORROW,2,512.434873,927.2410873155,512.434873,2025-01-02 01:57:58
49,100,211,3,BORROW,5,8346.004013,10650.1578710548,8346.004013,2025-01-02 02:06:33
50,101,370,3,DEPOSIT,2,2175.892519,2175.892519,,2025-01-02 02:09:56
51,105,100,2,BORROW,2,9712.307962,20930.2926614445,9712.307962,2025-01-02 03:03:17
52,107,124,4,DEPOSIT,1,1754.067081,1754.067081,,2025-01-02 03:14:57
53,110,673,3,BORROW,3,7216.821287,9437.6800271266,7216.821287,2025-01-02 03:44:32
54,113,613,2,WITHDRAW,5,3738.941943,,,2025-01-02 05:35:28
55,114,150,2,DEPOSIT,4,5806.315796,5806.315796,,2025-01-02 05:36:41
56,115,152,4,DEPOSIT,4,3609.68524,3609.68524,,2025-01-02 05:43:23
57,118,84,1,WITHDRAW,5,5200.492776,,,2025-01-02 06:03:46
58,119,681,4,DEPOSIT,3,1178.04424,1178.04424,,2025-01-02 06:22:21
59,120,960,2,DEPOSIT,4,5774.424139,5774.424139,,2025-01-02 06:36:46
60,121,109,2,BORROW,4,8360.05787,19867.166311392,8360.05787,2025-01-02 06:37:57
61,124,124,1,WITHDRAW,1,2541.804676,,,2025-01-02 06:48:56
62,125,678,3,DEPOSIT,3,3883.595656,3883.595656,,2025-01-02 06:50:46
63,126,942,4,DEPOSIT,1,9770.364481,9770.364481,,2025-01-02 06:52:06
64,127,718,1,DEPOSIT,5,4232.789677,4232.789677,,2025-01-02 07:03:41
65,129,85,4,WITHDRAW,1,3804.712647,,,2025-01-02 07:32:17
66,135,887,4,WITHDRAW,2,8086.100916,,,2025-01-02 09:09:14
67,136,143,1,BORROW,5,4437.163214,7088.4474028617,4437.163214,2025-01-02 09:15:12
68,137,726,1,DEPOSIT,5,4192.059663,4192.059663,,2025-01-02 09:31:36
69,138,433,3,BORROW,1,8790.032154,14296.5557048588,8790.032154,2025-01-02 09:38:17
70,139,942,1,WITHDRAW,2,250.851661,,,2025-01-02 09:39:58
71,144,649,2,WITHDRAW,1,6674.152656,,,2025-01-02 10:09:46
72,145,70,2,WITHDRAW,1,2478.207534,,,2025-01-02 10:14:31
73,148,522,2,DEPOSIT,2,5993.798723,5993.798723,,2025-01-02 11:26:32
74,149,615,1,BORROW,1,7074.296301,12776.3990821978,7074.296301,2025-01-02 12:16:29
75,152,546,3,DEPOSIT,3,9342.26707,9342.26707,,2025-01-02 12:48:31
76,155,143,3,REPAY,2,3289.530588,,3289.530588,2025-01-02 13:08:20
77,157,346,3,DEPOSIT,4,2463.881799,2463.881799,,2025-01-02 13:25:02
78,159,403,3,BORROW,2,9285.276534,12796.2700785243,9285.276534,2025-01-02 13:39:50
79,161,397,3,REPAY,1,4833.912478,,4833.912478,2025-01-02 14:06:34
80,163,115,3,DEPOSIT,3,4303.728404,4303.728404,,2025-01-02 14:45:37
81,164,770,3,BORROW,5,8423.603163,10645.0498955375,8423.603163,2025-01-02 14:50:24
82,166,759,1,WITHDRAW,4,965.879748,,,2025-01-02 15:14:00
83,169,757,1,WITHDRAW,4,5417.23357,,,2025-01-02 15:29:42
84,172,415,2,BORROW,3,3856.496191,6155.8351409698,3856.496191,2025-01-02 15:46:14
85,173,577,1,DEPOSIT,4,3894.810086,3894.810086,,2025-01-02 15:47:22
86,174,447,4,WITHDRAW,1,2556.708047,,,2025-01-02 17:01:41
87,175,267,2,REPAY,5,331.857626,,331.857626,2025-01-02 17:17:48
88,176,235,3,DEPOSIT,1,801.761059,801.761059,,2025-01-02 17:18:28
89,178,893,2,BORROW,1,2953.605624,5010.1542448459,2953.605624,2025-01-02 17:28:03
90,179,242,1,BORROW,2,767.08282,1881.7128706603,767.08282,2025-01-02 17:36:58
91,180,547,3,BORROW,4,7259.764109,13069.862100728,7259.764109,2025-01-02 18:30:09
92,182,404,4,BORROW,1,1643.503164,2070.4248463947,1643.503164,2025-01-02 18:33:39
93,186,592,4,DEPOSIT,3,1677.286319,1677.286319,,2025-01-02 19:11:17
94,187,212,3,BORROW,3,1243.808331,2925.2774596253,1243.808331,2025-01-02 19:13:11
95,188,383,2,BORROW,4,7528.08261,13293.5903718153,7528.08261,2025-01-02 19:16:49
96,191,150,3,WITHDRAW,3,540.662223,,,2025-01-02 19:47:21
97,194,277,2,BORROW,5,6343.677625,15553.5186650099,6343.677625,2025-01-02 20:18:13
98,197,677,2,DEPOSIT,3,1430.690305,1430.690305,,2025-01-02 20:42:54
99,201,506,3,BORROW,4,6206.303706,12338.4307247455,6206.303706,2025-01-02 21:07:02
100,203,533,2,WITHDRAW,2,8151.169229,,,2025-01-02 21:21:47
101,204,522,1,WITHDRAW,4,9521.483523,,,2025-01-02 21:24:08
102,205,844,2,BORROW,2,8819.386941,10741.8632258078,8819.386941,2025-01-02 21:46:12
103,207,493,1,DEPOSIT,3,4361.878019,4361.878019,,2025-01-02 22:06:01
104,211,813,1,DEPOSIT,1,4717.369334,4717.369334,,2025-01-02 23:15:25
105,212,376,1,WITHDRAW,3,413.89402,,,2025-01-02 23:52:22
106,216,403,4,REPAY,4,3926.52738,,3926.52738,2025-01-03 00:38:52
107,217,835,3,WITHDRAW,2,6665.891094,,,2025-01-03 01:09:22
108,218,159,1,BORROW,1,1562.031708,2307.3147287144,1562.031708,2025-01-03 01:11:37
109,220,660,3,DEPOSIT,5,9374.987623,9374.987623,,2025-01-03 01:21:38
110,223,433,1,WITHDRAW,2,8693.049843,,,2025-01-03 01:50:26
111,225,739,1,BORROW,1,6352.225821,11709.3051181804,6352.225821,2025-01-03 02:02:23
112,226,346,2,BORROW,4,2189.511443,2812.3627616796,2189.511443,2025-01-03 02:11:14
113,229,811,4,BORROW,4,9149.641538,16159.5725119341,9149.641538,2025-01-03 02:48:08
114,233,656,4,DEPOSIT,1,9888.795215,9888.795215,,2025-01-03 03:57:49
115,236,174,2,DEPOSIT,4,9060.485884,9060.485884,,2025-01-03 04:53:51
116,238,874,3,WITHDRAW,1,9651.785308,,,2025-01-03 05:17:17
117,239,513,1,DEPOSIT,4,4817.606301,4817.606301,,2025-01-03 05:17:39
118,240,808,4,BORROW,2,8085.358793,16765.876080322,8085.358793,2025-01-03 05:46:17
119,241,933,1,WITHDRAW,1,1631.298392,,,2025-01-03 06:00:25
120,242,548,1,WITHDRAW,3,3408.405951,,,2025-01-03 06:04:16
121,243,827,2,BORROW,4,1758.477829,3222.0383536966,1758.477829,2025-01-03 06:04:21
122,244,766,4,WITHDRAW,2,5579.00308,,,2025-01-03 06:16:08
123,246,665,3,DEPOSIT,1,8621.448397,8621.448397,,2025-01-03 06:56:18
124,249,880,3,WITHDRAW,2,8158.776581,,,2025-01-03 07:17:08
125,250,422,1,WITHDRAW,3,4987.887597,,,2025-01-03 07:24:53
126,251,292,1,DEPOSIT,2,3631.696299,3631.696299,,2025-01-03 07:43:23
127,255,71,1,BORROW,5,1157.604093,1542.0837617358,1157.604093,2025-01-03 08:14:10
128,257,665,1,DEPOSIT,1,4708.453584,4708.453584,,2025-01-03 08:51:35
129,258,981,4,DEPOSIT,2,62.812035,62.812035,,2025-01-03 08:53:32
130,261,877,4,DEPOSIT,3,24.511869,24.511869,,2025-01-03 09:16:08
131,263,256,2,DEPOSIT,4,9652.546743,9652.546743,,2025-01-03 09:30:16
132,266,455,2,WITHDRAW,2,3898.218204,,,2025-01-03 09:37:10
133,267,679,3,BORROW,4,4430.763109,10228.3885131888,4430.763109,2025-01-03 09:52:25
134,268,63,3,WITHDRAW,4,2046.36039,,,2025-01-03 09:53:43
135,269,287,4,BORROW,1,7878.38271,14229.0953831281,7878.38271,2025-01-03 10:09:01
136,271,927,4,BORROW,2,3907.358329,9726.9700339754,3907.358329,2025-01-03 10:37:11
137,272,957,3,BORROW,3,5268.079497,12968.2243819944,5268.079497,2025-01-03 10:47:32
138,273,529,1,DEPOSIT,1,5675.887116,5675.887116,,2025-01-03 11:01:22
139,274,259,2,DEPOSIT,5,6278.918162,6278.918162,,2025-01-03 11:20:54
140,276,751,3,DEPOSIT,3,5866.061637,5866.061637,,2025-01-03 11:30:53
141,279,918,1,BORROW,4,2129.097578,3406.2734565015,2129.097578,2025-01-03 12:06:26
142,282,96,2,DEPOSIT,5,451.26384,451.26384,,2025-01-03 12:33:31
143,284,103,2,BORROW,5,9255.629514,22991.4732174938,9255.629514,2025-01-03 13:10:53
144,286,282,1,WITHDRAW,2,7327.077869,,,2025-01-03 13:56:37
145,287,303,2,DEPOSIT,2,324.594096,324.594096,,2025-01-03 14:00:14
146,288,643,2,DEPOSIT,4,6882.292115,6882.292115,,2025-01-03 14:54:00
147,290,426,2,BORROW,2,2734.787002,6362.3738291837,2734.787002,2025-01-03 15:11:56
148,291,544,3,WITHDRAW,5,8865.018127,,,2025-01-03 15:29:41
149,295,491,1,DEPOSIT,2,5184.364784,5184.364784,,2025-01-03 16:00:06
150,298,823,2,DEPOSIT,1,6252.152067,6252.152067,,2025-01-03 16:46:47
151,300,799,1,BORROW,1,927.974598,1617.8481434452,927.974598,2025-01-03 17:36:14
152,301,600,4,BORROW,2,9535.577681,14384.7067375102,9535.577681,2025-01-03 17:38:13
153,302,664,1,DEPOSIT,5,7195.061824,7195.061824,,2025-01-03 17:46:48
154,305,808,4,REPAY,1,4209.088194,,4209.088194,2025-01-03 18:06:54
155,310,791,2,DEPOSIT,5,1266.409134,1266.409134,,2025-01-03 18:58:25
156,312,641,4,WITHDRAW,2,4989.487764,,,2025-01-03 19:51:15
157,314,634,3,DEPOSIT,5,4082.335707,4082.335707,,2025-01-03 20:42:06
158,316,474,4,WITHDRAW,3,1575.15339,,,2025-01-03 21:37:05
159,318,301,1,BORROW,1,4751.337301,7425.1624029641,4751.337301,2025-01-03 21:52:47
160,319,298,1,BORROW,5,7743.165279,11108.5062010076,7743.165279,2025-01-03 21:58:17
161,322,214,3,WITHDRAW,2,5875.344345,,,2025-01-03 23:06:05
162,323,228,1,WITHDRAW,1,7115.942278,,,2025-01-03 23:27:36
163,324,807,2,BORROW,1,2486.85359,4466.3872886048,2486.85359,2025-01-03 23:36:47
164,325,222,2,BORROW,3,488.190342,1115.9730621923,488.190342,2025-01-04 00:17:32
165,326,980,4,BORROW,5,7608.143702,11402.6294992588,7608.143702,2025-01-04 00:22:31
166,328,831,3,BORROW,1,7808.466863,11412.6006403253,7808.466863,2025-01-04 00:50:33
167,333,28,2,DEPOSIT,4,1714.300879,1714.300879,,2025-01-04 01:18:55
168,334,518,4,BORROW,2,2822.694665,5156.7538612943,2822.694665,2025-01-04 01:51:59
169,335,957,2,REPAY,3,2990.753101,,2990.753101,2025-01-04 01:58:51
170,336,376,2,DEPOSIT,3,4928.831543,4928.831543,,2025-01-04 02:01:50
171,337,762,1,BORROW,1,7488.794841,12207.6958179139,7488.794841,2025-01-04 02:13:36
172,338,44,2,REPAY,1,4060.039661,,4060.039661,2025-01-04 02:14:23
173,339,893,1,REPAY,4,1147.004367,,1147.004367,2025-01-04 02:44:40
174,340,787,3,BORROW,3,615.315511,925.1321030955,615.315511,2025-01-04 03:06:58
175,341,586,4,BORROW,4,7654.214636,10950.3981153177,7654.214636,2025-01-04 03:14:35
176,343,541,3,DEPOSIT,3,2381.882479,2381.882479,,2025-01-04 03:30:12
177,344,542,2,BORROW,1,2414.099827,3216.0796795973,2414.099827,2025-01-04 03:35:24
178,347,613,4,DEPOSIT,4,8697.104116,8697.104116,,2025-01-04 03:52:35
179,348,620,1,DEPOSIT,4,8892.62232,8892.62232,,2025-01-04 03:58:29
180,349,594,2,WITHDRAW,2,3310.234543,,,2025-01-04 04:30:53
181,350,909,2,DEPOSIT,2,8906.491377,8906.491377,,2025-01-04 04:33:10
182,351,840,4,DEPOSIT,4,5643.512225,5643.512225,,2025-01-04 05:11:14
183,352,717,4,BORROW,5,1634.508081,3208.660208429,1634.508081,2025-01-04 05:18:19
184,353,996,2,DEPOSIT,2,3101.922547,3101.922547,,2025-01-04 05:30:10
185,354,622,3,DEPOSIT,5,6505.393982,6505.393982,,2025-01-04 05:32:01
186,356,121,4,WITHDRAW,5,3419.983902,,,2025-01-04 05:46:41
187,358,388,1,DEPOSIT,2,5622.32267,5622.32267,,2025-01-04 05:56:58
188,359,703,3,DEPOSIT,5,5719.355098,5719.355098,,2025-01-04 06:43:03
189,363,207,3,BORROW,2,8253.249377,18548.2203690924,8253.249377,2025-01-04 08:28:06
190,364,68,3,BORROW,1,893.033908,1413.5159499903,893.033908,2025-01-04 08:59:37
191,365,330,2,REPAY,2,5366.094892,,5366.094892,2025-01-04 09:02:49
192,367,401,2,DEPOSIT,4,7262.951897,7262.951897,,2025-01-04 09:45:57
193,368,611,1,BORROW,1,7484.043893,11666.5522172218,7484.043893,2025-01-04 10:14:57
194,371,960,2,WITHDRAW,3,2034.159531,,,2025-01-04 10:48:36
195,373,769,2,WITHDRAW,3,4682.599818,,,2025-01-04 11:29:27
196,377,111,2,WITHDRAW,4,9152.553589,,,2025-01-04 12:19:41
197,378,95,2,WITHDRAW,5,1032.356231,,,2025-01-04 12:29:40
198,379,430,3,BORROW,5,7372.024917,13288.1311774345,7372.024917,2025-01-04 13:37:14
199,385,676,4,DEPOSIT,5,9371.217037,9371.217037,,2025-01-04 14:58:51
200,386,751,1,DEPOSIT,2,9817.203394,9817.203394,,2025-01-04 15:14:03
201,387,468,3,WITHDRAW,5,2359.839646,,,2025-01-04 15:14:11
202,388,560,1,WITHDRAW,2,8510.21587,,,2025-01-04 15:14:27
203,390,621,1,DEPOSIT,5,6476.234839,6476.234839,,2025-01-04 15:38:39
204,391,520,4,WITHDRAW,1,925.740445,,,2025-01-04 15:50:24
205,393,987,4,DEPOSIT,4,6108.214965,6108.214965,,2025-01-04 16:15:16
206,396,378,1,BORROW,3,6669.344116,15019.4765404976,6669.344116,2025-01-04 16:50:24
207,397,391,1,REPAY,4,983.581114,,983.581114,2025-01-04 16:54:41
208,399,404,3,REPAY,5,439.012564,,439.012564,2025-01-04 18:23:20
209,402,495,2,WITHDRAW,4,9686.593656,,,2025-01-04 19:28:19
210,411,822,1,BORROW,1,7785.703702,18481.9616442174,7785.703702,2025-01-04 20:52:16
211,412,971,4,DEPOSIT,5,5619.241109,5619.241109,,2025-01-04 21:20:20
212,413,490,2,BORROW,3,2426.598379,3176.8591279105,2426.598379,2025-01-04 21:27:02
213,414,357,4,WITHDRAW,3,4166.670222,,,2025-01-04 21:34:12
214,415,519,4,DEPOSIT,5,2802.585442,2802.585442,,2025-01-04 21:42:25
215,417,325,2,WITHDRAW,3,5025.291322,,,2025-01-04 22:17:31
216,418,991,1,DEPOSIT,3,1369.891482,1369.891482,,2025-01-04 23:04:27
217,419,821,2,BORROW,2,820.206873,1365.0359491477,820.206873,2025-01-04 23:04:53
218,421,535,2,BORROW,4,6851.749887,15797.3127030609,6851.749887,2025-01-05 00:32:35
219,424,757,2,WITHDRAW,3,9497.534535,,,2025-01-05 00:48:49
220,425,178,2,WITHDRAW,1,1912.332946,,,2025-01-05 00:58:02
221,429,267,4,REPAY,3,11.868003,,11.868003,2025-01-05 02:12:46
222,430,334,4,BORROW,1,3885.886552,9125.5146952679,3885.886552,2025-01-05 02:24:56
223,431,402,1,WITHDRAW,4,6457.748812,,,2025-01-05 02:34:35
224,432,204,2,DEPOSIT,2,9567.343121,9567.343121,,2025-01-05 02:50:09
225,433,159,2,REPAY,5,1197.914491,,1197.914491,2025-01-05 02:51:41
226,434,819,3,WITHDRAW,1,2370.357914,,,2025-01-05 03:07:09
227,435,333,2,DEPOSIT,2,3208.834996,3208.834996,,2025-01-05 03:13:01
228,437,260,1,WITHDRAW,4,1812.800067,,,2025-01-05 03:55:58
229,439,611,1,REPAY,4,2191.428899,,2191.428899,2025-01-05 04:07:13
230,440,594,2,WITHDRAW,5,1315.3766,,,2025-01-05 04:08:36
231,441,101,4,BORROW,3,7319.110576,17372.9256106877,7319.110576,2025-01-05 04:09:36
232,442,178,3,BORROW,1,7633.867954,17619.9490676831,7633.867954,2025-01-05 04:30:14
233,447,585,2,WITHDRAW,1,6432.687578,,,2025-01-05 05:35:46
234,450,512,4,WITHDRAW,2,493.680463,,,2025-01-05 05:56:39
235,451,162,4,DEPOSIT,4,4670.862617,4670.862617,,2025-01-05 06:07:17
236,454,220,2,BORROW,5,4371.340663,9747.5987937459,4371.340663,2025-01-05 06:41:53
237,455,184,1,WITHDRAW,3,1504.821424,,,2025-01-05 07:03:51
238,456,292,4,BORROW,5,6290.949091,13825.3170074295,6290.949091,2025-01-05 07:08:14
239,458,718,4,WITHDRAW,3,8398.064161,,,2025-01-05 08:18:52
240,460,844,2,LIQUIDATION,1,8819.386941,9196.2809318801,8819.386941,2025-01-05 08:45:56
241,464,739,1,REPAY,5,2992.578226,,2992.578226,2025-01-05 09:44:39
242,466,8,1,DEPOSIT,3,2504.477424,2504.477424,,2025-01-05 09:57:15
243,467,927,3,REPAY,4,1878.932257,,1878.932257,2025-01-05 10:00:50
244,468,454,3,DEPOSIT,3,2857.585642,2857.585642,,2025-01-05 10:24:44
245,469,862,4,BORROW,3,4398.430229,9354.0014841479,4398.430229,2025-01-05 10:55:15
246,471,103,4,REPAY,1,2273.98712,,2273.98712,2025-01-05 11:18:44
247,472,100,1,REPAY,4,2266.065283,,2266.065283,2025-01-05 11:21:56
248,475,180,1,BORROW,2,272.553132,550.8111443056,272.553132,2025-01-05 11:49:56
249,477,204,4,WITHDRAW,2,1574.278857,,,2025-01-05 12:00:33
250,479,717,3,REPAY,1,756.263851,,756.263851,2025-01-05 12:24:52
251,480,642,1,DEPOSIT,1,4474.844501,4474.844501,,2025-01-05 13:05:26
252,481,259,2,BORROW,3,5484.392075,10821.1228181379,5484.392075,2025-01-05 13:09:11
253,482,577,1,WITHDRAW,3,3157.319284,,,2025-01-05 13:12:02
254,484,842,4,WITHDRAW,5,6392.42714,,,2025-01-05 14:21:07
255,485,450,3,WITHDRAW,4,1029.533632,,,2025-01-05 14:22:53
256,487,448,3,DEPOSIT,5,5832.810746,5832.810746,,2025-01-05 14:27:07
257,488,16,2,BORROW,3,8845.907432,14426.1571468906,8845.907432,2025-01-05 14:32:37
258,489,220,2,REPAY,5,852.945034,,852.945034,2025-01-05 14:41:48
259,490,682,1,DEPOSIT,3,8497.697463,8497.697463,,2025-01-05 15:25:47
260,491,819,4,BORROW,3,9018.241358,13453.3356023678,9018.241358,2025-01-05 15:31:43
261,492,986,3,BORROW,5,9285.253386,14177.689641504,9285.253386,2025-01-05 15:47:11
262,493,73,3,WITHDRAW,3,5355.68844,,,2025-01-05 15:51:07
263,497,524,3,DEPOSIT,5,7916.718236,7916.718236,,2025-01-05 16:48:43
264,498,517,4,DEPOSIT,4,6649.188436,6649.188436,,2025-01-05 16:58:50
265,499,235,4,REPAY,1,186.6977,,186.6977,2025-01-05 16:59:12
266,501,472,2,WITHDRAW,4,2935.570234,,,2025-01-05 18:28:12
267,502,719,4,WITHDRAW,4,5472.516412,,,2025-01-05 18:54:25
268,505,588,4,DEPOSIT,3,5331.707387,5331.707387,,2025-01-05 19:11:42
269,506,447,4,BORROW,3,4847.283643,11980.6922539695,4847.283643,2025-01-05 19:33:21
270,508,918,2,REPAY,3,2126.37465,,2126.37465,2025-01-05 20:00:16
271,509,239,1,BORROW,4,3483.117263,7909.0690928388,3483.117263,2025-01-05 20:05:55
272,513,919,2,DEPOSIT,5,7004.94412,7004.94412,,2025-01-05 21:51:33
273,514,646,1,BORROW,5,8676.357655,12524.9627941019,8676.357655,2025-01-05 21:53:08
274,516,404,2,DEPOSIT,5,6991.81866,6991.81866,,2025-01-05 22:14:30
275,518,51,2,BORROW,5,7251.577729,9395.7600982629,7251.577729,2025-01-05 22:29:02
276,519,800,2,BORROW,3,7000.209828,15153.06146308,7000.209828,2025-01-05 22:37:48
277,520,117,4,BORROW,1,6859.38395,8792.5216580944,6859.38395,2025-01-05 23:00:11
278,521,771,4,WITHDRAW,2,3150.736208,,,2025-01-05 23:29:31
279,523,667,3,WITHDRAW,3,1797.486136,,,2025-01-05 23:40:46
280,524,699,4,DEPOSIT,5,4319.086652,4319.086652,,2025-01-05 23:56:13
281,525,269,3,BORROW,3,4293.547746,10447.3995101462,4293.547746,2025-01-06 00:07:51
282,528,875,3,DEPOSIT,3,551.382099,551.382099,,2025-01-06 00:45:53
283,530,186,4,DEPOSIT,4,6942.556802,6942.556802,,2025-01-06 00:59:32
284,533,486,4,BORROW,4,7138.573822,11060.9605003554,7138.573822,2025-01-06 01:27:44
285,534,82,3,LIQUIDATION,5,10735.409056,8802.6487376472,10735.409056,2025-01-06 01:33:45
286,536,748,1,BORROW,2,2118.520365,2855.8525980884,2118.520365,2025-01-06 02:12:53
287,539,770,3,LIQUIDATION,3,8423.603163,7952.8138774858,8423.603163,2025-01-06 02:29:32
288,540,275,3,BORROW,4,3124.480518,5259.7477700802,3124.480518,2025-01-06 02:47:07
289,541,758,1,BORROW,2,1202.896234,2696.1768496843,1202.896234,2025-01-06 02:49:03
290,543,249,4,DEPOSIT,2,1705.513163,1705.513163,,2025-01-06 02:52:09
291,544,389,3,WITHDRAW,4,7145.025595,,,2025-01-06 03:08:09
292,549,438,2,BORROW,5,8212.5475,18640.2956463685,8212.5475,2025-01-06 05:00:38
293,552,262,4,DEPOSIT,5,9881.838196,9881.838196,,2025-01-06 05:20:44
294,557,512,2,BORROW,2,9835.713805,21455.9290376524,9835.713805,2025-01-06 07:13:05
295,558,729,2,WITHDRAW,2,1220.054585,,,2025-01-06 07:26:15
296,559,180,4,REPAY,5,140.413437,,140.413437,2025-01-06 07:27:38
297,562,327,1,DEPOSIT,1,7863.826187,7863.826187,,2025-01-06 07:55:42
298,564,810,2,BORROW,1,7360.01895,17804.9661040903,7360.01895,2025-01-06 08:52:29
299,566,855,1,BORROW,1,4415.525421,7325.5930940622,4415.525421,2025-01-06 09:06:38
300,567,276,4,BORROW,1,9169.784749,15159.2496283845,9169.784749,2025-01-06 09:38:34
301,568,721,3,WITHDRAW,2,25.840604,,,2025-01-06 09:53:47
302,569,629,4,WITHDRAW,3,429.157077,,,2025-01-06 09:58:57
303,572,580,4,BORROW,5,7837.733888,18654.1838311873,7837.733888,2025-01-06 10:23:09
304,578,288,4,BORROW,5,9405.657294,12543.7822172313,9405.657294,2025-01-06 12:13:48
305,580,376,1,BORROW,2,8250.74421,14045.7761169722,8250.74421,2025-01-06 12:33:07
306,583,420,4,BORROW,1,1799.602988,2449.4050826373,1799.602988,2025-01-06 13:04:36
307,585,92,2,DEPOSIT,5,1617.568463,1617.568463,,2025-01-06 13:13:17
308,587,68,1,LIQUIDATION,3,893.033908,747.448111938,893.033908,2025-01-06 14:05:32
309,588,2,1,WITHDRAW,1,3156.683859,,,2025-01-06 14:17:36
310,593,286,1,DEPOSIT,4,9593.768301,9593.768301,,2025-01-06 14:58:30
311,594,486,1,LIQUIDATION,3,7138.573822,8129.801889558,7138.573822,2025-01-06 15:06:56
312,595,73,1,BORROW,3,1621.917782,2504.8738082997,1621.917782,2025-01-06 15:20:27
313,597,449,3,DEPOSIT,2,8714.857554,8714.857554,,2025-01-06 15:41:48
314,600,817,4,WITHDRAW,3,9150.894958,,,2025-01-06 16:11:00
315,601,457,4,WITHDRAW,1,3607.45978,,,2025-01-06 16:21:26
316,603,333,3,BORROW,4,7333.136716,15090.7353687583,7333.136716,2025-01-06 16:33:50
317,605,704,3,BORROW,3,7071.180061,12902.6159596268,7071.180061,2025-01-06 17:17:27
318,606,720,3,DEPOSIT,4,9194.578769,9194.578769,,2025-01-06 17:19:15
319,607,86,2,WITHDRAW,1,1830.586434,,,2025-01-06 17:23:50
320,608,580,1,BORROW,4,881.505105,1219.2329471351,881.505105,2025-01-06 17:24:08
321,609,953,3,WITHDRAW,5,4407.143952,,,2025-01-06 17:25:19
322,610,290,1,BORROW,4,7673.351189,15416.105422766,7673.351189,2025-01-06 17:28:07
323,611,610,3,WITHDRAW,5,6442.693858,,,2025-01-06 17:34:54
324,612,68,3,BORROW,4,9578.186969,18059.3473317035,9578.186969,2025-01-06 17:44:14
325,613,13,1,BORROW,5,129.741534,304.8398270215,129.741534,2025-01-06 17:46:51
326,614,439,3,BORROW,5,737.653705,1318.4676866092,737.653705,2025-01-06 18:03:56
327,615,97,2,WITHDRAW,3,9598.845105,,,2025-01-06 18:15:23
328,618,76,3,DEPOSIT,4,450.447426,450.447426,,2025-01-06 18:42:19
329,619,513,2,BORROW,2,6655.902348,10176.736610736,6655.902348,2025-01-06 19:31:49
330,621,161,2,BORROW,1,1690.733114,3930.242136596,1690.733114,2025-01-06 19:43:03
331,628,557,1,WITHDRAW,2,1718.209324,,,2025-01-06 21:47:51
332,633,70,4,WITHDRAW,1,7230.6661,,,2025-01-07 00:01:34
333,634,109,3,REPAY,2,3336.366776,,3336.366776,2025-01-07 00:13:33
334,636,726,2,BORROW,3,4839.627084,8896.7703118729,4839.627084,2025-01-07 00:51:10
335,637,222,2,LIQUIDATION,4,488.190342,567.9350395247,488.190342,2025-01-07 01:12:14
336,641,286,1,DEPOSIT,5,669.729527,669.729527,,2025-01-07 01:44:46
337,647,551,2,DEPOSIT,1,9906.776776,9906.776776,,2025-01-07 03:15:35
338,650,283,4,BORROW,4,1705.803358,4124.2522614432,1705.803358,2025-01-07 03:39:37
339,651,962,1,BORROW,4,5060.763394,6473.1128604971,5060.763394,2025-01-07 03:53:42
340,652,993,4,WITHDRAW,4,9540.926628,,,2025-01-07 03:54:20
341,654,294,1,DEPOSIT,3,4415.342956,4415.342956,,2025-01-07 04:16:43
342,655,620,4,DEPOSIT,5,3444.461155,3444.461155,,2025-01-07 04:59:27
343,656,465,2,WITHDRAW,4,4344.060392,,,2025-01-07 05:24:23
344,657,151,3,DEPOSIT,2,9408.975035,9408.975035,,2025-01-07 05:31:20
345,658,155,1,BORROW,5,5384.629333,8378.4021658668,5384.629333,2025-01-07 05:34:17
346,659,633,4,BORROW,5,1560.437187,2547.9323047688,1560.437187,2025-01-07 05:41:09
347,660,729,3,DEPOSIT,4,2213.825366,2213.825366,,2025-01-07 05:46:04
348,661,138,4,WITHDRAW,3,9741.342074,,,2025-01-07 06:06:17
349,662,374,2,BORROW,2,2681.346251,6232.671713306,2681.346251,2025-01-07 06:08:36
350,663,707,3,BORROW,1,8498.560932,17879.9024662474,8498.560932,2025-01-07 06:12:02
351,664,737,3,WITHDRAW,4,4998.801088,,,2025-01-07 06:12:16
352,665,917,2,WITHDRAW,3,3611.321166,,,2025-01-07 06:22:22
353,667,130,3,BORROW,3,3762.396981,8208.2751582427,3762.396981,2025-01-07 06:33:31
354,668,948,1,DEPOSIT,3,8149.511817,8149.511817,,2025-01-07 06:38:02
355,670,14,2,WITHDRAW,2,3685.747837,,,2025-01-07 06:54:52
356,671,395,1,BORROW,3,9977.192857,15060.0484540113,9977.192857,2025-01-07 07:08:40
357,672,201,1,WITHDRAW,4,3016.964295,,,2025-01-07 07:45:10
358,675,82,4,BORROW,5,1014.543058,2354.4913653101,1014.543058,2025-01-07 08:05:33
359,676,215,2,WITHDRAW,3,4335.126254,,,2025-01-07 08:16:29
360,677,274,1,DEPOSIT,4,1133.161881,1133.161881,,2025-01-07 08:22:12
361,678,957,4,REPAY,5,1860.505915,,1860.505915,2025-01-07 08:27:32
362,679,927,4,REPAY,5,933.632797,,933.632797,2025-01-07 08:49:30
363,680,4,1,BORROW,1,9257.503715,16806.7200761281,9257.503715,2025-01-07 09:02:52
364,682,943,2,WITHDRAW,2,666.468683,,,2025-01-07 09:20:00
365,686,590,3,WITHDRAW,2,1286.92699,,,2025-01-07 11:23:34
366,687,915,2,DEPOSIT,2,1698.069819,1698.069819,,2025-01-07 11:42:53
367,689,708,3,WITHDRAW,2,2262.763419,,,2025-01-07 12:10:09
368,691,983,2,BORROW,5,8314.672525,12909.5229005849,8314.672525,2025-01-07 12:28:36
369,692,504,1,BORROW,4,3606.785526,6737.5127370155,3606.785526,2025-01-07 12:37:51
370,694,446,3,DEPOSIT,5,7795.713503,7795.713503,,2025-01-07 13:18:54
371,695,269,2,REPAY,2,976.657415,,976.657415,2025-01-07 13:19:58
372,696,650,3,BORROW,5,2612.18744,3543.5565233131,2612.18744,2025-01-07 13:25:01
373,698,188,2,DEPOSIT,3,3722.19036,3722.19036,,2025-01-07 13:45:05
374,699,919,1,DEPOSIT,2,8552.28506,8552.28506,,2025-01-07 13:54:00
375,707,831,2,REPAY,4,5465.904744,,5465.904744,2025-01-07 16:03:14
376,708,99,2,BORROW,1,3144.061889,7675.4190888014,3144.061889,2025-01-07 16:31:28
377,709,734,4,WITHDRAW,4,5324.483224,,,2025-01-07 16:49:00
378,711,789,4,LIQUIDATION,4,512.434873,441.702076546,512.434873,2025-01-07 17:32:26
379,712,348,4,WITHDRAW,5,6490.995939,,,2025-01-07 17:39:46
380,713,959,3,BORROW,5,2109.851455,2892.4281168695,2109.851455,2025-01-07 17:50:47
381,715,163,3,BORROW,1,8437.43255,20702.9469546051,8437.43255,2025-01-07 18:18:14
382,718,946,4,BORROW,1,8180.535828,17713.8351262476,8180.535828,2025-01-07 19:50:02
383,721,904,4,DEPOSIT,2,2235.174207,2235.174207,,2025-01-07 20:47:57
384,723,437,3,WITHDRAW,3,9162.489746,,,2025-01-07 21:06:42
385,725,896,3,WITHDRAW,2,7093.276433,,,2025-01-07 21:54:30
386,726,627,2,BORROW,5,7554.51681,10064.477054918,7554.51681,2025-01-07 21:58:41
387,730,277,4,REPAY,1,1371.375492,,1371.375492,2025-01-07 22:34:55
388,731,780,3,BORROW,3,9002.454029,15611.2056900046,9002.454029,2025-01-07 22:59:20
389,734,29,1,BORROW,3,1449.968159,1972.9903514893,1449.968159,2025-01-07 23:09:19
390,735,342,4,WITHDRAW,5,1911.242714,,,2025-01-07 23:41:03
391,741,811,3,DEPOSIT,2,3820.476676,3820.476676,,2025-01-08 02:20:49
392,742,825,4,DEPOSIT,4,8893.793032,8893.793032,,2025-01-08 02:35:21
393,743,39,2,WITHDRAW,1,2291.525118,,,2025-01-08 02:37:33
394,744,49,3,WITHDRAW,5,4227.021825,,,2025-01-08 02:49:50
395,745,748,2,BORROW,2,5251.108236,10040.6144990955,5251.108236,2025-01-08 03:07:57
396,746,140,4,BORROW,3,5778.807379,11832.675050698,5778.807379,2025-01-08 03:10:45
397,747,236,3,BORROW,2,4142.085627,7456.5184332847,4142.085627,2025-01-08 03:11:33
398,748,687,1,DEPOSIT,3,4381.020517,4381.020517,,2025-01-08 03:20:17
399,749,625,1,WITHDRAW,2,1743.872171,,,2025-01-08 03:28:55
400,750,965,3,WITHDRAW,5,8162.486692,,,2025-01-08 03:51:44
401,751,734,2,DEPOSIT,1,5406.435787,5406.435787,,2025-01-08 04:17:36
402,752,760,1,WITHDRAW,1,4547.646658,,,2025-01-08 04:26:59
403,753,136,1,BORROW,3,4449.53144,9105.5410486905,4449.53144,2025-01-08 04:27:00
404,755,424,2,DEPOSIT,5,9257.33649,9257.33649,,2025-01-08 04:30:45
405,756,233,4,WITHDRAW,2,6292.933848,,,2025-01-08 04:37:53
406,758,937,4,DEPOSIT,2,2498.546706,2498.546706,,2025-01-08 05:43:11
407,761,939,1,WITHDRAW,4,8630.909089,,,2025-01-08 06:09:51
408,765,386,4,DEPOSIT,3,8501.473812,8501.473812,,2025-01-08 06:22:54
409,766,2,3,WITHDRAW,2,2951.332153,,,2025-01-08 06:36:09
410,768,881,3,BORROW,4,806.577263,1621.0387996514,806.577263,2025-01-08 07:19:39
411,773,74,2,WITHDRAW,4,429.9947,,,2025-01-08 08:19:36
412,776,639,3,DEPOSIT,5,979.989463,979.989463,,2025-01-08 08:39:29
413,779,768,3,DEPOSIT,1,5387.880797,5387.880797,,2025-01-08 10:24:15
414,780,512,1,REPAY,1,7742.85414,,7742.85414,2025-01-08 10:24:31
415,781,551,3,BORROW,3,7525.758344,17595.5815634197,7525.758344,2025-01-08 10:25:55
416,783,336,3,WITHDRAW,4,9457.858477,,,2025-01-08 10:48:01
417,784,122,3,DEPOSIT,2,6588.454991,6588.454991,,2025-01-08 11:25:52
418,785,447,2,REPAY,2,559.361868,,559.361868,2025-01-08 11:28:43
419,786,627,3,REPAY,1,5737.391342,,5737.391342,2025-01-08 11:55:04
420,787,717,4,REPAY,5,209.093987,,209.093987,2025-01-08 12:42:04
421,788,628,2,DEPOSIT,1,5141.735784,5141.735784,,2025-01-08 12:44:22
422,792,567,2,WITHDRAW,5,6603.247736,,,2025-01-08 13:42:37
423,793,462,4,DEPOSIT,2,7565.302261,7565.302261,,2025-01-08 13:55:24
424,794,865,4,WITHDRAW,5,6735.01771,,,2025-01-08 14:02:30
425,795,496,3,DEPOSIT,5,6353.647383,6353.647383,,2025-01-08 14:08:53
426,800,667,2,BORROW,3,162.112055,235.5087788053,162.112055,2025-01-08 14:55:32
427,804,155,4,REPAY,4,4239.574065,,4239.574065,2025-01-08 15:51:44
428,805,97,2,BORROW,4,3149.674163,5791.2152361737,3149.674163,2025-01-08 16:01:47
429,807,908,1,BORROW,5,4506.012881,7245.4014255938,4506.012881,2025-01-08 16:30:54
430,808,422,1,WITHDRAW,3,7647.053731,,,2025-01-08 16:35:03
431,809,576,4,BORROW,5,3139.235916,6202.6292704711,3139.235916,2025-01-08 17:13:31
432,815,259,1,REPAY,2,3294.220746,,3294.220746,2025-01-08 17:58:09
433,817,854,3,WITHDRAW,5,4165.780465,,,2025-01-08 18:08:11
434,823,961,3,BORROW,4,6686.125014,14275.8389186098,6686.125014,2025-01-08 19:36:05
435,827,31,4,BORROW,3,9017.58911,15084.7278526544,9017.58911,2025-01-08 20:22:12
436,828,334,3,REPAY,4,985.65594,,985.65594,2025-01-08 20:27:18
437,831,70,2,DEPOSIT,2,6336.740228,6336.740228,,2025-01-08 21:24:02
438,833,176,2,BORROW,3,6844.551704,15473.2175966704,6844.551704,2025-01-08 21:40:14
439,834,104,4,WITHDRAW,3,3688.7515,,,2025-01-08 22:00:54
440,835,939,3,BORROW,1,3154.286864,5121.0475897595,3154.286864,2025-01-08 22:06:11
441,837,115,3,WITHDRAW,1,5810.003785,,,2025-01-08 22:33:25
442,838,267,2,BORROW,3,4934.470865,11502.7474885431,4934.470865,2025-01-08 22:51:18
443,845,956,1,WITHDRAW,5,9869.499922,,,2025-01-08 23:46:46
444,848,592,3,BORROW,2,1720.88573,3197.8374947965,1720.88573,2025-01-09 01:49:30
445,849,680,3,WITHDRAW,2,3904.725801,,,2025-01-09 01:55:08
446,850,305,4,WITHDRAW,5,5832.560866,,,2025-01-09 02:31:37
447,851,380,3,WITHDRAW,3,7544.794881,,,2025-01-09 02:40:37
448,853,919,2,DEPOSIT,1,2999.404891,2999.404891,,2025-01-09 02:55:28
449,854,881,3,REPAY,1,625.542195,,625.542195,2025-01-09 03:04:43
450,855,831,4,REPAY,2,1280.692226,,1280.692226,2025-01-09 03:25:42
451,856,536,2,BORROW,2,6418.13368,9566.3240242866,6418.13368,2025-01-09 03:31:37
452,858,82,2,WITHDRAW,1,8335.611188,,,2025-01-09 03:42:11
453,859,324,4,BORROW,4,5893.491048,8922.2155821378,5893.491048,2025-01-09 04:02:38
454,861,13,1,BORROW,4,7486.67515,15753.7949534001,7486.67515,2025-01-09 04:36:02
455,862,599,2,BORROW,2,8543.029658,20170.4216211754,8543.029658,2025-01-09 04:37:46
456,864,548,1,WITHDRAW,1,2841.236577,,,2025-01-09 04:49:10
457,867,634,3,BORROW,1,5491.071446,11736.5357262685,5491.071446,2025-01-09 05:23:35
458,868,441,4,BORROW,3,6690.025401,11085.950565631,6690.025401,2025-01-09 05:40:20
459,869,841,4,BORROW,5,5724.188223,13660.8154180187,5724.188223,2025-01-09 06:08:35
460,872,937,1,BORROW,2,3839.338793,5690.979738782,3839.338793,2025-01-09 06:52:57
461,873,700,1,BORROW,1,6272.173254,9712.7851029392,6272.173254,2025-01-09 06:53:02
462,874,210,4,WITHDRAW,3,8284.072512,,,2025-01-09 06:58:45
463,876,214,1,WITHDRAW,5,2640.338258,,,2025-01-09 07:31:48
464,877,542,2,REPAY,3,2254.548362,,2254.548362,2025-01-09 08:44:58
465,879,178,4,REPAY,3,6021.096466,,6021.096466,2025-01-09 09:04:01
466,881,127,4,WITHDRAW,1,8062.380543,,,2025-01-09 09:52:26
467,882,776,1,BORROW,3,2110.641226,2698.2888511011,2110.641226,2025-01-09 10:00:39
468,883,536,4,BORROW,4,6553.805786,12858.0584646782,6553.805786,2025-01-09 10:26:13
469,885,620,3,BORROW,1,2010.71372,4950.644285284,2010.71372,2025-01-09 10:38:27
470,886,24,4,BORROW,2,1419.078602,2967.4293788592,1419.078602,2025-01-09 11:29:28
471,887,947,2,DEPOSIT,2,8945.442385,8945.442385,,2025-01-09 11:44:50
472,892,589,2,BORROW,2,3794.623646,6320.7946734478,3794.623646,2025-01-09 12:21:48
473,894,53,4,BORROW,3,5305.820598,12326.9369299254,5305.820598,2025-01-09 12:36:40
474,895,487,4,BORROW,5,4541.643042,10303.1305139732,4541.643042,2025-01-09 12:37:01
475,898,62,2,BORROW,2,3402.029696,4226.1107015284,3402.029696,2025-01-09 13:06:47
476,900,390,1,DEPOSIT,4,6554.308904,6554.308904,,2025-01-09 13:13:53
477,902,172,4,WITHDRAW,1,8344.003533,,,2025-01-09 13:48:38
478,905,751,3,DEPOSIT,1,3057.858189,3057.858189,,2025-01-09 14:12:36
479,906,905,1,BORROW,5,2161.616863,4382.2511382283,2161.616863,2025-01-09 14:26:15
480,908,694,3,WITHDRAW,3,1128.348102,,,2025-01-09 15:25:27
481,909,684,1,BORROW,5,1790.222361,3458.7732577684,1790.222361,2025-01-09 15:30:19
482,910,720,4,DEPOSIT,5,2560.439596,2560.439596,,2025-01-09 15:54:01
483,916,121,3,WITHDRAW,4,2750.467316,,,2025-01-09 16:28:58
484,919,813,4,DEPOSIT,4,2400.33423,2400.33423,,2025-01-09 17:23:05
485,920,534,1,DEPOSIT,1,2528.704444,2528.704444,,2025-01-09 17:38:20
486,926,88,3,DEPOSIT,5,6946.085783,6946.085783,,2025-01-09 18:55:15
487,927,986,2,REPAY,1,6242.752318,,6242.752318,2025-01-09 19:03:56
488,928,372,4,DEPOSIT,3,4117.046947,4117.046947,,2025-01-09 19:07:44
489,930,98,3,BORROW,2,8824.222304,12310.6402524711,8824.222304,2025-01-09 19:47:24
490,931,789,2,BORROW,1,9214.440079,18218.473128941,9214.440079,2025-01-09 19:52:02
491,932,945,4,WITHDRAW,2,1415.976746,,,2025-01-09 19:58:27
492,933,509,4,REPAY,2,487.623391,,487.623391,2025-01-09 20:00:32
493,935,635,3,DEPOSIT,2,1080.75689,1080.75689,,2025-01-09 20:07:26
494,936,644,3,DEPOSIT,3,5648.963533,5648.963533,,2025-01-09 20:26:55
495,938,88,2,BORROW,2,4636.984222,8089.7889565238,4636.984222,2025-01-09 20:38:39
496,939,930,4,WITHDRAW,2,695.751374,,,2025-01-09 20:53:13
497,940,271,4,DEPOSIT,1,7356.931091,7356.931091,,2025-01-09 21:02:57
498,941,835,3,DEPOSIT,3,3824.538316,3824.538316,,2025-01-09 21:03:46
499,943,243,2,BORROW,4,9643.984879,12039.2162828132,9643.984879,2025-01-09 21:13:49
500,944,241,1,BORROW,4,4962.573451,8910.8427222597,4962.573451,2025-01-09 21:20:29
501,945,326,4,DEPOSIT,2,6685.103273,6685.103273,,2025-01-09 21:20:56
502,949,999,4,WITHDRAW,3,9934.28299,,,2025-01-09 22:02:33
503,952,366,4,DEPOSIT,1,6602.648855,6602.648855,,2025-01-09 22:17:22
504,955,295,1,WITHDRAW,2,5287.068541,,,2025-01-09 23:09:01
505,956,24,3,REPAY,1,1223.342279,,1223.342279,2025-01-09 23:17:06
506,958,726,4,REPAY,5,502.218542,,502.218542,2025-01-10 00:42:11
507,959,731,1,WITHDRAW,4,9874.668339,,,2025-01-10 00:42:26
508,960,207,1,REPAY,5,1420.910068,,1420.910068,2025-01-10 00:59:40
509,961,215,2,WITHDRAW,1,1078.30886,,,2025-01-10 01:31:39
510,962,843,1,DEPOSIT,4,7808.9361,7808.9361,,2025-01-10 02:03:56
511,963,906,1,DEPOSIT,3,7220.367822,7220.367822,,2025-01-10 02:29:44
512,970,294,3,DEPOSIT,5,7845.937508,7845.937508,,2025-01-10 05:30:43
513,971,174,2,DEPOSIT,3,7986.04151,7986.04151,,2025-01-10 05:37:43
514,976,373,3,BORROW,5,8938.601557,15902.3083409201,8938.601557,2025-01-10 06:45:36
515,977,767,2,DEPOSIT,2,2892.698394,2892.698394,,2025-01-10 06:55:25
516,978,25,4,BORROW,1,6046.801479,14406.5878028998,6046.801479,2025-01-10 07:30:41
517,980,564,2,DEPOSIT,4,2318.57309,2318.57309,,2025-01-10 07:42:43
518,981,239,3,REPAY,1,401.841617,,401.841617,2025-01-10 07:46:55
519,982,511,4,DEPOSIT,2,5060.587812,5060.587812,,2025-01-10 07:50:27
520,983,983,3,REPAY,5,3233.21408,,3233.21408,2025-01-10 07:55:26
521,984,560,3,WITHDRAW,4,8073.728231,,,2025-01-10 08:23:00
522,987,863,4,DEPOSIT,4,4690.952547,4690.952547,,2025-01-10 09:36:12
523,991,333,1,REPAY,4,1802.469497,,1802.469497,2025-01-10 10:25:53
524,992,404,4,REPAY,2,322.011942,,322.011942,2025-01-10 10:43:49
525,994,969,3,WITHDRAW,2,2090.375734,,,2025-01-10 10:47:38
526,995,709,2,BORROW,5,2257.092275,3660.163830982,2257.092275,2025-01-10 10:50:53
527,996,487,3,REPAY,1,2567.441808,,2567.441808,2025-01-10 10:52:32
528,997,240,2,DEPOSIT,3,2604.485324,2604.485324,,2025-01-10 11:01:40
529,998,967,2,DEPOSIT,4,5781.327945,5781.327945,,2025-01-10 11:34:11
530,1001,79,3,WITHDRAW,2,1480.154153,,,2025-01-10 12:07:35
531,1004,504,2,REPAY,3,2362.838667,,2362.838667,2025-01-10 12:58:58
532,1006,9,2,BORROW,2,392.920961,486.6376331947,392.920961,2025-01-10 13:21:34
533,1015,999,2,WITHDRAW,1,8306.147284,,,2025-01-10 16:00:19
534,1018,373,1,BORROW,1,6684.562641,14512.9751278105,6684.562641,2025-01-10 16:49:16
535,1022,830,3,DEPOSIT,3,8536.535049,8536.535049,,2025-01-10 18:59:01
536,1024,828,2,DEPOSIT,2,7552.979589,7552.979589,,2025-01-10 19:26:21
537,1026,759,2,DEPOSIT,1,8318.21636,8318.21636,,2025-01-10 19:37:23
538,1029,381,1,BORROW,1,3900.914735,8565.1274130571,3900.914735,2025-01-10 20:24:04
539,1030,96,1,WITHDRAW,3,5863.709007,,,2025-01-10 20:35:02
540,1031,235,2,REPAY,4,703.777077,,703.777077,2025-01-10 21:00:12
541,1036,307,4,BORROW,1,4902.633174,9572.6560895652,4902.633174,2025-01-10 22:24:43
542,1038,242,1,REPAY,3,484.513048,,484.513048,2025-01-10 23:19:56
543,1040,776,4,LIQUIDATION,5,2110.641226,2300.1537089691,2110.641226,2025-01-10 23:54:34
544,1044,599,3,REPAY,2,6521.769679,,6521.769679,2025-01-11 00:23:05
545,1048,584,1,BORROW,5,7901.803979,16844.8788048221,7901.803979,2025-01-11 01:20:46
546,1054,410,1,DEPOSIT,4,4745.276219,4745.276219,,2025-01-11 02:47:53
547,1055,224,1,DEPOSIT,3,157.106436,157.106436,,2025-01-11 02:50:08
548,1058,962,3,REPAY,3,4604.967609,,4604.967609,2025-01-11 02:59:31
549,1059,183,3,DEPOSIT,4,4771.321813,4771.321813,,2025-01-11 03:13:09
550,1060,880,3,DEPOSIT,5,1808.806882,1808.806882,,2025-01-11 03:17:03
551,1061,439,1,REPAY,3,413.408688,,413.408688,2025-01-11 03:32:51
552,1064,816,3,BORROW,4,4541.489094,7267.2247890006,4541.489094,2025-01-11 04:32:16
553,1066,288,4,REPAY,5,7153.453727,,7153.453727,2025-01-11 04:37:34
554,1067,981,2,BORROW,3,5058.512129,7951.8758657793,5058.512129,2025-01-11 04:46:33
555,1069,818,4,BORROW,2,5382.942155,9830.5704260295,5382.942155,2025-01-11 05:28:12
556,1071,53,4,REPAY,5,4557.260634,,4557.260634,2025-01-11 06:18:36
557,1072,263,4,WITHDRAW,2,7552.633443,,,2025-01-11 06:22:01
558,1073,801,3,DEPOSIT,1,8166.59947,8166.59947,,2025-01-11 06:24:44
559,1074,62,1,REPAY,2,374.167734,,374.167734,2025-01-11 06:28:38
560,1075,466,1,WITHDRAW,4,2907.65882,,,2025-01-11 06:51:44
561,1081,711,4,WITHDRAW,4,250.463247,,,2025-01-11 07:38:23
562,1082,331,2,WITHDRAW,3,1398.59918,,,2025-01-11 07:43:47
563,1084,192,2,DEPOSIT,4,5783.025537,5783.025537,,2025-01-11 07:56:12
564,1087,475,4,BORROW,1,8241.349472,12513.9055935699,8241.349472,2025-01-11 08:33:37
565,1091,3,2,WITHDRAW,5,9586.314183,,,2025-01-11 10:09:09
566,1092,761,1,DEPOSIT,2,6976.773577,6976.773577,,2025-01-11 10:14:36
567,1093,759,1,BORROW,5,4201.424305,9556.7701895759,4201.424305,2025-01-11 10:27:25
568,1099,425,3,DEPOSIT,3,8426.048599,8426.048599,,2025-01-11 11:47:12
569,1101,283,4,REPAY,1,1609.175224,,1609.175224,2025-01-11 12:00:10
570,1104,432,3,WITHDRAW,3,2700.541761,,,2025-01-11 12:13:58
571,1105,667,4,REPAY,5,147.520549,,147.520549,2025-01-11 12:15:16
572,1106,303,3,WITHDRAW,2,1631.43985,,,2025-01-11 12:20:55
573,1107,20,2,WITHDRAW,2,4590.708191,,,2025-01-11 12:54:27
574,1110,364,1,DEPOSIT,3,7002.124087,7002.124087,,2025-01-11 13:14:23
575,1112,122,4,DEPOSIT,4,2495.209124,2495.209124,,2025-01-11 13:28:04
576,1113,156,4,WITHDRAW,2,394.019315,,,2025-01-11 13:40:31
577,1114,640,1,REPAY,5,670.195028,,670.195028,2025-01-11 13:48:07
578,1115,992,2,WITHDRAW,2,7487.462202,,,2025-01-11 14:00:39
579,1117,990,4,WITHDRAW,5,1777.437927,,,2025-01-11 14:09:56
580,1118,605,2,WITHDRAW,2,2161.20907,,,2025-01-11 14:12:21
581,1120,309,2,BORROW,3,583.67176,1130.0408622834,583.67176,2025-01-11 14:18:05
582,1122,159,1,REPAY,1,330.299589,,330.299589,2025-01-11 14:29:18
583,1123,675,1,WITHDRAW,2,9566.274433,,,2025-01-11 14:36:35
584,1124,874,1,BORROW,3,2255.498852,5527.0346028033,2255.498852,2025-01-11 14:47:18
585,1125,589,4,REPAY,5,831.613531,,831.613531,2025-01-11 14:47:29
586,1128,966,4,DEPOSIT,3,1259.772531,1259.772531,,2025-01-11 15:26:27
587,1129,944,4,WITHDRAW,3,5344.141614,,,2025-01-11 16:27:07
588,1130,374,4,LIQUIDATION,1,2681.346251,3151.8311316827,2681.346251,2025-01-11 16:28:31
589,1132,790,3,BORROW,1,2554.297261,3915.9805343219,2554.297261,2025-01-11 17:13:32
590,1134,14,4,BORROW,4,2044.847991,4102.858641362,2044.847991,2025-01-11 17:50:37
591,1135,359,1,BORROW,4,7599.936389,10155.5239942326,7599.936389,2025-01-11 17:58:48
592,1136,151,1,WITHDRAW,5,5911.955083,,,2025-01-11 18:14:33
593,1137,42,3,WITHDRAW,3,8467.820257,,,2025-01-11 18:21:53
594,1140,800,2,REPAY,2,6142.615433,,6142.615433,2025-01-11 19:21:45
595,1144,292,1,LIQUIDATION,2,6290.949091,6150.50250147,6290.949091,2025-01-11 20:23:55
596,1145,121,2,WITHDRAW,2,1790.328601,,,2025-01-11 20:33:11
597,1146,603,2,DEPOSIT,1,5142.277768,5142.277768,,2025-01-11 20:34:07
598,1151,44,2,WITHDRAW,1,419.852455,,,2025-01-11 21:04:57
599,1152,630,2,BORROW,3,880.721602,1751.2712278422,880.721602,2025-01-11 21:09:27
600,1153,831,3,REPAY,3,635.200319,,635.200319,2025-01-11 21:12:02
601,1154,409,4,DEPOSIT,1,333.162045,333.162045,,2025-01-11 21:12:09
602,1155,163,4,REPAY,5,5993.180043,,5993.180043,2025-01-11 21:13:57
603,1156,286,2,DEPOSIT,1,9186.1534,9186.1534,,2025-01-11 21:30:46
604,1157,66,3,DEPOSIT,5,7294.654706,7294.654706,,2025-01-11 21:30:52
605,1158,498,4,WITHDRAW,2,1806.22178,,,2025-01-11 21:45:42
606,1159,945,1,BORROW,2,1464.892169,3289.9500034659,1464.892169,2025-01-11 21:56:17
607,1162,749,3,DEPOSIT,4,8375.822616,8375.822616,,2025-01-11 23:04:21
608,1163,881,1,LIQUIDATION,1,181.035068,159.4154852796,181.035068,2025-01-11 23:47:50
609,1164,243,1,REPAY,2,6244.278083,,6244.278083,2025-01-11 23:59:59
610,1167,835,3,WITHDRAW,3,8115.089345,,,2025-01-12 00:35:20
611,1168,45,3,DEPOSIT,5,6937.923053,6937.923053,,2025-01-12 01:05:20
612,1169,128,4,DEPOSIT,1,3485.129124,3485.129124,,2025-01-12 01:05:49
613,1170,860,4,DEPOSIT,4,1577.433631,1577.433631,,2025-01-12 01:54:45
614,1171,153,4,BORROW,5,618.095959,1215.7165073419,618.095959,2025-01-12 02:11:30
615,1176,383,2,REPAY,1,2414.74888,,2414.74888,2025-01-12 03:33:25
616,1177,58,2,WITHDRAW,3,979.76747,,,2025-01-12 03:45:04
617,1181,978,1,BORROW,4,7742.767705,12413.0638682921,7742.767705,2025-01-12 04:32:49
618,1183,191,4,REPAY,4,699.210476,,699.210476,2025-01-12 04:55:22
619,1185,191,4,DEPOSIT,4,3766.860004,3766.860004,,2025-01-12 05:24:47
620,1186,170,2,WITHDRAW,5,2246.10544,,,2025-01-12 05:51:40
621,1187,48,1,BORROW,2,5794.793332,13490.2049750953,5794.793332,2025-01-12 05:56:18
622,1188,632,3,BORROW,2,3004.017304,4156.5375390093,3004.017304,2025-01-12 06:21:46
623,1189,73,1,REPAY,5,1329.527981,,1329.527981,2025-01-12 07:09:35
624,1195,817,3,BORROW,5,1777.710607,2657.2780263241,1777.710607,2025-01-12 09:12:30
625,1196,295,4,BORROW,1,7931.745509,19059.2045823919,7931.745509,2025-01-12 09:18:43
626,1197,508,4,DEPOSIT,4,7817.197231,7817.197231,,2025-01-12 09:42:40
627,1198,431,1,BORROW,5,8434.387847,19310.3415799797,8434.387847,2025-01-12 09:48:20
628,1199,41,2,BORROW,4,8068.017517,16763.9084757706,8068.017517,2025-01-12 10:05:11
629,1203,604,1,WITHDRAW,3,8669.086351,,,2025-01-12 11:38:28
630,1204,147,3,DEPOSIT,4,2172.617662,2172.617662,,2025-01-12 11:43:03
631,1206,77,3,WITHDRAW,3,5628.224957,,,2025-01-12 12:11:45
632,1207,717,4,LIQUIDATION,4,669.150243,791.0213974925,669.150243,2025-01-12 12:17:32
633,1208,198,4,WITHDRAW,3,3008.710414,,,2025-01-12 12:26:11
634,1209,408,1,DEPOSIT,4,8473.974986,8473.974986,,2025-01-12 12:37:39
635,1210,989,4,BORROW,4,672.304873,1670.9863918398,672.304873,2025-01-12 12:47:11
636,1213,397,2,LIQUIDATION,5,1330.911689,1357.7124191117,1330.911689,2025-01-12 13:59:49
637,1219,366,3,BORROW,4,2628.004571,4684.3039644425,2628.004571,2025-01-12 15:12:53
638,1222,326,4,WITHDRAW,1,208.599751,,,2025-01-12 15:37:26
639,1223,638,2,WITHDRAW,2,5131.818479,,,2025-01-12 15:47:23
640,1225,765,1,BORROW,3,5880.429758,9362.1057524214,5880.429758,2025-01-12 15:53:36
641,1226,488,4,WITHDRAW,5,1357.945401,,,2025-01-12 16:07:59
642,1227,113,3,BORROW,4,5313.604982,7467.2303239713,5313.604982,2025-01-12 16:26:09
643,1229,511,3,WITHDRAW,5,6771.537519,,,2025-01-12 16:51:51
644,1230,780,1,REPAY,4,2266.162585,,2266.162585,2025-01-12 16:57:17
645,1231,893,1,REPAY,2,755.876204,,755.876204,2025-01-12 17:43:04
646,1232,534,4,WITHDRAW,1,1920.185896,,,2025-01-12 17:48:19
647,1233,578,3,DEPOSIT,4,5330.578021,5330.578021,,2025-01-12 17:54:33
648,1235,163,3,REPAY,2,1975.046645,,1975.046645,2025-01-12 18:49:17
649,1237,440,4,BORROW,3,7192.671955,16056.6608086098,7192.671955,2025-01-12 18:54:15
650,1238,859,1,WITHDRAW,2,8494.572246,,,2025-01-12 19:19:03
651,1243,234,1,WITHDRAW,1,7087.210026,,,2025-01-12 19:49:07
652,1244,280,1,DEPOSIT,4,6714.277212,6714.277212,,2025-01-12 20:04:59
653,1245,458,4,DEPOSIT,1,4212.985504,4212.985504,,2025-01-12 20:10:59
654,1246,80,1,WITHDRAW,5,8431.499272,,,2025-01-12 20:12:17
655,1249,538,1,BORROW,2,6883.953636,15283.3448715178,6883.953636,2025-01-12 21:07:34
656,1253,938,1,DEPOSIT,5,8732.032591,8732.032591,,2025-01-12 22:27:47
657,1257,14,2,REPAY,1,1750.14022,,1750.14022,2025-01-12 23:23:57
658,1259,96,3,DEPOSIT,2,7111.974362,7111.974362,,2025-01-13 00:24:16
659,1261,719,2,BORROW,2,9779.99121,12156.1268245443,9779.99121,2025-01-13 00:57:04
660,1264,366,4,REPAY,4,1621.621993,,1621.621993,2025-01-13 01:31:13
661,1265,840,3,DEPOSIT,4,8145.891231,8145.891231,,2025-01-13 01:50:36
662,1267,511,2,DEPOSIT,2,6628.838382,6628.838382,,2025-01-13 02:15:33
663,1269,723,2,DEPOSIT,2,1758.752925,1758.752925,,2025-01-13 02:28:18
664,1272,126,3,DEPOSIT,3,6506.514384,6506.514384,,2025-01-13 02:51:15
665,1273,955,1,DEPOSIT,4,4425.11497,4425.11497,,2025-01-13 03:34:05
666,1275,102,4,DEPOSIT,3,3872.173676,3872.173676,,2025-01-13 04:52:29
667,1276,837,3,DEPOSIT,4,268.046227,268.046227,,2025-01-13 04:57:15
668,1277,881,3,BORROW,4,6677.93538,12577.7932400047,6677.93538,2025-01-13 05:21:57
669,1279,192,4,BORROW,2,3833.404641,5601.9121114902,3833.404641,2025-01-13 06:06:51
670,1280,426,4,BORROW,3,9161.178999,22036.6398235476,9161.178999,2025-01-13 06:09:00
671,1281,33,2,BORROW,2,6832.488787,16096.4820047924,6832.488787,2025-01-13 06:24:01
672,1282,558,4,BORROW,2,9722.297823,17932.2222828783,9722.297823,2025-01-13 06:38:07
673,1283,633,1,REPAY,4,615.839095,,615.839095,2025-01-13 06:42:30
674,1286,393,4,BORROW,2,2260.034309,2871.2058345818,2260.034309,2025-01-13 07:10:02
675,1288,450,3,WITHDRAW,1,6082.480977,,,2025-01-13 07:19:18
676,1290,214,3,DEPOSIT,3,9254.342373,9254.342373,,2025-01-13 07:55:24
677,1291,145,2,BORROW,5,5769.362832,8399.2775377888,5769.362832,2025-01-13 07:58:50
678,1292,240,4,WITHDRAW,3,7314.838576,,,2025-01-13 08:18:43
679,1294,530,1,WITHDRAW,2,1348.790725,,,2025-01-13 08:42:11
680,1295,330,4,REPAY,4,129.631741,,129.631741,2025-01-13 08:43:07
681,1296,383,4,REPAY,5,4952.398115,,4952.398115,2025-01-13 08:54:23
682,1297,333,4,REPAY,2,2949.18945,,2949.18945,2025-01-13 08:58:05
683,1298,820,1,BORROW,5,5533.047296,7477.3911488841,5533.047296,2025-01-13 09:08:33
684,1300,3,2,BORROW,4,2519.472092,3975.8453827875,2519.472092,2025-01-13 09:17:38
685,1301,270,4,DEPOSIT,1,342.071305,342.071305,,2025-01-13 09:30:08
686,1303,142,3,DEPOSIT,1,7884.730789,7884.730789,,2025-01-13 09:56:35
687,1305,915,2,WITHDRAW,5,1295.962683,,,2025-01-13 10:07:19
688,1306,328,2,WITHDRAW,2,6651.743926,,,2025-01-13 10:27:51
689,1307,29,1,LIQUIDATION,5,1449.968159,1482.2184596814,1449.968159,2025-01-13 10:38:11
690,1311,625,3,DEPOSIT,2,5840.66183,5840.66183,,2025-01-13 12:15:14
691,1312,764,3,BORROW,5,2550.420443,4252.4434485164,2550.420443,2025-01-13 12:27:32
692,1313,641,3,WITHDRAW,3,1781.69595,,,2025-01-13 12:27:41
693,1314,855,4,REPAY,2,4343.344007,,4343.344007,2025-01-13 13:08:04
694,1315,868,4,BORROW,4,9608.367689,13366.4172508495,9608.367689,2025-01-13 13:08:11
695,1316,524,3,WITHDRAW,4,1061.211582,,,2025-01-13 13:19:37
696,1317,415,3,BORROW,4,9245.659067,11822.0999417746,9245.659067,2025-01-13 13:22:12
697,1318,239,2,REPAY,4,2420.959473,,2420.959473,2025-01-13 13:34:20
698,1320,487,2,REPAY,4,1521.027283,,1521.027283,2025-01-13 14:02:58
699,1324,86,2,WITHDRAW,5,6949.435653,,,2025-01-13 14:42:42
700,1326,98,1,REPAY,4,5297.522611,,5297.522611,2025-01-13 15:09:06
701,1327,213,3,BORROW,1,4042.495732,9913.4584873571,4042.495732,2025-01-13 16:15:34
702,1330,143,3,REPAY,5,126.484429,,126.484429,2025-01-13 16:36:09
703,1331,867,2,WITHDRAW,1,6423.890977,,,2025-01-13 16:37:26
704,1332,581,1,DEPOSIT,4,4122.822194,4122.822194,,2025-01-13 16:40:52
705,1334,117,3,REPAY,5,5201.082925,,5201.082925,2025-01-13 17:03:26
706,1335,232,2,BORROW,3,4814.756611,10903.9688863755,4814.756611,2025-01-13 17:04:56
707,1337,978,2,REPAY,5,1036.969603,,1036.969603,2025-01-13 17:15:11
708,1338,411,1,BORROW,3,7739.424709,16611.5412921593,7739.424709,2025-01-13 17:31:45
709,1340,766,1,WITHDRAW,5,2472.01356,,,2025-01-13 17:50:48
710,1341,265,3,DEPOSIT,3,5539.637071,5539.637071,,2025-01-13 18:24:30
711,1342,203,4,BORROW,1,5698.195289,12838.1578317227,5698.195289,2025-01-13 18:36:17
712,1344,719,1,BORROW,2,5871.371046,9986.6117165569,5871.371046,2025-01-13 19:23:34
713,1346,297,4,BORROW,2,8525.735496,11547.1224741622,8525.735496,2025-01-13 19:51:41
714,1347,957,3,WITHDRAW,4,4913.68637,,,2025-01-13 20:07:07
715,1348,74,1,DEPOSIT,1,9180.527138,9180.527138,,2025-01-13 20:07:18
716,1350,899,1,BORROW,2,9208.804477,22419.2525497743,9208.804477,2025-01-13 20:34:30
717,1351,680,1,DEPOSIT,4,4071.134336,4071.134336,,2025-01-13 20:40:41
718,1352,331,1,DEPOSIT,3,30.145809,30.145809,,2025-01-13 20:44:06
719,1353,829,3,BORROW,4,5253.904472,6769.409042174,5253.904472,2025-01-13 21:06:01
720,1354,620,2,REPAY,5,1976.623052,,1976.623052,2025-01-13 21:17:37
721,1356,797,4,WITHDRAW,2,6385.133803,,,2025-01-13 22:45:02
722,1360,898,4,BORROW,4,5460.80426,6822.3675981479,5460.80426,2025-01-13 23:22:46
723,1362,125,2,DEPOSIT,2,2301.391032,2301.391032,,2025-01-14 00:17:54
724,1363,159,3,REPAY,4,29.749211,,29.749211,2025-01-14 00:27:58
725,1365,822,1,REPAY,1,7337.334764,,7337.334764,2025-01-14 00:54:16
726,1369,75,1,BORROW,3,6258.390785,9415.8961110024,6258.390785,2025-01-14 01:27:36
727,1370,249,1,DEPOSIT,2,9299.050797,9299.050797,,2025-01-14 01:29:59
728,1372,935,2,DEPOSIT,1,4651.94492,4651.94492,,2025-01-14 01:42:15
729,1373,100,3,REPAY,4,6984.923855,,6984.923855,2025-01-14 01:47:11
730,1374,611,3,REPAY,3,5091.704555,,5091.704555,2025-01-14 01:55:59
731,1376,51,4,REPAY,2,821.570478,,821.570478,2025-01-14 02:43:28
732,1377,431,3,REPAY,3,4214.216218,,4214.216218,2025-01-14 02:46:48
733,1378,455,1,WITHDRAW,4,2995.420885,,,2025-01-14 02:49:32
734,1381,692,2,DEPOSIT,3,2133.792671,2133.792671,,2025-01-14 03:20:58
735,1382,82,3,REPAY,1,413.737974,,413.737974,2025-01-14 03:32:40
736,1384,829,3,REPAY,2,2663.522338,,2663.522338,2025-01-14 04:02:10
737,1386,143,1,REPAY,3,939.950147,,939.950147,2025-01-14 04:40:44
738,1387,927,4,REPAY,1,265.091569,,265.091569,2025-01-14 04:40:59
739,1389,247,2,WITHDRAW,4,4753.642214,,,2025-01-14 04:55:16
740,1393,189,1,DEPOSIT,4,3774.060826,3774.060826,,2025-01-14 05:58:07
741,1394,736,3,DEPOSIT,1,3545.434654,3545.434654,,2025-01-14 06:00:29
742,1395,594,2,WITHDRAW,2,14.699986,,,2025-01-14 06:28:25
743,1396,223,1,BORROW,2,9627.494311,22088.9889759127,9627.494311,2025-01-14 06:47:04
744,1398,14,3,REPAY,3,81.407286,,81.407286,2025-01-14 07:03:54
745,1400,918,2,REPAY,1,1.629392,,1.629392,2025-01-14 07:52:56
746,1401,561,1,BORROW,1,1643.208658,3252.3898587172,1643.208658,2025-01-14 08:27:31
747,1402,490,1,REPAY,4,1086.494403,,1086.494403,2025-01-14 08:49:52
748,1403,344,2,BORROW,2,6871.157991,15640.0907613114,6871.157991,2025-01-14 08:59:17
749,1405,86,3,WITHDRAW,5,1933.725632,,,2025-01-14 09:39:09
750,1406,851,2,WITHDRAW,5,8738.277685,,,2025-01-14 10:18:09
751,1410,892,3,BORROW,4,1720.307933,2171.1119728888,1720.307933,2025-01-14 11:25:13
752,1411,456,1,WITHDRAW,3,8056.766606,,,2025-01-14 11:40:46
753,1412,354,4,WITHDRAW,2,9502.320756,,,2025-01-14 11:40:46
754,1413,770,4,BORROW,4,2675.75936,3233.9463859369,2675.75936,2025-01-14 11:40:55
755,1414,164,3,WITHDRAW,5,7084.496376,,,2025-01-14 11:51:06
756,1415,641,4,BORROW,1,5828.085174,11336.6004781199,5828.085174,2025-01-14 12:16:18
757,1416,547,4,BORROW,1,7682.56499,13605.959002912,7682.56499,2025-01-14 12:23:42
758,1418,899,1,REPAY,2,3416.886374,,3416.886374,2025-01-14 13:19:58
759,1419,5,4,DEPOSIT,3,4620.076116,4620.076116,,2025-01-14 13:29:05
760,1420,717,3,DEPOSIT,3,9724.932766,9724.932766,,2025-01-14 13:29:18
761,1421,141,1,WITHDRAW,3,4594.965115,,,2025-01-14 13:55:18
762,1422,138,2,BORROW,4,7764.295521,15971.2791571362,7764.295521,2025-01-14 14:07:40
763,1423,160,3,WITHDRAW,3,649.672546,,,2025-01-14 14:09:12
764,1424,748,2,REPAY,4,5186.833893,,5186.833893,2025-01-14 14:41:17
765,1427,557,4,WITHDRAW,2,8492.661778,,,2025-01-14 16:06:01
766,1428,809,4,WITHDRAW,5,4992.665671,,,2025-01-14 16:08:42
996,1844,817,4,WITHDRAW,3,8013.262267,,,2025-01-18 12:12:12
767,1429,391,3,LIQUIDATION,3,6726.503675,6964.026180433,6726.503675,2025-01-14 16:17:02
768,1430,898,3,REPAY,5,5053.997254,,5053.997254,2025-01-14 16:42:04
769,1431,117,3,REPAY,5,1305.477549,,1305.477549,2025-01-14 16:49:27
770,1432,384,1,BORROW,1,1171.983898,1540.3851237022,1171.983898,2025-01-14 17:28:45
771,1438,269,1,LIQUIDATION,5,3316.890331,2777.8818183999,3316.890331,2025-01-14 18:17:47
772,1440,951,4,WITHDRAW,5,1137.099266,,,2025-01-14 18:56:23
773,1441,395,2,REPAY,5,6960.050118,,6960.050118,2025-01-14 18:56:47
774,1442,43,2,WITHDRAW,3,3755.490368,,,2025-01-14 19:30:29
775,1444,593,2,DEPOSIT,5,2830.063756,2830.063756,,2025-01-14 19:58:34
776,1445,480,1,DEPOSIT,3,674.692997,674.692997,,2025-01-14 20:00:57
777,1448,831,3,REPAY,1,354.095432,,354.095432,2025-01-14 20:40:36
778,1451,655,2,WITHDRAW,5,9501.809163,,,2025-01-14 21:56:41
779,1452,765,3,REPAY,5,1330.080864,,1330.080864,2025-01-14 22:21:38
780,1454,50,2,DEPOSIT,3,1942.686511,1942.686511,,2025-01-14 23:15:47
781,1456,97,4,WITHDRAW,1,1092.280927,,,2025-01-14 23:42:01
782,1457,791,3,DEPOSIT,4,416.512322,416.512322,,2025-01-14 23:46:16
783,1459,844,3,WITHDRAW,4,1970.803864,,,2025-01-15 01:20:35
784,1465,296,4,DEPOSIT,3,8945.364679,8945.364679,,2025-01-15 03:39:11
785,1469,403,2,REPAY,5,5303.292266,,5303.292266,2025-01-15 04:04:44
786,1470,41,4,DEPOSIT,1,6644.067518,6644.067518,,2025-01-15 04:06:19
787,1471,809,1,BORROW,1,5638.835574,14096.7977093544,5638.835574,2025-01-15 04:09:59
788,1473,328,4,WITHDRAW,2,5986.744213,,,2025-01-15 04:19:29
789,1477,640,1,REPAY,2,2259.482494,,2259.482494,2025-01-15 04:35:38
790,1478,435,4,BORROW,4,1786.897501,3344.5020311108,1786.897501,2025-01-15 04:52:42
791,1480,868,2,LIQUIDATION,3,9608.367689,10706.0383916273,9608.367689,2025-01-15 05:21:38
792,1481,91,2,BORROW,3,6775.997502,10665.911608615,6775.997502,2025-01-15 06:33:57
793,1484,664,4,BORROW,1,8141.715346,11347.2292062752,8141.715346,2025-01-15 06:53:19
794,1488,584,1,REPAY,4,7543.394888,,7543.394888,2025-01-15 07:42:42
795,1489,564,1,DEPOSIT,5,4643.357537,4643.357537,,2025-01-15 07:47:40
796,1490,580,4,REPAY,3,4640.77159,,4640.77159,2025-01-15 08:21:12
797,1492,325,3,BORROW,1,1335.504681,2952.4640174212,1335.504681,2025-01-15 08:48:45
798,1495,894,2,DEPOSIT,1,2626.283667,2626.283667,,2025-01-15 09:11:20
799,1496,971,3,WITHDRAW,4,6398.125544,,,2025-01-15 09:16:38
800,1499,186,2,WITHDRAW,4,8210.189759,,,2025-01-15 10:24:17
801,1501,434,4,DEPOSIT,5,3641.165607,3641.165607,,2025-01-15 10:29:51
802,1502,296,4,DEPOSIT,3,8842.454526,8842.454526,,2025-01-15 10:32:28
803,1503,284,3,WITHDRAW,5,9013.901639,,,2025-01-15 10:51:16
804,1504,738,2,LIQUIDATION,4,480.457211,427.0144517219,480.457211,2025-01-15 10:55:02
805,1507,235,4,WITHDRAW,2,8322.928719,,,2025-01-15 12:29:11
806,1511,365,3,BORROW,3,8017.127658,12750.4243137261,8017.127658,2025-01-15 12:55:18
807,1512,180,1,REPAY,2,19.29543,,19.29543,2025-01-15 12:57:51
808,1515,948,2,BORROW,4,3417.316729,7694.6517156261,3417.316729,2025-01-15 13:31:02
809,1517,97,2,REPAY,1,2891.30685,,2891.30685,2025-01-15 13:43:18
810,1518,689,3,WITHDRAW,4,1889.026143,,,2025-01-15 13:45:00
811,1519,115,1,BORROW,3,2820.235161,4377.4402329963,2820.235161,2025-01-15 14:05:44
812,1521,353,3,BORROW,1,5009.510824,9778.3777513885,5009.510824,2025-01-15 15:01:19
813,1522,359,3,REPAY,1,5082.295362,,5082.295362,2025-01-15 15:23:21
814,1524,367,1,DEPOSIT,4,9238.824942,9238.824942,,2025-01-15 16:06:01
815,1526,684,2,REPAY,4,1405.226974,,1405.226974,2025-01-15 17:39:56
816,1528,435,2,REPAY,4,211.139549,,211.139549,2025-01-15 18:16:14
817,1529,973,1,BORROW,4,3176.570188,5686.9330059621,3176.570188,2025-01-15 18:19:11
818,1531,693,3,WITHDRAW,2,7818.629771,,,2025-01-15 19:38:34
819,1534,262,3,BORROW,3,4471.477812,7732.9727238406,4471.477812,2025-01-15 20:03:04
820,1535,113,3,REPAY,1,3538.009186,,3538.009186,2025-01-15 20:15:13
821,1539,932,1,WITHDRAW,5,8420.110536,,,2025-01-15 20:40:02
822,1542,141,1,DEPOSIT,4,4426.288502,4426.288502,,2025-01-15 21:02:10
823,1543,634,1,REPAY,2,1805.826613,,1805.826613,2025-01-15 21:16:08
824,1544,182,2,BORROW,4,5648.567104,11656.5297947078,5648.567104,2025-01-15 21:24:58
825,1545,763,2,DEPOSIT,1,5948.508899,5948.508899,,2025-01-15 21:55:54
826,1546,49,1,DEPOSIT,3,6049.823926,6049.823926,,2025-01-15 22:02:17
827,1547,702,1,DEPOSIT,3,5369.329954,5369.329954,,2025-01-15 22:04:45
828,1550,153,2,LIQUIDATION,2,618.095959,526.860435874,618.095959,2025-01-15 22:28:46
829,1551,790,4,REPAY,1,1457.672796,,1457.672796,2025-01-15 22:33:16
830,1552,426,1,REPAY,5,6836.615491,,6836.615491,2025-01-15 22:36:01
831,1553,615,3,REPAY,5,4833.2614,,4833.2614,2025-01-15 22:44:20
832,1554,24,1,REPAY,1,189.83903,,189.83903,2025-01-15 23:02:04
833,1556,83,1,WITHDRAW,5,6225.935638,,,2025-01-15 23:10:20
834,1557,958,4,DEPOSIT,2,3447.730276,3447.730276,,2025-01-15 23:15:25
835,1559,514,4,BORROW,2,2481.124961,5938.0918276083,2481.124961,2025-01-15 23:49:16
836,1561,101,4,LIQUIDATION,5,7319.110576,5992.6262528098,7319.110576,2025-01-16 00:17:50
837,1564,825,2,DEPOSIT,3,6265.832557,6265.832557,,2025-01-16 01:03:53
838,1567,985,3,BORROW,1,5458.708615,11110.1740881944,5458.708615,2025-01-16 01:17:02
839,1569,149,1,DEPOSIT,5,6616.593183,6616.593183,,2025-01-16 01:34:25
840,1571,97,2,REPAY,2,91.123369,,91.123369,2025-01-16 02:30:56
841,1572,550,1,DEPOSIT,4,8481.343336,8481.343336,,2025-01-16 02:36:18
842,1573,628,3,WITHDRAW,5,8327.981271,,,2025-01-16 02:36:51
843,1575,420,1,BORROW,1,9949.518804,16924.4814959628,9949.518804,2025-01-16 02:44:56
844,1576,505,4,WITHDRAW,3,8617.089907,,,2025-01-16 02:58:48
845,1577,97,3,REPAY,3,84.252181,,84.252181,2025-01-16 03:00:51
846,1580,117,4,REPAY,1,59.688476,,59.688476,2025-01-16 03:35:03
847,1583,58,3,DEPOSIT,5,7499.853468,7499.853468,,2025-01-16 03:59:06
848,1585,648,1,WITHDRAW,3,4385.074191,,,2025-01-16 04:14:50
849,1586,758,3,REPAY,1,1021.095651,,1021.095651,2025-01-16 04:16:22
850,1588,845,3,BORROW,5,3251.556389,6940.4511098924,3251.556389,2025-01-16 04:32:02
851,1590,981,3,REPAY,4,2155.564649,,2155.564649,2025-01-16 05:13:25
852,1591,645,2,DEPOSIT,5,7029.155867,7029.155867,,2025-01-16 05:24:19
853,1593,637,1,WITHDRAW,4,4787.408333,,,2025-01-16 05:34:48
854,1596,63,2,WITHDRAW,2,4344.456249,,,2025-01-16 05:46:42
855,1599,719,4,REPAY,5,6916.330081,,6916.330081,2025-01-16 06:20:32
856,1600,9,3,BORROW,4,2004.814565,2876.9658855044,2004.814565,2025-01-16 07:00:53
857,1602,639,4,BORROW,2,8614.771316,10500.0581590693,8614.771316,2025-01-16 07:06:23
858,1605,434,3,DEPOSIT,5,2344.939155,2344.939155,,2025-01-16 07:57:25
859,1606,96,2,DEPOSIT,5,6092.209641,6092.209641,,2025-01-16 08:08:07
860,1609,962,3,REPAY,4,345.716208,,345.716208,2025-01-16 08:18:13
861,1611,352,2,BORROW,3,3466.255603,6333.5270330994,3466.255603,2025-01-16 08:29:41
862,1612,168,3,WITHDRAW,5,6091.698268,,,2025-01-16 08:41:17
863,1613,887,4,BORROW,5,8086.019152,10442.5106242741,8086.019152,2025-01-16 09:01:12
864,1616,973,4,DEPOSIT,5,6672.95046,6672.95046,,2025-01-16 09:58:57
865,1618,23,1,WITHDRAW,4,859.185278,,,2025-01-16 10:15:04
866,1619,83,3,BORROW,2,7981.565528,14092.7194408893,7981.565528,2025-01-16 10:22:47
867,1621,967,4,BORROW,1,4964.808377,10980.3670439872,4964.808377,2025-01-16 10:42:55
868,1622,700,2,LIQUIDATION,3,6272.173254,5877.0979970826,6272.173254,2025-01-16 11:22:57
869,1624,419,4,DEPOSIT,2,3438.125287,3438.125287,,2025-01-16 11:56:26
870,1627,552,4,DEPOSIT,4,7448.236097,7448.236097,,2025-01-16 12:54:05
871,1628,809,2,LIQUIDATION,4,5638.835574,5973.6410344203,5638.835574,2025-01-16 13:00:43
872,1629,777,4,WITHDRAW,1,1966.664855,,,2025-01-16 13:07:16
873,1630,861,2,BORROW,1,4448.82199,10493.7413168827,4448.82199,2025-01-16 13:07:43
874,1631,991,3,DEPOSIT,1,6430.577029,6430.577029,,2025-01-16 13:16:03
875,1633,425,4,BORROW,2,2234.756293,4967.7952759414,2234.756293,2025-01-16 13:52:00
876,1636,226,3,WITHDRAW,3,8665.205806,,,2025-01-16 14:34:33
877,1638,932,4,WITHDRAW,4,2657.011476,,,2025-01-16 15:11:03
878,1640,869,1,DEPOSIT,3,9623.407673,9623.407673,,2025-01-16 15:42:07
879,1641,430,2,REPAY,3,886.667717,,886.667717,2025-01-16 16:10:22
880,1642,83,3,REPAY,2,1432.21365,,1432.21365,2025-01-16 16:11:40
881,1644,285,4,DEPOSIT,3,3577.112746,3577.112746,,2025-01-16 17:17:47
882,1646,185,4,WITHDRAW,2,4304.07464,,,2025-01-16 18:10:50
883,1647,688,3,WITHDRAW,1,4669.486328,,,2025-01-16 18:31:33
884,1648,72,3,BORROW,2,5890.651686,12674.3006303488,5890.651686,2025-01-16 18:46:07
885,1649,80,4,DEPOSIT,5,8337.145233,8337.145233,,2025-01-16 19:12:29
886,1654,238,2,BORROW,2,5014.157987,6588.7063905989,5014.157987,2025-01-16 20:47:31
887,1655,285,4,DEPOSIT,5,1755.604452,1755.604452,,2025-01-16 21:04:25
888,1657,219,3,LIQUIDATION,1,6269.993691,5793.066816684,6269.993691,2025-01-16 21:32:35
889,1659,18,4,WITHDRAW,2,6454.945636,,,2025-01-16 21:54:05
890,1660,766,4,DEPOSIT,4,3107.837034,3107.837034,,2025-01-16 22:01:30
891,1663,374,3,DEPOSIT,4,3443.834731,3443.834731,,2025-01-16 23:08:01
892,1664,592,2,REPAY,1,1676.165146,,1676.165146,2025-01-16 23:13:44
893,1665,828,4,WITHDRAW,1,4612.548268,,,2025-01-16 23:18:11
894,1666,211,3,REPAY,2,4834.373833,,4834.373833,2025-01-16 23:45:27
895,1667,734,1,DEPOSIT,2,8193.051144,8193.051144,,2025-01-17 00:05:53
896,1668,721,2,WITHDRAW,3,1036.935473,,,2025-01-17 00:06:27
897,1669,763,1,WITHDRAW,1,1742.154876,,,2025-01-17 00:08:29
898,1670,198,4,WITHDRAW,3,890.329519,,,2025-01-17 00:31:30
899,1672,546,1,BORROW,1,6204.725172,14852.068682178,6204.725172,2025-01-17 00:42:16
900,1673,563,4,DEPOSIT,3,4073.704537,4073.704537,,2025-01-17 01:00:47
901,1674,820,1,DEPOSIT,2,1422.177124,1422.177124,,2025-01-17 01:06:58
902,1676,430,1,WITHDRAW,4,182.520891,,,2025-01-17 01:16:22
903,1678,428,1,WITHDRAW,2,6331.868464,,,2025-01-17 01:50:57
904,1679,666,4,WITHDRAW,5,9546.48861,,,2025-01-17 01:59:26
905,1680,509,1,BORROW,1,3518.100539,7730.1363204711,3518.100539,2025-01-17 02:38:14
906,1681,649,4,WITHDRAW,3,1303.767447,,,2025-01-17 02:39:19
907,1683,753,4,WITHDRAW,5,9393.363328,,,2025-01-17 03:14:12
908,1684,343,3,BORROW,1,6801.225021,11116.4090402086,6801.225021,2025-01-17 03:14:35
909,1685,724,4,WITHDRAW,5,169.196628,,,2025-01-17 03:53:35
910,1686,178,1,REPAY,3,768.740644,,768.740644,2025-01-17 03:57:18
911,1687,270,3,WITHDRAW,5,426.163912,,,2025-01-17 03:58:43
912,1688,650,3,REPAY,5,1285.421991,,1285.421991,2025-01-17 03:59:31
913,1689,97,4,REPAY,3,68.446064,,68.446064,2025-01-17 04:09:43
914,1691,244,1,BORROW,4,4225.235615,8075.5928688587,4225.235615,2025-01-17 04:52:17
915,1692,24,4,WITHDRAW,5,101.123928,,,2025-01-17 05:05:38
916,1694,739,2,DEPOSIT,3,5605.593691,5605.593691,,2025-01-17 05:33:49
917,1695,76,4,DEPOSIT,3,8090.702026,8090.702026,,2025-01-17 05:35:00
918,1696,452,3,BORROW,2,8838.779168,18034.0465333359,8838.779168,2025-01-17 05:35:26
919,1697,655,3,BORROW,5,7314.257225,9518.7283408054,7314.257225,2025-01-17 05:41:12
920,1698,9,4,REPAY,5,1997.848976,,1997.848976,2025-01-17 05:45:54
921,1699,819,2,REPAY,2,3885.094128,,3885.094128,2025-01-17 06:29:14
922,1700,191,1,REPAY,2,1177.438657,,1177.438657,2025-01-17 06:37:05
923,1701,383,3,REPAY,5,77.954721,,77.954721,2025-01-17 06:57:00
924,1702,433,1,REPAY,4,5711.15339,,5711.15339,2025-01-17 07:02:28
925,1706,995,4,DEPOSIT,2,4443.190337,4443.190337,,2025-01-17 07:35:58
926,1707,121,3,DEPOSIT,4,3353.105309,3353.105309,,2025-01-17 07:39:07
927,1708,326,4,BORROW,3,3175.737027,6782.5869827028,3175.737027,2025-01-17 07:41:12
928,1709,614,1,WITHDRAW,1,5661.588045,,,2025-01-17 07:46:46
929,1711,487,2,REPAY,3,96.810386,,96.810386,2025-01-17 08:46:39
930,1712,221,4,DEPOSIT,2,3821.888315,3821.888315,,2025-01-17 08:55:08
931,1713,785,1,DEPOSIT,1,8046.599178,8046.599178,,2025-01-17 09:19:39
932,1714,813,1,WITHDRAW,5,729.174786,,,2025-01-17 09:20:21
933,1715,766,4,DEPOSIT,5,4008.448848,4008.448848,,2025-01-17 09:34:20
934,1719,358,3,DEPOSIT,2,7381.25149,7381.25149,,2025-01-17 10:29:16
935,1720,973,2,REPAY,2,2778.882117,,2778.882117,2025-01-17 10:32:23
936,1722,490,1,REPAY,4,671.700218,,671.700218,2025-01-17 10:43:42
937,1726,251,4,DEPOSIT,5,2728.411908,2728.411908,,2025-01-17 11:05:42
938,1728,726,4,DEPOSIT,5,6575.854689,6575.854689,,2025-01-17 11:29:16
939,1731,53,3,REPAY,3,386.338754,,386.338754,2025-01-17 11:51:25
940,1732,985,4,DEPOSIT,5,1343.583832,1343.583832,,2025-01-17 11:57:59
941,1733,513,1,LIQUIDATION,3,6655.902348,7493.9706023428,6655.902348,2025-01-17 12:02:40
942,1742,222,3,BORROW,3,7167.458182,12716.8415772535,7167.458182,2025-01-17 14:37:50
943,1744,777,4,BORROW,1,4654.117995,7777.8699236686,4654.117995,2025-01-17 15:21:48
944,1745,501,2,LIQUIDATION,5,1756.930679,1438.6034794698,1756.930679,2025-01-17 15:25:25
945,1746,101,1,BORROW,2,7517.685058,9136.3903203151,7517.685058,2025-01-17 15:25:30
946,1747,681,4,DEPOSIT,5,4457.244536,4457.244536,,2025-01-17 15:34:16
947,1748,810,4,DEPOSIT,3,464.299664,464.299664,,2025-01-17 15:37:01
948,1749,552,2,DEPOSIT,2,8010.446088,8010.446088,,2025-01-17 15:55:27
949,1755,686,3,WITHDRAW,4,7078.344511,,,2025-01-17 17:09:08
950,1757,816,3,REPAY,2,3996.798648,,3996.798648,2025-01-17 17:13:58
951,1758,600,2,REPAY,5,8187.358492,,8187.358492,2025-01-17 17:20:46
952,1759,777,3,REPAY,3,2046.825951,,2046.825951,2025-01-17 17:41:00
953,1761,682,1,WITHDRAW,3,2146.153409,,,2025-01-17 17:47:35
954,1763,222,3,LIQUIDATION,4,7167.458182,6403.7942958632,7167.458182,2025-01-17 18:35:22
955,1764,287,1,DEPOSIT,2,9461.724975,9461.724975,,2025-01-17 18:44:07
956,1765,249,1,WITHDRAW,1,1853.995078,,,2025-01-17 18:59:58
957,1768,3,4,REPAY,1,672.667809,,672.667809,2025-01-17 20:13:38
958,1771,628,3,BORROW,1,7207.448024,9693.5484323321,7207.448024,2025-01-17 20:48:53
959,1772,21,1,WITHDRAW,5,9652.908579,,,2025-01-17 21:10:49
960,1773,16,4,REPAY,1,6319.598901,,6319.598901,2025-01-17 21:22:12
961,1774,383,2,REPAY,4,51.582538,,51.582538,2025-01-17 21:34:38
962,1775,180,1,REPAY,2,72.053885,,72.053885,2025-01-17 21:48:11
963,1776,800,2,BORROW,1,1824.898934,2253.1703315341,1824.898934,2025-01-17 21:52:05
964,1780,387,1,DEPOSIT,3,269.723026,269.723026,,2025-01-17 22:50:04
965,1782,975,1,DEPOSIT,5,9318.001495,9318.001495,,2025-01-17 23:12:21
966,1783,465,4,WITHDRAW,1,6995.596053,,,2025-01-17 23:52:37
967,1784,463,1,WITHDRAW,3,1304.399033,,,2025-01-18 00:14:21
968,1786,775,4,DEPOSIT,4,4653.23439,4653.23439,,2025-01-18 00:22:39
969,1788,239,2,REPAY,4,92.540988,,92.540988,2025-01-18 00:34:14
970,1789,431,3,REPAY,4,3887.48705,,3887.48705,2025-01-18 00:37:12
971,1791,895,1,DEPOSIT,2,5418.598962,5418.598962,,2025-01-18 00:48:43
972,1793,736,1,WITHDRAW,4,1060.809865,,,2025-01-18 01:08:04
973,1795,156,3,DEPOSIT,2,5074.030144,5074.030144,,2025-01-18 01:16:30
974,1796,209,4,DEPOSIT,3,5288.963066,5288.963066,,2025-01-18 02:08:01
975,1798,488,4,BORROW,4,8914.669415,21697.6702276658,8914.669415,2025-01-18 02:12:08
976,1800,764,1,BORROW,1,9468.889603,23307.0387988691,9468.889603,2025-01-18 02:12:30
977,1802,295,1,REPAY,2,6416.894534,,6416.894534,2025-01-18 02:45:55
978,1803,259,1,REPAY,4,1863.981714,,1863.981714,2025-01-18 02:51:52
979,1806,855,3,LIQUIDATION,4,72.181414,82.5313434008,72.181414,2025-01-18 04:11:55
980,1811,256,1,WITHDRAW,1,6218.106634,,,2025-01-18 06:09:42
981,1813,796,4,BORROW,5,2109.528657,3267.0501823094,2109.528657,2025-01-18 06:38:58
982,1815,318,1,BORROW,4,2421.102344,4246.107549805,2421.102344,2025-01-18 06:46:59
983,1821,493,2,DEPOSIT,3,2024.615255,2024.615255,,2025-01-18 07:50:18
984,1822,506,2,REPAY,5,2843.14988,,2843.14988,2025-01-18 08:02:48
985,1823,815,3,BORROW,3,4509.798778,10937.5100220913,4509.798778,2025-01-18 08:06:24
986,1825,98,4,REPAY,5,1928.104218,,1928.104218,2025-01-18 08:10:02
987,1827,362,2,BORROW,2,9698.360626,16503.3292917133,9698.360626,2025-01-18 08:18:46
988,1829,988,1,WITHDRAW,3,782.480071,,,2025-01-18 08:55:01
989,1830,455,2,BORROW,5,9738.595968,21218.0606399031,9738.595968,2025-01-18 09:00:23
990,1831,959,2,BORROW,3,3060.364572,6531.007882952,3060.364572,2025-01-18 09:21:07
991,1833,308,4,WITHDRAW,4,2363.988025,,,2025-01-18 09:37:05
992,1834,473,3,WITHDRAW,3,1920.78081,,,2025-01-18 09:39:14
993,1836,872,2,WITHDRAW,1,6137.699539,,,2025-01-18 09:44:35
994,1837,277,2,REPAY,3,1808.477705,,1808.477705,2025-01-18 09:47:23
995,1838,642,3,BORROW,1,193.889289,480.6247574133,193.889289,2025-01-18 10:06:09
997,1845,249,4,WITHDRAW,3,6847.074972,,,2025-01-18 12:12:29
998,1846,817,1,BORROW,5,7917.474904,15578.6080827245,7917.474904,2025-01-18 12:16:03
999,1847,760,4,DEPOSIT,2,3251.227972,3251.227972,,2025-01-18 12:20:54
1000,1848,577,1,BORROW,1,4380.007177,8944.1326674476,4380.007177,2025-01-18 12:27:59
1001,1849,861,4,REPAY,4,1443.543046,,1443.543046,2025-01-18 12:35:23
1002,1850,675,2,DEPOSIT,3,6416.563426,6416.563426,,2025-01-18 12:35:49
1003,1851,148,4,DEPOSIT,4,9504.142353,9504.142353,,2025-01-18 12:36:29
1004,1853,758,3,REPAY,2,46.7347,,46.7347,2025-01-18 12:51:28
1005,1854,468,1,WITHDRAW,5,8920.447322,,,2025-01-18 13:15:24
1006,1855,349,1,WITHDRAW,2,1816.077284,,,2025-01-18 13:17:17
1007,1856,184,1,DEPOSIT,3,6339.074959,6339.074959,,2025-01-18 13:23:30
1008,1857,470,2,BORROW,2,3533.723396,7079.3992711581,3533.723396,2025-01-18 13:26:45
1009,1859,880,1,WITHDRAW,3,2741.094534,,,2025-01-18 13:29:20
1010,1861,877,2,BORROW,3,5155.848429,12747.5444956353,5155.848429,2025-01-18 13:54:51
1011,1862,78,1,WITHDRAW,3,3499.472265,,,2025-01-18 13:57:26
1012,1863,626,4,WITHDRAW,1,1109.651105,,,2025-01-18 14:00:44
1013,1867,447,2,REPAY,3,640.021463,,640.021463,2025-01-18 14:51:12
1014,1869,956,1,DEPOSIT,5,1101.949826,1101.949826,,2025-01-18 15:03:44
1015,1870,428,2,WITHDRAW,2,4861.06593,,,2025-01-18 15:06:59
1016,1871,551,1,REPAY,4,3366.169064,,3366.169064,2025-01-18 15:36:14
1017,1872,991,1,DEPOSIT,3,5279.147807,5279.147807,,2025-01-18 15:47:23
1018,1873,47,4,DEPOSIT,5,3347.373114,3347.373114,,2025-01-18 15:49:07
1019,1875,2,3,WITHDRAW,1,4479.811641,,,2025-01-18 15:56:03
1020,1876,431,1,REPAY,2,320.536468,,320.536468,2025-01-18 16:12:27
1021,1877,455,3,REPAY,5,1878.732835,,1878.732835,2025-01-18 16:30:12
1022,1878,210,4,WITHDRAW,3,4813.251667,,,2025-01-18 16:34:09
1023,1881,50,2,DEPOSIT,2,172.4125,172.4125,,2025-01-18 17:01:08
1024,1882,985,2,REPAY,2,4331.361548,,4331.361548,2025-01-18 17:04:58
1025,1885,977,3,WITHDRAW,3,247.513082,,,2025-01-18 17:53:29
1026,1886,33,2,BORROW,5,5723.482086,9722.2520680834,5723.482086,2025-01-18 17:57:43
1027,1889,162,1,DEPOSIT,2,4922.268843,4922.268843,,2025-01-18 19:48:57
1028,1890,582,3,DEPOSIT,3,4138.989869,4138.989869,,2025-01-18 20:18:32
1029,1900,936,4,DEPOSIT,4,6316.671511,6316.671511,,2025-01-18 21:54:34
1030,1901,619,1,DEPOSIT,4,3838.515424,3838.515424,,2025-01-18 22:10:34
1031,1902,807,1,REPAY,1,2071.858502,,2071.858502,2025-01-18 22:40:17
1032,1905,72,1,REPAY,5,2243.427729,,2243.427729,2025-01-18 22:59:35
1033,1907,462,4,BORROW,3,113.499292,159.4240887745,113.499292,2025-01-18 23:33:59
1034,1912,966,4,DEPOSIT,2,7480.461709,7480.461709,,2025-01-19 01:01:14
1035,1914,829,1,REPAY,1,1069.606726,,1069.606726,2025-01-19 01:11:04
1036,1918,666,1,WITHDRAW,1,9214.318223,,,2025-01-19 01:42:39
1037,1919,74,4,WITHDRAW,2,3138.854317,,,2025-01-19 01:51:11
1038,1924,697,2,BORROW,2,3665.911669,5195.5241161861,3665.911669,2025-01-19 02:23:39
1039,1925,633,4,REPAY,2,627.078017,,627.078017,2025-01-19 02:32:12
1040,1926,735,4,BORROW,5,6511.185356,15732.544430758,6511.185356,2025-01-19 02:35:49
1041,1927,222,2,WITHDRAW,4,2737.732498,,,2025-01-19 02:38:53
1042,1928,941,3,BORROW,5,8473.395377,17228.9100892287,8473.395377,2025-01-19 02:46:00
1043,1930,948,1,REPAY,2,3092.984717,,3092.984717,2025-01-19 03:06:22
1044,1931,960,3,BORROW,1,3701.991467,4645.8665578466,3701.991467,2025-01-19 03:24:28
1045,1933,571,3,WITHDRAW,3,3937.517704,,,2025-01-19 03:45:22
1046,1936,102,2,WITHDRAW,4,3627.537465,,,2025-01-19 04:37:55
1047,1940,143,2,BORROW,5,6585.970784,9998.0318190166,6585.970784,2025-01-19 06:12:06
1048,1941,995,1,BORROW,5,7665.204111,15210.868371692,7665.204111,2025-01-19 06:34:38
1049,1942,874,1,REPAY,2,350.110223,,350.110223,2025-01-19 06:36:10
1050,1943,693,4,WITHDRAW,2,8562.222104,,,2025-01-19 06:49:26
1051,1948,16,1,REPAY,5,1873.801788,,1873.801788,2025-01-19 08:26:32
1052,1949,352,4,BORROW,4,9123.942277,16529.8290216724,9123.942277,2025-01-19 08:39:00
1053,1950,598,3,WITHDRAW,5,8458.13953,,,2025-01-19 08:43:07
1054,1951,929,3,DEPOSIT,3,6841.103431,6841.103431,,2025-01-19 08:44:24
1055,1953,264,1,BORROW,5,3272.698235,5688.71624422,3272.698235,2025-01-19 09:24:06
1056,1954,325,4,REPAY,1,973.236202,,973.236202,2025-01-19 09:27:06
1057,1956,978,1,REPAY,2,3159.843648,,3159.843648,2025-01-19 09:32:30
1058,1957,24,3,REPAY,5,0.974317,,0.974317,2025-01-19 09:44:58
1059,1958,353,4,REPAY,4,3970.566798,,3970.566798,2025-01-19 10:19:45
1060,1961,467,4,BORROW,5,1569.334749,2831.8938376281,1569.334749,2025-01-19 11:35:17
1061,1963,816,3,LIQUIDATION,1,544.690446,467.1120711288,544.690446,2025-01-19 11:51:37
1062,1965,478,1,WITHDRAW,2,402.760788,,,2025-01-19 12:25:06
1063,1966,208,2,BORROW,4,7191.064104,14213.2517219692,7191.064104,2025-01-19 12:25:43
1064,1967,558,2,REPAY,4,1029.835833,,1029.835833,2025-01-19 12:31:36
1065,1968,303,3,BORROW,4,8313.083853,10598.6826458094,8313.083853,2025-01-19 12:32:42
1066,1970,362,1,REPAY,1,9322.990932,,9322.990932,2025-01-19 13:13:17
1067,1971,634,2,BORROW,2,4349.816798,6841.1061297581,4349.816798,2025-01-19 13:15:04
1068,1972,215,2,WITHDRAW,2,2413.864853,,,2025-01-19 13:18:45
1069,1973,237,3,BORROW,2,6859.748211,12074.0341431659,6859.748211,2025-01-19 13:19:34
1070,1975,621,4,BORROW,4,2289.023984,3984.6286554852,2289.023984,2025-01-19 13:51:28
1071,1976,395,1,REPAY,3,977.120727,,977.120727,2025-01-19 13:55:08
1072,1977,932,1,WITHDRAW,4,4364.582107,,,2025-01-19 14:34:34
1073,1980,303,1,REPAY,3,5725.863039,,5725.863039,2025-01-19 14:45:19
1074,1981,723,1,DEPOSIT,2,3305.663068,3305.663068,,2025-01-19 15:00:02
1075,1982,715,2,BORROW,2,6640.523276,14875.3996583903,6640.523276,2025-01-19 15:11:21
1076,1983,858,3,WITHDRAW,4,2357.766356,,,2025-01-19 15:16:50
1077,1990,720,3,DEPOSIT,3,5966.610112,5966.610112,,2025-01-19 16:47:57
1078,1991,362,4,REPAY,4,240.09619,,240.09619,2025-01-19 16:51:18
1079,1992,193,2,WITHDRAW,5,193.031235,,,2025-01-19 16:56:50
1080,1993,995,3,LIQUIDATION,3,7665.204111,6680.7389973382,7665.204111,2025-01-19 17:14:54
1081,1994,399,3,BORROW,5,9683.000243,18254.8068185586,9683.000243,2025-01-19 17:44:18
1082,1995,112,2,DEPOSIT,2,1171.694242,1171.694242,,2025-01-19 17:44:21
1083,1997,134,2,DEPOSIT,5,80.254341,80.254341,,2025-01-19 17:54:39
1084,1998,925,2,BORROW,1,7332.173977,11428.4379112894,7332.173977,2025-01-19 18:12:12
1085,1999,592,4,REPAY,2,8.703488,,8.703488,2025-01-19 18:17:18
1086,2000,958,2,BORROW,2,5256.619026,10695.0767759101,5256.619026,2025-01-19 18:34:06
1087,2001,693,3,WITHDRAW,5,7341.464878,,,2025-01-19 18:40:00
1088,2002,525,3,DEPOSIT,5,7761.66385,7761.66385,,2025-01-19 18:46:34
1089,2003,249,1,WITHDRAW,5,6454.048276,,,2025-01-19 19:10:30
1090,2004,631,3,DEPOSIT,3,3133.203038,3133.203038,,2025-01-19 19:18:56
1091,2005,891,4,REPAY,1,4313.439773,,4313.439773,2025-01-19 19:25:02
1092,2006,139,3,DEPOSIT,3,6545.379592,6545.379592,,2025-01-19 19:27:00
1093,2008,626,1,WITHDRAW,5,4625.991786,,,2025-01-19 19:34:48
1094,2009,440,2,REPAY,4,6687.31151,,6687.31151,2025-01-19 19:53:35
1095,2010,817,3,REPAY,5,9660.260982,,9660.260982,2025-01-19 19:57:31
1096,2014,242,3,REPAY,5,61.29115,,61.29115,2025-01-19 20:44:27
1097,2015,746,2,BORROW,1,9303.996741,16199.9350953626,9303.996741,2025-01-19 21:16:42
1098,2016,163,1,REPAY,3,167.163564,,167.163564,2025-01-19 21:24:52
1099,2017,55,3,WITHDRAW,2,4825.893394,,,2025-01-19 21:32:31
1100,2019,153,1,BORROW,4,4755.608703,9057.6960886851,4755.608703,2025-01-19 21:45:02
1101,2020,272,3,DEPOSIT,5,7995.213583,7995.213583,,2025-01-19 21:49:22
1102,2022,774,1,WITHDRAW,3,4381.618638,,,2025-01-19 21:56:42
1103,2024,255,3,WITHDRAW,3,3245.181903,,,2025-01-19 22:07:53
1104,2025,130,4,REPAY,3,398.645744,,398.645744,2025-01-19 22:16:06
1105,2026,822,4,DEPOSIT,4,8579.678781,8579.678781,,2025-01-19 22:51:47
1106,2028,739,1,BORROW,4,1919.042862,2521.1741666049,1919.042862,2025-01-19 23:06:00
1107,2029,455,4,REPAY,1,1522.967074,,1522.967074,2025-01-19 23:14:55
1108,2030,962,3,REPAY,1,78.199839,,78.199839,2025-01-19 23:18:33
1109,2032,392,2,BORROW,1,6890.084096,16915.9326396514,6890.084096,2025-01-19 23:26:04
1110,2033,753,2,WITHDRAW,5,5784.134414,,,2025-01-19 23:50:24
1111,2034,116,2,BORROW,3,346.41618,642.5740043828,346.41618,2025-01-20 00:27:55
1112,2035,44,2,REPAY,2,3072.683859,,3072.683859,2025-01-20 00:39:23
1113,2037,456,1,WITHDRAW,2,4008.291218,,,2025-01-20 01:00:43
1114,2038,851,2,DEPOSIT,1,4219.670587,4219.670587,,2025-01-20 01:21:34
1115,2040,865,4,WITHDRAW,1,8862.304092,,,2025-01-20 01:43:34
1116,2041,643,2,WITHDRAW,3,3624.25379,,,2025-01-20 01:53:07
1117,2044,927,2,REPAY,4,490.503297,,490.503297,2025-01-20 02:13:07
1118,2045,614,4,DEPOSIT,2,6873.303915,6873.303915,,2025-01-20 02:37:10
1119,2046,264,1,LIQUIDATION,1,3272.698235,3211.2045859192,3272.698235,2025-01-20 03:24:03
1120,2049,920,3,BORROW,2,1422.007951,3339.3507936597,1422.007951,2025-01-20 03:41:01
1121,2054,612,4,DEPOSIT,3,841.54259,841.54259,,2025-01-20 04:27:39
1122,2055,949,4,WITHDRAW,1,519.452836,,,2025-01-20 04:37:40
1123,2060,680,2,DEPOSIT,3,571.001756,571.001756,,2025-01-20 06:25:20
1124,2063,786,3,WITHDRAW,3,4969.081,,,2025-01-20 07:25:47
1125,2064,614,3,DEPOSIT,5,6157.616224,6157.616224,,2025-01-20 07:32:51
1126,2066,291,3,DEPOSIT,4,2662.677674,2662.677674,,2025-01-20 08:04:00
1127,2068,100,3,REPAY,1,378.56411,,378.56411,2025-01-20 08:11:12
1128,2070,422,1,BORROW,2,8205.469133,20357.0858914127,8205.469133,2025-01-20 08:38:43
1129,2071,282,1,WITHDRAW,1,8848.649918,,,2025-01-20 08:44:10
1130,2072,159,3,WITHDRAW,1,8517.106348,,,2025-01-20 08:46:30
1131,2073,589,2,DEPOSIT,1,9684.171772,9684.171772,,2025-01-20 09:08:35
1132,2074,996,3,DEPOSIT,5,4474.095849,4474.095849,,2025-01-20 09:25:36
1133,2075,254,3,WITHDRAW,4,6825.107322,,,2025-01-20 09:27:19
1134,2076,441,1,REPAY,3,5538.036204,,5538.036204,2025-01-20 09:37:49
1135,2079,119,2,WITHDRAW,2,4165.32904,,,2025-01-20 10:07:31
1136,2080,986,3,REPAY,4,2121.047476,,2121.047476,2025-01-20 10:14:37
1137,2083,420,1,DEPOSIT,2,9661.218639,9661.218639,,2025-01-20 10:34:15
1138,2086,936,1,DEPOSIT,4,5373.588146,5373.588146,,2025-01-20 10:51:37
1139,2088,504,1,REPAY,4,1138.900069,,1138.900069,2025-01-20 10:59:04
1140,2089,306,4,WITHDRAW,3,3773.322697,,,2025-01-20 11:00:06
1141,2090,304,2,BORROW,1,6321.939768,14762.7657183701,6321.939768,2025-01-20 11:07:24
1142,2091,143,4,REPAY,5,3263.660176,,3263.660176,2025-01-20 11:19:56
1143,2093,861,3,REPAY,1,717.371749,,717.371749,2025-01-20 12:04:43
1144,2094,691,4,BORROW,5,1002.591374,1264.1720178223,1002.591374,2025-01-20 12:09:27
1145,2095,764,4,REPAY,4,5706.588596,,5706.588596,2025-01-20 12:12:04
1146,2097,483,4,BORROW,4,9817.41781,17562.3397207261,9817.41781,2025-01-20 12:34:23
1147,2099,682,3,WITHDRAW,3,8134.525635,,,2025-01-20 13:31:08
1148,2100,492,2,BORROW,4,2009.490431,4445.939374403,2009.490431,2025-01-20 13:35:00
1149,2101,860,1,DEPOSIT,1,2554.348499,2554.348499,,2025-01-20 13:48:16
1530,2765,194,4,WITHDRAW,2,4429.81056,,,2025-01-26 04:47:30
1150,2102,599,4,REPAY,2,603.474906,,603.474906,2025-01-20 14:12:42
1151,2103,564,1,BORROW,4,3190.507382,7587.1166352491,3190.507382,2025-01-20 14:12:45
1152,2106,551,4,REPAY,5,2803.016724,,2803.016724,2025-01-20 14:36:00
1153,2108,950,4,DEPOSIT,4,7463.64725,7463.64725,,2025-01-20 14:40:21
1154,2109,869,3,DEPOSIT,3,3528.970269,3528.970269,,2025-01-20 14:42:27
1155,2112,88,2,REPAY,2,2867.179811,,2867.179811,2025-01-20 15:15:57
1156,2114,640,1,WITHDRAW,1,9466.991142,,,2025-01-20 15:34:50
1157,2115,287,4,REPAY,4,937.986505,,937.986505,2025-01-20 15:44:35
1158,2117,714,3,DEPOSIT,3,9607.536519,9607.536519,,2025-01-20 15:59:21
1159,2119,577,3,REPAY,1,2463.979461,,2463.979461,2025-01-20 16:05:01
1160,2120,77,3,DEPOSIT,2,1318.504768,1318.504768,,2025-01-20 16:06:43
1161,2122,895,1,BORROW,2,3063.757217,6258.8283516485,3063.757217,2025-01-20 16:34:55
1162,2123,303,1,REPAY,2,2097.053173,,2097.053173,2025-01-20 16:41:28
1163,2125,59,2,DEPOSIT,2,7237.719428,7237.719428,,2025-01-20 17:04:05
1164,2127,660,3,DEPOSIT,5,911.639273,911.639273,,2025-01-20 18:07:31
1165,2128,923,3,BORROW,2,4834.132501,11816.3228580207,4834.132501,2025-01-20 18:11:56
1166,2129,28,3,WITHDRAW,5,894.520889,,,2025-01-20 18:29:08
1167,2131,759,3,BORROW,5,4782.616114,10117.7123082885,4782.616114,2025-01-20 18:44:22
1168,2132,639,4,REPAY,4,5101.480195,,5101.480195,2025-01-20 18:55:21
1169,2133,840,2,BORROW,1,356.607134,889.4246675343,356.607134,2025-01-20 19:06:40
1170,2135,167,1,WITHDRAW,1,5788.172867,,,2025-01-20 20:25:58
1171,2136,162,1,WITHDRAW,1,5136.238099,,,2025-01-20 20:37:44
1172,2137,402,1,DEPOSIT,2,4428.263932,4428.263932,,2025-01-20 20:48:32
1173,2139,924,4,DEPOSIT,5,2912.716431,2912.716431,,2025-01-20 21:06:12
1174,2140,245,2,DEPOSIT,1,2731.58406,2731.58406,,2025-01-20 21:17:42
1175,2142,508,3,DEPOSIT,2,7077.787473,7077.787473,,2025-01-20 21:20:42
1176,2143,846,4,DEPOSIT,1,270.713852,270.713852,,2025-01-20 21:35:29
1177,2145,868,4,WITHDRAW,5,8598.539433,,,2025-01-20 21:59:33
1178,2146,473,3,BORROW,3,4085.677423,6386.2800426207,4085.677423,2025-01-20 22:12:27
1179,2148,30,1,DEPOSIT,3,7815.695451,7815.695451,,2025-01-20 22:26:48
1180,2152,146,2,WITHDRAW,5,6862.108454,,,2025-01-20 23:03:05
1181,2153,365,4,DEPOSIT,5,7819.412773,7819.412773,,2025-01-20 23:09:14
1182,2155,406,2,WITHDRAW,2,9528.9465,,,2025-01-20 23:34:17
1183,2156,242,3,REPAY,5,104.435918,,104.435918,2025-01-20 23:37:42
1184,2157,756,4,DEPOSIT,1,2316.573927,2316.573927,,2025-01-20 23:38:34
1185,2161,391,4,BORROW,3,9182.585902,18423.1774219013,9182.585902,2025-01-21 00:14:54
1186,2164,870,4,WITHDRAW,2,4526.249473,,,2025-01-21 00:57:14
1187,2166,237,2,BORROW,4,1606.658759,2938.027975395,1606.658759,2025-01-21 01:21:10
1188,2172,985,4,REPAY,1,287.979097,,287.979097,2025-01-21 02:55:56
1189,2173,677,3,WITHDRAW,1,8114.897454,,,2025-01-21 03:09:42
1190,2174,628,3,REPAY,3,1617.13048,,1617.13048,2025-01-21 03:20:17
1191,2175,488,2,BORROW,4,4799.041546,9701.6585604058,4799.041546,2025-01-21 03:47:57
1192,2176,115,4,WITHDRAW,1,2054.889759,,,2025-01-21 04:08:59
1193,2179,873,4,BORROW,1,226.316274,565.2682482112,226.316274,2025-01-21 04:20:02
1194,2180,730,4,DEPOSIT,3,4056.306683,4056.306683,,2025-01-21 04:20:29
1195,2181,877,3,LIQUIDATION,5,5155.848429,4214.6128979847,5155.848429,2025-01-21 04:26:15
1196,2182,874,3,REPAY,2,1414.312265,,1414.312265,2025-01-21 04:30:50
1197,2185,653,1,DEPOSIT,1,3423.097028,3423.097028,,2025-01-21 05:11:19
1198,2186,67,1,WITHDRAW,4,6754.606398,,,2025-01-21 05:20:13
1199,2189,62,2,REPAY,3,2296.05506,,2296.05506,2025-01-21 06:32:22
1200,2190,750,3,DEPOSIT,5,9700.981236,9700.981236,,2025-01-21 06:38:15
1201,2193,790,2,REPAY,2,510.545626,,510.545626,2025-01-21 07:31:54
1202,2195,221,4,DEPOSIT,3,641.141357,641.141357,,2025-01-21 08:26:20
1203,2196,543,1,BORROW,1,8308.174805,10515.610643833,8308.174805,2025-01-21 08:37:35
1204,2198,647,2,DEPOSIT,4,1650.571476,1650.571476,,2025-01-21 09:20:53
1205,2199,724,2,BORROW,5,2802.328007,6910.0786379638,2802.328007,2025-01-21 09:32:23
1206,2200,709,4,LIQUIDATION,3,2257.092275,1987.7064212837,2257.092275,2025-01-21 09:58:04
1207,2201,420,3,LIQUIDATION,4,11749.121792,10768.0141090293,11749.121792,2025-01-21 10:08:11
1208,2204,42,2,REPAY,2,367.461344,,367.461344,2025-01-21 10:23:34
1209,2205,232,4,LIQUIDATION,2,4814.756611,4322.815531776,4814.756611,2025-01-21 10:23:56
1210,2206,976,2,WITHDRAW,2,110.989922,,,2025-01-21 10:43:27
1211,2208,153,3,REPAY,4,998.461403,,998.461403,2025-01-21 11:20:52
1212,2210,786,2,WITHDRAW,2,4930.74372,,,2025-01-21 11:43:54
1213,2211,546,2,REPAY,2,3219.121607,,3219.121607,2025-01-21 12:17:38
1214,2213,483,1,REPAY,1,5781.442539,,5781.442539,2025-01-21 12:24:02
1215,2215,202,2,DEPOSIT,5,5338.417858,5338.417858,,2025-01-21 13:27:40
1216,2216,85,1,DEPOSIT,5,2701.128224,2701.128224,,2025-01-21 13:29:30
1217,2217,821,4,DEPOSIT,1,9495.280789,9495.280789,,2025-01-21 13:39:18
1218,2218,916,3,DEPOSIT,3,8443.064351,8443.064351,,2025-01-21 13:44:14
1219,2221,543,2,REPAY,2,5583.868689,,5583.868689,2025-01-21 14:33:08
1220,2225,415,2,BORROW,4,9905.623219,12955.1696375693,9905.623219,2025-01-21 15:04:38
1221,2230,762,2,REPAY,3,1250.911621,,1250.911621,2025-01-21 15:32:21
1222,2231,55,1,BORROW,1,6655.647206,16558.9769291977,6655.647206,2025-01-21 15:34:31
1223,2235,532,4,DEPOSIT,1,2086.648382,2086.648382,,2025-01-21 16:09:38
1224,2237,962,1,REPAY,4,25.765294,,25.765294,2025-01-21 16:11:18
1225,2239,733,3,BORROW,4,2623.92181,4440.7485903,2623.92181,2025-01-21 16:42:49
1226,2243,413,1,DEPOSIT,5,3956.762947,3956.762947,,2025-01-21 17:35:27
1227,2245,953,3,DEPOSIT,2,2518.841806,2518.841806,,2025-01-21 17:53:06
1228,2246,115,4,REPAY,3,363.737686,,363.737686,2025-01-21 18:28:36
1229,2248,307,2,LIQUIDATION,1,4902.633174,4973.1305764527,4902.633174,2025-01-21 18:34:08
1230,2249,471,1,WITHDRAW,1,4266.032139,,,2025-01-21 18:43:57
1231,2251,728,1,WITHDRAW,1,433.627515,,,2025-01-21 18:54:47
1232,2252,617,3,BORROW,2,1397.119252,2144.142103939,1397.119252,2025-01-21 19:00:48
1233,2253,411,3,LIQUIDATION,2,7739.424709,6348.1459918073,7739.424709,2025-01-21 19:25:14
1234,2255,906,3,BORROW,2,8125.403073,11895.9944518883,8125.403073,2025-01-21 20:03:26
1235,2257,411,3,DEPOSIT,1,3367.068986,3367.068986,,2025-01-21 20:13:16
1236,2259,12,2,DEPOSIT,2,7074.281856,7074.281856,,2025-01-21 20:58:21
1237,2261,833,3,BORROW,2,5807.226168,9833.1018067421,5807.226168,2025-01-21 21:36:08
1238,2262,893,4,DEPOSIT,2,8729.093192,8729.093192,,2025-01-21 21:44:11
1239,2263,535,3,REPAY,4,4020.683342,,4020.683342,2025-01-21 21:50:34
1240,2264,941,1,DEPOSIT,2,6500.168755,6500.168755,,2025-01-21 22:13:29
1241,2267,799,2,REPAY,5,256.214114,,256.214114,2025-01-21 22:22:24
1242,2268,764,1,REPAY,2,3069.699261,,3069.699261,2025-01-21 22:27:55
1243,2269,836,1,DEPOSIT,5,8459.726417,8459.726417,,2025-01-21 22:34:25
1244,2271,773,4,BORROW,2,158.269111,387.4601676823,158.269111,2025-01-21 22:45:19
1245,2272,106,3,WITHDRAW,1,2558.536705,,,2025-01-21 22:48:37
1246,2273,898,4,REPAY,5,372.770702,,372.770702,2025-01-21 22:59:52
1247,2274,861,3,REPAY,3,806.351165,,806.351165,2025-01-21 23:20:49
1248,2275,12,1,WITHDRAW,3,4145.569378,,,2025-01-21 23:28:39
1249,2277,281,1,BORROW,2,2974.523219,5285.9760186531,2974.523219,2025-01-21 23:48:13
1250,2280,508,1,WITHDRAW,4,4699.438076,,,2025-01-22 00:56:23
1251,2281,532,4,WITHDRAW,2,1303.477302,,,2025-01-22 01:11:05
1252,2282,777,4,REPAY,5,1282.390395,,1282.390395,2025-01-22 01:19:21
1253,2283,131,4,WITHDRAW,5,4836.337382,,,2025-01-22 01:58:24
1254,2284,162,1,DEPOSIT,3,1589.789464,1589.789464,,2025-01-22 02:17:29
1255,2285,975,2,BORROW,1,3290.664995,6328.9776289227,3290.664995,2025-01-22 02:33:19
1256,2289,424,2,BORROW,5,2952.734445,6025.9259516179,2952.734445,2025-01-22 03:27:11
1257,2292,498,2,BORROW,3,6841.047848,9678.3020301005,6841.047848,2025-01-22 04:31:53
1258,2293,781,1,DEPOSIT,3,7565.68623,7565.68623,,2025-01-22 04:44:19
1259,2295,515,1,BORROW,1,8059.782806,17704.3389098676,8059.782806,2025-01-22 04:53:15
1260,2298,515,4,REPAY,2,6782.859347,,6782.859347,2025-01-22 05:15:14
1261,2299,191,1,REPAY,3,52.140512,,52.140512,2025-01-22 05:23:07
1262,2300,776,3,BORROW,1,556.018447,703.6436791654,556.018447,2025-01-22 05:27:03
1263,2304,842,3,WITHDRAW,5,6045.730682,,,2025-01-22 05:45:25
1264,2305,140,4,REPAY,1,4953.92499,,4953.92499,2025-01-22 05:46:32
1265,2306,978,1,REPAY,1,2924.499202,,2924.499202,2025-01-22 05:48:06
1266,2308,610,1,WITHDRAW,1,6838.416262,,,2025-01-22 06:50:32
1267,2310,47,2,DEPOSIT,3,2951.983204,2951.983204,,2025-01-22 07:23:30
1268,2312,488,1,REPAY,2,4297.204309,,4297.204309,2025-01-22 08:35:28
1269,2315,462,2,REPAY,3,92.819747,,92.819747,2025-01-22 09:15:22
1270,2319,849,4,WITHDRAW,5,8653.464685,,,2025-01-22 09:33:55
1271,2321,740,2,DEPOSIT,4,6625.952035,6625.952035,,2025-01-22 10:06:28
1272,2322,990,3,WITHDRAW,5,9885.485303,,,2025-01-22 10:06:38
1273,2323,937,3,LIQUIDATION,3,3839.338793,4345.4756083224,3839.338793,2025-01-22 10:12:13
1274,2325,30,1,DEPOSIT,4,4743.658736,4743.658736,,2025-01-22 10:38:43
1275,2326,744,1,DEPOSIT,3,840.802894,840.802894,,2025-01-22 10:41:47
1276,2327,948,3,DEPOSIT,3,1677.529901,1677.529901,,2025-01-22 10:48:00
1277,2328,203,2,REPAY,4,5234.538587,,5234.538587,2025-01-22 11:35:09
1278,2329,501,4,BORROW,4,4814.785346,11283.3717230203,4814.785346,2025-01-22 11:44:21
1279,2331,355,1,WITHDRAW,5,9599.731731,,,2025-01-22 12:22:55
1280,2332,443,2,WITHDRAW,2,6081.978086,,,2025-01-22 12:29:48
1281,2333,416,1,BORROW,1,1030.370947,2288.8451624657,1030.370947,2025-01-22 12:34:31
1282,2335,161,1,REPAY,5,301.504737,,301.504737,2025-01-22 12:55:38
1283,2337,820,3,REPAY,1,5439.631944,,5439.631944,2025-01-22 12:58:42
1284,2338,28,4,DEPOSIT,5,4623.281434,4623.281434,,2025-01-22 13:02:53
1285,2340,59,4,DEPOSIT,5,9809.348702,9809.348702,,2025-01-22 13:09:11
1286,2341,481,3,BORROW,3,9158.553813,13997.8764054699,9158.553813,2025-01-22 13:26:27
1287,2342,898,3,REPAY,1,12.846289,,12.846289,2025-01-22 13:41:00
1288,2343,693,4,DEPOSIT,2,55.97754,55.97754,,2025-01-22 13:48:24
1289,2344,417,4,DEPOSIT,5,7545.704025,7545.704025,,2025-01-22 13:56:08
1290,2347,53,4,REPAY,4,309.949576,,309.949576,2025-01-22 14:35:34
1291,2348,360,3,WITHDRAW,3,5187.243508,,,2025-01-22 15:04:48
1292,2349,266,1,DEPOSIT,4,3495.216033,3495.216033,,2025-01-22 15:29:17
1293,2350,282,1,WITHDRAW,3,7171.842123,,,2025-01-22 15:32:14
1294,2352,626,3,WITHDRAW,5,3334.333933,,,2025-01-22 15:45:39
1295,2353,358,4,WITHDRAW,1,5254.520886,,,2025-01-22 15:51:28
1296,2354,747,2,WITHDRAW,5,1873.431568,,,2025-01-22 16:25:47
1297,2355,389,3,DEPOSIT,1,8116.110134,8116.110134,,2025-01-22 16:28:54
1298,2356,57,3,WITHDRAW,1,23.066468,,,2025-01-22 16:39:47
1299,2357,724,1,REPAY,1,2303.370804,,2303.370804,2025-01-22 16:56:59
1300,2358,236,4,REPAY,5,1182.059726,,1182.059726,2025-01-22 17:33:00
1301,2359,664,4,REPAY,4,6277.346295,,6277.346295,2025-01-22 17:38:33
1302,2360,140,4,REPAY,5,278.819062,,278.819062,2025-01-22 17:55:19
1303,2364,270,3,WITHDRAW,4,2703.220431,,,2025-01-22 19:25:43
1304,2365,876,2,WITHDRAW,3,4104.844829,,,2025-01-22 19:31:07
1305,2368,584,4,LIQUIDATION,2,358.409091,327.3449458853,358.409091,2025-01-22 19:51:44
1306,2370,958,1,REPAY,5,2840.419021,,2840.419021,2025-01-22 20:14:43
1307,2371,772,1,DEPOSIT,1,8188.511964,8188.511964,,2025-01-22 20:22:32
1308,2372,466,4,DEPOSIT,3,5313.771604,5313.771604,,2025-01-22 20:25:37
1309,2373,234,4,WITHDRAW,3,2138.536634,,,2025-01-22 20:58:19
1310,2374,707,2,DEPOSIT,4,5145.586663,5145.586663,,2025-01-22 21:07:21
1311,2375,463,4,WITHDRAW,2,8037.8504,,,2025-01-22 21:25:24
1312,2376,439,3,REPAY,5,309.118597,,309.118597,2025-01-22 21:30:16
1313,2378,35,1,WITHDRAW,4,8448.96921,,,2025-01-22 21:53:38
1314,2379,640,2,REPAY,3,47.815071,,47.815071,2025-01-22 21:53:52
1315,2380,622,4,DEPOSIT,4,1966.378063,1966.378063,,2025-01-22 22:05:30
1316,2383,475,1,LIQUIDATION,2,8241.349472,8489.717911409,8241.349472,2025-01-22 22:26:16
1317,2384,624,3,BORROW,1,143.353619,273.3512392848,143.353619,2025-01-22 22:52:54
1318,2385,971,2,DEPOSIT,4,8079.399807,8079.399807,,2025-01-22 23:22:57
1319,2387,529,4,DEPOSIT,4,8850.913898,8850.913898,,2025-01-22 23:25:04
1320,2388,154,2,DEPOSIT,3,5267.40441,5267.40441,,2025-01-22 23:28:08
1321,2389,161,2,LIQUIDATION,2,1389.228377,1598.0484714599,1389.228377,2025-01-22 23:36:05
1322,2390,601,3,WITHDRAW,5,1854.812366,,,2025-01-22 23:42:23
1323,2391,429,3,DEPOSIT,1,9053.584384,9053.584384,,2025-01-23 00:11:47
1324,2392,526,3,BORROW,4,8465.163883,19543.3087162604,8465.163883,2025-01-23 00:21:40
1325,2394,731,2,DEPOSIT,5,6547.526714,6547.526714,,2025-01-23 00:42:31
1326,2395,244,3,REPAY,4,1740.808843,,1740.808843,2025-01-23 01:07:02
1327,2398,379,2,DEPOSIT,2,5148.000797,5148.000797,,2025-01-23 01:26:47
1328,2400,915,3,WITHDRAW,5,5696.214433,,,2025-01-23 02:29:44
1329,2401,945,4,REPAY,4,321.272313,,321.272313,2025-01-23 02:31:03
1330,2403,796,3,LIQUIDATION,4,2109.528657,2205.0793917709,2109.528657,2025-01-23 02:58:40
1331,2404,309,4,REPAY,2,135.862893,,135.862893,2025-01-23 03:04:07
1332,2405,65,2,WITHDRAW,1,2770.28723,,,2025-01-23 03:07:24
1333,2406,58,2,WITHDRAW,3,7905.154301,,,2025-01-23 03:08:07
1334,2407,910,1,WITHDRAW,2,4245.387123,,,2025-01-23 03:20:13
1335,2408,382,4,WITHDRAW,4,4153.464729,,,2025-01-23 03:23:14
1336,2409,365,1,REPAY,5,1017.953653,,1017.953653,2025-01-23 04:02:49
1337,2411,641,2,REPAY,2,2633.549308,,2633.549308,2025-01-23 04:14:29
1338,2413,560,1,DEPOSIT,1,3691.852811,3691.852811,,2025-01-23 04:23:26
1339,2414,81,2,BORROW,3,1814.794296,3221.0912473788,1814.794296,2025-01-23 04:46:59
1340,2415,626,2,DEPOSIT,2,9404.905795,9404.905795,,2025-01-23 04:47:59
1341,2416,190,4,DEPOSIT,2,5192.412072,5192.412072,,2025-01-23 05:21:34
1342,2417,630,1,REPAY,4,684.691912,,684.691912,2025-01-23 05:25:26
1343,2420,423,4,WITHDRAW,3,6485.959025,,,2025-01-23 05:36:49
1344,2421,780,2,REPAY,4,3355.407187,,3355.407187,2025-01-23 06:10:47
1345,2423,680,4,WITHDRAW,3,8156.320142,,,2025-01-23 06:18:27
1346,2425,630,1,DEPOSIT,5,8470.436749,8470.436749,,2025-01-23 06:34:55
1347,2427,143,3,DEPOSIT,2,3843.249588,3843.249588,,2025-01-23 06:57:10
1348,2430,336,4,DEPOSIT,3,6629.297621,6629.297621,,2025-01-23 08:20:10
1349,2431,381,1,BORROW,1,8878.254612,21813.8683504127,8878.254612,2025-01-23 08:48:52
1350,2432,939,3,REPAY,4,2129.87811,,2129.87811,2025-01-23 08:49:15
1351,2433,425,3,REPAY,1,1050.286663,,1050.286663,2025-01-23 09:19:42
1352,2435,454,2,DEPOSIT,3,516.584658,516.584658,,2025-01-23 09:49:38
1353,2436,586,3,REPAY,1,3581.890195,,3581.890195,2025-01-23 09:52:54
1354,2438,727,4,WITHDRAW,4,4113.458441,,,2025-01-23 10:39:24
1355,2439,688,2,DEPOSIT,3,2080.000493,2080.000493,,2025-01-23 11:06:05
1356,2440,943,1,WITHDRAW,5,7369.418832,,,2025-01-23 11:09:15
1357,2441,130,4,REPAY,3,3061.56003,,3061.56003,2025-01-23 11:18:23
1358,2444,46,4,WITHDRAW,4,7318.416873,,,2025-01-23 11:50:05
1359,2445,42,2,REPAY,2,396.642582,,396.642582,2025-01-23 12:08:17
1360,2446,823,3,WITHDRAW,1,9983.441823,,,2025-01-23 12:24:19
1361,2447,291,3,DEPOSIT,4,2496.618352,2496.618352,,2025-01-23 12:32:11
1362,2449,23,3,BORROW,2,4591.522688,10487.7109001867,4591.522688,2025-01-23 12:42:40
1363,2450,963,2,BORROW,1,4111.306754,9040.3240460972,4111.306754,2025-01-23 12:54:09
1364,2452,564,1,BORROW,4,7748.753824,13453.2693823631,7748.753824,2025-01-23 13:05:39
1365,2456,193,2,BORROW,1,417.465385,824.0042183087,417.465385,2025-01-23 13:50:58
1366,2457,423,1,DEPOSIT,3,5739.635148,5739.635148,,2025-01-23 14:22:39
1367,2460,244,3,LIQUIDATION,4,2484.426772,2208.1338083786,2484.426772,2025-01-23 14:44:14
1368,2461,892,3,REPAY,5,357.077757,,357.077757,2025-01-23 14:45:18
1369,2463,63,3,BORROW,2,7067.260397,12204.3283784723,7067.260397,2025-01-23 15:31:27
1370,2464,697,4,REPAY,2,671.892364,,671.892364,2025-01-23 15:45:36
1371,2466,243,1,REPAY,2,2675.998581,,2675.998581,2025-01-23 16:31:24
1372,2467,739,2,BORROW,4,2548.752365,3137.2300710131,2548.752365,2025-01-23 16:32:07
1373,2468,911,3,DEPOSIT,1,7229.600191,7229.600191,,2025-01-23 16:40:55
1374,2469,821,2,WITHDRAW,3,9314.643201,,,2025-01-23 16:52:27
1375,2470,873,1,REPAY,3,140.06587,,140.06587,2025-01-23 16:59:00
1376,2471,551,2,REPAY,2,685.272753,,685.272753,2025-01-23 17:01:17
1377,2472,27,1,WITHDRAW,4,1221.597733,,,2025-01-23 17:18:05
1378,2473,758,1,DEPOSIT,4,5880.473952,5880.473952,,2025-01-23 18:13:29
1379,2474,4,1,REPAY,4,1333.915915,,1333.915915,2025-01-23 18:21:30
1380,2475,416,4,REPAY,3,534.190883,,534.190883,2025-01-23 18:37:13
1381,2477,664,3,REPAY,4,914.683148,,914.683148,2025-01-23 18:43:59
1382,2478,326,1,REPAY,5,3148.553577,,3148.553577,2025-01-23 18:46:44
1383,2479,887,3,REPAY,2,3728.798091,,3728.798091,2025-01-23 18:52:33
1384,2480,957,2,REPAY,3,173.620421,,173.620421,2025-01-23 18:53:35
1385,2481,479,4,WITHDRAW,5,6393.232133,,,2025-01-23 19:03:30
1386,2483,383,3,REPAY,5,21.638014,,21.638014,2025-01-23 19:15:30
1387,2492,582,3,DEPOSIT,4,8366.612841,8366.612841,,2025-01-23 20:43:06
1388,2493,989,1,REPAY,4,344.766091,,344.766091,2025-01-23 20:48:21
1389,2495,507,4,WITHDRAW,2,1587.632072,,,2025-01-23 21:04:36
1390,2496,807,4,REPAY,3,281.900711,,281.900711,2025-01-23 21:07:15
1391,2500,608,3,DEPOSIT,3,8416.520429,8416.520429,,2025-01-23 21:34:55
1392,2501,538,4,REPAY,5,4475.713075,,4475.713075,2025-01-23 21:45:07
1393,2504,659,3,WITHDRAW,4,8417.211401,,,2025-01-23 22:11:27
1394,2506,851,2,DEPOSIT,4,1449.419371,1449.419371,,2025-01-23 22:47:30
1395,2507,857,3,DEPOSIT,2,2298.448103,2298.448103,,2025-01-23 22:53:06
1396,2510,781,2,DEPOSIT,1,1662.924114,1662.924114,,2025-01-23 23:26:24
1397,2512,978,2,REPAY,2,439.182578,,439.182578,2025-01-23 23:33:19
1398,2513,13,1,REPAY,5,3015.074738,,3015.074738,2025-01-23 23:39:24
1399,2514,566,1,BORROW,5,6703.129081,14416.680831749,6703.129081,2025-01-23 23:43:29
1400,2517,298,1,LIQUIDATION,1,7743.165279,6509.0706460151,7743.165279,2025-01-24 00:29:17
1401,2518,711,2,WITHDRAW,5,5809.072711,,,2025-01-24 00:39:34
1402,2519,158,2,BORROW,1,8225.830275,10842.8091135552,8225.830275,2025-01-24 00:42:05
1403,2520,44,3,REPAY,5,1767.715442,,1767.715442,2025-01-24 00:52:14
1404,2522,615,3,REPAY,4,2139.026058,,2139.026058,2025-01-24 01:29:23
1405,2524,914,1,BORROW,2,5222.085545,12007.3572043641,5222.085545,2025-01-24 01:39:35
1406,2526,745,4,BORROW,3,1824.138153,4213.4338678945,1824.138153,2025-01-24 02:13:03
1407,2529,941,4,DEPOSIT,5,6401.519257,6401.519257,,2025-01-24 03:03:43
1408,2532,811,4,REPAY,5,8874.019479,,8874.019479,2025-01-24 03:35:43
1409,2533,999,2,BORROW,3,4379.379697,10679.2301353973,4379.379697,2025-01-24 03:47:14
1410,2534,831,2,REPAY,2,38.961899,,38.961899,2025-01-24 04:13:44
1411,2536,565,2,WITHDRAW,5,9079.278221,,,2025-01-24 04:26:55
1412,2538,667,2,REPAY,4,2.497568,,2.497568,2025-01-24 04:38:41
1413,2539,73,2,REPAY,5,206.724238,,206.724238,2025-01-24 04:54:38
1414,2541,384,3,LIQUIDATION,5,1171.983898,1359.586839893,1171.983898,2025-01-24 05:20:11
1415,2542,627,4,REPAY,3,799.71021,,799.71021,2025-01-24 05:36:27
1416,2543,73,1,WITHDRAW,3,6112.765415,,,2025-01-24 05:45:53
1417,2544,368,2,BORROW,2,9012.224858,11038.5185821328,9012.224858,2025-01-24 06:22:57
1418,2547,236,2,REPAY,4,1366.680999,,1366.680999,2025-01-24 06:50:15
1419,2548,874,4,REPAY,1,154.009368,,154.009368,2025-01-24 06:57:49
1420,2549,268,4,WITHDRAW,4,8685.067992,,,2025-01-24 07:08:01
1421,2551,812,2,WITHDRAW,5,3539.514684,,,2025-01-24 07:49:48
1422,2553,596,2,DEPOSIT,4,712.599102,712.599102,,2025-01-24 08:32:05
1423,2559,650,2,REPAY,2,1039.573079,,1039.573079,2025-01-24 08:57:22
1424,2561,508,3,DEPOSIT,3,1305.795874,1305.795874,,2025-01-24 09:45:34
1425,2563,241,3,REPAY,4,1090.983026,,1090.983026,2025-01-24 10:02:45
1426,2565,476,4,BORROW,1,3839.951301,5633.2789732268,3839.951301,2025-01-24 10:26:49
1427,2566,783,4,DEPOSIT,5,7155.99011,7155.99011,,2025-01-24 10:40:26
1428,2570,420,4,WITHDRAW,1,8284.709082,,,2025-01-24 10:58:48
1429,2580,994,2,BORROW,1,3020.947111,6235.2239635667,3020.947111,2025-01-24 13:35:24
1430,2585,676,4,DEPOSIT,1,2450.296653,2450.296653,,2025-01-24 14:11:04
1431,2586,792,3,WITHDRAW,4,6011.185152,,,2025-01-24 14:28:14
1432,2587,655,1,REPAY,2,6016.1164,,6016.1164,2025-01-24 14:40:02
1433,2589,108,1,DEPOSIT,1,5121.459263,5121.459263,,2025-01-24 15:14:44
1434,2591,475,4,BORROW,1,663.008046,1583.4818036571,663.008046,2025-01-24 15:40:56
1435,2592,472,3,DEPOSIT,2,8884.111165,8884.111165,,2025-01-24 15:58:28
1436,2593,996,2,WITHDRAW,3,3805.6258,,,2025-01-24 16:22:55
1437,2595,254,1,DEPOSIT,2,7842.753015,7842.753015,,2025-01-24 16:40:10
1438,2598,987,3,DEPOSIT,5,2708.645433,2708.645433,,2025-01-24 17:13:14
1439,2599,547,3,LIQUIDATION,3,14942.329099,17459.6063187663,14942.329099,2025-01-24 17:26:49
1440,2601,595,2,DEPOSIT,1,7992.731873,7992.731873,,2025-01-24 17:58:34
1441,2605,288,4,REPAY,4,738.274142,,738.274142,2025-01-24 18:59:36
1442,2610,363,1,DEPOSIT,1,7559.104143,7559.104143,,2025-01-24 20:02:50
1443,2612,140,2,DEPOSIT,3,1252.508168,1252.508168,,2025-01-24 20:43:48
1444,2613,381,3,LIQUIDATION,2,12779.169347,11158.1388522803,12779.169347,2025-01-24 21:02:27
1445,2615,512,3,REPAY,4,842.39895,,842.39895,2025-01-24 21:08:40
1446,2616,918,1,REPAY,4,0.279913,,0.279913,2025-01-24 21:25:57
1447,2617,727,4,DEPOSIT,2,7296.181431,7296.181431,,2025-01-24 21:34:24
1448,2618,955,2,WITHDRAW,2,6001.016061,,,2025-01-24 21:40:43
1449,2621,980,2,REPAY,1,5604.269302,,5604.269302,2025-01-24 21:58:35
1450,2622,166,3,BORROW,3,5917.859102,7680.6607137402,5917.859102,2025-01-24 22:08:14
1451,2623,971,4,BORROW,4,4867.039769,9514.8096194174,4867.039769,2025-01-24 22:14:34
1452,2624,326,4,REPAY,2,7.452987,,7.452987,2025-01-24 22:19:02
1453,2627,714,4,WITHDRAW,5,9712.794308,,,2025-01-24 23:23:02
1454,2633,155,4,LIQUIDATION,5,1145.055268,1067.0762107109,1145.055268,2025-01-25 00:05:22
1455,2634,125,3,WITHDRAW,3,1808.07698,,,2025-01-25 00:13:02
1456,2636,929,3,DEPOSIT,4,1158.728137,1158.728137,,2025-01-25 00:51:50
1457,2637,203,1,REPAY,5,377.847362,,377.847362,2025-01-25 00:55:11
1458,2639,526,4,REPAY,3,3319.086772,,3319.086772,2025-01-25 01:08:54
1459,2642,440,3,REPAY,1,399.464616,,399.464616,2025-01-25 02:08:37
1460,2643,941,1,REPAY,3,6048.149531,,6048.149531,2025-01-25 02:08:48
1461,2646,574,3,DEPOSIT,5,5333.655374,5333.655374,,2025-01-25 02:35:14
1462,2647,770,4,LIQUIDATION,4,2675.75936,2940.3784846341,2675.75936,2025-01-25 02:37:57
1463,2648,297,3,DEPOSIT,4,2174.097083,2174.097083,,2025-01-25 02:42:23
1464,2649,286,4,WITHDRAW,1,7407.946292,,,2025-01-25 02:59:13
1465,2654,75,3,REPAY,1,3204.617305,,3204.617305,2025-01-25 04:54:28
1466,2656,595,3,DEPOSIT,1,9169.564959,9169.564959,,2025-01-25 05:06:17
1467,2657,621,1,BORROW,3,8229.421184,17975.3054160258,8229.421184,2025-01-25 05:13:26
1468,2659,696,1,WITHDRAW,4,7366.306686,,,2025-01-25 05:22:34
1469,2661,751,3,DEPOSIT,4,8918.454404,8918.454404,,2025-01-25 05:43:59
1470,2662,85,2,DEPOSIT,4,5042.302281,5042.302281,,2025-01-25 05:54:38
1471,2663,82,3,DEPOSIT,1,2557.117317,2557.117317,,2025-01-25 06:43:29
1472,2667,855,1,WITHDRAW,2,3147.292146,,,2025-01-25 07:20:09
1473,2668,842,1,WITHDRAW,2,2901.788627,,,2025-01-25 07:38:38
1474,2670,273,4,BORROW,4,3966.818992,8178.6933815426,3966.818992,2025-01-25 07:51:10
1475,2671,858,1,BORROW,1,4078.506903,9208.8580955371,4078.506903,2025-01-25 08:03:54
1476,2672,669,4,WITHDRAW,4,9322.811703,,,2025-01-25 08:08:46
1477,2676,146,1,BORROW,4,6900.696531,15800.7269746133,6900.696531,2025-01-25 09:53:04
1478,2680,248,1,WITHDRAW,1,8011.703941,,,2025-01-25 11:07:00
1479,2682,584,1,BORROW,3,2837.153088,5876.8073739442,2837.153088,2025-01-25 11:27:25
1480,2683,355,3,WITHDRAW,2,737.851026,,,2025-01-25 11:46:42
1481,2686,551,2,REPAY,4,264.706053,,264.706053,2025-01-25 12:15:57
1482,2687,615,4,REPAY,1,22.035764,,22.035764,2025-01-25 12:32:52
1483,2688,482,2,WITHDRAW,5,3939.410305,,,2025-01-25 12:35:49
1484,2690,908,2,REPAY,1,3106.810468,,3106.810468,2025-01-25 12:44:30
1485,2692,857,4,BORROW,5,1672.569859,3129.3220795994,1672.569859,2025-01-25 13:03:25
1486,2693,821,1,LIQUIDATION,1,820.206873,816.3115594693,820.206873,2025-01-25 13:07:16
1487,2694,392,4,REPAY,3,4959.242507,,4959.242507,2025-01-25 13:20:22
1488,2695,436,2,DEPOSIT,2,9854.257089,9854.257089,,2025-01-25 13:24:33
1489,2697,322,3,BORROW,5,748.903075,1760.577290933,748.903075,2025-01-25 14:29:01
1490,2698,906,1,REPAY,3,4380.187461,,4380.187461,2025-01-25 14:32:19
1491,2699,615,1,REPAY,2,69.534337,,69.534337,2025-01-25 15:01:48
1492,2700,477,3,BORROW,3,138.703909,303.0040026561,138.703909,2025-01-25 15:20:30
1493,2702,951,4,BORROW,4,6333.037868,13545.8800544003,6333.037868,2025-01-25 15:32:22
1494,2703,264,4,BORROW,1,1360.010559,3209.8588666881,1360.010559,2025-01-25 16:26:26
1495,2704,318,1,REPAY,4,633.728451,,633.728451,2025-01-25 16:45:34
1496,2706,143,2,REPAY,1,3050.333464,,3050.333464,2025-01-25 16:53:59
1497,2707,584,4,LIQUIDATION,2,2837.153088,2731.4807656279,2837.153088,2025-01-25 17:08:37
1498,2708,628,3,REPAY,2,4646.227733,,4646.227733,2025-01-25 17:10:45
1499,2709,853,1,WITHDRAW,5,2218.262457,,,2025-01-25 17:22:14
1500,2711,90,1,WITHDRAW,1,4220.009916,,,2025-01-25 17:29:11
1501,2712,949,1,WITHDRAW,3,468.122941,,,2025-01-25 17:41:56
1502,2713,404,3,REPAY,3,287.583968,,287.583968,2025-01-25 17:48:30
1503,2716,521,4,BORROW,5,9225.233077,18837.9085056711,9225.233077,2025-01-25 17:58:26
1504,2718,682,3,DEPOSIT,2,5149.644856,5149.644856,,2025-01-25 18:21:35
1505,2720,317,3,DEPOSIT,2,2749.434758,2749.434758,,2025-01-25 18:31:46
1506,2723,528,4,DEPOSIT,4,5693.125161,5693.125161,,2025-01-25 19:44:24
1507,2725,235,2,REPAY,3,9.836496,,9.836496,2025-01-25 19:55:27
1508,2729,48,2,REPAY,4,1512.696404,,1512.696404,2025-01-25 20:47:34
1509,2730,798,3,BORROW,2,8935.67054,11247.4781716196,8935.67054,2025-01-25 21:26:46
1510,2732,472,3,DEPOSIT,5,1989.384062,1989.384062,,2025-01-25 21:31:33
1511,2734,311,4,BORROW,4,6114.905552,10166.2816142716,6114.905552,2025-01-25 21:40:17
1512,2735,701,3,DEPOSIT,5,2111.512496,2111.512496,,2025-01-25 22:04:57
1513,2736,762,3,REPAY,5,2506.701107,,2506.701107,2025-01-25 22:08:02
1514,2737,170,4,DEPOSIT,4,5659.998698,5659.998698,,2025-01-25 22:18:08
1515,2738,797,2,BORROW,4,4929.632066,6389.2839181655,4929.632066,2025-01-25 22:48:59
1516,2740,182,4,BORROW,3,4220.257041,6928.3224975677,4220.257041,2025-01-25 23:06:02
1517,2742,765,2,REPAY,4,1568.301533,,1568.301533,2025-01-25 23:51:10
1518,2743,773,3,DEPOSIT,5,843.013639,843.013639,,2025-01-25 23:58:10
1519,2746,481,2,REPAY,2,4987.415324,,4987.415324,2025-01-26 00:19:33
1520,2747,994,2,BORROW,2,9310.760895,13618.58669517,9310.760895,2025-01-26 00:34:47
1521,2751,116,2,REPAY,1,65.096756,,65.096756,2025-01-26 01:20:13
1522,2752,409,1,DEPOSIT,1,6994.570909,6994.570909,,2025-01-26 01:38:00
1523,2753,770,3,WITHDRAW,4,8430.523292,,,2025-01-26 01:49:30
1524,2754,962,3,REPAY,2,6.06595,,6.06595,2025-01-26 02:11:13
1525,2755,493,3,BORROW,1,2918.314217,5341.2621498583,2918.314217,2025-01-26 02:40:32
1526,2756,117,4,REPAY,5,32.161403,,32.161403,2025-01-26 02:58:43
1527,2757,928,1,BORROW,3,561.211619,892.475081943,561.211619,2025-01-26 03:04:31
1528,2761,890,1,BORROW,2,2280.401351,4884.2539957537,2280.401351,2025-01-26 04:30:25
1529,2763,776,1,LIQUIDATION,4,556.018447,474.0437143161,556.018447,2025-01-26 04:45:28
1531,2766,630,2,REPAY,3,132.642476,,132.642476,2025-01-26 04:56:50
1532,2767,811,1,REPAY,3,42.606695,,42.606695,2025-01-26 05:20:06
1533,2768,328,3,BORROW,3,1721.784759,3791.1846172511,1721.784759,2025-01-26 05:24:42
1534,2769,239,4,REPAY,4,368.471603,,368.471603,2025-01-26 05:31:41
1535,2773,242,2,REPAY,1,18.331433,,18.331433,2025-01-26 06:11:19
1536,2775,66,3,BORROW,4,8573.02383,15502.176635006,8573.02383,2025-01-26 06:46:22
1537,2776,472,3,BORROW,4,5453.61456,10727.1218394865,5453.61456,2025-01-26 06:51:39
1538,2777,447,1,REPAY,2,901.669199,,901.669199,2025-01-26 07:16:46
1539,2778,58,3,DEPOSIT,1,6350.852278,6350.852278,,2025-01-26 07:22:35
1540,2782,314,4,WITHDRAW,4,7586.240036,,,2025-01-26 08:20:59
1541,2783,569,2,BORROW,3,3122.803479,5239.1232200258,3122.803479,2025-01-26 08:23:52
1542,2786,898,4,REPAY,3,19.125562,,19.125562,2025-01-26 09:08:41
1543,2787,262,2,LIQUIDATION,5,4471.477812,3627.437234041,4471.477812,2025-01-26 09:10:37
1544,2788,201,4,DEPOSIT,3,2868.956297,2868.956297,,2025-01-26 09:24:51
1545,2792,873,3,REPAY,2,69.137461,,69.137461,2025-01-26 11:09:10
1546,2793,95,3,DEPOSIT,3,1778.756164,1778.756164,,2025-01-26 11:14:35
1547,2794,819,2,REPAY,2,1413.989287,,1413.989287,2025-01-26 11:24:16
1548,2795,373,3,LIQUIDATION,1,15623.164198,17155.8110785928,15623.164198,2025-01-26 11:25:30
1549,2796,151,4,BORROW,1,3461.386246,7558.656434638,3461.386246,2025-01-26 11:27:47
1550,2797,582,1,DEPOSIT,2,6321.446797,6321.446797,,2025-01-26 11:35:10
1551,2798,641,1,REPAY,5,2904.817827,,2904.817827,2025-01-26 11:47:44
1552,2799,932,2,DEPOSIT,5,9021.73381,9021.73381,,2025-01-26 11:50:24
1553,2802,268,2,WITHDRAW,1,8567.755057,,,2025-01-26 13:09:55
1554,2803,704,2,REPAY,4,2362.253945,,2362.253945,2025-01-26 13:31:30
1555,2804,516,4,BORROW,3,9798.953376,22200.2554491738,9798.953376,2025-01-26 13:45:15
1556,2805,548,2,WITHDRAW,4,3092.299744,,,2025-01-26 13:47:58
1557,2807,642,1,REPAY,3,173.115371,,173.115371,2025-01-26 14:11:41
1558,2809,449,1,BORROW,5,1113.514949,2489.1554756249,1113.514949,2025-01-26 14:34:16
1559,2810,745,1,REPAY,1,1676.012153,,1676.012153,2025-01-26 14:45:34
1560,2811,493,4,LIQUIDATION,5,2918.314217,2903.7771585944,2918.314217,2025-01-26 14:47:22
1561,2813,632,4,REPAY,1,1972.526336,,1972.526336,2025-01-26 14:57:04
1562,2816,723,3,WITHDRAW,1,5792.364242,,,2025-01-26 15:58:51
1563,2817,330,3,REPAY,5,291.424799,,291.424799,2025-01-26 15:59:56
1564,2820,103,3,REPAY,5,5283.615926,,5283.615926,2025-01-26 16:16:29
1565,2821,288,2,REPAY,1,616.018073,,616.018073,2025-01-26 16:32:35
1566,2822,137,4,DEPOSIT,4,4261.09367,4261.09367,,2025-01-26 16:37:42
1567,2823,366,1,REPAY,4,921.925872,,921.925872,2025-01-26 16:55:30
1568,2824,90,3,BORROW,5,1382.353054,3450.9436831121,1382.353054,2025-01-26 17:31:38
1569,2825,859,1,WITHDRAW,5,8765.726797,,,2025-01-26 17:32:55
1570,2826,301,2,LIQUIDATION,3,4751.337301,4322.6291751216,4751.337301,2025-01-26 17:40:31
1571,2827,162,4,DEPOSIT,4,7640.211432,7640.211432,,2025-01-26 17:43:22
1572,2829,832,3,DEPOSIT,2,769.724834,769.724834,,2025-01-26 18:17:42
1573,2832,166,3,REPAY,4,4206.291306,,4206.291306,2025-01-26 18:28:57
1574,2833,146,3,LIQUIDATION,2,6900.696531,7510.0897432995,6900.696531,2025-01-26 18:30:24
1575,2835,425,2,REPAY,3,1010.874865,,1010.874865,2025-01-26 18:56:15
1576,2836,207,4,REPAY,4,5021.014902,,5021.014902,2025-01-26 19:30:19
1577,2837,73,1,REPAY,2,29.469605,,29.469605,2025-01-26 19:41:29
1578,2838,810,1,REPAY,4,1192.713469,,1192.713469,2025-01-26 19:46:38
1579,2839,460,4,BORROW,2,9029.147269,12565.5831878242,9029.147269,2025-01-26 19:58:31
1580,2841,252,1,BORROW,2,5095.573581,12523.8137964965,5095.573581,2025-01-26 20:46:47
1581,2843,204,1,BORROW,4,7338.496256,12054.7868283193,7338.496256,2025-01-26 21:18:38
1582,2845,427,4,BORROW,4,3180.403978,7578.4856841233,3180.403978,2025-01-26 21:33:12
1583,2846,60,1,WITHDRAW,5,6137.672105,,,2025-01-26 21:33:28
1584,2847,367,1,DEPOSIT,1,1405.70354,1405.70354,,2025-01-26 22:12:02
1585,2848,211,2,REPAY,5,958.417355,,958.417355,2025-01-26 22:13:10
1586,2849,85,3,DEPOSIT,1,9738.30905,9738.30905,,2025-01-26 22:16:39
1587,2852,448,3,WITHDRAW,4,5629.245861,,,2025-01-26 22:40:30
1588,2853,465,4,WITHDRAW,5,2499.989365,,,2025-01-26 22:59:43
1589,2855,981,4,REPAY,4,2297.88428,,2297.88428,2025-01-26 23:30:14
1590,2856,271,1,DEPOSIT,5,5921.490512,5921.490512,,2025-01-26 23:55:54
1591,2857,984,4,DEPOSIT,1,6790.196307,6790.196307,,2025-01-26 23:56:25
1592,2858,724,3,REPAY,4,498.255222,,498.255222,2025-01-27 00:10:55
1593,2860,898,4,REPAY,4,1.206694,,1.206694,2025-01-27 00:53:20
1594,2861,807,3,REPAY,4,104.884853,,104.884853,2025-01-27 00:55:03
1595,2862,463,2,DEPOSIT,5,4240.955297,4240.955297,,2025-01-27 01:25:01
1596,2863,926,1,BORROW,2,667.227881,1063.4117813162,667.227881,2025-01-27 01:27:16
1597,2866,131,3,DEPOSIT,4,3507.001792,3507.001792,,2025-01-27 01:48:43
1598,2867,296,2,DEPOSIT,2,7605.204295,7605.204295,,2025-01-27 01:54:37
1599,2868,515,1,REPAY,3,613.707893,,613.707893,2025-01-27 02:01:28
1600,2869,72,3,REPAY,1,1562.197568,,1562.197568,2025-01-27 02:01:58
1601,2870,432,1,WITHDRAW,3,5661.074862,,,2025-01-27 02:16:54
1602,2873,383,2,REPAY,5,1.692168,,1.692168,2025-01-27 02:45:38
1603,2874,582,4,DEPOSIT,3,5801.541481,5801.541481,,2025-01-27 02:46:54
1604,2875,772,2,DEPOSIT,4,861.893589,861.893589,,2025-01-27 03:01:43
1605,2876,166,4,REPAY,2,1050.27477,,1050.27477,2025-01-27 03:18:26
1606,2878,289,1,WITHDRAW,1,4883.696585,,,2025-01-27 03:26:57
1607,2880,684,2,BORROW,2,2007.216907,3945.35768632,2007.216907,2025-01-27 03:53:50
1608,2881,212,3,REPAY,4,562.740679,,562.740679,2025-01-27 04:32:35
1609,2885,83,1,REPAY,2,6345.06179,,6345.06179,2025-01-27 06:19:20
1610,2886,864,3,WITHDRAW,5,5060.702053,,,2025-01-27 06:34:29
1611,2887,576,1,WITHDRAW,1,6562.054042,,,2025-01-27 06:43:35
1612,2889,667,2,REPAY,4,6.729145,,6.729145,2025-01-27 07:25:37
1613,2891,178,2,REPAY,1,457.052053,,457.052053,2025-01-27 07:53:24
1614,2892,683,3,DEPOSIT,2,7398.997869,7398.997869,,2025-01-27 08:10:26
1615,2895,338,3,WITHDRAW,5,7956.877002,,,2025-01-27 08:39:32
1616,2897,424,1,REPAY,4,1380.074572,,1380.074572,2025-01-27 08:45:39
1617,2898,141,4,WITHDRAW,2,1094.123136,,,2025-01-27 09:23:51
1618,2899,726,2,REPAY,1,2630.425079,,2630.425079,2025-01-27 10:14:08
1619,2900,304,4,DEPOSIT,3,4807.776915,4807.776915,,2025-01-27 10:19:37
1620,2902,755,1,WITHDRAW,5,6977.42122,,,2025-01-27 10:23:09
1621,2903,455,3,REPAY,2,6104.626556,,6104.626556,2025-01-27 11:12:22
1622,2905,426,4,BORROW,2,439.942907,716.0731562156,439.942907,2025-01-27 11:40:58
1623,2906,959,1,REPAY,2,4715.977166,,4715.977166,2025-01-27 11:41:29
1624,2907,564,2,REPAY,1,1102.659053,,1102.659053,2025-01-27 11:48:08
1625,2908,873,4,WITHDRAW,2,2243.216507,,,2025-01-27 11:48:46
1626,2909,918,4,REPAY,1,0.550448,,0.550448,2025-01-27 11:54:39
1627,2910,416,2,REPAY,3,312.622179,,312.622179,2025-01-27 12:02:44
1628,2914,140,4,REPAY,4,117.404653,,117.404653,2025-01-27 12:51:53
1629,2915,917,3,BORROW,1,5205.237907,8176.6694345803,5205.237907,2025-01-27 13:37:05
1630,2917,594,4,WITHDRAW,1,2104.252616,,,2025-01-27 14:07:34
1631,2918,452,4,REPAY,3,3135.570345,,3135.570345,2025-01-27 14:13:50
1632,2921,260,1,DEPOSIT,3,1044.610412,1044.610412,,2025-01-27 15:04:07
1633,2922,202,3,DEPOSIT,1,1668.860708,1668.860708,,2025-01-27 15:04:44
1634,2927,103,2,REPAY,2,1138.144914,,1138.144914,2025-01-27 15:36:04
1635,2928,9,2,LIQUIDATION,4,399.88655,358.5575931271,399.88655,2025-01-27 15:40:52
1636,2931,722,2,WITHDRAW,5,7634.76085,,,2025-01-27 15:55:15
1637,2932,544,4,WITHDRAW,3,2705.462475,,,2025-01-27 16:00:05
1638,2934,273,4,REPAY,2,1552.082468,,1552.082468,2025-01-27 16:38:34
1639,2935,946,3,BORROW,3,1037.972554,2283.1105242563,1037.972554,2025-01-27 16:45:25
1640,2936,365,3,REPAY,3,4970.327162,,4970.327162,2025-01-27 16:51:20
1641,2937,877,1,BORROW,4,7101.24193,12175.8410926293,7101.24193,2025-01-27 17:03:18
1642,2938,781,4,WITHDRAW,3,4768.469155,,,2025-01-27 17:04:49
1643,2939,353,4,REPAY,3,566.225421,,566.225421,2025-01-27 17:36:04
1644,2940,424,1,REPAY,5,1530.983744,,1530.983744,2025-01-27 17:42:20
1645,2942,976,3,BORROW,2,7490.885709,18056.0108706819,7490.885709,2025-01-27 18:01:25
1646,2943,247,2,DEPOSIT,5,2449.656407,2449.656407,,2025-01-27 18:03:24
1647,2944,788,3,BORROW,1,863.590242,1086.2199590339,863.590242,2025-01-27 18:03:58
1648,2945,874,1,BORROW,2,8256.485089,16718.2623966563,8256.485089,2025-01-27 18:12:02
1649,2946,694,1,WITHDRAW,4,3781.585306,,,2025-01-27 18:29:52
1650,2947,792,4,WITHDRAW,5,5804.256024,,,2025-01-27 18:30:29
1651,2951,180,4,BORROW,1,1935.755012,4415.6466800007,1935.755012,2025-01-27 19:29:56
1652,2952,750,3,BORROW,5,2818.289157,5840.5894187757,2818.289157,2025-01-27 19:30:39
1653,2953,628,2,REPAY,5,167.089146,,167.089146,2025-01-27 19:38:15
1654,2956,599,3,BORROW,2,690.857412,1695.8790906897,690.857412,2025-01-27 20:09:28
1655,2958,895,2,REPAY,1,2653.012967,,2653.012967,2025-01-27 21:01:04
1656,2959,811,2,REPAY,4,105.704733,,105.704733,2025-01-27 21:01:44
1657,2960,873,4,REPAY,1,4.140094,,4.140094,2025-01-27 21:30:03
1658,2963,725,2,WITHDRAW,1,9428.422478,,,2025-01-27 21:47:33
1659,2964,422,2,REPAY,2,4691.438912,,4691.438912,2025-01-27 21:48:48
1660,2966,858,3,LIQUIDATION,1,4078.506903,4603.9123629555,4078.506903,2025-01-27 22:02:03
1661,2969,737,3,WITHDRAW,3,735.187951,,,2025-01-27 23:08:55
1662,2971,58,2,WITHDRAW,3,8970.129173,,,2025-01-27 23:23:56
1663,2973,632,1,REPAY,2,1022.64345,,1022.64345,2025-01-27 23:38:21
1664,2975,512,3,REPAY,5,526.629744,,526.629744,2025-01-28 00:06:28
1665,2978,114,1,WITHDRAW,5,1210.780067,,,2025-01-28 00:37:18
1666,2984,538,1,LIQUIDATION,2,2408.240561,2476.2464527327,2408.240561,2025-01-28 01:45:34
1667,2985,99,2,REPAY,2,1986.118939,,1986.118939,2025-01-28 02:20:47
1668,2986,341,4,DEPOSIT,3,6611.301227,6611.301227,,2025-01-28 02:25:57
1669,2987,121,4,WITHDRAW,4,1712.250541,,,2025-01-28 02:49:02
1670,2988,296,2,BORROW,5,5723.200856,12559.4047386901,5723.200856,2025-01-28 03:25:35
1671,2989,963,2,REPAY,1,3038.349048,,3038.349048,2025-01-28 03:28:58
1672,2990,517,4,WITHDRAW,5,3302.243533,,,2025-01-28 03:35:11
1673,2994,600,2,REPAY,2,1073.645443,,1073.645443,2025-01-28 03:51:43
1674,2996,297,4,BORROW,1,2043.355867,4941.6810843049,2043.355867,2025-01-28 04:07:20
1675,2997,154,2,DEPOSIT,1,3389.647283,3389.647283,,2025-01-28 04:10:53
1676,3000,615,3,REPAY,2,7.665528,,7.665528,2025-01-28 04:18:51
1677,3001,830,4,WITHDRAW,3,9782.961405,,,2025-01-28 04:27:18
1678,3002,891,1,BORROW,5,5801.643189,8634.7680138607,5801.643189,2025-01-28 04:30:30
1679,3004,680,3,DEPOSIT,1,4706.718366,4706.718366,,2025-01-28 04:37:49
1680,3006,691,1,DEPOSIT,2,4743.268947,4743.268947,,2025-01-28 05:04:44
1681,3007,920,4,REPAY,5,989.120274,,989.120274,2025-01-28 05:28:27
1682,3008,976,4,BORROW,5,1892.277763,3783.8678880232,1892.277763,2025-01-28 05:38:21
1683,3009,122,3,BORROW,5,4452.571724,5814.4092408202,4452.571724,2025-01-28 05:42:19
1684,3010,956,3,WITHDRAW,4,8094.076734,,,2025-01-28 05:49:45
1685,3011,567,1,WITHDRAW,5,1670.80122,,,2025-01-28 05:51:38
1686,3015,467,3,REPAY,5,677.276317,,677.276317,2025-01-28 06:31:53
1687,3016,842,3,DEPOSIT,3,5478.891637,5478.891637,,2025-01-28 06:32:26
1688,3017,313,3,BORROW,1,458.471539,1135.2603063625,458.471539,2025-01-28 06:37:34
1689,3018,245,4,WITHDRAW,1,3130.36233,,,2025-01-28 07:03:28
1690,3020,313,3,LIQUIDATION,2,458.471539,432.3298266607,458.471539,2025-01-28 07:10:34
1691,3023,473,4,REPAY,2,3753.951477,,3753.951477,2025-01-28 07:52:35
1692,3024,193,1,BORROW,5,7981.339118,18828.7494923089,7981.339118,2025-01-28 08:28:02
1693,3025,572,1,DEPOSIT,1,4759.884278,4759.884278,,2025-01-28 08:32:14
1694,3026,63,1,REPAY,4,1004.026168,,1004.026168,2025-01-28 09:07:19
1695,3028,724,4,REPAY,4,0.204762,,0.204762,2025-01-28 10:24:03
1696,3030,216,4,DEPOSIT,4,4623.931423,4623.931423,,2025-01-28 10:43:36
1697,3031,906,3,REPAY,3,1205.649384,,1205.649384,2025-01-28 10:46:42
1698,3032,238,4,REPAY,3,1732.081897,,1732.081897,2025-01-28 10:50:59
1699,3033,846,2,WITHDRAW,5,9811.016521,,,2025-01-28 10:53:05
1700,3034,22,3,WITHDRAW,3,337.817006,,,2025-01-28 11:15:20
1701,3035,244,2,DEPOSIT,4,945.030843,945.030843,,2025-01-28 11:31:11
1702,3036,57,4,DEPOSIT,4,4359.914298,4359.914298,,2025-01-28 11:35:13
1703,3037,333,2,REPAY,3,1715.363353,,1715.363353,2025-01-28 11:42:09
1704,3040,464,2,BORROW,1,3843.823296,8207.682969959,3843.823296,2025-01-28 12:08:57
1705,3041,958,3,REPAY,3,964.120897,,964.120897,2025-01-28 12:13:03
1706,3042,123,3,BORROW,1,6689.382069,12515.6060681025,6689.382069,2025-01-28 12:15:15
1707,3043,980,4,BORROW,4,8905.888076,13398.4621014252,8905.888076,2025-01-28 12:18:19
1708,3044,196,4,DEPOSIT,5,6561.445807,6561.445807,,2025-01-28 12:24:32
1709,3047,487,2,REPAY,3,57.098467,,57.098467,2025-01-28 12:59:33
1710,3050,79,3,WITHDRAW,4,2490.128267,,,2025-01-28 13:32:07
1711,3052,111,3,DEPOSIT,1,445.166599,445.166599,,2025-01-28 14:10:32
1712,3054,773,1,REPAY,1,61.925555,,61.925555,2025-01-28 14:25:10
1713,3057,981,1,REPAY,4,406.171246,,406.171246,2025-01-28 15:26:33
1714,3059,986,2,REPAY,3,511.543234,,511.543234,2025-01-28 15:30:30
1715,3060,356,2,WITHDRAW,4,525.229571,,,2025-01-28 15:38:28
1716,3061,844,3,WITHDRAW,5,5992.194695,,,2025-01-28 15:40:17
1717,3063,733,4,REPAY,4,1099.372222,,1099.372222,2025-01-28 15:54:51
1718,3064,217,3,BORROW,5,8508.710071,10796.9095710545,8508.710071,2025-01-28 16:32:36
1719,3065,772,3,DEPOSIT,4,3523.579024,3523.579024,,2025-01-28 16:40:08
1720,3067,915,4,WITHDRAW,4,2554.184733,,,2025-01-28 16:46:13
1721,3068,223,4,REPAY,3,3140.160199,,3140.160199,2025-01-28 16:53:27
1722,3070,286,3,DEPOSIT,4,5650.338914,5650.338914,,2025-01-28 17:05:12
1723,3071,16,2,REPAY,4,169.653013,,169.653013,2025-01-28 17:05:34
1724,3074,989,2,WITHDRAW,1,9051.800684,,,2025-01-28 17:53:15
1725,3075,138,4,REPAY,4,1340.11074,,1340.11074,2025-01-28 18:12:57
1726,3076,304,3,BORROW,4,2747.81763,5893.4063652632,2747.81763,2025-01-28 18:47:06
1727,3077,285,2,WITHDRAW,3,6216.636103,,,2025-01-28 18:47:55
1728,3079,653,4,BORROW,4,6433.337869,15868.3973093165,6433.337869,2025-01-28 19:10:50
1729,3080,662,1,DEPOSIT,1,6622.056309,6622.056309,,2025-01-28 19:20:39
1730,3081,522,2,DEPOSIT,5,3948.863543,3948.863543,,2025-01-28 19:28:22
1731,3082,481,3,DEPOSIT,2,1433.245634,1433.245634,,2025-01-28 19:33:54
1732,3083,631,2,BORROW,3,3664.825811,4999.2729907909,3664.825811,2025-01-28 19:38:31
1733,3086,388,4,BORROW,2,7143.890664,13404.7517051465,7143.890664,2025-01-28 20:08:28
1734,3087,895,4,BORROW,3,3379.133692,7818.1339143221,3379.133692,2025-01-28 20:51:45
1735,3089,976,2,REPAY,5,5382.201962,,5382.201962,2025-01-28 21:32:40
1736,3090,154,4,WITHDRAW,3,821.325946,,,2025-01-28 21:46:19
1737,3091,486,4,BORROW,3,7486.691322,13847.0717585245,7486.691322,2025-01-28 21:47:29
1738,3092,813,4,WITHDRAW,5,2160.340188,,,2025-01-28 22:00:52
1739,3093,891,3,REPAY,3,9803.278059,,9803.278059,2025-01-28 22:01:21
1740,3095,634,4,LIQUIDATION,2,8035.061631,8331.1557929333,8035.061631,2025-01-28 22:24:07
1741,3096,691,3,WITHDRAW,3,7660.244336,,,2025-01-28 22:29:41
1742,3098,21,1,BORROW,1,7911.043399,17292.2175996288,7911.043399,2025-01-28 23:14:53
1743,3101,824,1,BORROW,5,115.492539,197.1309733213,115.492539,2025-01-28 23:47:47
1744,3103,1000,4,REPAY,4,439.898043,,439.898043,2025-01-29 00:10:29
1745,3105,66,2,REPAY,3,6712.521035,,6712.521035,2025-01-29 00:23:01
1746,3107,331,1,BORROW,1,3065.609267,4194.8345916531,3065.609267,2025-01-29 00:42:07
1747,3108,263,1,BORROW,4,6332.526872,9443.939729672,6332.526872,2025-01-29 00:43:40
1748,3109,31,1,WITHDRAW,5,4818.87894,,,2025-01-29 01:06:10
1749,3110,725,3,DEPOSIT,4,4750.927428,4750.927428,,2025-01-29 01:53:11
1750,3111,123,3,REPAY,2,3017.201508,,3017.201508,2025-01-29 01:55:09
1751,3114,574,2,DEPOSIT,4,5230.69317,5230.69317,,2025-01-29 02:12:03
1752,3115,473,1,REPAY,4,87.931451,,87.931451,2025-01-29 02:21:16
1753,3116,655,2,REPAY,4,255.19508,,255.19508,2025-01-29 02:55:24
1754,3117,939,3,REPAY,3,308.007587,,308.007587,2025-01-29 03:02:31
1755,3118,66,1,WITHDRAW,2,626.026238,,,2025-01-29 03:20:12
1756,3120,830,1,DEPOSIT,3,913.155217,913.155217,,2025-01-29 03:41:10
1757,3124,394,3,DEPOSIT,1,2931.489245,2931.489245,,2025-01-29 04:27:33
1758,3125,10,2,BORROW,2,2247.220128,3001.7948999559,2247.220128,2025-01-29 04:28:03
1759,3128,539,1,DEPOSIT,3,7227.107136,7227.107136,,2025-01-29 05:16:46
1760,3129,485,3,WITHDRAW,3,5584.170311,,,2025-01-29 05:29:37
1761,3130,371,4,DEPOSIT,3,6685.127171,6685.127171,,2025-01-29 05:30:16
1762,3131,803,2,DEPOSIT,5,6087.445238,6087.445238,,2025-01-29 05:32:16
1763,3134,273,1,REPAY,3,1229.989752,,1229.989752,2025-01-29 06:20:40
1764,3135,777,3,LIQUIDATION,1,1324.901649,1496.9844848185,1324.901649,2025-01-29 06:28:19
1765,3136,51,3,REPAY,4,5381.545257,,5381.545257,2025-01-29 06:39:36
1766,3138,570,4,WITHDRAW,4,8039.119304,,,2025-01-29 07:33:48
1767,3142,710,1,WITHDRAW,5,6165.15613,,,2025-01-29 08:06:20
1768,3145,490,2,REPAY,4,424.874288,,424.874288,2025-01-29 08:49:07
1769,3146,242,3,REPAY,1,61.327232,,61.327232,2025-01-29 09:02:54
1770,3147,306,4,DEPOSIT,4,3654.738524,3654.738524,,2025-01-29 09:20:13
1771,3151,82,3,LIQUIDATION,5,600.805084,628.2213471236,600.805084,2025-01-29 09:56:43
1772,3153,892,1,DEPOSIT,5,6396.112424,6396.112424,,2025-01-29 10:37:41
1773,3154,13,4,REPAY,1,1413.087103,,1413.087103,2025-01-29 10:42:02
1774,3155,331,3,REPAY,2,1142.322944,,1142.322944,2025-01-29 10:51:40
1775,3158,929,4,DEPOSIT,1,9975.347148,9975.347148,,2025-01-29 11:09:16
1776,3163,285,2,DEPOSIT,4,6010.00799,6010.00799,,2025-01-29 12:32:29
1777,3164,747,1,DEPOSIT,1,182.005147,182.005147,,2025-01-29 12:36:42
1778,3165,707,4,REPAY,2,4802.658561,,4802.658561,2025-01-29 13:27:31
1779,3166,341,4,DEPOSIT,3,5003.753136,5003.753136,,2025-01-29 13:40:50
1780,3167,599,3,DEPOSIT,2,8017.451807,8017.451807,,2025-01-29 14:25:11
1781,3168,605,1,WITHDRAW,4,9822.36907,,,2025-01-29 14:46:54
1782,3169,338,1,DEPOSIT,5,3652.017389,3652.017389,,2025-01-29 14:48:47
1783,3170,489,2,BORROW,5,8717.234845,15984.5058096885,8717.234845,2025-01-29 14:49:27
1784,3171,759,2,REPAY,1,7787.814428,,7787.814428,2025-01-29 14:58:33
1785,3174,296,2,BORROW,1,4784.024873,10845.659254118,4784.024873,2025-01-29 15:20:14
1786,3176,944,1,WITHDRAW,4,4239.613893,,,2025-01-29 15:27:53
1787,3181,497,2,DEPOSIT,4,474.185707,474.185707,,2025-01-29 16:41:04
1788,3186,142,1,BORROW,4,4120.763342,5600.2954215956,4120.763342,2025-01-29 17:15:56
1789,3188,713,1,DEPOSIT,5,9203.940102,9203.940102,,2025-01-29 17:28:40
1790,3189,576,2,REPAY,2,1173.952514,,1173.952514,2025-01-29 17:30:56
1791,3190,100,2,REPAY,2,34.304346,,34.304346,2025-01-29 17:44:12
1792,3192,688,3,DEPOSIT,1,3576.089872,3576.089872,,2025-01-29 17:50:30
1793,3193,280,4,WITHDRAW,5,4963.193921,,,2025-01-29 17:58:49
1794,3195,510,1,WITHDRAW,5,8876.523639,,,2025-01-29 18:30:07
1795,3197,99,3,REPAY,3,387.908736,,387.908736,2025-01-29 18:39:39
1796,3198,238,2,LIQUIDATION,3,3282.07609,3778.5459919607,3282.07609,2025-01-29 18:55:25
1797,3204,925,3,REPAY,3,2428.828675,,2428.828675,2025-01-29 19:35:14
1798,3205,905,4,LIQUIDATION,2,2161.616863,2273.5513862472,2161.616863,2025-01-29 20:22:19
1799,3207,402,2,DEPOSIT,3,8169.354318,8169.354318,,2025-01-29 20:33:23
1800,3208,498,3,LIQUIDATION,1,6841.047848,7252.8050899384,6841.047848,2025-01-29 20:37:23
1801,3209,277,4,LIQUIDATION,2,3163.824428,3222.1613450523,3163.824428,2025-01-29 20:40:21
1802,3210,290,3,LIQUIDATION,3,7673.351189,8970.6950282587,7673.351189,2025-01-29 20:40:47
1803,3211,837,2,DEPOSIT,1,5338.290877,5338.290877,,2025-01-29 20:43:34
1804,3212,353,3,REPAY,3,442.823812,,442.823812,2025-01-29 20:46:47
1805,3213,145,4,REPAY,3,5263.701273,,5263.701273,2025-01-29 21:06:49
1806,3215,315,2,BORROW,2,4938.2573,11511.8483937525,4938.2573,2025-01-29 21:42:40
1807,3217,739,3,REPAY,5,7204.13404,,7204.13404,2025-01-29 22:06:49
1808,3219,622,4,DEPOSIT,2,4894.947915,4894.947915,,2025-01-29 22:14:56
1809,3220,888,4,DEPOSIT,4,5051.290408,5051.290408,,2025-01-29 22:18:33
1810,3222,33,1,LIQUIDATION,4,12555.970873,10915.4805551293,12555.970873,2025-01-29 23:23:56
1811,3223,896,1,BORROW,4,3481.27974,5108.6075218984,3481.27974,2025-01-29 23:24:12
1812,3224,547,1,BORROW,2,6576.432896,8289.9412089897,6576.432896,2025-01-29 23:24:16
1813,3225,746,1,LIQUIDATION,1,9303.996741,8412.835260455,9303.996741,2025-01-29 23:33:39
1814,3227,756,2,DEPOSIT,3,728.907449,728.907449,,2025-01-29 23:48:40
1815,3232,801,1,DEPOSIT,4,9428.219853,9428.219853,,2025-01-30 01:23:01
1816,3236,547,1,LIQUIDATION,5,6576.432896,7477.4736070129,6576.432896,2025-01-30 02:52:29
1817,3239,977,4,WITHDRAW,3,1779.052953,,,2025-01-30 03:26:42
1818,3244,807,1,REPAY,4,4.279032,,4.279032,2025-01-30 04:06:43
1819,3245,178,2,REPAY,4,177.934754,,177.934754,2025-01-30 04:10:15
1820,3246,490,1,REPAY,3,85.753658,,85.753658,2025-01-30 04:40:38
1821,3251,93,3,DEPOSIT,2,1864.070439,1864.070439,,2025-01-30 05:22:18
1822,3253,396,1,WITHDRAW,2,3797.61029,,,2025-01-30 05:41:24
1823,3254,195,4,BORROW,1,948.579543,1597.677923187,948.579543,2025-01-30 05:54:09
1824,3258,271,2,BORROW,1,7074.813017,13555.9838580845,7074.813017,2025-01-30 06:32:04
1825,3261,483,2,REPAY,2,2994.770272,,2994.770272,2025-01-30 07:50:57
1826,3262,868,2,DEPOSIT,3,3943.713639,3943.713639,,2025-01-30 08:11:27
1827,3263,935,1,DEPOSIT,5,4016.431593,4016.431593,,2025-01-30 08:19:11
1828,3264,489,1,REPAY,1,1394.950748,,1394.950748,2025-01-30 08:20:34
1829,3266,455,1,REPAY,3,143.084502,,143.084502,2025-01-30 08:56:41
1830,3267,612,1,WITHDRAW,3,5432.058989,,,2025-01-30 09:27:16
1831,3268,261,1,BORROW,1,9338.081411,14716.7196462377,9338.081411,2025-01-30 09:29:03
1832,3269,397,1,BORROW,1,1124.934408,2118.2649936934,1124.934408,2025-01-30 09:35:16
1833,3270,878,4,WITHDRAW,1,1631.705523,,,2025-01-30 09:43:14
1834,3271,390,1,WITHDRAW,3,316.220645,,,2025-01-30 09:43:45
1835,3272,666,2,WITHDRAW,3,7813.652711,,,2025-01-30 10:13:02
1836,3274,677,3,WITHDRAW,1,8786.558422,,,2025-01-30 10:33:34
1837,3276,436,1,WITHDRAW,2,7967.978843,,,2025-01-30 11:00:40
1838,3277,57,3,WITHDRAW,5,986.98626,,,2025-01-30 11:18:18
1839,3279,193,3,REPAY,4,5227.746355,,5227.746355,2025-01-30 11:20:22
1840,3282,557,4,DEPOSIT,4,5770.260265,5770.260265,,2025-01-30 12:10:16
1841,3284,650,4,REPAY,3,107.92621,,107.92621,2025-01-30 13:04:01
1842,3285,229,4,DEPOSIT,5,2493.607802,2493.607802,,2025-01-30 13:19:41
1843,3286,681,2,BORROW,3,8377.402655,17863.4141204361,8377.402655,2025-01-30 13:33:58
1844,3289,22,1,DEPOSIT,3,5993.640544,5993.640544,,2025-01-30 14:14:31
1845,3292,739,4,DEPOSIT,2,5132.867737,5132.867737,,2025-01-30 14:20:20
1846,3293,546,4,REPAY,1,1648.268487,,1648.268487,2025-01-30 14:40:53
1847,3296,3,3,REPAY,2,1751.855253,,1751.855253,2025-01-30 15:38:38
1848,3298,726,4,REPAY,3,527.92021,,527.92021,2025-01-30 15:51:45
1849,3299,804,2,BORROW,3,217.467724,503.7188702012,217.467724,2025-01-30 16:05:36
1850,3301,351,2,WITHDRAW,3,6634.257243,,,2025-01-30 17:08:04
1851,3302,891,3,BORROW,5,3653.050262,7510.0300590436,3653.050262,2025-01-30 17:15:29
1852,3303,507,2,WITHDRAW,5,3959.85796,,,2025-01-30 17:37:26
1853,3304,472,1,REPAY,2,2617.996591,,2617.996591,2025-01-30 17:53:47
1854,3305,153,1,REPAY,1,1185.161351,,1185.161351,2025-01-30 17:55:31
1855,3306,337,2,WITHDRAW,1,8685.873287,,,2025-01-30 17:57:07
1856,3307,538,2,WITHDRAW,1,2119.180753,,,2025-01-30 18:27:02
1857,3308,877,4,LIQUIDATION,1,7101.24193,7844.7611667446,7101.24193,2025-01-30 18:46:51
1858,3309,908,3,BORROW,5,2151.2756,4193.5621491014,2151.2756,2025-01-30 19:17:27
1859,3312,458,2,BORROW,1,837.679095,2019.0707047529,837.679095,2025-01-30 19:46:51
1860,3314,759,4,BORROW,2,705.880791,1457.6753565292,705.880791,2025-01-30 20:11:05
1861,3316,936,3,BORROW,3,6535.116818,9654.4851033469,6535.116818,2025-01-30 20:18:34
1862,3317,940,1,DEPOSIT,1,6680.817713,6680.817713,,2025-01-30 20:20:37
1863,3319,999,4,REPAY,3,3340.104714,,3340.104714,2025-01-30 20:38:44
1864,3321,421,4,WITHDRAW,1,2139.512528,,,2025-01-30 21:41:13
1865,3322,808,1,REPAY,1,3838.622969,,3838.622969,2025-01-30 21:48:13
1866,3325,100,1,REPAY,1,17.350859,,17.350859,2025-01-30 22:19:10
1867,3326,489,3,REPAY,2,3689.620557,,3689.620557,2025-01-30 22:20:05
1868,3329,123,3,WITHDRAW,1,4772.092445,,,2025-01-30 22:35:50
1869,3330,240,1,WITHDRAW,3,9204.727682,,,2025-01-30 22:43:18
1870,3331,822,3,WITHDRAW,3,3225.115197,,,2025-01-30 22:45:05
1871,3332,762,4,REPAY,1,1258.102078,,1258.102078,2025-01-30 22:56:15
1872,3333,267,1,LIQUIDATION,3,4976.03827,4253.4419309714,4976.03827,2025-01-30 22:58:56
1873,3337,20,4,WITHDRAW,3,3599.911841,,,2025-01-31 00:16:41
1874,3338,14,3,REPAY,1,158.245369,,158.245369,2025-01-31 00:18:43
1875,3339,474,4,DEPOSIT,3,3516.558301,3516.558301,,2025-01-31 00:28:38
1876,3340,917,4,REPAY,3,2511.522394,,2511.522394,2025-01-31 00:49:11
1877,3343,617,1,LIQUIDATION,2,1397.119252,1190.9474499188,1397.119252,2025-01-31 01:18:21
1878,3348,925,1,REPAY,3,4645.069776,,4645.069776,2025-01-31 02:28:15
1879,3349,792,2,BORROW,1,8653.071243,19611.2182946728,8653.071243,2025-01-31 02:31:29
1880,3350,700,2,DEPOSIT,5,7813.592212,7813.592212,,2025-01-31 02:40:37
1881,3351,589,3,LIQUIDATION,3,2963.010115,2791.081138607,2963.010115,2025-01-31 02:55:04
1882,3352,21,4,REPAY,3,3210.153594,,3210.153594,2025-01-31 03:31:46
1883,3353,415,2,LIQUIDATION,5,23007.778477,26492.3874622689,23007.778477,2025-01-31 03:37:51
1884,3357,314,4,WITHDRAW,4,6945.05779,,,2025-01-31 04:38:30
1885,3358,84,2,DEPOSIT,3,3811.673544,3811.673544,,2025-01-31 04:52:41
1886,3360,364,1,WITHDRAW,3,271.317847,,,2025-01-31 05:20:30
1887,3361,806,4,BORROW,5,4900.873547,8619.5989430203,4900.873547,2025-01-31 05:38:03
1888,3364,289,3,BORROW,5,4637.080386,8276.6093025606,4637.080386,2025-01-31 05:53:10
1889,3365,646,3,REPAY,3,3654.854573,,3654.854573,2025-01-31 06:26:19
1890,3366,485,2,WITHDRAW,4,2427.83773,,,2025-01-31 06:26:46
1891,3367,4,3,BORROW,5,9524.94119,20584.5681863308,9524.94119,2025-01-31 06:29:15
1892,3369,510,3,BORROW,5,8430.80787,19044.6465788744,8430.80787,2025-01-31 06:58:18
1893,3371,797,3,REPAY,3,2893.012024,,2893.012024,2025-01-31 07:15:39
1894,3373,822,4,REPAY,4,396.180122,,396.180122,2025-01-31 08:27:42
1895,3375,342,2,BORROW,4,3496.762369,7991.2755803685,3496.762369,2025-01-31 08:31:12
1896,3376,621,1,REPAY,4,5323.22443,,5323.22443,2025-01-31 08:49:10
1897,3377,686,1,BORROW,5,2047.098105,2642.1815563577,2047.098105,2025-01-31 09:07:26
1898,3378,755,2,BORROW,2,9474.72425,11755.1813066554,9474.72425,2025-01-31 10:24:05
1899,3383,618,3,WITHDRAW,4,1550.288264,,,2025-01-31 11:25:08
1900,3384,572,3,DEPOSIT,3,8867.282454,8867.282454,,2025-01-31 11:31:22
1901,3385,486,3,REPAY,5,1110.573604,,1110.573604,2025-01-31 11:38:23
1902,3387,48,2,REPAY,2,2064.256462,,2064.256462,2025-01-31 11:49:28
1903,3389,736,2,DEPOSIT,5,7340.680139,7340.680139,,2025-01-31 12:09:24
1904,3390,275,4,REPAY,2,1556.613095,,1556.613095,2025-01-31 12:17:28
1905,3391,808,1,BORROW,3,4486.824252,6308.7663806544,4486.824252,2025-01-31 12:38:54
1906,3392,612,3,DEPOSIT,4,1834.583871,1834.583871,,2025-01-31 13:07:03
1907,3393,498,1,BORROW,5,1493.182755,1941.1323519036,1493.182755,2025-01-31 13:20:18
1908,3394,918,1,LIQUIDATION,1,0.263175,0.2168090347,0.263175,2025-01-31 13:44:44
1909,3397,904,3,BORROW,3,3756.847324,8006.5907648241,3756.847324,2025-01-31 14:01:16
1910,3400,718,2,WITHDRAW,4,4536.910724,,,2025-01-31 14:55:41
1911,3402,424,2,REPAY,5,38.650662,,38.650662,2025-01-31 15:30:21
1912,3403,268,4,BORROW,1,865.720592,1459.7990127007,865.720592,2025-01-31 15:41:41
1913,3404,710,2,WITHDRAW,1,9156.342772,,,2025-01-31 16:01:03
1914,3406,806,3,LIQUIDATION,3,4900.873547,4329.2274710522,4900.873547,2025-01-31 16:04:06
1915,3407,945,4,REPAY,3,174.180509,,174.180509,2025-01-31 16:15:23
1916,3408,800,4,LIQUIDATION,3,2682.493329,2513.7049373198,2682.493329,2025-01-31 16:32:45
1917,3409,51,3,REPAY,5,459.668365,,459.668365,2025-01-31 16:33:24
1918,3410,280,4,BORROW,3,8662.65039,20195.0994864228,8662.65039,2025-01-31 16:42:29
1919,3411,270,1,DEPOSIT,4,7805.800308,7805.800308,,2025-01-31 17:08:15
1920,3413,100,1,REPAY,5,29.623067,,29.623067,2025-01-31 17:09:20
1921,3415,909,3,BORROW,3,1004.944571,2379.2434835039,1004.944571,2025-01-31 17:22:36
1922,3416,640,4,REPAY,2,64.959322,,64.959322,2025-01-31 17:44:34
1923,3417,717,1,BORROW,1,3351.220922,5276.2279869007,3351.220922,2025-01-31 17:47:57
1924,3418,674,4,DEPOSIT,2,5103.379739,5103.379739,,2025-01-31 18:08:34
1925,3420,392,1,REPAY,1,938.883888,,938.883888,2025-01-31 18:24:03
1926,3422,755,3,LIQUIDATION,1,9474.72425,10611.427531465,9474.72425,2025-01-31 19:10:58
1927,3424,776,1,DEPOSIT,5,64.388655,64.388655,,2025-01-31 19:49:51
1928,3425,184,4,WITHDRAW,3,4373.640449,,,2025-01-31 19:58:27
1929,3428,372,4,WITHDRAW,3,5352.014666,,,2025-01-31 21:05:17
1930,3429,997,1,DEPOSIT,5,1714.074226,1714.074226,,2025-01-31 21:14:29
1931,3431,93,4,DEPOSIT,3,7977.997076,7977.997076,,2025-01-31 21:49:51
1932,3432,761,1,BORROW,5,1572.346577,3357.8399866972,1572.346577,2025-01-31 21:53:39
1933,3435,447,4,REPAY,5,2439.653055,,2439.653055,2025-01-31 22:14:09
1934,3436,946,2,REPAY,1,7397.79327,,7397.79327,2025-01-31 22:31:50
1935,3438,825,4,WITHDRAW,1,6148.299475,,,2025-01-31 22:39:51
1936,3439,954,4,BORROW,2,9122.496566,11402.3230307209,9122.496566,2025-01-31 22:43:13
1937,3440,652,1,WITHDRAW,1,6400.821709,,,2025-01-31 22:50:11
1938,3441,528,2,WITHDRAW,2,9547.008579,,,2025-01-31 23:03:29
1939,3444,816,4,BORROW,3,8847.419688,16125.7772697552,8847.419688,2025-02-01 00:20:03
1940,3445,323,3,WITHDRAW,1,4704.200043,,,2025-02-01 00:32:01
1941,3446,25,3,REPAY,3,1222.808268,,1222.808268,2025-02-01 01:11:11
1942,3447,49,1,DEPOSIT,1,8951.281784,8951.281784,,2025-02-01 01:40:05
1943,3449,25,3,REPAY,5,3886.456849,,3886.456849,2025-02-01 02:17:11
1944,3450,189,3,BORROW,2,822.364475,1883.5603816659,822.364475,2025-02-01 02:42:46
1945,3452,371,1,BORROW,5,8784.681814,21586.8012921686,8784.681814,2025-02-01 02:49:58
1946,3453,368,1,BORROW,1,4976.872655,11489.6860860295,4976.872655,2025-02-01 03:06:37
1947,3455,158,4,REPAY,2,4981.397151,,4981.397151,2025-02-01 03:15:14
1948,3456,232,1,WITHDRAW,2,5677.837066,,,2025-02-01 03:15:16
1949,3459,834,4,BORROW,2,3954.774863,6919.1014070176,3954.774863,2025-02-01 03:36:06
1950,3460,213,1,REPAY,2,2797.441701,,2797.441701,2025-02-01 04:15:05
1951,3461,611,1,REPAY,4,86.661494,,86.661494,2025-02-01 04:22:37
1952,3463,246,2,DEPOSIT,2,88.269743,88.269743,,2025-02-01 04:51:56
1953,3464,833,1,REPAY,2,4037.608789,,4037.608789,2025-02-01 05:05:36
1954,3466,794,4,WITHDRAW,4,5155.821655,,,2025-02-01 05:46:21
1955,3467,157,3,DEPOSIT,4,4771.553055,4771.553055,,2025-02-01 05:52:09
1956,3469,1000,4,REPAY,1,78.622029,,78.622029,2025-02-01 06:00:47
1957,3471,4,2,DEPOSIT,4,4043.612463,4043.612463,,2025-02-01 06:32:00
1958,3472,665,4,WITHDRAW,5,122.620289,,,2025-02-01 06:47:50
1959,3474,176,1,REPAY,3,3285.80083,,3285.80083,2025-02-01 07:16:48
1960,3475,138,1,LIQUIDATION,3,6424.184781,5149.1064109768,6424.184781,2025-02-01 07:17:39
1961,3476,620,1,REPAY,1,19.706291,,19.706291,2025-02-01 07:21:13
1962,3478,46,2,DEPOSIT,3,1932.051318,1932.051318,,2025-02-01 07:30:05
1963,3482,537,2,WITHDRAW,3,4393.763547,,,2025-02-01 08:04:54
1964,3484,652,2,BORROW,4,7172.612753,13853.002101738,7172.612753,2025-02-01 08:15:16
1965,3486,856,2,BORROW,5,4550.871878,8158.9306253706,4550.871878,2025-02-01 08:30:58
1966,3488,733,1,REPAY,1,608.06317,,608.06317,2025-02-01 10:03:21
1967,3489,143,3,REPAY,4,303.112399,,303.112399,2025-02-01 10:12:09
1968,3490,352,3,REPAY,3,6059.948803,,6059.948803,2025-02-01 10:26:23
1969,3493,951,2,REPAY,5,6270.466928,,6270.466928,2025-02-01 10:58:20
1970,3494,550,2,DEPOSIT,4,1559.801637,1559.801637,,2025-02-01 11:05:41
1971,3496,510,3,REPAY,5,2366.477643,,2366.477643,2025-02-01 11:24:31
1972,3499,600,1,REPAY,5,167.465237,,167.465237,2025-02-01 12:39:48
1973,3500,109,3,REPAY,5,1899.030943,,1899.030943,2025-02-01 12:42:58
1974,3501,56,4,WITHDRAW,3,1311.627533,,,2025-02-01 13:04:22
1975,3502,883,3,DEPOSIT,1,1817.170444,1817.170444,,2025-02-01 13:16:41
1976,3503,564,1,WITHDRAW,2,4995.758072,,,2025-02-01 13:18:51
1977,3504,407,1,DEPOSIT,4,468.03152,468.03152,,2025-02-01 13:31:57
1978,3505,684,2,WITHDRAW,1,6692.766717,,,2025-02-01 13:45:35
1979,3508,365,3,REPAY,2,1114.199445,,1114.199445,2025-02-01 14:02:13
1980,3510,925,3,REPAY,4,109.311302,,109.311302,2025-02-01 14:31:06
1981,3511,325,3,REPAY,1,272.162869,,272.162869,2025-02-01 14:54:08
1982,3512,809,2,DEPOSIT,2,506.84127,506.84127,,2025-02-01 14:55:23
1983,3513,281,2,REPAY,2,1911.981577,,1911.981577,2025-02-01 15:05:23
1984,3515,439,3,DEPOSIT,1,9971.194853,9971.194853,,2025-02-01 15:15:21
1985,3516,652,4,BORROW,5,1588.36405,2012.0852391404,1588.36405,2025-02-01 15:21:31
1986,3517,217,1,REPAY,5,3991.136119,,3991.136119,2025-02-01 15:46:15
1987,3518,77,4,BORROW,5,5634.460051,7699.982583246,5634.460051,2025-02-01 16:14:41
1988,3520,519,2,DEPOSIT,1,2849.015852,2849.015852,,2025-02-01 16:53:27
1989,3522,359,3,REPAY,2,715.306655,,715.306655,2025-02-01 17:04:27
1990,3525,635,2,BORROW,4,9968.469913,19701.9544429815,9968.469913,2025-02-01 18:01:43
1991,3526,168,1,BORROW,1,1906.632649,2562.1742121111,1906.632649,2025-02-01 18:09:54
1992,3529,661,4,DEPOSIT,2,6690.623044,6690.623044,,2025-02-01 19:17:59
1993,3530,262,2,WITHDRAW,2,4279.851446,,,2025-02-01 19:19:05
1994,3532,657,4,BORROW,5,4996.856463,8860.3290591835,4996.856463,2025-02-01 20:16:03
1995,3533,196,4,DEPOSIT,2,5661.466562,5661.466562,,2025-02-01 20:24:59
1996,3534,284,2,WITHDRAW,5,9818.185733,,,2025-02-01 20:29:46
1997,3537,506,2,REPAY,3,920.698606,,920.698606,2025-02-01 21:01:10
1998,3539,901,4,WITHDRAW,1,3800.804157,,,2025-02-01 21:12:37
1999,3541,890,3,REPAY,1,475.605338,,475.605338,2025-02-01 21:48:30
2000,3543,393,4,REPAY,5,1514.962636,,1514.962636,2025-02-01 22:02:34
2001,3544,892,2,REPAY,4,355.922159,,355.922159,2025-02-01 22:32:22
2002,3545,325,2,REPAY,3,63.209116,,63.209116,2025-02-01 22:46:50
2003,3547,307,3,BORROW,5,8111.201948,20063.1548114652,8111.201948,2025-02-01 23:21:27
2004,3550,786,3,WITHDRAW,1,4510.164107,,,2025-02-02 00:08:13
2005,3552,91,2,REPAY,1,1224.303267,,1224.303267,2025-02-02 00:24:46
2006,3556,473,3,WITHDRAW,4,7463.034772,,,2025-02-02 01:28:58
2007,3557,659,1,WITHDRAW,1,3382.247975,,,2025-02-02 02:32:59
2008,3558,812,2,DEPOSIT,2,554.608956,554.608956,,2025-02-02 02:50:16
2009,3560,854,2,WITHDRAW,4,8365.241227,,,2025-02-02 03:24:10
2010,3564,591,1,BORROW,1,4655.199481,11009.6105905305,4655.199481,2025-02-02 03:55:02
2011,3565,481,1,REPAY,2,2648.589754,,2648.589754,2025-02-02 03:59:58
2012,3567,154,1,WITHDRAW,2,5136.023849,,,2025-02-02 04:53:13
2013,3568,730,2,WITHDRAW,5,2567.092287,,,2025-02-02 05:21:46
2014,3570,240,4,BORROW,1,741.545457,1125.5942834804,741.545457,2025-02-02 05:31:49
2015,3572,879,3,DEPOSIT,1,3824.761365,3824.761365,,2025-02-02 06:06:27
2016,3573,284,2,BORROW,2,9479.743043,21803.4378449424,9479.743043,2025-02-02 06:09:29
2017,3575,687,1,DEPOSIT,2,3743.264932,3743.264932,,2025-02-02 06:32:02
2018,3576,552,1,BORROW,2,8831.667862,10620.8714503926,8831.667862,2025-02-02 07:11:35
2019,3577,525,1,DEPOSIT,4,273.069264,273.069264,,2025-02-02 07:11:36
2020,3579,101,2,REPAY,3,4097.607855,,4097.607855,2025-02-02 07:18:29
2021,3582,83,1,REPAY,4,39.334796,,39.334796,2025-02-02 07:53:01
2022,3583,624,4,LIQUIDATION,1,143.353619,135.3079739011,143.353619,2025-02-02 08:06:36
2023,3584,993,3,BORROW,5,5588.275118,9632.4268233429,5588.275118,2025-02-02 08:32:20
2024,3585,639,3,REPAY,5,2569.966699,,2569.966699,2025-02-02 08:37:26
2025,3586,61,1,BORROW,3,7489.503067,13788.3054302623,7489.503067,2025-02-02 09:02:17
2026,3587,356,2,DEPOSIT,2,6865.733179,6865.733179,,2025-02-02 09:07:38
2027,3589,85,2,BORROW,4,2201.292665,4672.6355146993,2201.292665,2025-02-02 09:14:42
2028,3590,149,1,DEPOSIT,4,5319.722878,5319.722878,,2025-02-02 09:23:15
2029,3591,433,3,REPAY,3,1039.205983,,1039.205983,2025-02-02 09:38:58
2030,3593,284,1,REPAY,3,2745.797638,,2745.797638,2025-02-02 09:51:32
2031,3595,507,3,BORROW,4,8982.559155,22034.182197677,8982.559155,2025-02-02 09:58:35
2032,3596,735,2,REPAY,3,1213.705246,,1213.705246,2025-02-02 10:06:13
2033,3598,383,3,LIQUIDATION,4,8.068174,8.5792358337,8.068174,2025-02-02 10:29:31
2034,3599,738,2,BORROW,3,6169.69353,11573.4632640549,6169.69353,2025-02-02 10:29:47
2035,3601,463,2,BORROW,4,6337.361501,8301.7016724239,6337.361501,2025-02-02 11:02:39
2036,3603,148,4,WITHDRAW,1,9936.233325,,,2025-02-02 11:26:13
2037,3605,786,4,WITHDRAW,3,4773.225466,,,2025-02-02 11:35:47
2038,3606,558,4,REPAY,2,1571.376677,,1571.376677,2025-02-02 11:41:47
2039,3607,484,3,BORROW,1,2556.912353,6027.6247908586,2556.912353,2025-02-02 11:45:32
2040,3608,78,4,DEPOSIT,2,8012.509434,8012.509434,,2025-02-02 11:57:20
2041,3609,866,3,DEPOSIT,4,8066.295237,8066.295237,,2025-02-02 12:03:18
2042,3610,950,1,WITHDRAW,2,5421.105874,,,2025-02-02 12:04:19
2043,3612,531,4,BORROW,1,539.20999,1068.9349056954,539.20999,2025-02-02 12:17:48
2044,3614,738,1,LIQUIDATION,2,6169.69353,6045.7023166484,6169.69353,2025-02-02 12:57:30
2045,3617,935,4,DEPOSIT,5,6138.874987,6138.874987,,2025-02-02 13:50:47
2046,3618,561,4,REPAY,1,1292.012248,,1292.012248,2025-02-02 14:23:27
2047,3620,524,3,BORROW,3,2684.602923,4921.7152828668,2684.602923,2025-02-02 14:53:11
2048,3621,500,2,BORROW,1,1820.481057,2489.8695201504,1820.481057,2025-02-02 15:10:25
2049,3623,945,3,REPAY,2,706.319602,,706.319602,2025-02-02 15:23:59
2050,3625,125,4,WITHDRAW,1,2799.942399,,,2025-02-02 15:48:51
2051,3627,223,2,REPAY,1,1070.084172,,1070.084172,2025-02-02 15:58:32
2052,3629,25,1,REPAY,3,415.281162,,415.281162,2025-02-02 16:18:41
2053,3630,406,1,BORROW,5,195.871681,351.8678233454,195.871681,2025-02-02 16:41:43
2054,3631,20,2,WITHDRAW,4,7579.797823,,,2025-02-02 16:47:41
2055,3633,580,3,REPAY,1,425.778419,,425.778419,2025-02-02 17:03:42
2056,3635,290,1,BORROW,5,4395.659166,7769.6713276953,4395.659166,2025-02-02 17:25:03
2057,3636,909,3,REPAY,2,125.115763,,125.115763,2025-02-02 17:28:05
2058,3637,136,1,LIQUIDATION,1,4449.53144,5006.0231448451,4449.53144,2025-02-02 17:45:35
2059,3639,674,4,BORROW,5,4486.987914,8828.2517317369,4486.987914,2025-02-02 17:55:01
2060,3640,855,1,DEPOSIT,3,4782.810906,4782.810906,,2025-02-02 18:18:25
2061,3643,12,3,BORROW,5,1109.519498,1648.2652263725,1109.519498,2025-02-02 19:22:48
2062,3644,45,4,BORROW,3,5243.199406,10264.3503113182,5243.199406,2025-02-02 19:31:33
2063,3645,6,3,DEPOSIT,2,7687.695617,7687.695617,,2025-02-02 19:57:58
2064,3646,370,4,DEPOSIT,3,8604.876289,8604.876289,,2025-02-02 20:09:37
2065,3647,515,1,REPAY,5,150.152111,,150.152111,2025-02-02 20:29:14
2066,3651,678,3,BORROW,5,9916.880134,15765.218669674,9916.880134,2025-02-02 20:50:07
2067,3652,436,4,DEPOSIT,5,7847.993494,7847.993494,,2025-02-02 21:05:31
2068,3655,703,3,WITHDRAW,3,2186.649818,,,2025-02-02 21:56:07
2069,3656,364,1,BORROW,5,592.431042,1128.7696998137,592.431042,2025-02-02 22:12:08
2070,3659,963,1,REPAY,5,362.342936,,362.342936,2025-02-02 23:02:48
2071,3662,461,1,WITHDRAW,5,9075.73337,,,2025-02-02 23:57:24
2072,3663,273,4,REPAY,2,773.228933,,773.228933,2025-02-03 00:11:42
2073,3665,926,2,WITHDRAW,5,8015.515398,,,2025-02-03 00:44:51
2074,3667,492,3,LIQUIDATION,4,2009.490431,1939.3084108358,2009.490431,2025-02-03 01:08:58
2075,3668,569,3,REPAY,1,1008.765458,,1008.765458,2025-02-03 01:20:28
2076,3672,811,2,REPAY,3,73.467789,,73.467789,2025-02-03 02:10:17
2077,3673,903,2,BORROW,3,249.617627,601.3726299473,249.617627,2025-02-03 02:16:31
2078,3677,497,3,WITHDRAW,3,9362.705491,,,2025-02-03 02:38:37
2079,3678,967,2,REPAY,3,2774.589347,,2774.589347,2025-02-03 02:38:41
2080,3683,460,2,REPAY,2,8617.348676,,8617.348676,2025-02-03 03:28:12
2081,3684,712,1,DEPOSIT,4,9326.747406,9326.747406,,2025-02-03 03:37:21
2082,3688,424,4,REPAY,3,1.342027,,1.342027,2025-02-03 03:59:34
2083,3690,813,2,WITHDRAW,4,651.46842,,,2025-02-03 04:22:54
2084,3692,275,3,REPAY,1,928.658982,,928.658982,2025-02-03 05:25:34
2085,3693,912,4,BORROW,3,196.758502,485.5742276883,196.758502,2025-02-03 05:34:08
2086,3694,812,1,WITHDRAW,5,7513.044679,,,2025-02-03 05:51:09
2087,3696,35,2,WITHDRAW,4,7643.368218,,,2025-02-03 06:08:16
2088,3699,284,3,REPAY,4,3643.568782,,3643.568782,2025-02-03 06:35:40
2089,3701,166,1,REPAY,5,398.388832,,398.388832,2025-02-03 06:53:31
2090,3706,664,2,WITHDRAW,1,9655.762826,,,2025-02-03 08:31:20
2091,3707,978,3,REPAY,5,59.226738,,59.226738,2025-02-03 08:32:24
2092,3709,425,3,LIQUIDATION,1,173.594765,154.706033233,173.594765,2025-02-03 09:50:54
2093,3711,395,1,WITHDRAW,2,2560.679474,,,2025-02-03 10:30:32
2094,3712,576,4,REPAY,3,740.545414,,740.545414,2025-02-03 10:32:36
2095,3714,418,2,BORROW,4,6151.084577,14478.0744686917,6151.084577,2025-02-03 10:50:22
2096,3719,997,4,WITHDRAW,2,2923.454878,,,2025-02-03 12:18:19
2097,3721,509,2,REPAY,4,3038.244912,,3038.244912,2025-02-03 13:10:04
2098,3723,299,1,BORROW,5,3109.800179,4701.8004946262,3109.800179,2025-02-03 13:40:27
2099,3724,448,4,WITHDRAW,1,3195.053279,,,2025-02-03 13:47:02
2100,3726,765,1,REPAY,2,928.668799,,928.668799,2025-02-03 14:05:25
2101,3727,483,3,REPAY,2,949.163661,,949.163661,2025-02-03 14:38:12
2102,3728,374,3,BORROW,4,5262.1293,6535.7422142427,5262.1293,2025-02-03 15:05:18
2103,3729,996,1,BORROW,4,7863.741465,19414.2427448889,7863.741465,2025-02-03 15:10:24
2104,3731,442,1,WITHDRAW,4,6603.313649,,,2025-02-03 15:35:42
2105,3732,416,3,LIQUIDATION,2,183.557885,173.6455529323,183.557885,2025-02-03 15:38:44
2106,3733,475,3,REPAY,1,193.353011,,193.353011,2025-02-03 16:08:58
2107,3734,635,3,REPAY,3,3355.103155,,3355.103155,2025-02-03 16:19:28
2108,3735,275,3,REPAY,1,175.731515,,175.731515,2025-02-03 16:28:15
2109,3736,645,4,DEPOSIT,4,3777.894899,3777.894899,,2025-02-03 16:44:11
2110,3737,960,4,REPAY,5,2895.026105,,2895.026105,2025-02-03 16:56:32
2111,3738,297,3,REPAY,2,5737.984926,,5737.984926,2025-02-03 17:08:06
2112,3739,761,1,WITHDRAW,5,8660.781521,,,2025-02-03 17:16:08
2113,3740,214,3,DEPOSIT,3,2162.33154,2162.33154,,2025-02-03 17:23:16
2114,3742,351,4,DEPOSIT,5,1319.888684,1319.888684,,2025-02-03 17:34:52
2115,3744,989,4,REPAY,2,175.925564,,175.925564,2025-02-03 17:49:53
2116,3745,621,2,REPAY,2,3883.749295,,3883.749295,2025-02-03 17:56:38
2117,3747,829,3,LIQUIDATION,5,1520.775408,1317.5017734835,1520.775408,2025-02-03 18:16:56
2118,3748,168,3,REPAY,3,539.653079,,539.653079,2025-02-03 18:53:21
2119,3749,861,1,REPAY,3,462.234019,,462.234019,2025-02-03 19:12:43
2120,3752,293,3,DEPOSIT,3,4669.983325,4669.983325,,2025-02-03 19:50:35
2121,3753,371,4,REPAY,2,5311.642231,,5311.642231,2025-02-03 20:13:29
2122,3754,472,3,REPAY,4,2592.740632,,2592.740632,2025-02-03 21:00:39
2123,3755,252,2,BORROW,1,4543.456587,9083.9130995642,4543.456587,2025-02-03 21:12:25
2124,3758,221,3,DEPOSIT,2,3942.960319,3942.960319,,2025-02-03 21:27:25
2125,3759,490,2,REPAY,4,28.840069,,28.840069,2025-02-03 21:45:34
2126,3761,576,2,BORROW,1,1509.894339,2198.0644698869,1509.894339,2025-02-03 22:10:09
2127,3763,499,4,DEPOSIT,2,2976.461647,2976.461647,,2025-02-03 22:37:43
2128,3764,263,1,REPAY,3,1385.306307,,1385.306307,2025-02-03 22:41:35
2129,3765,927,2,REPAY,1,297.691775,,297.691775,2025-02-03 23:03:37
2130,3767,364,1,REPAY,4,79.689662,,79.689662,2025-02-03 23:37:06
2131,3768,193,2,LIQUIDATION,3,3171.058148,3705.2960571156,3171.058148,2025-02-03 23:43:16
2132,3770,1000,4,REPAY,2,273.487066,,273.487066,2025-02-04 00:00:36
2133,3771,871,2,BORROW,2,2466.327614,3773.1441688204,2466.327614,2025-02-04 00:08:51
2134,3772,927,3,REPAY,3,33.905601,,33.905601,2025-02-04 00:10:47
2135,3773,890,3,REPAY,2,266.648634,,266.648634,2025-02-04 00:16:40
2136,3775,847,4,BORROW,3,3757.604058,7699.3851217577,3757.604058,2025-02-04 00:38:52
2137,3776,766,2,BORROW,1,7632.352555,12933.4833791424,7632.352555,2025-02-04 00:48:19
2138,3778,178,1,REPAY,5,188.840134,,188.840134,2025-02-04 01:06:06
2139,3779,218,2,WITHDRAW,3,3435.086802,,,2025-02-04 01:11:52
2140,3780,850,1,DEPOSIT,4,4970.096535,4970.096535,,2025-02-04 01:14:01
2141,3781,255,4,WITHDRAW,3,7952.94039,,,2025-02-04 01:21:51
2142,3782,264,3,BORROW,1,282.716169,523.6556258784,282.716169,2025-02-04 01:25:13
2143,3783,142,3,REPAY,3,3263.472241,,3263.472241,2025-02-04 01:51:56
2144,3784,61,1,REPAY,4,1394.097796,,1394.097796,2025-02-04 02:01:25
2145,3786,280,3,REPAY,5,2982.713075,,2982.713075,2025-02-04 02:29:27
2146,3787,705,2,DEPOSIT,1,7798.473081,7798.473081,,2025-02-04 02:34:09
2147,3788,364,4,REPAY,4,163.381333,,163.381333,2025-02-04 02:49:05
2148,3789,596,2,BORROW,1,7614.160021,16688.7905091343,7614.160021,2025-02-04 02:58:03
2149,3790,969,2,DEPOSIT,4,260.830794,260.830794,,2025-02-04 03:08:53
2150,3791,377,2,WITHDRAW,4,8882.248233,,,2025-02-04 03:14:05
2151,3793,74,1,BORROW,3,9713.816304,12473.1405227742,9713.816304,2025-02-04 03:41:44
2152,3796,659,3,DEPOSIT,5,4048.080298,4048.080298,,2025-02-04 04:41:13
2153,3798,479,2,BORROW,2,4530.340049,10933.576982941,4530.340049,2025-02-04 04:44:04
2154,3799,458,1,REPAY,3,682.877914,,682.877914,2025-02-04 05:01:49
2155,3800,36,1,WITHDRAW,2,2528.310724,,,2025-02-04 05:07:32
2156,3801,908,1,REPAY,5,2377.075974,,2377.075974,2025-02-04 05:43:42
2157,3802,507,3,REPAY,2,5984.257754,,5984.257754,2025-02-04 06:05:22
2158,3803,699,4,DEPOSIT,5,816.258519,816.258519,,2025-02-04 06:14:56
2159,3804,1,1,BORROW,2,7597.172177,12845.6551694171,7597.172177,2025-02-04 06:41:53
2160,3805,626,3,DEPOSIT,4,9278.837598,9278.837598,,2025-02-04 07:02:58
2161,3808,977,1,WITHDRAW,2,6517.681604,,,2025-02-04 07:35:07
2162,3809,887,2,REPAY,3,4314.752179,,4314.752179,2025-02-04 07:38:45
2163,3810,505,4,WITHDRAW,4,7116.306403,,,2025-02-04 08:03:38
2164,3811,25,1,REPAY,2,239.213515,,239.213515,2025-02-04 08:16:12
2165,3812,308,4,DEPOSIT,3,1165.655873,1165.655873,,2025-02-04 08:18:38
2166,3813,441,4,REPAY,4,663.001029,,663.001029,2025-02-04 08:23:28
2167,3815,636,1,WITHDRAW,1,6556.470292,,,2025-02-04 08:32:44
2168,3816,401,3,DEPOSIT,4,5398.130172,5398.130172,,2025-02-04 09:03:01
2169,3817,607,2,BORROW,2,4044.804949,6003.3096823764,4044.804949,2025-02-04 09:14:39
2170,3818,604,1,WITHDRAW,4,8336.240941,,,2025-02-04 09:24:07
2171,3819,734,4,WITHDRAW,2,5297.244398,,,2025-02-04 09:44:58
2172,3821,26,1,WITHDRAW,2,7877.391662,,,2025-02-04 09:58:56
2173,3822,403,3,REPAY,3,27.839569,,27.839569,2025-02-04 10:32:59
2174,3823,445,4,DEPOSIT,1,2116.082058,2116.082058,,2025-02-04 10:47:41
2175,3824,875,1,WITHDRAW,2,1932.666238,,,2025-02-04 10:50:01
2176,3825,487,2,REPAY,4,214.465764,,214.465764,2025-02-04 10:50:50
2177,3826,55,1,REPAY,3,3871.853886,,3871.853886,2025-02-04 10:51:52
2178,3827,712,3,BORROW,2,5070.963839,9277.8728040078,5070.963839,2025-02-04 10:53:12
2179,3828,62,4,REPAY,4,156.740887,,156.740887,2025-02-04 11:01:22
2180,3831,118,1,BORROW,4,9366.350284,18577.2829842738,9366.350284,2025-02-04 11:35:59
2181,3832,281,4,BORROW,3,8875.085399,17796.5684305223,8875.085399,2025-02-04 11:48:00
2182,3833,438,3,REPAY,4,8042.587358,,8042.587358,2025-02-04 11:50:39
2183,3834,948,4,REPAY,5,241.855795,,241.855795,2025-02-04 11:50:58
2184,3836,673,3,BORROW,1,7153.581932,17740.1860030799,7153.581932,2025-02-04 12:18:06
2185,3839,654,2,DEPOSIT,3,2308.738269,2308.738269,,2025-02-04 13:12:41
2186,3840,403,1,REPAY,5,13.559215,,13.559215,2025-02-04 13:15:41
2187,3841,329,1,DEPOSIT,4,6619.777889,6619.777889,,2025-02-04 13:30:12
2188,3845,397,4,LIQUIDATION,5,1124.934408,1120.0579699472,1124.934408,2025-02-04 13:49:23
2189,3847,495,3,BORROW,2,1132.054884,1707.6651775414,1132.054884,2025-02-04 14:04:34
2190,3848,42,2,REPAY,5,707.30428,,707.30428,2025-02-04 14:17:09
2191,3850,403,3,REPAY,1,11.495509,,11.495509,2025-02-04 15:03:21
2192,3851,268,2,REPAY,3,748.677601,,748.677601,2025-02-04 15:28:40
2193,3853,473,3,REPAY,2,96.282649,,96.282649,2025-02-04 15:44:50
2194,3854,855,3,BORROW,1,8075.20907,12171.9115562393,8075.20907,2025-02-04 15:48:13
2195,3856,122,2,REPAY,4,1232.725109,,1232.725109,2025-02-04 16:26:27
2196,3858,550,3,WITHDRAW,2,8071.187827,,,2025-02-04 16:41:43
2197,3860,670,2,BORROW,4,5724.907498,7506.9094856611,5724.907498,2025-02-04 16:56:01
2198,3861,849,3,WITHDRAW,2,5202.576937,,,2025-02-04 17:11:44
2199,3862,102,1,BORROW,4,1441.08103,3312.7674648114,1441.08103,2025-02-04 17:14:45
2200,3863,937,3,BORROW,5,2026.890877,3690.3990747993,2026.890877,2025-02-04 17:19:24
2201,3864,99,3,REPAY,4,86.712176,,86.712176,2025-02-04 17:27:09
2202,3865,813,2,WITHDRAW,5,1674.077665,,,2025-02-04 17:34:46
2203,3866,848,3,DEPOSIT,4,5562.926289,5562.926289,,2025-02-04 17:38:04
2204,3869,374,1,LIQUIDATION,1,5262.1293,5928.7252648559,5262.1293,2025-02-04 18:07:16
2205,3871,158,4,REPAY,5,2162.953018,,2162.953018,2025-02-04 18:13:35
2206,3873,171,4,DEPOSIT,4,9448.163039,9448.163039,,2025-02-04 18:38:47
2207,3874,71,1,BORROW,5,4508.873894,5556.7394422038,4508.873894,2025-02-04 18:52:37
2208,3875,466,3,DEPOSIT,2,8490.351607,8490.351607,,2025-02-04 19:04:06
2209,3876,222,3,BORROW,2,5879.144285,11075.5492880319,5879.144285,2025-02-04 19:15:09
2210,3877,597,4,DEPOSIT,5,6452.204512,6452.204512,,2025-02-04 19:26:38
2211,3878,91,2,LIQUIDATION,2,5551.694235,4933.1397065265,5551.694235,2025-02-04 19:35:09
2212,3881,569,4,REPAY,2,375.587262,,375.587262,2025-02-04 19:51:09
2213,3882,59,3,WITHDRAW,5,654.197873,,,2025-02-04 19:56:06
2214,3885,529,3,DEPOSIT,3,438.837264,438.837264,,2025-02-04 20:36:51
2215,3886,189,3,REPAY,4,626.244744,,626.244744,2025-02-04 20:46:25
2216,3888,293,4,WITHDRAW,3,3221.886088,,,2025-02-04 20:53:40
2217,3889,353,1,WITHDRAW,4,7025.003611,,,2025-02-04 21:08:59
2218,3890,747,3,BORROW,1,6976.161444,12322.3832653038,6976.161444,2025-02-04 21:39:53
2219,3892,695,3,BORROW,2,1249.283147,1633.7076445201,1249.283147,2025-02-04 21:54:59
2220,3893,460,4,REPAY,3,59.939597,,59.939597,2025-02-04 21:56:49
2221,3897,840,2,BORROW,2,2028.081979,3753.6782784065,2028.081979,2025-02-04 22:20:40
2222,3900,898,4,REPAY,4,0.292184,,0.292184,2025-02-04 22:28:04
2223,3903,642,1,REPAY,4,7.43665,,7.43665,2025-02-04 22:34:11
2224,3904,37,2,DEPOSIT,2,4829.001016,4829.001016,,2025-02-04 22:46:25
2225,3905,874,4,LIQUIDATION,1,8593.552085,7584.5293692784,8593.552085,2025-02-04 22:51:46
2226,3906,452,3,REPAY,5,2242.063154,,2242.063154,2025-02-04 23:02:08
2227,3907,962,3,REPAY,2,0.008191,,0.008191,2025-02-04 23:09:38
2228,3908,912,1,REPAY,5,172.100397,,172.100397,2025-02-05 00:08:05
2229,3909,803,4,WITHDRAW,2,525.503729,,,2025-02-05 00:31:24
2230,3910,887,4,REPAY,2,8.044687,,8.044687,2025-02-05 00:35:04
2231,3911,789,2,LIQUIDATION,3,9214.440079,8583.2942564397,9214.440079,2025-02-05 00:36:22
2232,3913,540,3,WITHDRAW,4,9676.139196,,,2025-02-05 00:45:21
2233,3914,300,3,DEPOSIT,4,1634.013913,1634.013913,,2025-02-05 00:48:10
2234,3915,578,3,DEPOSIT,1,1945.219362,1945.219362,,2025-02-05 01:13:41
2235,3919,242,2,DEPOSIT,2,8110.957373,8110.957373,,2025-02-05 01:47:09
2236,3921,477,3,REPAY,1,88.387164,,88.387164,2025-02-05 01:57:21
2237,3923,762,4,BORROW,4,2400.919385,3422.3211452625,2400.919385,2025-02-05 02:06:16
2238,3924,697,2,REPAY,4,961.303326,,961.303326,2025-02-05 02:17:55
2239,3928,373,2,BORROW,1,8237.270125,16453.1604988493,8237.270125,2025-02-05 04:09:15
2240,3930,243,1,REPAY,1,719.417537,,719.417537,2025-02-05 04:37:50
2241,3931,672,3,DEPOSIT,4,8457.964822,8457.964822,,2025-02-05 04:44:05
2242,3932,504,4,LIQUIDATION,3,105.04679,92.1908981914,105.04679,2025-02-05 04:44:07
2243,3933,343,4,LIQUIDATION,3,6801.225021,6697.8446704791,6801.225021,2025-02-05 05:11:22
2244,3935,399,3,REPAY,3,5223.959036,,5223.959036,2025-02-05 05:39:17
2245,3936,208,2,REPAY,5,3347.08385,,3347.08385,2025-02-05 05:54:51
2246,3939,408,4,WITHDRAW,5,8654.808753,,,2025-02-05 06:23:08
2247,3940,207,2,REPAY,3,210.709133,,210.709133,2025-02-05 06:39:40
2248,3941,108,4,WITHDRAW,5,8382.897523,,,2025-02-05 07:01:26
2249,3943,158,2,REPAY,2,261.65726,,261.65726,2025-02-05 07:35:11
2250,3944,779,2,BORROW,1,6396.554033,13748.3108076845,6396.554033,2025-02-05 07:38:29
2251,3945,268,2,REPAY,3,14.059601,,14.059601,2025-02-05 07:39:55
2252,3946,58,2,BORROW,1,1381.186828,1749.1003334687,1381.186828,2025-02-05 08:00:34
2253,3950,58,4,REPAY,5,707.906325,,707.906325,2025-02-05 09:01:17
2254,3951,927,4,REPAY,1,1.031984,,1.031984,2025-02-05 09:01:47
2255,3958,704,2,REPAY,1,1791.037777,,1791.037777,2025-02-05 11:14:13
2256,3959,159,1,REPAY,4,2.319656,,2.319656,2025-02-05 11:17:56
2257,3961,978,3,REPAY,2,73.524261,,73.524261,2025-02-05 11:34:50
2258,3962,733,3,LIQUIDATION,5,916.486418,767.5430082146,916.486418,2025-02-05 11:50:14
2259,3964,371,3,REPAY,2,2874.841089,,2874.841089,2025-02-05 12:14:40
2260,3965,715,1,REPAY,4,4008.238955,,4008.238955,2025-02-05 12:47:36
2261,3967,761,3,REPAY,2,1507.44895,,1507.44895,2025-02-05 13:09:37
2262,3970,641,3,REPAY,1,121.5593,,121.5593,2025-02-05 13:30:01
2263,3971,74,4,REPAY,4,8807.625572,,8807.625572,2025-02-05 13:59:42
2264,3974,328,2,REPAY,2,1688.185216,,1688.185216,2025-02-05 14:54:44
2265,3975,306,4,DEPOSIT,2,721.245508,721.245508,,2025-02-05 14:56:33
2266,3976,195,3,REPAY,1,671.82198,,671.82198,2025-02-05 15:23:02
2267,3977,933,2,BORROW,3,7293.404526,15052.8063329718,7293.404526,2025-02-05 16:04:30
2268,3978,168,3,REPAY,4,858.212264,,858.212264,2025-02-05 16:17:19
2269,3979,446,3,DEPOSIT,4,2825.283034,2825.283034,,2025-02-05 16:53:31
2270,3980,239,4,LIQUIDATION,1,199.303582,173.6332629352,199.303582,2025-02-05 16:56:17
2271,3983,287,1,REPAY,1,3438.196856,,3438.196856,2025-02-05 17:10:39
2272,3987,526,4,REPAY,4,586.021394,,586.021394,2025-02-05 17:43:29
2273,3992,663,3,WITHDRAW,1,9538.234741,,,2025-02-05 18:38:29
2274,3993,357,4,WITHDRAW,1,2008.682007,,,2025-02-05 18:41:34
2275,3994,450,3,BORROW,1,3276.720796,6035.0640922455,3276.720796,2025-02-05 18:43:40
2276,3995,21,4,REPAY,1,3322.720448,,3322.720448,2025-02-05 19:29:28
2277,3996,833,2,REPAY,1,1422.640808,,1422.640808,2025-02-05 19:36:27
2278,3997,967,1,REPAY,1,1818.327886,,1818.327886,2025-02-05 19:48:59
2279,3999,529,1,WITHDRAW,3,3360.955243,,,2025-02-05 20:16:07
2280,4000,820,3,REPAY,3,78.351704,,78.351704,2025-02-05 20:25:22
2281,4001,178,4,REPAY,4,17.291756,,17.291756,2025-02-05 20:58:51
2282,4002,86,2,BORROW,1,5698.710409,9246.8656307841,5698.710409,2025-02-05 21:05:02
2283,4004,395,4,REPAY,1,209.592273,,209.592273,2025-02-05 21:08:44
2284,4005,56,1,DEPOSIT,3,7161.425243,7161.425243,,2025-02-05 21:16:01
2285,4006,781,4,BORROW,3,5805.69975,8654.6765032085,5805.69975,2025-02-05 21:25:00
2286,4007,811,2,REPAY,4,6.166964,,6.166964,2025-02-05 21:25:00
2287,4009,576,4,REPAY,5,2183.047034,,2183.047034,2025-02-05 21:38:56
2288,4010,568,1,DEPOSIT,5,7425.419732,7425.419732,,2025-02-05 21:54:34
2289,4011,489,1,REPAY,4,2895.49937,,2895.49937,2025-02-05 22:17:35
2290,4012,836,1,DEPOSIT,3,3917.372209,3917.372209,,2025-02-05 22:31:47
2291,4014,38,1,WITHDRAW,5,5488.503584,,,2025-02-05 22:44:55
2292,4015,370,1,BORROW,5,3579.698687,4734.5867087841,3579.698687,2025-02-05 23:34:51
2293,4016,951,2,DEPOSIT,1,2619.880412,2619.880412,,2025-02-06 00:39:08
2294,4017,14,1,REPAY,5,27.318135,,27.318135,2025-02-06 01:08:09
2295,4018,517,2,WITHDRAW,3,4136.441769,,,2025-02-06 01:13:59
2296,4021,204,3,REPAY,4,4991.365483,,4991.365483,2025-02-06 01:40:29
2297,4022,636,4,DEPOSIT,2,367.426763,367.426763,,2025-02-06 01:50:56
2298,4023,435,3,REPAY,4,1409.106507,,1409.106507,2025-02-06 02:25:34
2299,4024,791,2,WITHDRAW,3,2594.524604,,,2025-02-06 02:27:57
2300,4027,515,4,REPAY,1,55.75265,,55.75265,2025-02-06 03:02:48
2301,4030,688,4,WITHDRAW,1,9586.517801,,,2025-02-06 03:34:18
2302,4031,478,4,WITHDRAW,2,1055.501492,,,2025-02-06 03:43:05
2303,4033,815,2,REPAY,5,4115.434485,,4115.434485,2025-02-06 04:16:30
2304,4035,361,1,DEPOSIT,1,1770.491183,1770.491183,,2025-02-06 04:28:52
2305,4037,452,1,REPAY,1,1941.292097,,1941.292097,2025-02-06 04:41:13
2306,4039,587,3,BORROW,2,9331.608323,20773.232058206,9331.608323,2025-02-06 04:48:21
2307,4040,816,3,BORROW,1,786.982807,985.6700499251,786.982807,2025-02-06 05:20:04
2308,4042,518,3,DEPOSIT,2,8476.839393,8476.839393,,2025-02-06 05:32:22
2309,4044,19,4,WITHDRAW,5,1944.449136,,,2025-02-06 06:02:53
2310,4045,387,1,WITHDRAW,5,5236.519387,,,2025-02-06 06:49:54
2311,4047,727,2,WITHDRAW,3,231.373609,,,2025-02-06 07:17:45
2312,4048,107,4,DEPOSIT,5,5168.694408,5168.694408,,2025-02-06 07:22:26
2313,4049,528,2,DEPOSIT,2,9299.737377,9299.737377,,2025-02-06 07:37:18
2314,4050,621,3,REPAY,3,453.817414,,453.817414,2025-02-06 07:56:33
2315,4051,509,3,REPAY,4,366.712427,,366.712427,2025-02-06 07:58:18
2316,4052,316,1,BORROW,2,8225.724096,15033.7503599392,8225.724096,2025-02-06 08:00:10
2317,4054,796,4,BORROW,3,7974.728862,14524.7632180328,7974.728862,2025-02-06 08:11:36
2318,4055,393,2,BORROW,4,2251.041615,4694.3530475375,2251.041615,2025-02-06 08:22:36
2319,4058,717,4,LIQUIDATION,2,3351.220922,3907.7052745464,3351.220922,2025-02-06 09:18:32
2320,4059,541,3,BORROW,4,7471.343002,18090.614449593,7471.343002,2025-02-06 10:00:56
2321,4060,70,1,WITHDRAW,1,4931.0824,,,2025-02-06 10:32:41
2322,4061,314,1,BORROW,1,8269.548567,12412.0756129179,8269.548567,2025-02-06 10:37:34
2323,4062,524,2,WITHDRAW,4,4466.630108,,,2025-02-06 10:56:58
2324,4063,486,3,LIQUIDATION,4,6376.117718,7112.3831286635,6376.117718,2025-02-06 10:58:13
2325,4065,664,4,REPAY,3,919.011274,,919.011274,2025-02-06 11:25:42
2326,4067,313,2,BORROW,5,6090.058517,13915.9117995197,6090.058517,2025-02-06 11:45:31
2327,4068,409,2,DEPOSIT,2,6861.533299,6861.533299,,2025-02-06 11:50:02
2328,4070,678,1,REPAY,1,9424.802966,,9424.802966,2025-02-06 11:50:37
2329,4072,741,4,BORROW,5,721.49861,1185.4546215646,721.49861,2025-02-06 12:00:22
2330,4073,239,2,WITHDRAW,3,256.279561,,,2025-02-06 12:08:47
2331,4075,160,1,WITHDRAW,3,3022.417498,,,2025-02-06 12:52:20
2332,4076,742,1,DEPOSIT,5,5397.235216,5397.235216,,2025-02-06 12:54:16
2333,4077,861,2,REPAY,4,383.884781,,383.884781,2025-02-06 13:10:26
2334,4079,414,4,DEPOSIT,2,9324.749083,9324.749083,,2025-02-06 13:13:56
2335,4081,436,4,DEPOSIT,1,1704.464447,1704.464447,,2025-02-06 13:43:18
2336,4082,742,4,DEPOSIT,4,8800.116748,8800.116748,,2025-02-06 13:43:43
2337,4083,142,2,REPAY,2,284.509214,,284.509214,2025-02-06 13:47:28
2338,4084,44,4,REPAY,4,118.515891,,118.515891,2025-02-06 13:49:17
2339,4085,472,3,REPAY,5,175.520267,,175.520267,2025-02-06 14:05:09
2340,4086,612,2,WITHDRAW,1,2930.218335,,,2025-02-06 14:07:44
2341,4089,95,1,WITHDRAW,4,4353.500184,,,2025-02-06 14:48:16
2342,4090,621,3,DEPOSIT,4,3134.012685,3134.012685,,2025-02-06 15:09:23
2343,4091,304,2,REPAY,1,8751.386943,,8751.386943,2025-02-06 15:15:40
2344,4092,766,1,REPAY,1,1451.743581,,1451.743581,2025-02-06 15:48:06
2345,4093,462,3,REPAY,1,12.850092,,12.850092,2025-02-06 15:58:48
2346,4095,674,2,REPAY,2,614.723907,,614.723907,2025-02-06 16:09:03
2347,4099,198,1,DEPOSIT,4,2754.791158,2754.791158,,2025-02-06 17:05:11
2348,4100,631,1,REPAY,1,2392.342522,,2392.342522,2025-02-06 17:16:47
2349,4101,218,1,DEPOSIT,3,4314.35737,4314.35737,,2025-02-06 18:27:39
2350,4103,607,1,REPAY,5,786.184559,,786.184559,2025-02-06 18:38:55
2351,4105,63,3,WITHDRAW,1,7276.660993,,,2025-02-06 18:56:58
2352,4106,335,1,DEPOSIT,4,801.653825,801.653825,,2025-02-06 18:58:06
2353,4107,891,4,REPAY,2,470.122299,,470.122299,2025-02-06 19:21:19
2354,4111,583,3,WITHDRAW,3,5424.912191,,,2025-02-06 20:25:10
2355,4113,916,1,DEPOSIT,4,6244.436514,6244.436514,,2025-02-06 20:41:27
2356,4115,424,3,REPAY,2,0.473577,,0.473577,2025-02-06 20:48:03
2357,4116,226,2,DEPOSIT,4,9271.394184,9271.394184,,2025-02-06 20:51:20
2358,4117,880,1,WITHDRAW,5,8642.890516,,,2025-02-06 21:04:07
2359,4119,750,1,LIQUIDATION,3,2818.289157,2727.5362230296,2818.289157,2025-02-06 21:31:48
2360,4120,462,1,REPAY,3,1.350554,,1.350554,2025-02-06 21:34:28
2361,4121,581,2,BORROW,1,5179.620547,11003.3062997543,5179.620547,2025-02-06 22:06:07
2362,4122,834,3,REPAY,1,947.786342,,947.786342,2025-02-06 22:14:41
2363,4124,15,2,BORROW,5,3332.966609,5936.4428175468,3332.966609,2025-02-06 22:21:14
2364,4125,333,1,WITHDRAW,5,1925.366436,,,2025-02-06 22:27:02
2365,4126,770,3,BORROW,1,9674.908986,14515.9969281252,9674.908986,2025-02-06 23:19:19
2366,4132,717,3,BORROW,2,8434.494906,17006.0608812737,8434.494906,2025-02-07 00:09:06
2367,4133,960,4,DEPOSIT,5,621.843751,621.843751,,2025-02-07 00:09:41
2368,4134,678,3,REPAY,5,96.980873,,96.980873,2025-02-07 00:27:29
2369,4137,529,1,BORROW,1,862.461242,2109.0357391016,862.461242,2025-02-07 01:36:00
2370,4138,713,4,BORROW,4,5839.066947,8324.6091608926,5839.066947,2025-02-07 01:43:33
2371,4139,400,2,WITHDRAW,2,5488.039245,,,2025-02-07 02:02:11
2372,4140,315,4,REPAY,3,4453.496949,,4453.496949,2025-02-07 02:03:00
2373,4141,499,3,DEPOSIT,1,9814.223807,9814.223807,,2025-02-07 02:08:21
2374,4142,798,3,REPAY,5,953.144795,,953.144795,2025-02-07 02:31:32
2375,4143,166,2,REPAY,5,120.28592,,120.28592,2025-02-07 02:51:55
2376,4144,88,4,REPAY,2,633.620861,,633.620861,2025-02-07 02:52:07
2377,4145,382,4,WITHDRAW,3,9052.67785,,,2025-02-07 04:30:32
2378,4149,659,3,WITHDRAW,4,7751.579665,,,2025-02-07 05:17:58
2379,4150,150,4,BORROW,3,5205.371096,6400.0978804201,5205.371096,2025-02-07 05:25:05
2380,4151,372,3,WITHDRAW,2,2279.079574,,,2025-02-07 06:05:34
2381,4153,86,1,REPAY,4,5516.75932,,5516.75932,2025-02-07 06:19:55
2382,4156,664,3,REPAY,2,3.493097,,3.493097,2025-02-07 06:28:05
2383,4157,633,4,REPAY,4,86.048059,,86.048059,2025-02-07 07:29:32
2384,4161,88,4,REPAY,1,1028.80374,,1028.80374,2025-02-07 07:53:57
2385,4162,757,3,WITHDRAW,4,6785.303312,,,2025-02-07 08:00:57
2386,4163,41,3,REPAY,5,7323.877513,,7323.877513,2025-02-07 08:09:48
2387,4165,959,4,REPAY,2,168.650804,,168.650804,2025-02-07 08:57:14
2388,4166,861,2,WITHDRAW,4,4465.340106,,,2025-02-07 09:01:40
2389,4167,509,3,REPAY,1,835.588061,,835.588061,2025-02-07 09:10:21
2390,4168,999,3,REPAY,3,364.976836,,364.976836,2025-02-07 09:19:39
2391,4169,267,3,DEPOSIT,2,3075.329462,3075.329462,,2025-02-07 09:22:21
2392,4170,416,3,WITHDRAW,3,5391.94226,,,2025-02-07 09:42:31
2393,4171,123,2,REPAY,1,2812.317872,,2812.317872,2025-02-07 09:46:14
2394,4173,474,1,DEPOSIT,2,6409.471855,6409.471855,,2025-02-07 10:10:07
2395,4174,426,3,BORROW,2,2845.12828,6859.1774668645,2845.12828,2025-02-07 10:20:33
2396,4175,678,4,REPAY,1,253.262745,,253.262745,2025-02-07 10:33:58
2397,4177,201,1,BORROW,3,1598.389292,3249.5595630656,1598.389292,2025-02-07 11:06:26
2398,4179,351,3,WITHDRAW,2,8514.173792,,,2025-02-07 11:17:00
2399,4181,449,2,REPAY,2,135.073701,,135.073701,2025-02-07 11:35:32
2400,4182,429,4,BORROW,5,515.433622,1006.9012176219,515.433622,2025-02-07 11:41:52
2401,4183,64,3,WITHDRAW,1,5140.343975,,,2025-02-07 11:48:57
2402,4185,351,2,WITHDRAW,5,7894.303251,,,2025-02-07 12:00:06
2403,4187,344,3,REPAY,3,1470.051887,,1470.051887,2025-02-07 12:11:48
2404,4188,74,2,REPAY,1,117.685734,,117.685734,2025-02-07 12:39:21
2405,4189,35,2,WITHDRAW,4,2457.081424,,,2025-02-07 13:10:32
2406,4191,346,3,REPAY,1,1556.457905,,1556.457905,2025-02-07 13:46:07
2407,4192,508,1,WITHDRAW,2,7902.377894,,,2025-02-07 14:02:01
2408,4193,170,3,BORROW,4,6217.199142,10365.0338592241,6217.199142,2025-02-07 14:13:13
2409,4194,519,3,DEPOSIT,4,1652.284997,1652.284997,,2025-02-07 14:18:32
2410,4195,793,4,WITHDRAW,4,9554.636386,,,2025-02-07 14:27:14
2411,4196,59,2,BORROW,1,427.551245,1067.3401015237,427.551245,2025-02-07 14:47:45
2412,4198,815,2,REPAY,2,133.118288,,133.118288,2025-02-07 15:14:33
2413,4201,80,3,DEPOSIT,1,4741.073656,4741.073656,,2025-02-07 15:47:12
2414,4202,626,3,DEPOSIT,3,2944.602878,2944.602878,,2025-02-07 16:10:41
2415,4204,330,3,WITHDRAW,2,3975.938498,,,2025-02-07 16:57:19
2416,4206,415,2,BORROW,4,1841.821401,3534.1376801062,1841.821401,2025-02-07 17:25:45
2417,4207,73,3,REPAY,4,11.388014,,11.388014,2025-02-07 17:37:32
2418,4208,466,4,WITHDRAW,1,5972.574397,,,2025-02-07 17:59:08
2419,4210,882,4,WITHDRAW,1,4058.091949,,,2025-02-07 18:12:10
2420,4212,241,2,REPAY,5,2941.522749,,2941.522749,2025-02-07 18:38:23
2421,4215,832,1,BORROW,3,6197.539268,10381.3945983955,6197.539268,2025-02-07 19:09:34
2422,4216,288,1,REPAY,2,279.588226,,279.588226,2025-02-07 19:30:37
2423,4219,511,2,DEPOSIT,2,7292.055452,7292.055452,,2025-02-07 20:11:50
2424,4221,88,1,REPAY,3,71.682717,,71.682717,2025-02-07 20:14:48
2425,4224,239,2,DEPOSIT,4,1861.835333,1861.835333,,2025-02-07 21:07:28
2426,4227,433,2,LIQUIDATION,4,2039.672781,2336.8282552916,2039.672781,2025-02-07 21:23:02
2427,4230,697,1,REPAY,2,1032.877947,,1032.877947,2025-02-07 22:44:04
2428,4232,223,3,REPAY,5,5402.115502,,5402.115502,2025-02-07 23:22:36
2429,4233,756,3,DEPOSIT,3,6204.320145,6204.320145,,2025-02-07 23:49:07
2430,4238,662,4,DEPOSIT,5,1926.072305,1926.072305,,2025-02-08 00:06:42
2431,4239,822,3,REPAY,2,26.062113,,26.062113,2025-02-08 00:39:44
2432,4240,678,1,DEPOSIT,3,5066.105994,5066.105994,,2025-02-08 01:03:36
2433,4241,25,1,REPAY,3,274.194057,,274.194057,2025-02-08 01:22:05
2434,4242,689,4,WITHDRAW,1,9630.748112,,,2025-02-08 01:43:14
2435,4245,586,1,REPAY,2,1866.158258,,1866.158258,2025-02-08 02:14:18
2436,4246,607,1,REPAY,5,835.35317,,835.35317,2025-02-08 02:19:11
2437,4247,122,1,REPAY,1,1560.00985,,1560.00985,2025-02-08 02:45:51
2438,4248,201,4,REPAY,2,647.093211,,647.093211,2025-02-08 02:49:59
2439,4250,280,4,REPAY,1,4413.917411,,4413.917411,2025-02-08 03:24:38
2440,4251,481,4,REPAY,3,157.819905,,157.819905,2025-02-08 03:26:20
2441,4253,704,4,REPAY,2,1463.82845,,1463.82845,2025-02-08 04:26:17
2442,4254,568,1,DEPOSIT,1,6452.174049,6452.174049,,2025-02-08 04:48:58
2443,4255,648,4,DEPOSIT,5,6905.587564,6905.587564,,2025-02-08 05:30:44
2444,4256,798,3,REPAY,2,3273.37963,,3273.37963,2025-02-08 05:49:01
2445,4259,289,1,REPAY,5,2892.076039,,2892.076039,2025-02-08 07:27:53
2446,4260,676,2,DEPOSIT,4,4092.768249,4092.768249,,2025-02-08 07:35:54
2447,4262,438,2,REPAY,3,159.784464,,159.784464,2025-02-08 07:55:59
2448,4263,633,2,DEPOSIT,4,5127.341415,5127.341415,,2025-02-08 08:01:57
2449,4264,674,2,REPAY,3,2087.012879,,2087.012879,2025-02-08 08:35:08
2450,4265,515,4,REPAY,1,198.39192,,198.39192,2025-02-08 08:37:25
2451,4266,776,3,BORROW,2,9259.934176,12855.1038673571,9259.934176,2025-02-08 08:56:36
2452,4268,588,3,DEPOSIT,5,3259.45685,3259.45685,,2025-02-08 09:55:52
2453,4269,210,2,DEPOSIT,3,860.653247,860.653247,,2025-02-08 10:10:15
2454,4270,163,1,REPAY,3,187.81429,,187.81429,2025-02-08 10:15:46
2455,4271,932,4,BORROW,3,2690.84524,3388.7917437928,2690.84524,2025-02-08 10:50:33
2456,4273,957,4,BORROW,4,5746.351899,14153.1487421659,5746.351899,2025-02-08 11:15:09
2457,4274,661,4,BORROW,1,7069.531339,14820.5462223164,7069.531339,2025-02-08 11:22:00
2458,4275,101,2,REPAY,4,2886.229389,,2886.229389,2025-02-08 11:25:57
2459,4276,418,1,REPAY,3,4557.512058,,4557.512058,2025-02-08 11:26:52
2460,4280,633,3,REPAY,4,123.161684,,123.161684,2025-02-08 12:54:02
2461,4281,558,2,REPAY,4,1965.577785,,1965.577785,2025-02-08 12:54:43
2462,4284,416,1,DEPOSIT,3,2021.450761,2021.450761,,2025-02-08 13:34:04
2463,4287,737,2,WITHDRAW,1,929.301569,,,2025-02-08 13:45:37
2464,4289,117,1,REPAY,1,62.327359,,62.327359,2025-02-08 13:54:08
2465,4290,909,1,REPAY,4,697.985308,,697.985308,2025-02-08 13:55:54
2466,4292,299,4,REPAY,2,1007.923738,,1007.923738,2025-02-08 14:14:55
2467,4293,314,3,REPAY,2,8030.21254,,8030.21254,2025-02-08 14:49:32
2468,4295,638,4,DEPOSIT,2,6160.979887,6160.979887,,2025-02-08 15:20:17
2469,4296,655,4,BORROW,4,2342.154521,3238.7149246349,2342.154521,2025-02-08 15:22:10
2470,4299,28,3,BORROW,1,6817.676568,11478.7343015639,6817.676568,2025-02-08 15:48:35
2471,4300,318,3,REPAY,4,270.337741,,270.337741,2025-02-08 15:55:07
2472,4302,631,2,REPAY,3,784.808835,,784.808835,2025-02-08 16:14:43
2473,4303,708,4,DEPOSIT,2,1321.093769,1321.093769,,2025-02-08 16:27:14
2474,4306,622,2,WITHDRAW,2,7022.450865,,,2025-02-08 16:39:16
2475,4307,479,2,DEPOSIT,1,4896.126828,4896.126828,,2025-02-08 17:20:15
2476,4308,220,2,REPAY,3,2375.225465,,2375.225465,2025-02-08 17:30:51
2477,4310,896,4,WITHDRAW,4,8461.252644,,,2025-02-08 17:32:26
2478,4312,932,3,REPAY,4,2445.408099,,2445.408099,2025-02-08 17:39:49
2479,4316,366,3,REPAY,1,60.790042,,60.790042,2025-02-08 18:30:48
2480,4328,330,4,REPAY,1,253.481036,,253.481036,2025-02-08 20:02:27
2481,4331,898,3,REPAY,4,0.194722,,0.194722,2025-02-08 20:25:34
2482,4333,588,4,BORROW,3,7615.391397,16239.8518523318,7615.391397,2025-02-08 21:17:43
2483,4334,849,4,WITHDRAW,1,935.834114,,,2025-02-08 21:26:59
2484,4338,446,4,WITHDRAW,2,4252.926503,,,2025-02-08 21:42:12
2485,4339,363,3,DEPOSIT,1,3660.742211,3660.742211,,2025-02-08 21:48:02
2486,4340,113,3,BORROW,3,8820.025284,15964.8876585133,8820.025284,2025-02-08 21:57:43
2487,4344,959,2,REPAY,3,71.33482,,71.33482,2025-02-08 23:05:15
2488,4345,477,4,BORROW,5,7741.612421,18517.1624759847,7741.612421,2025-02-08 23:11:09
2489,4346,497,1,DEPOSIT,1,1927.899422,1927.899422,,2025-02-08 23:11:43
2490,4350,606,3,BORROW,2,1724.218834,2605.7278326187,1724.218834,2025-02-09 00:02:08
2491,4351,724,1,WITHDRAW,2,2393.198494,,,2025-02-09 00:12:39
2492,4352,36,3,BORROW,1,7414.708332,17890.965207712,7414.708332,2025-02-09 00:27:08
2493,4353,827,1,BORROW,3,2403.158214,3202.9535674062,2403.158214,2025-02-09 00:38:11
2494,4359,904,2,REPAY,5,3147.731645,,3147.731645,2025-02-09 02:53:31
2495,4361,478,3,DEPOSIT,1,4900.062976,4900.062976,,2025-02-09 03:59:48
2496,4362,696,4,BORROW,3,2386.232347,2908.4781424006,2386.232347,2025-02-09 04:00:10
2497,4363,833,3,REPAY,3,115.45156,,115.45156,2025-02-09 04:01:25
2498,4364,317,2,DEPOSIT,3,3177.567715,3177.567715,,2025-02-09 04:06:39
2499,4366,85,1,REPAY,2,690.844801,,690.844801,2025-02-09 04:15:48
2500,4367,720,3,WITHDRAW,3,5274.072441,,,2025-02-09 04:52:37
2501,4368,917,1,REPAY,4,2690.411171,,2690.411171,2025-02-09 05:00:43
2502,4369,119,1,BORROW,3,7194.124568,9122.7512485782,7194.124568,2025-02-09 05:04:12
2503,4370,776,4,LIQUIDATION,3,9259.934176,9798.3877570438,9259.934176,2025-02-09 05:04:16
2504,4372,489,2,REPAY,4,180.660851,,180.660851,2025-02-09 05:23:02
2505,4378,764,2,WITHDRAW,2,2845.083948,,,2025-02-09 06:07:07
2506,4379,611,1,REPAY,3,96.630047,,96.630047,2025-02-09 06:18:08
2507,4381,989,2,REPAY,4,45.392257,,45.392257,2025-02-09 06:22:52
2508,4382,529,3,REPAY,2,283.786838,,283.786838,2025-02-09 06:50:02
2509,4385,857,3,REPAY,2,605.120823,,605.120823,2025-02-09 07:00:45
2510,4386,452,3,REPAY,1,348.063054,,348.063054,2025-02-09 07:51:29
2511,4387,957,3,REPAY,5,1174.353605,,1174.353605,2025-02-09 07:59:43
2512,4391,483,2,REPAY,4,54.656128,,54.656128,2025-02-09 08:42:33
2513,4392,837,3,DEPOSIT,5,8021.270748,8021.270748,,2025-02-09 08:57:38
2514,4393,233,2,WITHDRAW,1,5926.506522,,,2025-02-09 09:16:22
2515,4397,289,4,WITHDRAW,3,3766.833031,,,2025-02-09 10:08:42
2516,4398,305,1,BORROW,5,2142.395381,3006.140869951,2142.395381,2025-02-09 10:27:18
2517,4399,948,4,REPAY,2,20.065348,,20.065348,2025-02-09 10:36:36
2518,4400,888,4,WITHDRAW,2,9116.000564,,,2025-02-09 10:38:33
2519,4404,41,4,REPAY,5,685.560221,,685.560221,2025-02-09 11:21:06
2520,4405,126,3,WITHDRAW,2,1859.438499,,,2025-02-09 11:32:56
2521,4407,268,1,REPAY,5,75.52523,,75.52523,2025-02-09 12:10:40
2522,4408,824,3,REPAY,3,114.041127,,114.041127,2025-02-09 12:33:48
2523,4411,219,4,BORROW,2,3333.503117,6613.0059288811,3333.503117,2025-02-09 12:43:49
2524,4412,908,4,REPAY,4,1075.612589,,1075.612589,2025-02-09 13:16:52
2525,4415,877,4,BORROW,3,4875.128245,11698.9971190435,4875.128245,2025-02-09 13:36:14
2526,4418,498,3,LIQUIDATION,1,1493.182755,1708.4574561262,1493.182755,2025-02-09 14:19:46
2527,4421,976,2,LIQUIDATION,5,4000.96151,3509.9665665696,4000.96151,2025-02-09 14:54:15
2528,4422,741,4,BORROW,1,868.368059,1104.3362929268,868.368059,2025-02-09 15:04:02
2529,4423,973,1,REPAY,4,229.117738,,229.117738,2025-02-09 15:39:44
2530,4424,566,1,BORROW,2,9749.552713,14810.1876641226,9749.552713,2025-02-09 15:44:03
2531,4428,831,1,REPAY,1,6.393455,,6.393455,2025-02-09 16:26:55
2532,4429,743,2,DEPOSIT,5,8740.972748,8740.972748,,2025-02-09 16:30:16
2533,4431,580,1,REPAY,5,382.334522,,382.334522,2025-02-09 17:06:01
2534,4432,531,3,BORROW,1,6177.367186,15329.4242996958,6177.367186,2025-02-09 17:19:42
2535,4433,796,2,REPAY,2,6135.087775,,6135.087775,2025-02-09 18:01:47
2536,4435,896,3,BORROW,3,8552.604668,13746.3793941492,8552.604668,2025-02-09 19:59:30
2537,4436,335,3,BORROW,2,9243.149281,17869.7702084924,9243.149281,2025-02-09 20:05:35
2538,4437,531,1,WITHDRAW,3,3320.034625,,,2025-02-09 20:14:28
2539,4438,995,3,BORROW,2,1502.343689,3227.8560000079,1502.343689,2025-02-09 20:16:30
2540,4439,221,2,BORROW,3,2348.738324,4385.8931246521,2348.738324,2025-02-09 20:50:36
2541,4440,516,1,WITHDRAW,2,1554.169544,,,2025-02-09 21:10:09
2542,4441,822,4,REPAY,1,13.184874,,13.184874,2025-02-09 21:14:20
2543,4442,287,1,BORROW,4,5040.079911,6498.5118338466,5040.079911,2025-02-09 21:14:25
2544,4443,855,4,BORROW,5,4232.443054,5451.9074024504,4232.443054,2025-02-09 21:19:13
2545,4445,613,3,BORROW,1,7940.888892,17070.6018157519,7940.888892,2025-02-09 21:40:32
2546,4448,203,2,REPAY,5,57.668249,,57.668249,2025-02-09 22:18:56
2547,4449,221,4,BORROW,4,4319.874366,8307.7347866207,4319.874366,2025-02-09 22:27:10
2548,4451,664,1,REPAY,1,6.517891,,6.517891,2025-02-09 22:39:23
2549,4453,255,2,WITHDRAW,2,3497.598209,,,2025-02-09 23:01:30
2550,4455,650,1,REPAY,2,36.164732,,36.164732,2025-02-09 23:10:43
2551,4458,562,4,BORROW,3,8765.51377,11781.5051340535,8765.51377,2025-02-09 23:22:53
2552,4459,795,4,BORROW,2,8816.816355,13474.1932582456,8816.816355,2025-02-09 23:31:21
2553,4462,231,4,BORROW,1,3425.391232,8467.6136711484,3425.391232,2025-02-10 00:24:35
2554,4464,830,1,DEPOSIT,1,3100.86478,3100.86478,,2025-02-10 00:46:14
2555,4465,235,1,REPAY,4,9.556947,,9.556947,2025-02-10 00:46:34
2556,4466,917,4,REPAY,1,2.323734,,2.323734,2025-02-10 00:57:55
2557,4467,115,1,REPAY,2,1158.795909,,1158.795909,2025-02-10 01:06:03
2558,4468,554,1,WITHDRAW,3,3564.082416,,,2025-02-10 01:27:45
2559,4471,192,3,REPAY,3,474.354804,,474.354804,2025-02-10 02:43:13
2560,4472,22,4,BORROW,3,1272.685185,2436.318861295,1272.685185,2025-02-10 02:51:12
2561,4475,347,1,WITHDRAW,1,7463.104977,,,2025-02-10 03:33:31
2562,4477,863,1,DEPOSIT,2,1765.352117,1765.352117,,2025-02-10 03:39:29
2563,4478,737,2,WITHDRAW,1,9998.133196,,,2025-02-10 03:57:31
2564,4479,360,2,BORROW,2,3711.910665,5245.8399568669,3711.910665,2025-02-10 03:59:48
2565,4483,790,2,REPAY,4,439.22276,,439.22276,2025-02-10 04:28:14
2566,4485,547,3,DEPOSIT,5,1540.168469,1540.168469,,2025-02-10 05:14:45
2567,4486,323,1,DEPOSIT,2,6933.0709,6933.0709,,2025-02-10 05:19:31
2568,4489,391,2,BORROW,1,3929.720931,5398.2307409387,3929.720931,2025-02-10 05:37:12
2569,4490,403,2,REPAY,1,1.986461,,1.986461,2025-02-10 05:39:43
2570,4492,96,2,WITHDRAW,4,7997.052121,,,2025-02-10 06:13:54
2571,4495,910,3,BORROW,4,8691.386311,13303.6677254251,8691.386311,2025-02-10 06:46:22
2572,4496,206,2,WITHDRAW,2,7060.84658,,,2025-02-10 06:51:04
2573,4497,362,4,REPAY,4,120.026105,,120.026105,2025-02-10 06:54:09
2574,4499,690,3,BORROW,5,7147.180716,13434.3902531501,7147.180716,2025-02-10 07:39:17
2575,4500,632,2,REPAY,2,3.954331,,3.954331,2025-02-10 07:39:40
2576,4502,447,3,REPAY,2,191.537945,,191.537945,2025-02-10 07:55:26
2577,4503,904,1,REPAY,2,555.21359,,555.21359,2025-02-10 08:06:05
2578,4505,519,1,WITHDRAW,5,9536.365393,,,2025-02-10 09:13:18
2579,4506,424,1,REPAY,5,0.627702,,0.627702,2025-02-10 09:51:24
2580,4507,106,4,WITHDRAW,4,6839.907567,,,2025-02-10 10:23:17
2581,4508,135,2,DEPOSIT,3,6864.383234,6864.383234,,2025-02-10 10:27:36
2582,4509,929,3,WITHDRAW,4,7938.352258,,,2025-02-10 10:34:24
2583,4510,212,3,REPAY,4,417.100452,,417.100452,2025-02-10 11:26:02
2584,4511,995,3,WITHDRAW,3,6172.328279,,,2025-02-10 11:53:57
2585,4512,65,2,BORROW,5,3272.832028,7264.0862552764,3272.832028,2025-02-10 12:04:24
2586,4513,346,4,REPAY,1,159.881592,,159.881592,2025-02-10 12:11:18
2587,4515,207,3,REPAY,4,1588.696874,,1588.696874,2025-02-10 12:47:24
2588,4516,452,4,REPAY,3,855.245354,,855.245354,2025-02-10 12:52:04
2589,4517,118,2,LIQUIDATION,4,9366.350284,9579.8168696818,9366.350284,2025-02-10 13:06:44
2590,4520,679,4,LIQUIDATION,4,4430.763109,4720.0972373609,4430.763109,2025-02-10 14:03:18
2591,4521,809,4,BORROW,4,874.305091,1916.9671019492,874.305091,2025-02-10 14:14:53
2592,4523,470,4,REPAY,5,1694.148744,,1694.148744,2025-02-10 15:03:19
2593,4524,973,4,REPAY,4,112.705431,,112.705431,2025-02-10 15:04:48
2594,4525,385,3,DEPOSIT,4,3120.820303,3120.820303,,2025-02-10 15:07:03
2595,4527,722,2,BORROW,1,6745.546198,10274.0145816268,6745.546198,2025-02-10 15:47:10
2596,4528,252,4,BORROW,1,2061.163503,4055.0833769308,2061.163503,2025-02-10 15:47:33
2597,4529,938,1,BORROW,1,4427.712759,5921.0020076109,4427.712759,2025-02-10 16:01:41
2598,4530,99,4,REPAY,3,381.223479,,381.223479,2025-02-10 16:27:35
2599,4532,489,1,REPAY,5,285.093148,,285.093148,2025-02-10 16:45:32
2600,4533,69,2,DEPOSIT,4,8001.184369,8001.184369,,2025-02-10 16:59:01
2601,4534,99,2,LIQUIDATION,2,302.098559,326.2706630353,302.098559,2025-02-10 17:01:56
2602,4535,408,3,WITHDRAW,5,1469.544356,,,2025-02-10 17:11:58
2603,4536,962,1,REPAY,2,0.035886,,0.035886,2025-02-10 17:19:55
2604,4537,280,4,REPAY,4,552.651583,,552.651583,2025-02-10 17:27:19
2605,4538,346,3,REPAY,5,250.188766,,250.188766,2025-02-10 17:34:00
2606,4539,772,1,WITHDRAW,1,5404.023243,,,2025-02-10 17:34:55
2607,4542,288,2,BORROW,2,6871.158979,11901.5414616411,6871.158979,2025-02-10 17:55:22
2608,4543,591,2,BORROW,1,8714.416252,17834.4092180454,8714.416252,2025-02-10 17:55:47
2609,4545,221,4,REPAY,2,5005.138412,,5005.138412,2025-02-10 17:57:06
2610,4546,649,3,BORROW,1,8855.938908,17780.7663149274,8855.938908,2025-02-10 18:05:18
2611,4547,921,1,WITHDRAW,2,7598.838775,,,2025-02-10 18:06:11
2612,4548,950,2,DEPOSIT,3,9618.582976,9618.582976,,2025-02-10 18:32:32
2613,4549,836,4,BORROW,2,8934.177202,21108.949841229,8934.177202,2025-02-10 18:49:34
2614,4550,349,1,WITHDRAW,3,7323.083197,,,2025-02-10 18:55:02
2615,4551,83,3,REPAY,1,103.608991,,103.608991,2025-02-10 19:04:01
2616,4552,716,4,DEPOSIT,1,3927.767938,3927.767938,,2025-02-10 19:46:37
2617,4553,53,4,REPAY,5,41.868591,,41.868591,2025-02-10 20:01:53
2618,4555,68,1,BORROW,5,4977.277241,10351.5383168072,4977.277241,2025-02-10 20:11:49
2619,4558,993,4,LIQUIDATION,5,5588.275118,6015.6045139919,5588.275118,2025-02-10 21:09:08
2620,4560,425,4,DEPOSIT,3,6972.576926,6972.576926,,2025-02-10 21:31:41
2621,4562,376,3,LIQUIDATION,4,8250.74421,8458.6267016679,8250.74421,2025-02-10 21:34:42
2622,4565,78,4,BORROW,4,3128.498421,3944.3007877788,3128.498421,2025-02-10 21:50:35
2623,4566,779,3,LIQUIDATION,3,6396.554033,6943.4597789179,6396.554033,2025-02-10 21:57:05
2624,4567,455,2,REPAY,5,61.853986,,61.853986,2025-02-10 22:02:08
2625,4568,674,2,REPAY,1,1753.195965,,1753.195965,2025-02-10 22:06:26
2626,4569,61,2,REPAY,1,2008.807476,,2008.807476,2025-02-10 22:10:38
2627,4571,628,2,REPAY,2,249.567948,,249.567948,2025-02-10 22:18:23
2628,4573,892,3,BORROW,4,1887.323586,3262.890094745,1887.323586,2025-02-10 22:26:17
2629,4574,828,2,DEPOSIT,5,4804.424731,4804.424731,,2025-02-10 22:37:58
2630,4575,369,1,BORROW,5,3831.315625,5275.6073182719,3831.315625,2025-02-10 22:39:49
2631,4577,59,4,REPAY,2,297.746478,,297.746478,2025-02-10 23:38:59
2632,4578,58,4,REPAY,4,650.149723,,650.149723,2025-02-11 00:13:04
2633,4579,494,1,BORROW,1,3652.939987,4883.4723519539,3652.939987,2025-02-11 00:20:17
2634,4580,514,1,BORROW,2,3679.353531,5928.8398519825,3679.353531,2025-02-11 00:24:50
2635,4581,435,1,REPAY,4,24.964226,,24.964226,2025-02-11 00:45:12
2636,4583,550,2,DEPOSIT,1,1420.898407,1420.898407,,2025-02-11 01:09:04
2637,4585,151,3,REPAY,5,453.678343,,453.678343,2025-02-11 01:33:59
2638,4586,724,1,REPAY,3,0.061812,,0.061812,2025-02-11 01:37:41
2639,4587,440,2,REPAY,5,85.32193,,85.32193,2025-02-11 01:44:28
2640,4588,321,3,WITHDRAW,1,6167.262767,,,2025-02-11 02:19:03
2641,4589,229,3,DEPOSIT,3,2264.544613,2264.544613,,2025-02-11 02:24:59
2642,4590,391,4,BORROW,1,5044.74165,11126.6761871385,5044.74165,2025-02-11 02:29:30
2643,4591,468,2,BORROW,2,7006.575492,14494.4915285199,7006.575492,2025-02-11 02:45:56
2644,4593,472,4,REPAY,4,55.531817,,55.531817,2025-02-11 03:17:57
2645,4594,915,1,DEPOSIT,2,8972.220328,8972.220328,,2025-02-11 03:21:32
2646,4596,908,1,REPAY,1,12.005374,,12.005374,2025-02-11 03:24:37
2647,4597,701,3,BORROW,3,5344.451496,7209.619494618,5344.451496,2025-02-11 03:28:46
2648,4598,600,3,REPAY,2,35.40191,,35.40191,2025-02-11 03:34:18
2649,4603,115,4,REPAY,2,469.952637,,469.952637,2025-02-11 05:33:59
2650,4604,66,4,REPAY,1,1153.727414,,1153.727414,2025-02-11 05:50:16
2651,4605,71,4,REPAY,4,1254.902944,,1254.902944,2025-02-11 06:12:26
2652,4609,248,3,WITHDRAW,4,9900.669369,,,2025-02-11 06:59:09
2653,4610,927,3,BORROW,3,5152.445673,8824.8695756244,5152.445673,2025-02-11 07:30:22
2654,4616,598,3,BORROW,5,4926.387185,12286.4877158069,4926.387185,2025-02-11 09:17:50
2655,4617,864,2,DEPOSIT,3,835.664231,835.664231,,2025-02-11 09:28:05
2656,4618,951,1,BORROW,1,1467.046699,1948.9479757508,1467.046699,2025-02-11 09:39:38
2657,4620,51,2,REPAY,2,315.867356,,315.867356,2025-02-11 10:18:02
2658,4621,112,1,WITHDRAW,2,6124.593973,,,2025-02-11 10:36:47
2659,4623,223,4,REPAY,2,5.113053,,5.113053,2025-02-11 10:50:34
2660,4624,414,4,WITHDRAW,4,7606.518526,,,2025-02-11 12:04:30
2661,4626,717,1,BORROW,3,9137.368281,15514.9585465643,9137.368281,2025-02-11 12:17:12
2662,4627,557,4,DEPOSIT,3,5409.156013,5409.156013,,2025-02-11 12:17:13
2663,4628,465,1,WITHDRAW,3,7993.065332,,,2025-02-11 12:50:35
2664,4629,118,3,BORROW,1,2783.888773,6057.3792823426,2783.888773,2025-02-11 12:58:38
2665,4632,510,3,REPAY,4,3905.679997,,3905.679997,2025-02-11 13:41:08
2666,4637,354,1,WITHDRAW,4,1646.909266,,,2025-02-11 14:47:49
2667,4638,315,4,REPAY,2,122.998099,,122.998099,2025-02-11 15:26:50
2668,4648,112,3,WITHDRAW,1,8812.095539,,,2025-02-11 17:56:39
2669,4649,996,1,REPAY,5,2213.222404,,2213.222404,2025-02-11 18:04:10
2670,4650,16,3,REPAY,5,257.713605,,257.713605,2025-02-11 18:28:02
2671,4653,890,1,REPAY,2,683.487018,,683.487018,2025-02-11 18:55:26
2672,4654,480,1,WITHDRAW,1,4562.191592,,,2025-02-11 18:56:52
2673,4655,395,1,REPAY,2,1275.255923,,1275.255923,2025-02-11 18:57:53
2674,4656,731,1,DEPOSIT,5,5121.14551,5121.14551,,2025-02-11 20:09:01
2675,4657,55,2,REPAY,4,2068.490315,,2068.490315,2025-02-11 20:36:47
2676,4658,212,3,REPAY,4,40.472893,,40.472893,2025-02-11 20:40:56
2677,4660,169,3,WITHDRAW,3,5901.155698,,,2025-02-11 20:50:21
2678,4661,353,3,WITHDRAW,3,974.53216,,,2025-02-11 20:59:19
2679,4663,724,3,REPAY,1,0.078697,,0.078697,2025-02-11 21:15:30
2680,4664,873,1,REPAY,1,9.484232,,9.484232,2025-02-11 21:26:05
2681,4668,334,3,LIQUIDATION,4,2900.230612,3176.5941956423,2900.230612,2025-02-11 22:49:09
2682,4671,216,1,BORROW,1,1759.754622,2554.4079792011,1759.754622,2025-02-11 23:17:05
2683,4672,779,3,WITHDRAW,4,7862.401701,,,2025-02-11 23:24:09
2684,4677,431,2,REPAY,4,11.843331,,11.843331,2025-02-12 00:41:58
2685,4681,420,2,DEPOSIT,4,1146.775053,1146.775053,,2025-02-12 02:28:35
2686,4682,109,1,REPAY,3,2659.913247,,2659.913247,2025-02-12 02:42:19
2687,4683,506,3,WITHDRAW,1,7617.941652,,,2025-02-12 03:05:47
2688,4684,306,2,WITHDRAW,4,3383.555387,,,2025-02-12 03:17:03
2689,4687,962,4,REPAY,2,0.000468,,0.000468,2025-02-12 04:23:32
2690,4688,292,2,BORROW,5,243.975936,466.8117947169,243.975936,2025-02-12 04:26:00
2691,4691,127,4,DEPOSIT,3,2735.998017,2735.998017,,2025-02-12 04:48:33
2692,4692,86,2,REPAY,1,65.532504,,65.532504,2025-02-12 04:53:23
2693,4693,935,4,DEPOSIT,2,2115.317038,2115.317038,,2025-02-12 05:19:52
2694,4696,415,3,BORROW,5,8439.50076,15878.1876666498,8439.50076,2025-02-12 05:44:38
2695,4697,752,1,DEPOSIT,2,191.875363,191.875363,,2025-02-12 06:08:39
2696,4698,47,4,DEPOSIT,2,3312.054166,3312.054166,,2025-02-12 06:48:02
2697,4699,559,4,DEPOSIT,5,6102.148882,6102.148882,,2025-02-12 06:58:00
2698,4701,342,4,REPAY,3,492.471566,,492.471566,2025-02-12 07:09:39
2699,4702,640,3,REPAY,1,7.775285,,7.775285,2025-02-12 07:13:10
2700,4704,572,3,DEPOSIT,2,4797.197682,4797.197682,,2025-02-12 07:29:37
2701,4706,464,2,LIQUIDATION,3,3843.823296,4381.1320362642,3843.823296,2025-02-12 07:59:33
2702,4708,86,2,REPAY,3,50.138072,,50.138072,2025-02-12 08:55:40
2703,4709,843,3,WITHDRAW,5,7517.171275,,,2025-02-12 09:08:29
2704,4714,242,2,REPAY,3,11.724856,,11.724856,2025-02-12 10:01:43
2705,4715,53,4,REPAY,4,9.663668,,9.663668,2025-02-12 10:28:45
2706,4716,204,1,REPAY,1,917.72259,,917.72259,2025-02-12 10:34:02
2707,4717,948,4,REPAY,4,21.497232,,21.497232,2025-02-12 10:35:31
2708,4721,709,1,BORROW,2,3622.251988,8779.2387022109,3622.251988,2025-02-12 11:36:40
2709,4722,840,2,REPAY,1,1098.972959,,1098.972959,2025-02-12 11:43:24
2710,4723,86,2,REPAY,2,37.351327,,37.351327,2025-02-12 11:46:15
2711,4725,611,4,REPAY,4,6.761353,,6.761353,2025-02-12 12:10:03
2712,4726,181,4,BORROW,5,101.220813,147.9698123283,101.220813,2025-02-12 12:10:40
2713,4728,472,3,REPAY,4,1.337212,,1.337212,2025-02-12 12:21:28
2714,4729,22,1,REPAY,5,416.7063,,416.7063,2025-02-12 12:22:21
2715,4730,390,4,DEPOSIT,2,9344.055433,9344.055433,,2025-02-12 12:29:53
2716,4731,192,3,REPAY,3,3181.116017,,3181.116017,2025-02-12 12:42:29
2717,4732,664,4,REPAY,4,14.324104,,14.324104,2025-02-12 13:12:47
2718,4733,191,1,REPAY,2,245.657791,,245.657791,2025-02-12 13:54:03
2719,4734,136,2,BORROW,5,8136.65769,19425.7931205548,8136.65769,2025-02-12 13:55:01
2720,4735,973,4,BORROW,5,798.059348,1164.8104784867,798.059348,2025-02-12 14:03:50
2721,4737,816,3,LIQUIDATION,3,9634.402495,10840.9938968862,9634.402495,2025-02-12 14:18:34
2722,4738,839,4,WITHDRAW,2,5667.428993,,,2025-02-12 14:30:19
2723,4740,195,1,REPAY,4,254.614373,,254.614373,2025-02-12 14:33:15
2724,4742,838,1,DEPOSIT,1,1848.253791,1848.253791,,2025-02-12 15:18:57
2725,4743,864,3,WITHDRAW,5,6387.937321,,,2025-02-12 15:53:13
2726,4744,100,1,REPAY,2,0.765133,,0.765133,2025-02-12 16:09:39
2727,4746,635,2,REPAY,4,3881.830006,,3881.830006,2025-02-12 16:38:54
2728,4748,187,3,DEPOSIT,4,1049.477639,1049.477639,,2025-02-12 17:05:50
2729,4750,693,1,WITHDRAW,3,5880.196982,,,2025-02-12 18:15:03
2730,4752,224,1,WITHDRAW,1,7550.427653,,,2025-02-12 18:36:47
2731,4754,586,3,REPAY,3,695.256413,,695.256413,2025-02-12 18:58:27
2732,4755,861,2,REPAY,1,467.392164,,467.392164,2025-02-12 19:01:36
2733,4756,949,4,DEPOSIT,1,5923.108019,5923.108019,,2025-02-12 19:03:21
2734,4757,280,3,REPAY,5,701.650019,,701.650019,2025-02-12 19:44:31
2735,4761,359,4,REPAY,3,1018.896417,,1018.896417,2025-02-12 20:15:08
2736,4762,807,3,REPAY,4,19.750382,,19.750382,2025-02-12 20:21:46
2737,4763,933,2,BORROW,1,8337.285191,14663.3341835167,8337.285191,2025-02-12 20:38:33
2738,4764,880,1,DEPOSIT,3,8392.188503,8392.188503,,2025-02-12 20:56:47
2739,4768,51,2,REPAY,5,141.061195,,141.061195,2025-02-12 22:02:06
2740,4769,892,1,WITHDRAW,5,8539.111313,,,2025-02-12 22:04:57
2741,4771,486,1,BORROW,1,1929.103463,4738.6649664891,1929.103463,2025-02-12 22:12:13
2742,4772,722,2,REPAY,5,2562.910014,,2562.910014,2025-02-12 22:27:48
2743,4773,309,3,REPAY,3,198.653015,,198.653015,2025-02-12 22:37:22
2744,4774,151,3,REPAY,2,1869.823874,,1869.823874,2025-02-12 22:51:27
2745,4775,953,4,BORROW,4,5306.946725,7218.0441841547,5306.946725,2025-02-12 23:12:43
2746,4776,369,1,LIQUIDATION,3,3831.315625,3630.0688055931,3831.315625,2025-02-12 23:22:46
2747,4777,203,4,REPAY,4,24.568057,,24.568057,2025-02-12 23:26:35
2748,4778,953,3,REPAY,4,4613.457898,,4613.457898,2025-02-12 23:34:14
2749,4779,934,4,DEPOSIT,1,1273.518847,1273.518847,,2025-02-12 23:44:36
2750,4780,907,4,BORROW,1,5783.524187,11122.4614872567,5783.524187,2025-02-13 00:21:41
2751,4781,261,4,REPAY,3,2128.765115,,2128.765115,2025-02-13 00:23:04
2752,4782,176,4,LIQUIDATION,2,3558.750874,3056.2407413179,3558.750874,2025-02-13 01:10:08
2753,4783,157,1,BORROW,5,4140.843314,8986.4503545845,4140.843314,2025-02-13 01:24:59
2754,4785,450,2,WITHDRAW,4,8179.322974,,,2025-02-13 01:31:27
2755,4787,824,4,REPAY,3,0.260555,,0.260555,2025-02-13 01:55:44
2756,4788,326,1,REPAY,3,14.058554,,14.058554,2025-02-13 02:04:01
2757,4789,98,2,WITHDRAW,1,399.420538,,,2025-02-13 02:36:00
2758,4790,673,2,LIQUIDATION,3,14370.403219,15979.3298104085,14370.403219,2025-02-13 02:59:38
2759,4792,472,2,REPAY,2,4.32627,,4.32627,2025-02-13 03:15:16
2760,4794,651,3,WITHDRAW,1,2049.502944,,,2025-02-13 03:38:46
2761,4795,896,2,REPAY,3,2177.019219,,2177.019219,2025-02-13 03:46:25
2762,4797,8,4,BORROW,4,3512.483141,7186.6968924913,3512.483141,2025-02-13 03:56:16
2763,4798,673,3,WITHDRAW,1,433.386662,,,2025-02-13 04:15:45
2764,4800,473,4,REPAY,3,40.361247,,40.361247,2025-02-13 04:29:23
2765,4803,688,4,WITHDRAW,4,3189.619337,,,2025-02-13 05:10:40
2766,4804,585,4,WITHDRAW,2,6231.603793,,,2025-02-13 05:48:41
2767,4805,648,1,WITHDRAW,5,6719.434687,,,2025-02-13 05:51:20
2768,4806,336,1,DEPOSIT,4,3622.541318,3622.541318,,2025-02-13 05:53:15
2769,4807,346,2,REPAY,4,75.58268,,75.58268,2025-02-13 06:41:35
2770,4808,761,4,WITHDRAW,5,4424.619817,,,2025-02-13 06:44:33
2771,4809,26,2,WITHDRAW,1,5260.32738,,,2025-02-13 06:47:08
2772,4810,83,2,REPAY,1,21.399718,,21.399718,2025-02-13 06:52:25
2773,4813,680,1,WITHDRAW,2,5020.491957,,,2025-02-13 08:07:03
2774,4814,796,3,LIQUIDATION,4,1839.641087,2052.3273917686,1839.641087,2025-02-13 08:21:38
2775,4815,183,3,WITHDRAW,1,2966.194793,,,2025-02-13 08:41:03
2776,4816,499,1,DEPOSIT,2,7820.383199,7820.383199,,2025-02-13 08:47:00
2777,4817,78,3,REPAY,5,1430.085646,,1430.085646,2025-02-13 09:47:18
2778,4818,589,1,BORROW,1,2232.323993,5181.6287409699,2232.323993,2025-02-13 09:49:20
2779,4819,167,1,DEPOSIT,2,576.958694,576.958694,,2025-02-13 10:12:25
2780,4822,244,4,BORROW,3,8970.183724,13981.8547675696,8970.183724,2025-02-13 11:00:45
2781,4823,906,1,REPAY,2,1284.770386,,1284.770386,2025-02-13 11:35:12
2782,4824,575,2,DEPOSIT,3,4600.242369,4600.242369,,2025-02-13 11:37:12
2783,4825,726,2,REPAY,4,123.010043,,123.010043,2025-02-13 11:44:49
2784,4826,286,2,DEPOSIT,2,6484.03095,6484.03095,,2025-02-13 11:50:43
2785,4827,431,4,REPAY,3,0.136898,,0.136898,2025-02-13 11:58:57
2786,4828,284,3,REPAY,5,743.508718,,743.508718,2025-02-13 12:00:52
2787,4829,996,4,REPAY,4,2390.744698,,2390.744698,2025-02-13 12:11:57
2788,4830,353,3,REPAY,4,13.603016,,13.603016,2025-02-13 12:21:40
2789,4831,596,2,REPAY,5,2579.89064,,2579.89064,2025-02-13 12:48:47
2790,4832,632,2,BORROW,3,1917.537975,2989.8961761978,1917.537975,2025-02-13 12:59:18
2791,4834,490,4,REPAY,4,103.122828,,103.122828,2025-02-13 13:20:53
2792,4836,499,4,WITHDRAW,1,6676.985839,,,2025-02-13 13:22:23
2793,4839,339,3,BORROW,4,7741.799811,19124.8178925555,7741.799811,2025-02-13 14:05:58
2794,4840,301,2,DEPOSIT,2,6289.975611,6289.975611,,2025-02-13 14:10:15
2795,4841,49,4,WITHDRAW,4,3156.113314,,,2025-02-13 14:11:09
2796,4843,243,3,REPAY,1,1.856288,,1.856288,2025-02-13 14:20:24
2797,4848,341,3,DEPOSIT,2,6869.619858,6869.619858,,2025-02-13 14:52:03
2798,4850,595,2,WITHDRAW,5,3589.692444,,,2025-02-13 15:45:35
2799,4851,400,2,WITHDRAW,4,1390.710784,,,2025-02-13 15:45:40
2800,4854,744,4,BORROW,1,4052.400336,6133.102958832,4052.400336,2025-02-13 16:16:23
2801,4859,39,1,DEPOSIT,3,9877.339833,9877.339833,,2025-02-13 17:38:51
2802,4860,216,3,REPAY,3,1506.694018,,1506.694018,2025-02-13 17:43:04
2803,4861,236,4,REPAY,5,873.699355,,873.699355,2025-02-13 18:10:54
2804,4862,48,1,REPAY,4,1171.528248,,1171.528248,2025-02-13 18:36:49
2805,4863,765,3,REPAY,4,1832.824754,,1832.824754,2025-02-13 18:46:03
2806,4864,225,2,BORROW,1,1489.241954,1853.3669205155,1489.241954,2025-02-13 18:51:45
2807,4866,562,4,REPAY,5,7861.824751,,7861.824751,2025-02-13 19:07:55
2808,4867,628,2,REPAY,3,96.972107,,96.972107,2025-02-13 19:08:51
2809,4869,114,4,DEPOSIT,3,217.166846,217.166846,,2025-02-13 19:17:30
2810,4870,852,3,DEPOSIT,2,2544.041518,2544.041518,,2025-02-13 19:30:09
2811,4872,773,4,REPAY,5,27.920478,,27.920478,2025-02-13 20:01:44
2812,4875,696,4,REPAY,2,647.537295,,647.537295,2025-02-13 20:27:23
2813,4876,36,2,REPAY,1,3336.487152,,3336.487152,2025-02-13 20:31:21
2814,4877,241,1,BORROW,5,4937.285334,8938.8357095541,4937.285334,2025-02-13 20:34:15
2815,4878,913,4,DEPOSIT,5,428.145545,428.145545,,2025-02-13 20:38:47
2816,4879,728,4,DEPOSIT,1,6633.663182,6633.663182,,2025-02-13 20:41:51
2817,4881,904,1,REPAY,1,51.987454,,51.987454,2025-02-13 21:03:06
2818,4883,785,1,BORROW,5,2985.511564,4967.728376892,2985.511564,2025-02-13 21:40:48
2819,4884,856,3,WITHDRAW,2,8090.394766,,,2025-02-13 22:07:32
2820,4886,746,4,BORROW,4,7810.532431,13172.3689906699,7810.532431,2025-02-13 22:21:55
2821,4887,21,3,BORROW,3,254.538532,406.3787735367,254.538532,2025-02-13 22:26:10
2822,4888,475,2,DEPOSIT,3,8444.690318,8444.690318,,2025-02-13 22:28:28
2823,4889,967,4,REPAY,3,337.527056,,337.527056,2025-02-13 22:30:32
2824,4890,407,4,WITHDRAW,3,6144.119011,,,2025-02-13 22:36:48
2825,4891,518,1,REPAY,1,820.147508,,820.147508,2025-02-13 22:39:28
2826,4893,151,2,REPAY,5,342.369992,,342.369992,2025-02-13 23:24:12
2827,4894,658,2,WITHDRAW,2,2693.023538,,,2025-02-13 23:54:48
2828,4895,483,4,REPAY,5,37.34113,,37.34113,2025-02-14 00:13:11
2829,4896,52,1,BORROW,3,8539.266636,17440.5842497438,8539.266636,2025-02-14 00:22:57
2830,4897,750,2,BORROW,5,6269.175781,8650.8573914281,6269.175781,2025-02-14 00:27:11
2831,4898,521,2,REPAY,1,4200.103841,,4200.103841,2025-02-14 00:34:51
2832,4899,941,3,REPAY,3,1624.97112,,1624.97112,2025-02-14 00:52:49
2833,4900,516,4,REPAY,3,3876.905733,,3876.905733,2025-02-14 01:33:11
2834,4901,952,2,DEPOSIT,5,9377.813741,9377.813741,,2025-02-14 02:28:46
2835,4902,288,1,REPAY,3,1459.417916,,1459.417916,2025-02-14 02:29:00
2836,4903,519,1,WITHDRAW,3,5496.108432,,,2025-02-14 02:29:42
2837,4905,985,1,REPAY,4,134.381801,,134.381801,2025-02-14 03:50:56
2838,4906,355,4,DEPOSIT,5,838.363817,838.363817,,2025-02-14 03:53:28
2839,4907,39,4,WITHDRAW,2,4684.09833,,,2025-02-14 04:17:10
2840,4908,613,4,REPAY,1,5762.451521,,5762.451521,2025-02-14 04:25:41
2841,4909,841,1,BORROW,4,940.942069,1569.8265832212,940.942069,2025-02-14 04:28:46
2842,4910,592,4,REPAY,1,13.754604,,13.754604,2025-02-14 04:33:26
2843,4911,829,4,BORROW,5,3285.578091,7658.8118133433,3285.578091,2025-02-14 04:35:33
2844,4912,116,4,REPAY,2,278.405701,,278.405701,2025-02-14 04:37:43
2845,4913,676,4,DEPOSIT,5,2187.281754,2187.281754,,2025-02-14 04:54:19
2846,4915,157,1,REPAY,2,454.496227,,454.496227,2025-02-14 05:21:09
2847,4917,632,3,LIQUIDATION,1,1922.431162,2167.7357157161,1922.431162,2025-02-14 05:32:28
2848,4918,937,4,WITHDRAW,2,7250.259766,,,2025-02-14 05:44:19
2849,4921,97,2,REPAY,1,2.151932,,2.151932,2025-02-14 06:21:30
2850,4922,68,1,REPAY,3,5263.527778,,5263.527778,2025-02-14 06:23:40
2851,4923,542,1,LIQUIDATION,1,159.551465,149.9458756463,159.551465,2025-02-14 07:12:07
2852,4924,245,1,BORROW,2,2835.236609,3467.8821239671,2835.236609,2025-02-14 07:24:18
2853,4925,9,2,BORROW,2,1178.533886,2808.4177322391,1178.533886,2025-02-14 07:34:21
2854,4928,588,2,REPAY,5,2175.891184,,2175.891184,2025-02-14 08:17:14
2855,4929,454,1,WITHDRAW,5,2922.096076,,,2025-02-14 08:26:30
2856,4930,190,2,DEPOSIT,1,2235.575884,2235.575884,,2025-02-14 08:30:22
2857,4932,73,1,REPAY,5,20.008162,,20.008162,2025-02-14 09:51:10
2858,4933,162,1,WITHDRAW,4,6753.961447,,,2025-02-14 09:55:45
2859,4934,804,4,REPAY,3,94.389998,,94.389998,2025-02-14 10:07:04
2860,4936,422,4,REPAY,2,1094.627595,,1094.627595,2025-02-14 11:15:50
2861,4937,479,4,DEPOSIT,4,5628.269956,5628.269956,,2025-02-14 12:11:04
2862,4940,450,1,REPAY,5,3226.989092,,3226.989092,2025-02-14 12:53:22
2863,4941,161,3,BORROW,3,7794.463189,15072.8931585385,7794.463189,2025-02-14 13:00:28
2864,4943,744,1,REPAY,5,1927.680977,,1927.680977,2025-02-14 14:18:43
2865,4946,163,4,REPAY,3,36.055772,,36.055772,2025-02-14 14:47:22
2866,4948,711,3,WITHDRAW,2,118.252623,,,2025-02-14 15:00:35
2867,4949,505,2,BORROW,2,8487.000664,11828.1589637315,8487.000664,2025-02-14 15:13:40
2868,4950,460,1,REPAY,5,196.945981,,196.945981,2025-02-14 15:33:07
2869,4951,805,2,DEPOSIT,5,7167.070053,7167.070053,,2025-02-14 15:50:04
2870,4952,529,2,REPAY,1,147.693076,,147.693076,2025-02-14 15:54:07
2871,4953,408,2,BORROW,1,9196.51918,11391.0037513667,9196.51918,2025-02-14 15:57:52
2872,4955,856,1,REPAY,3,3758.620434,,3758.620434,2025-02-14 16:13:12
2873,4956,957,4,REPAY,1,3921.651042,,3921.651042,2025-02-14 16:21:42
2874,4959,668,1,BORROW,5,4190.89023,5193.2998836786,4190.89023,2025-02-14 17:09:16
2875,4960,827,4,LIQUIDATION,4,4161.636043,4103.9716400547,4161.636043,2025-02-14 17:29:30
2876,4961,492,2,BORROW,1,2720.945676,3953.6826257129,2720.945676,2025-02-14 17:30:28
2877,4962,971,3,REPAY,4,3863.41271,,3863.41271,2025-02-14 17:51:05
2878,4964,284,2,REPAY,2,1504.213223,,1504.213223,2025-02-14 18:33:01
2879,4965,101,1,REPAY,4,77.006941,,77.006941,2025-02-14 19:42:27
2880,4966,887,2,REPAY,3,33.369955,,33.369955,2025-02-14 20:01:43
2881,4968,393,2,REPAY,2,2505.987673,,2505.987673,2025-02-14 20:07:46
2882,4972,506,4,REPAY,5,261.545448,,261.545448,2025-02-14 21:19:25
2883,4973,145,3,BORROW,2,5693.504706,11841.1061776003,5693.504706,2025-02-14 21:32:30
2884,4974,85,2,REPAY,4,1118.734055,,1118.734055,2025-02-14 22:31:51
2885,4976,260,4,BORROW,4,991.569672,1423.0637707992,991.569672,2025-02-14 22:44:25
2886,4978,100,4,REPAY,5,0.073633,,0.073633,2025-02-14 23:11:41
2887,4979,660,2,WITHDRAW,4,1423.692587,,,2025-02-14 23:39:53
2888,4980,981,2,REPAY,4,100.976641,,100.976641,2025-02-14 23:40:54
2889,4986,772,4,DEPOSIT,4,3188.162921,3188.162921,,2025-02-15 00:24:39
2890,4987,557,1,DEPOSIT,4,9117.0402,9117.0402,,2025-02-15 00:31:30
2891,4988,1,2,REPAY,2,939.387725,,939.387725,2025-02-15 00:42:04
2892,4989,128,4,BORROW,3,1733.644878,3263.5306666444,1733.644878,2025-02-15 00:45:33
2893,4990,440,2,REPAY,5,2.164898,,2.164898,2025-02-15 01:21:14
2894,4991,53,2,REPAY,1,0.088131,,0.088131,2025-02-15 01:40:44
2895,4992,609,1,WITHDRAW,2,5806.920954,,,2025-02-15 01:44:12
2896,4993,5,2,WITHDRAW,3,1963.345912,,,2025-02-15 01:52:10
2897,4994,84,2,DEPOSIT,4,5878.924158,5878.924158,,2025-02-15 02:02:33
2898,4995,89,2,BORROW,2,4844.012091,9369.8251659599,4844.012091,2025-02-15 02:02:56
2899,4996,370,2,REPAY,5,1430.671009,,1430.671009,2025-02-15 02:13:28
2900,4999,806,3,WITHDRAW,5,1492.730768,,,2025-02-15 03:06:01
2901,5000,576,2,REPAY,5,529.449617,,529.449617,2025-02-15 03:10:52
2902,5001,367,2,BORROW,2,6496.553955,11418.2585829777,6496.553955,2025-02-15 03:12:04
2903,5004,629,1,DEPOSIT,1,1468.450015,1468.450015,,2025-02-15 04:01:19
2904,5006,944,3,DEPOSIT,1,3129.282854,3129.282854,,2025-02-15 04:13:18
2905,5007,829,3,WITHDRAW,5,8033.948898,,,2025-02-15 04:19:56
2906,5009,944,2,BORROW,3,2267.570691,3091.5266930937,2267.570691,2025-02-15 04:33:41
2907,5011,739,4,REPAY,4,201.230764,,201.230764,2025-02-15 04:58:32
2908,5013,922,3,DEPOSIT,5,6122.079933,6122.079933,,2025-02-15 05:05:49
2909,5016,783,1,DEPOSIT,5,8906.928432,8906.928432,,2025-02-15 05:47:30
2910,5018,942,1,DEPOSIT,1,6420.912844,6420.912844,,2025-02-15 05:50:53
2911,5019,880,1,WITHDRAW,5,3470.085192,,,2025-02-15 06:02:32
2912,5022,334,1,BORROW,5,6068.492651,9281.461929416,6068.492651,2025-02-15 08:08:25
2913,5023,917,2,REPAY,5,0.441687,,0.441687,2025-02-15 08:27:43
2914,5024,857,3,BORROW,1,5682.868089,10147.9650984765,5682.868089,2025-02-15 08:42:26
2915,5025,441,4,REPAY,1,245.801831,,245.801831,2025-02-15 08:56:26
2916,5029,979,1,DEPOSIT,4,82.182542,82.182542,,2025-02-15 09:45:48
2917,5030,572,2,WITHDRAW,2,598.668897,,,2025-02-15 10:36:21
2918,5031,224,1,BORROW,5,4695.934819,9512.7440775921,4695.934819,2025-02-15 11:11:21
2919,5032,177,1,WITHDRAW,5,857.743975,,,2025-02-15 11:16:18
2920,5034,881,3,LIQUIDATION,2,6677.93538,5401.7539520434,6677.93538,2025-02-15 11:55:52
2921,5036,324,3,REPAY,3,5227.887792,,5227.887792,2025-02-15 12:18:40
2922,5037,582,4,DEPOSIT,1,647.026628,647.026628,,2025-02-15 12:52:25
2923,5038,866,1,WITHDRAW,3,6930.197501,,,2025-02-15 13:00:08
2924,5040,925,1,REPAY,2,76.230761,,76.230761,2025-02-15 13:26:31
2925,5043,815,2,REPAY,4,103.07903,,103.07903,2025-02-15 13:51:17
2926,5044,524,2,REPAY,2,1378.728076,,1378.728076,2025-02-15 13:52:04
2927,5045,212,3,REPAY,2,58.597787,,58.597787,2025-02-15 13:52:09
2928,5047,994,2,REPAY,3,8425.682679,,8425.682679,2025-02-15 14:26:25
2929,5048,995,2,REPAY,2,1020.510134,,1020.510134,2025-02-15 14:31:37
2930,5053,957,4,REPAY,5,693.844502,,693.844502,2025-02-15 15:54:49
2931,5055,526,2,REPAY,5,4023.829433,,4023.829433,2025-02-15 16:18:11
2932,5058,75,3,REPAY,3,2731.601173,,2731.601173,2025-02-15 17:26:33
2933,5059,596,2,REPAY,3,2365.495369,,2365.495369,2025-02-15 17:36:30
2934,5060,768,3,BORROW,2,9754.216749,22074.0859977388,9754.216749,2025-02-15 18:03:20
2935,5061,126,4,WITHDRAW,3,3451.650844,,,2025-02-15 18:09:26
2936,5063,983,3,REPAY,4,1550.823568,,1550.823568,2025-02-15 18:37:29
2937,5064,819,4,REPAY,1,2470.241622,,2470.241622,2025-02-15 18:55:54
2938,5065,325,2,DEPOSIT,1,7257.097477,7257.097477,,2025-02-15 19:33:04
2939,5066,263,1,REPAY,1,2715.019814,,2715.019814,2025-02-15 19:40:49
2940,5067,252,1,LIQUIDATION,1,11700.193671,12285.6608224277,11700.193671,2025-02-15 20:01:53
2941,5070,484,2,REPAY,4,2156.546535,,2156.546535,2025-02-15 20:33:32
2942,5072,420,3,DEPOSIT,4,4631.885604,4631.885604,,2025-02-15 20:45:09
2943,5073,586,1,REPAY,2,499.628377,,499.628377,2025-02-15 20:47:38
2944,5075,888,4,BORROW,1,437.22785,819.5393074624,437.22785,2025-02-15 21:17:06
2945,5076,558,2,REPAY,2,1273.507063,,1273.507063,2025-02-15 21:37:10
2946,5077,650,3,REPAY,4,83.325252,,83.325252,2025-02-15 21:41:12
2947,5078,797,3,WITHDRAW,1,1779.467514,,,2025-02-15 21:48:21
2948,5079,761,1,REPAY,4,34.505034,,34.505034,2025-02-15 22:07:42
2949,5080,277,2,BORROW,5,4462.672551,8926.5977358536,4462.672551,2025-02-15 22:11:34
2950,5083,480,1,WITHDRAW,2,9438.66992,,,2025-02-15 23:16:14
2951,5084,247,3,DEPOSIT,2,4009.332912,4009.332912,,2025-02-15 23:18:19
2952,5085,352,2,WITHDRAW,1,5494.561005,,,2025-02-15 23:20:05
2953,5086,86,1,REPAY,3,14.411678,,14.411678,2025-02-15 23:26:10
2954,5087,962,4,REPAY,1,0.002205,,0.002205,2025-02-16 00:03:10
2955,5088,425,3,BORROW,5,4013.269289,8767.316867318,4013.269289,2025-02-16 00:14:55
2956,5089,481,2,REPAY,4,965.440839,,965.440839,2025-02-16 00:24:03
2957,5091,360,2,DEPOSIT,3,6505.445101,6505.445101,,2025-02-16 01:03:05
2958,5093,144,3,DEPOSIT,5,5602.833252,5602.833252,,2025-02-16 02:18:18
2959,5094,983,2,REPAY,1,428.692222,,428.692222,2025-02-16 03:03:18
2960,5095,190,2,BORROW,1,7203.069,13526.6112421353,7203.069,2025-02-16 03:11:59
2961,5096,437,1,DEPOSIT,4,8202.901274,8202.901274,,2025-02-16 03:16:30
2962,5099,420,3,BORROW,5,5953.120772,8910.0340755295,5953.120772,2025-02-16 04:35:36
2963,5100,373,2,REPAY,1,3330.244248,,3330.244248,2025-02-16 04:43:09
2964,5102,24,2,REPAY,5,1.305231,,1.305231,2025-02-16 05:08:29
2965,5104,830,3,DEPOSIT,5,8793.476501,8793.476501,,2025-02-16 05:31:06
2966,5107,594,4,BORROW,5,8777.237721,14250.9239673516,8777.237721,2025-02-16 06:10:14
2967,5108,32,3,DEPOSIT,2,2858.115707,2858.115707,,2025-02-16 06:13:04
2968,5109,179,1,DEPOSIT,4,9486.118731,9486.118731,,2025-02-16 06:20:08
2969,5110,849,1,WITHDRAW,4,4610.424913,,,2025-02-16 06:50:03
2970,5111,918,1,BORROW,3,1913.731255,3717.3669392841,1913.731255,2025-02-16 07:24:47
2971,5112,908,4,REPAY,2,45.149646,,45.149646,2025-02-16 07:25:16
2972,5113,954,1,LIQUIDATION,3,9122.496566,7419.0739885616,9122.496566,2025-02-16 07:40:42
2973,5114,759,4,REPAY,3,1085.041779,,1085.041779,2025-02-16 07:49:46
2974,5115,315,4,REPAY,1,195.049635,,195.049635,2025-02-16 07:50:29
2975,5116,80,2,WITHDRAW,5,1346.670901,,,2025-02-16 08:01:23
2976,5118,490,1,REPAY,2,20.71816,,20.71816,2025-02-16 08:06:32
2977,5120,912,4,REPAY,4,20.694915,,20.694915,2025-02-16 08:44:07
2978,5122,211,2,REPAY,3,1167.743482,,1167.743482,2025-02-16 09:15:54
2979,5123,981,3,REPAY,5,97.084544,,97.084544,2025-02-16 09:54:34
2980,5126,536,3,LIQUIDATION,1,12971.939466,11398.6972866477,12971.939466,2025-02-16 11:00:11
2981,5131,45,4,REPAY,3,1794.761316,,1794.761316,2025-02-16 11:24:36
2982,5132,338,1,DEPOSIT,4,9473.801163,9473.801163,,2025-02-16 11:55:27
2983,5136,969,2,WITHDRAW,5,5700.074605,,,2025-02-16 12:43:26
2984,5137,526,1,REPAY,5,515.17264,,515.17264,2025-02-16 12:58:13
2985,5138,946,2,LIQUIDATION,5,1820.715112,1491.45899515,1820.715112,2025-02-16 13:03:39
2986,5139,566,1,BORROW,3,6878.048011,16097.5844975002,6878.048011,2025-02-16 13:11:05
2987,5141,171,1,DEPOSIT,4,8959.983318,8959.983318,,2025-02-16 14:51:16
2988,5142,700,1,BORROW,1,236.520942,309.732201111,236.520942,2025-02-16 15:10:47
2989,5143,9,2,LIQUIDATION,4,1178.533886,1068.7433854224,1178.533886,2025-02-16 15:53:19
2990,5144,322,2,LIQUIDATION,5,748.903075,625.6510463239,748.903075,2025-02-16 16:02:34
2991,5148,776,2,DEPOSIT,3,9907.990607,9907.990607,,2025-02-16 16:40:53
2992,5149,130,1,DEPOSIT,4,6021.168308,6021.168308,,2025-02-16 16:51:53
2993,5150,725,4,BORROW,5,2048.389798,4128.9512823955,2048.389798,2025-02-16 16:55:13
2994,5151,233,2,DEPOSIT,3,816.062829,816.062829,,2025-02-16 17:06:08
2995,5153,941,3,REPAY,4,636.254029,,636.254029,2025-02-16 17:39:32
2996,5155,538,2,WITHDRAW,3,1459.126558,,,2025-02-16 17:52:36
2997,5156,5,1,DEPOSIT,2,6394.204539,6394.204539,,2025-02-16 18:04:58
2998,5157,765,3,REPAY,3,137.493982,,137.493982,2025-02-16 18:28:03
2999,5158,745,2,REPAY,4,44.979476,,44.979476,2025-02-16 18:38:14
3000,5160,984,4,DEPOSIT,3,5945.487763,5945.487763,,2025-02-16 18:59:35
3001,5161,781,1,REPAY,4,1382.047471,,1382.047471,2025-02-16 18:59:46
3002,5164,81,1,REPAY,1,364.965241,,364.965241,2025-02-16 19:51:12
3003,5165,401,2,WITHDRAW,4,3690.047237,,,2025-02-16 20:30:17
3004,5166,311,1,REPAY,5,4934.367736,,4934.367736,2025-02-16 20:43:29
3005,5167,500,1,REPAY,5,567.148929,,567.148929,2025-02-16 20:59:53
3006,5170,201,1,REPAY,2,258.121425,,258.121425,2025-02-16 22:34:48
3007,5171,944,2,REPAY,1,2128.17472,,2128.17472,2025-02-16 22:46:38
3008,5176,787,1,REPAY,4,567.308365,,567.308365,2025-02-16 23:30:47
3009,5177,41,4,REPAY,5,50.499394,,50.499394,2025-02-16 23:54:01
3010,5178,601,3,BORROW,5,910.377033,2240.743656701,910.377033,2025-02-17 00:03:54
3011,5181,487,2,DEPOSIT,3,1155.243057,1155.243057,,2025-02-17 01:10:12
3012,5183,393,4,REPAY,2,252.812376,,252.812376,2025-02-17 01:26:46
3013,5184,136,1,LIQUIDATION,4,8136.65769,8700.6438951509,8136.65769,2025-02-17 01:33:18
3014,5185,418,4,REPAY,3,1476.741684,,1476.741684,2025-02-17 01:46:44
3015,5186,778,2,DEPOSIT,5,2603.03925,2603.03925,,2025-02-17 01:56:10
3016,5188,579,4,BORROW,4,7543.610589,17181.8556477086,7543.610589,2025-02-17 02:07:11
3017,5190,494,1,REPAY,2,3626.619754,,3626.619754,2025-02-17 02:33:58
3018,5192,191,2,REPAY,1,8.114289,,8.114289,2025-02-17 02:48:38
3019,5193,896,3,REPAY,3,6838.990258,,6838.990258,2025-02-17 02:58:57
3020,5195,449,1,REPAY,4,499.047083,,499.047083,2025-02-17 03:15:43
3021,5197,624,4,WITHDRAW,2,3764.597105,,,2025-02-17 03:48:09
3022,5198,738,1,WITHDRAW,2,5450.606833,,,2025-02-17 04:41:13
3023,5200,818,1,REPAY,5,2308.239218,,2308.239218,2025-02-17 04:48:13
3024,5201,926,1,REPAY,3,431.731184,,431.731184,2025-02-17 04:52:42
3025,5202,991,2,WITHDRAW,3,4877.88047,,,2025-02-17 05:06:15
3026,5204,45,1,REPAY,5,2023.43621,,2023.43621,2025-02-17 05:25:51
3027,5205,299,4,REPAY,4,1934.830556,,1934.830556,2025-02-17 05:44:07
3028,5207,219,3,LIQUIDATION,5,3333.503117,3691.4944483895,3333.503117,2025-02-17 07:00:19
3029,5208,105,1,DEPOSIT,4,5570.565958,5570.565958,,2025-02-17 07:12:20
3030,5209,3,2,DEPOSIT,3,7895.623985,7895.623985,,2025-02-17 07:27:58
3031,5211,473,4,REPAY,4,26.587529,,26.587529,2025-02-17 07:37:55
3032,5212,747,2,REPAY,2,2809.257494,,2809.257494,2025-02-17 07:40:57
3033,5214,641,4,LIQUIDATION,1,168.158739,177.0795504991,168.158739,2025-02-17 08:13:53
3034,5216,578,3,BORROW,4,8949.977404,15477.0155940076,8949.977404,2025-02-17 08:43:00
3035,5217,437,3,DEPOSIT,5,140.10313,140.10313,,2025-02-17 08:50:44
3036,5220,341,3,BORROW,3,5648.004,11371.4523439656,5648.004,2025-02-17 10:04:53
3037,5222,999,3,REPAY,4,600.349324,,600.349324,2025-02-17 10:11:20
3038,5224,235,3,REPAY,4,11.524937,,11.524937,2025-02-17 10:50:11
3039,5225,891,4,WITHDRAW,3,2017.808506,,,2025-02-17 11:21:29
3040,5226,458,4,BORROW,2,3423.889954,7488.9067875689,3423.889954,2025-02-17 11:41:02
3041,5229,918,4,REPAY,3,525.753286,,525.753286,2025-02-17 12:20:54
3042,5231,41,3,REPAY,3,4.823215,,4.823215,2025-02-17 12:31:01
3043,5232,811,2,REPAY,2,41.391566,,41.391566,2025-02-17 12:32:10
3044,5234,393,1,LIQUIDATION,4,237.313239,237.7817681401,237.313239,2025-02-17 12:37:08
3045,5235,462,1,REPAY,1,3.903113,,3.903113,2025-02-17 12:55:44
3046,5236,433,1,DEPOSIT,4,4003.254585,4003.254585,,2025-02-17 12:58:03
3047,5237,798,3,REPAY,4,1865.05851,,1865.05851,2025-02-17 13:08:47
3048,5238,207,3,REPAY,1,7.428735,,7.428735,2025-02-17 13:12:49
3049,5239,524,2,REPAY,2,1006.579509,,1006.579509,2025-02-17 13:25:58
3050,5241,22,1,REPAY,1,115.835568,,115.835568,2025-02-17 13:47:14
3051,5244,4,3,WITHDRAW,2,633.661632,,,2025-02-17 14:11:18
3052,5245,588,3,LIQUIDATION,2,5439.500213,4846.0967939787,5439.500213,2025-02-17 14:22:26
3053,5246,914,4,REPAY,5,4584.337277,,4584.337277,2025-02-17 14:32:07
3054,5247,296,2,LIQUIDATION,2,10507.225729,11408.0115109032,10507.225729,2025-02-17 14:50:20
3055,5249,21,4,REPAY,5,553.157934,,553.157934,2025-02-17 14:57:56
3056,5250,467,2,WITHDRAW,2,1161.7928,,,2025-02-17 14:58:06
3057,5251,613,3,REPAY,4,358.040864,,358.040864,2025-02-17 15:07:07
3058,5255,221,1,REPAY,3,268.190164,,268.190164,2025-02-17 15:53:09
3059,5256,581,3,REPAY,5,1120.193312,,1120.193312,2025-02-17 16:30:59
3060,5257,243,4,REPAY,5,1.042692,,1.042692,2025-02-17 17:08:45
3061,5260,651,1,WITHDRAW,2,1420.492859,,,2025-02-17 17:59:37
3062,5263,146,1,BORROW,5,9532.051691,12096.3137933696,9532.051691,2025-02-17 18:06:31
3063,5265,715,1,WITHDRAW,4,8333.735614,,,2025-02-17 19:10:36
3064,5266,146,2,REPAY,5,9077.275616,,9077.275616,2025-02-17 19:15:33
3065,5268,41,4,REPAY,1,1.471144,,1.471144,2025-02-17 19:35:19
3066,5269,371,3,REPAY,4,176.105482,,176.105482,2025-02-17 19:54:58
3067,5272,373,3,BORROW,1,7422.47745,14545.3504845667,7422.47745,2025-02-17 20:51:44
3068,5273,712,1,REPAY,4,4362.562978,,4362.562978,2025-02-17 21:11:34
3069,5274,21,1,REPAY,2,461.195794,,461.195794,2025-02-17 21:29:30
3070,5275,595,1,WITHDRAW,3,6639.451329,,,2025-02-17 21:51:18
3071,5276,747,3,REPAY,4,2917.894567,,2917.894567,2025-02-17 22:05:45
3072,5277,311,2,LIQUIDATION,3,1180.537816,1359.8968775645,1180.537816,2025-02-17 22:07:59
3073,5279,24,2,REPAY,3,2.666962,,2.666962,2025-02-17 22:36:56
3074,5280,141,1,DEPOSIT,2,4249.427358,4249.427358,,2025-02-17 22:57:26
3075,5281,522,4,WITHDRAW,5,766.389829,,,2025-02-17 23:49:08
3076,5282,938,4,REPAY,4,2233.615785,,2233.615785,2025-02-17 23:51:33
3077,5286,365,1,WITHDRAW,5,3459.546866,,,2025-02-18 00:45:17
3078,5287,225,3,REPAY,4,1488.525274,,1488.525274,2025-02-18 00:55:51
3079,5288,693,2,DEPOSIT,2,4088.26254,4088.26254,,2025-02-18 00:57:00
3080,5289,472,1,REPAY,1,5.771913,,5.771913,2025-02-18 00:57:04
3081,5290,823,3,BORROW,4,8085.317886,19309.4805322941,8085.317886,2025-02-18 01:02:11
3082,5291,412,1,DEPOSIT,4,873.077175,873.077175,,2025-02-18 01:16:20
3083,5292,500,4,REPAY,2,1144.903099,,1144.903099,2025-02-18 01:25:22
3084,5293,425,2,BORROW,4,6516.591063,10651.6975542905,6516.591063,2025-02-18 01:28:55
3085,5294,384,4,WITHDRAW,1,6253.629702,,,2025-02-18 01:29:22
3086,5295,352,4,REPAY,2,5803.347693,,5803.347693,2025-02-18 01:34:51
3087,5297,178,2,REPAY,4,0.62147,,0.62147,2025-02-18 01:57:52
3088,5299,578,4,REPAY,3,6636.800459,,6636.800459,2025-02-18 02:35:09
3089,5301,405,1,BORROW,1,5297.684069,7630.6997771917,5297.684069,2025-02-18 02:58:41
3090,5303,371,2,REPAY,1,411.625706,,411.625706,2025-02-18 03:23:08
3091,5304,4,2,REPAY,4,3303.190808,,3303.190808,2025-02-18 03:37:58
3092,5305,821,3,BORROW,3,6955.588048,8942.2692248623,6955.588048,2025-02-18 03:58:59
3093,5306,770,4,REPAY,5,6991.30887,,6991.30887,2025-02-18 04:32:31
3094,5307,562,3,REPAY,3,826.131785,,826.131785,2025-02-18 04:47:00
3095,5308,567,1,DEPOSIT,2,8186.332422,8186.332422,,2025-02-18 04:50:24
3096,5309,747,3,REPAY,5,495.021262,,495.021262,2025-02-18 04:52:35
3097,5311,182,3,REPAY,3,9000.792564,,9000.792564,2025-02-18 04:59:25
3098,5312,603,4,BORROW,4,3041.608842,4227.6257434938,3041.608842,2025-02-18 05:01:24
3099,5314,106,3,BORROW,5,1754.075945,3492.7902200394,1754.075945,2025-02-18 05:20:04
3100,5315,277,3,REPAY,2,1292.736537,,1292.736537,2025-02-18 05:20:21
3101,5317,800,2,BORROW,1,9575.447516,11991.0261788815,9575.447516,2025-02-18 06:16:09
3102,5318,406,3,REPAY,2,106.345811,,106.345811,2025-02-18 06:26:07
3103,5322,787,1,REPAY,1,10.213322,,10.213322,2025-02-18 07:01:51
3104,5325,860,3,DEPOSIT,3,8015.136746,8015.136746,,2025-02-18 07:09:31
3105,5326,611,3,REPAY,4,6.768456,,6.768456,2025-02-18 07:19:11
3106,5328,307,1,LIQUIDATION,5,8111.201948,7278.3802812512,8111.201948,2025-02-18 07:35:59
3107,5329,750,2,LIQUIDATION,5,6269.175781,5028.2938100871,6269.175781,2025-02-18 08:09:51
3108,5330,6,1,DEPOSIT,3,715.853673,715.853673,,2025-02-18 08:14:55
3109,5332,435,1,REPAY,3,72.575163,,72.575163,2025-02-18 08:24:55
3110,5333,526,2,WITHDRAW,2,3026.762125,,,2025-02-18 08:27:42
3111,5336,236,3,REPAY,1,319.308107,,319.308107,2025-02-18 09:03:08
3112,5341,1000,1,REPAY,3,187.434879,,187.434879,2025-02-18 11:14:12
3113,5342,511,4,DEPOSIT,5,6868.345625,6868.345625,,2025-02-18 11:16:28
3114,5343,586,3,REPAY,1,785.13668,,785.13668,2025-02-18 11:34:49
3115,5344,877,3,DEPOSIT,5,6569.786922,6569.786922,,2025-02-18 11:39:54
3116,5345,296,3,BORROW,1,1397.253076,1858.2207084268,1397.253076,2025-02-18 11:41:07
3117,5346,367,3,REPAY,2,5632.272702,,5632.272702,2025-02-18 11:59:25
3118,5347,796,1,DEPOSIT,1,504.05225,504.05225,,2025-02-18 12:03:12
3119,5353,541,3,LIQUIDATION,3,7471.343002,6439.2939779576,7471.343002,2025-02-18 12:46:13
3120,5354,408,4,REPAY,5,3258.517068,,3258.517068,2025-02-18 12:48:30
3121,5355,290,1,LIQUIDATION,2,4395.659166,5158.7588108759,4395.659166,2025-02-18 12:56:24
3122,5356,36,1,BORROW,4,7089.917389,11798.6354582855,7089.917389,2025-02-18 13:00:38
3123,5357,143,4,REPAY,2,9.023722,,9.023722,2025-02-18 13:10:47
3124,5358,547,1,DEPOSIT,4,8954.688521,8954.688521,,2025-02-18 13:11:40
3125,5359,287,4,REPAY,3,8264.734537,,8264.734537,2025-02-18 13:27:17
3126,5361,892,1,REPAY,1,1421.743186,,1421.743186,2025-02-18 13:31:06
3127,5362,780,2,DEPOSIT,2,3076.051496,3076.051496,,2025-02-18 13:42:44
3128,5363,628,1,REPAY,4,381.840622,,381.840622,2025-02-18 13:44:37
3129,5364,750,4,BORROW,5,9844.922756,23533.1415720583,9844.922756,2025-02-18 14:00:40
3130,5368,326,2,REPAY,4,2.561838,,2.561838,2025-02-18 15:28:35
3131,5369,117,2,REPAY,2,57.552459,,57.552459,2025-02-18 15:35:47
3132,5372,583,4,DEPOSIT,4,7086.115433,7086.115433,,2025-02-18 15:54:19
3133,5373,615,2,REPAY,5,1.822499,,1.822499,2025-02-18 15:54:26
3134,5374,455,3,LIQUIDATION,3,27.331015,32.4415262889,27.331015,2025-02-18 16:12:36
3135,5375,678,3,REPAY,4,91.01937,,91.01937,2025-02-18 16:17:20
3136,5378,224,4,REPAY,2,3637.471828,,3637.471828,2025-02-18 17:13:38
3137,5379,967,3,REPAY,1,18.867658,,18.867658,2025-02-18 17:37:25
3138,5382,954,4,BORROW,5,7458.33109,10976.7908370193,7458.33109,2025-02-18 18:58:43
3139,5385,917,3,REPAY,4,0.53724,,0.53724,2025-02-18 19:31:26
3140,5386,93,1,DEPOSIT,3,68.767792,68.767792,,2025-02-18 19:31:27
3141,5387,963,4,REPAY,2,257.550398,,257.550398,2025-02-18 19:45:53
3142,5388,827,3,BORROW,3,4807.917502,8232.7061494064,4807.917502,2025-02-18 20:28:39
3143,5389,134,1,DEPOSIT,1,6033.88441,6033.88441,,2025-02-18 20:45:36
3144,5390,96,4,BORROW,2,7715.727118,14144.6427760621,7715.727118,2025-02-18 20:52:15
3145,5391,246,2,WITHDRAW,1,9831.057238,,,2025-02-18 21:00:20
3146,5393,918,4,REPAY,4,1180.520408,,1180.520408,2025-02-18 21:30:38
3147,5394,707,4,REPAY,5,2704.385623,,2704.385623,2025-02-18 21:55:15
3148,5395,890,4,REPAY,5,367.732109,,367.732109,2025-02-18 21:58:34
3149,5396,972,1,WITHDRAW,3,479.206559,,,2025-02-18 22:07:34
3150,5397,353,1,REPAY,2,7.302192,,7.302192,2025-02-18 22:23:56
3151,5400,25,3,REPAY,3,6.125755,,6.125755,2025-02-18 22:30:58
3152,5402,396,3,BORROW,2,3026.04772,6107.5375156177,3026.04772,2025-02-18 22:44:14
3153,5404,220,1,REPAY,3,563.556409,,563.556409,2025-02-18 23:55:41
3154,5405,831,2,REPAY,1,6.821477,,6.821477,2025-02-19 00:13:28
3155,5407,733,2,DEPOSIT,5,8407.899328,8407.899328,,2025-02-19 00:42:42
3156,5408,747,2,REPAY,3,208.303961,,208.303961,2025-02-19 00:51:14
3157,5409,223,1,REPAY,3,5.519717,,5.519717,2025-02-19 01:05:01
3158,5410,242,1,DEPOSIT,3,7339.832831,7339.832831,,2025-02-19 01:34:55
3159,5411,65,2,REPAY,3,1632.824529,,1632.824529,2025-02-19 01:50:44
3160,5412,834,4,REPAY,2,2306.35129,,2306.35129,2025-02-19 01:51:43
3161,5413,565,2,DEPOSIT,2,107.447813,107.447813,,2025-02-19 01:58:40
3162,5414,724,2,REPAY,5,0.18011,,0.18011,2025-02-19 02:27:55
3163,5417,282,4,BORROW,4,7903.318292,15592.0094716209,7903.318292,2025-02-19 03:07:24
3164,5418,62,1,REPAY,2,499.735062,,499.735062,2025-02-19 03:14:32
3165,5420,806,1,WITHDRAW,2,4948.19083,,,2025-02-19 03:34:57
3166,5423,149,1,WITHDRAW,3,9762.048394,,,2025-02-19 04:50:16
3167,5424,661,2,REPAY,3,6530.492251,,6530.492251,2025-02-19 05:27:42
3168,5425,690,4,LIQUIDATION,2,7147.180716,7578.7065653815,7147.180716,2025-02-19 05:34:02
3169,5426,600,3,REPAY,5,11.859051,,11.859051,2025-02-19 06:00:51
3170,5427,293,4,DEPOSIT,2,6429.429276,6429.429276,,2025-02-19 06:07:36
3171,5428,762,1,REPAY,2,2004.903942,,2004.903942,2025-02-19 06:36:31
3172,5430,297,3,LIQUIDATION,5,4831.106437,5775.6441592034,4831.106437,2025-02-19 08:08:28
3173,5433,704,1,REPAY,1,297.422574,,297.422574,2025-02-19 09:04:26
3174,5435,758,3,REPAY,1,39.43214,,39.43214,2025-02-19 09:09:05
3175,5436,491,2,WITHDRAW,1,8955.404653,,,2025-02-19 09:40:17
3176,5437,572,1,BORROW,4,2406.621469,4775.9707968748,2406.621469,2025-02-19 09:51:23
3177,5438,335,4,REPAY,1,2802.169044,,2802.169044,2025-02-19 10:03:38
3178,5440,425,4,LIQUIDATION,5,10529.860352,9055.9679739248,10529.860352,2025-02-19 10:11:32
3179,5443,950,2,BORROW,2,1294.797914,2290.8675066773,1294.797914,2025-02-19 12:14:02
3180,5444,287,3,DEPOSIT,1,2364.108894,2364.108894,,2025-02-19 12:21:57
3181,5446,968,2,DEPOSIT,1,8269.499057,8269.499057,,2025-02-19 12:55:37
3182,5447,154,1,DEPOSIT,4,2331.298576,2331.298576,,2025-02-19 13:08:59
3183,5450,681,1,LIQUIDATION,5,8377.402655,7440.9287900868,8377.402655,2025-02-19 13:42:43
3184,5451,148,4,DEPOSIT,2,4146.668322,4146.668322,,2025-02-19 13:59:20
3185,5454,381,2,BORROW,4,9832.91931,18055.0137771725,9832.91931,2025-02-19 14:30:46
3186,5455,426,3,LIQUIDATION,2,8344.421697,7073.0824975027,8344.421697,2025-02-19 14:52:23
3187,5457,826,4,BORROW,2,2247.852801,5514.864384774,2247.852801,2025-02-19 15:36:49
3188,5459,102,1,REPAY,3,360.685694,,360.685694,2025-02-19 16:32:37
3189,5460,287,2,REPAY,5,94.329056,,94.329056,2025-02-19 16:43:01
3190,5461,401,2,WITHDRAW,5,3644.807678,,,2025-02-19 16:45:36
3191,5462,889,3,WITHDRAW,3,1504.047036,,,2025-02-19 16:59:12
3192,5463,466,2,WITHDRAW,5,9298.71554,,,2025-02-19 17:10:08
3193,5465,659,3,DEPOSIT,4,5901.213834,5901.213834,,2025-02-19 18:05:52
3194,5467,397,1,WITHDRAW,5,6962.849363,,,2025-02-19 18:22:47
3195,5468,833,4,REPAY,1,69.157912,,69.157912,2025-02-19 19:06:55
3196,5469,971,1,REPAY,2,528.409576,,528.409576,2025-02-19 19:07:40
3197,5471,106,4,REPAY,5,866.52512,,866.52512,2025-02-19 20:06:45
3198,5472,50,4,DEPOSIT,5,2129.875352,2129.875352,,2025-02-19 20:35:26
3199,5474,892,1,REPAY,4,661.574479,,661.574479,2025-02-19 21:03:42
3200,5475,720,4,WITHDRAW,5,5738.703332,,,2025-02-19 21:30:01
3201,5476,903,4,REPAY,4,126.716207,,126.716207,2025-02-19 22:32:07
3202,5477,236,4,REPAY,2,44.166797,,44.166797,2025-02-19 22:56:28
3203,5478,12,1,REPAY,3,819.27677,,819.27677,2025-02-19 23:03:58
3204,5479,588,4,BORROW,1,3242.033484,4487.014958993,3242.033484,2025-02-19 23:07:54
3205,5480,5,1,WITHDRAW,4,9853.122519,,,2025-02-19 23:13:46
3206,5481,673,1,DEPOSIT,4,9168.413137,9168.413137,,2025-02-19 23:16:31
3207,5484,95,4,WITHDRAW,5,3985.950977,,,2025-02-19 23:46:51
3208,5487,80,3,DEPOSIT,5,4483.381388,4483.381388,,2025-02-20 00:56:17
3209,5489,833,1,REPAY,2,126.231522,,126.231522,2025-02-20 01:17:06
3210,5490,398,4,WITHDRAW,5,4598.524322,,,2025-02-20 01:27:29
3211,5491,114,4,WITHDRAW,1,4103.792036,,,2025-02-20 01:31:37
3212,5492,118,4,REPAY,1,1704.207442,,1704.207442,2025-02-20 01:32:17
3213,5493,48,2,REPAY,1,753.385042,,753.385042,2025-02-20 01:36:19
3214,5494,524,2,REPAY,3,67.9128,,67.9128,2025-02-20 01:50:15
3215,5495,267,2,DEPOSIT,4,6337.384926,6337.384926,,2025-02-20 01:57:17
3216,5496,24,3,REPAY,1,0.185707,,0.185707,2025-02-20 02:00:09
3217,5497,342,1,REPAY,3,1502.68794,,1502.68794,2025-02-20 02:03:39
3218,5498,574,3,BORROW,3,358.560323,453.7294217741,358.560323,2025-02-20 02:06:23
3219,5499,524,4,REPAY,3,54.918137,,54.918137,2025-02-20 02:23:58
3220,5501,513,3,WITHDRAW,5,4533.470869,,,2025-02-20 02:37:13
3221,5502,22,1,REPAY,5,441.718294,,441.718294,2025-02-20 03:21:49
3222,5503,74,4,REPAY,1,147.095127,,147.095127,2025-02-20 03:28:44
3223,5504,435,4,REPAY,4,38.928928,,38.928928,2025-02-20 03:34:37
3224,5506,78,3,REPAY,5,494.307136,,494.307136,2025-02-20 05:23:12
3225,5507,592,4,DEPOSIT,4,2038.613566,2038.613566,,2025-02-20 05:23:30
3226,5508,259,2,REPAY,2,224.305229,,224.305229,2025-02-20 05:24:17
3227,5511,397,2,BORROW,4,6993.486977,15345.908851499,6993.486977,2025-02-20 05:35:01
3228,5512,498,2,BORROW,5,3053.842816,7145.9408493491,3053.842816,2025-02-20 05:48:29
3229,5513,292,3,REPAY,4,212.828572,,212.828572,2025-02-20 06:11:29
3230,5515,287,4,REPAY,5,112.711958,,112.711958,2025-02-20 06:20:31
3231,5518,857,2,BORROW,2,3900.46546,9281.0532351111,3900.46546,2025-02-20 07:16:57
3232,5521,212,1,REPAY,3,48.631383,,48.631383,2025-02-20 08:04:50
3233,5522,509,4,REPAY,1,88.077629,,88.077629,2025-02-20 08:10:42
3234,5524,342,1,REPAY,2,662.919851,,662.919851,2025-02-20 08:40:03
3235,5527,357,1,DEPOSIT,2,1063.036323,1063.036323,,2025-02-20 09:00:50
3236,5528,218,4,WITHDRAW,3,8094.974444,,,2025-02-20 09:01:36
3237,5530,648,1,WITHDRAW,1,2707.569338,,,2025-02-20 09:31:51
3238,5531,333,4,REPAY,5,335.684151,,335.684151,2025-02-20 09:32:52
3239,5532,45,3,REPAY,3,912.794249,,912.794249,2025-02-20 09:56:15
3240,5533,880,1,BORROW,5,3128.667296,4067.5207002318,3128.667296,2025-02-20 10:06:12
3241,5534,541,3,BORROW,5,6253.552696,8263.6653478704,6253.552696,2025-02-20 10:13:56
3242,5541,800,4,REPAY,1,2446.736462,,2446.736462,2025-02-20 11:49:26
3243,5543,771,3,BORROW,2,7589.124748,18038.4052735021,7589.124748,2025-02-20 12:25:23
3244,5544,73,4,REPAY,1,4.763056,,4.763056,2025-02-20 12:27:54
3245,5546,650,2,REPAY,4,52.52607,,52.52607,2025-02-20 12:45:36
3246,5547,651,1,DEPOSIT,3,2844.983447,2844.983447,,2025-02-20 12:57:11
3247,5548,456,3,WITHDRAW,2,2007.846954,,,2025-02-20 12:59:16
3248,5549,34,2,DEPOSIT,3,838.358586,838.358586,,2025-02-20 13:02:17
3249,5553,484,3,REPAY,1,177.10769,,177.10769,2025-02-20 13:45:10
3250,5554,59,2,REPAY,4,116.955099,,116.955099,2025-02-20 13:55:24
3251,5555,552,3,REPAY,4,2136.570351,,2136.570351,2025-02-20 14:02:38
3252,5557,740,4,DEPOSIT,4,2137.547257,2137.547257,,2025-02-20 14:33:36
3253,5558,886,2,DEPOSIT,2,6496.099436,6496.099436,,2025-02-20 14:49:51
3254,5562,771,1,LIQUIDATION,3,7589.124748,6770.0712998867,7589.124748,2025-02-20 15:17:43
3255,5563,86,1,REPAY,4,5.367928,,5.367928,2025-02-20 15:20:50
3256,5564,112,3,DEPOSIT,4,3758.309377,3758.309377,,2025-02-20 15:27:12
3257,5565,263,4,REPAY,1,545.063948,,545.063948,2025-02-20 15:37:48
3258,5566,996,2,DEPOSIT,1,6171.099601,6171.099601,,2025-02-20 15:47:38
3259,5568,791,4,WITHDRAW,2,5104.42781,,,2025-02-20 16:14:06
3260,5569,552,2,REPAY,1,5213.203774,,5213.203774,2025-02-20 16:18:21
3261,5570,164,4,DEPOSIT,5,4488.460145,4488.460145,,2025-02-20 16:26:20
3262,5573,193,4,BORROW,5,5082.792993,10759.7840761577,5082.792993,2025-02-20 16:58:45
3263,5576,811,4,REPAY,4,5.608102,,5.608102,2025-02-20 17:33:50
3264,5577,117,1,REPAY,2,126.483197,,126.483197,2025-02-20 17:45:35
3265,5581,363,3,WITHDRAW,2,8171.725356,,,2025-02-20 18:55:33
3266,5582,285,4,DEPOSIT,1,6429.882545,6429.882545,,2025-02-20 18:57:55
3267,5583,526,3,REPAY,2,6.106151,,6.106151,2025-02-20 19:10:07
3268,5584,345,2,DEPOSIT,2,1561.132586,1561.132586,,2025-02-20 19:12:15
3269,5586,187,4,WITHDRAW,3,9120.561911,,,2025-02-20 19:58:03
3270,5589,398,3,WITHDRAW,3,5907.172426,,,2025-02-20 20:04:26
3271,5590,54,4,BORROW,2,9431.946348,13227.4659827786,9431.946348,2025-02-20 20:59:01
3272,5591,832,1,REPAY,1,4900.407291,,4900.407291,2025-02-20 21:00:11
3273,5592,79,4,WITHDRAW,5,3080.641753,,,2025-02-20 21:52:19
3274,5594,391,2,BORROW,4,268.778344,579.8634980696,268.778344,2025-02-20 23:06:58
3275,5596,438,1,WITHDRAW,2,4757.44308,,,2025-02-20 23:29:28
3276,5597,570,3,DEPOSIT,5,1961.34856,1961.34856,,2025-02-20 23:36:31
3277,5598,311,4,DEPOSIT,1,8828.662313,8828.662313,,2025-02-20 23:55:18
3278,5600,463,2,REPAY,4,3653.322181,,3653.322181,2025-02-21 00:44:57
3279,5601,665,2,BORROW,2,7853.663397,13526.8049470102,7853.663397,2025-02-21 00:45:30
3280,5602,917,3,REPAY,5,0.001346,,0.001346,2025-02-21 00:48:27
3281,5603,462,3,REPAY,4,1.609853,,1.609853,2025-02-21 00:51:52
3282,5606,498,3,LIQUIDATION,2,3053.842816,2643.3361325565,3053.842816,2025-02-21 01:01:55
3283,5607,157,2,REPAY,4,1806.208902,,1806.208902,2025-02-21 01:22:41
3284,5609,999,2,REPAY,4,27.665998,,27.665998,2025-02-21 01:34:36
3285,5610,773,4,REPAY,4,41.101741,,41.101741,2025-02-21 01:38:25
3286,5611,124,1,WITHDRAW,5,6387.390008,,,2025-02-21 01:54:58
3287,5612,16,2,REPAY,5,215.421625,,215.421625,2025-02-21 01:55:56
3288,5614,44,3,LIQUIDATION,4,529.813246,441.9191747967,529.813246,2025-02-21 02:05:51
3289,5616,820,2,REPAY,2,13.243144,,13.243144,2025-02-21 02:40:38
3290,5619,479,1,REPAY,4,1597.04483,,1597.04483,2025-02-21 03:08:30
3291,5620,484,1,REPAY,5,182.955719,,182.955719,2025-02-21 03:17:47
3292,5622,904,1,REPAY,5,1.479962,,1.479962,2025-02-21 03:23:36
3293,5625,373,4,LIQUIDATION,5,12329.503327,12263.7525820821,12329.503327,2025-02-21 03:32:12
3294,5626,497,1,WITHDRAW,5,6953.595009,,,2025-02-21 04:08:31
3295,5629,869,4,WITHDRAW,5,1866.408481,,,2025-02-21 05:03:27
3296,5632,695,1,REPAY,1,822.022454,,822.022454,2025-02-21 05:32:49
3297,5633,696,1,REPAY,3,791.435547,,791.435547,2025-02-21 06:30:25
3298,5634,881,1,BORROW,2,2783.587955,3575.5413206848,2783.587955,2025-02-21 06:54:42
3299,5638,581,2,DEPOSIT,2,1821.257649,1821.257649,,2025-02-21 07:35:14
3300,5639,261,4,REPAY,4,6731.348513,,6731.348513,2025-02-21 07:59:36
3301,5642,302,4,WITHDRAW,1,1712.904954,,,2025-02-21 08:31:58
3302,5643,353,1,REPAY,5,5.368267,,5.368267,2025-02-21 08:39:18
3303,5645,61,2,BORROW,1,4364.973782,7000.2246150474,4364.973782,2025-02-21 08:44:27
3304,5646,324,4,REPAY,2,570.996756,,570.996756,2025-02-21 08:45:20
3305,5647,717,1,LIQUIDATION,4,17571.863187,14368.1623255794,17571.863187,2025-02-21 08:52:11
3306,5648,449,4,REPAY,2,70.02751,,70.02751,2025-02-21 09:23:09
3307,5649,501,2,LIQUIDATION,4,4814.785346,4276.5970077802,4814.785346,2025-02-21 09:25:39
3308,5651,212,1,REPAY,5,43.419628,,43.419628,2025-02-21 09:49:41
3309,5656,833,3,REPAY,4,8.728582,,8.728582,2025-02-21 11:42:44
3310,5657,621,2,REPAY,3,373.755053,,373.755053,2025-02-21 11:50:04
3311,5658,68,3,LIQUIDATION,5,9291.936432,10621.3170081721,9291.936432,2025-02-21 11:58:46
3312,5659,883,3,DEPOSIT,3,5376.30327,5376.30327,,2025-02-21 12:13:24
3313,5660,815,2,REPAY,2,45.024116,,45.024116,2025-02-21 12:19:21
3314,5661,570,1,WITHDRAW,3,102.887324,,,2025-02-21 12:25:51
3315,5662,106,3,DEPOSIT,3,2441.492096,2441.492096,,2025-02-21 12:51:29
3316,5664,347,3,WITHDRAW,4,2369.437452,,,2025-02-21 13:27:41
3317,5666,115,4,LIQUIDATION,1,827.748929,934.8218371,827.748929,2025-02-21 13:54:05
3318,5667,892,4,REPAY,3,505.106823,,505.106823,2025-02-21 14:30:15
3319,5668,710,1,BORROW,3,3944.445091,6964.5372893367,3944.445091,2025-02-21 14:32:48
3320,5669,506,3,REPAY,3,445.761727,,445.761727,2025-02-21 14:42:57
3321,5670,894,4,DEPOSIT,4,661.356484,661.356484,,2025-02-21 14:47:26
3322,5671,491,2,DEPOSIT,3,9703.304878,9703.304878,,2025-02-21 14:53:04
3323,5672,939,1,REPAY,2,318.40565,,318.40565,2025-02-21 15:43:21
3324,5678,577,3,REPAY,5,435.982828,,435.982828,2025-02-21 17:59:48
3325,5679,640,3,REPAY,3,35.440408,,35.440408,2025-02-21 18:06:21
3326,5680,534,4,WITHDRAW,3,4331.600968,,,2025-02-21 18:32:02
3327,5681,711,4,WITHDRAW,1,3936.647022,,,2025-02-21 18:36:48
3328,5683,31,4,LIQUIDATION,5,9017.58911,9489.6999198085,9017.58911,2025-02-21 19:10:34
3329,5684,557,1,DEPOSIT,2,6950.660165,6950.660165,,2025-02-21 19:40:11
3330,5685,350,4,WITHDRAW,2,6673.561596,,,2025-02-21 20:00:22
3331,5687,341,1,REPAY,3,3167.730708,,3167.730708,2025-02-21 20:17:01
3332,5691,109,1,REPAY,5,150.154756,,150.154756,2025-02-21 21:49:24
3333,5692,159,1,REPAY,3,0.592344,,0.592344,2025-02-21 21:54:32
3334,5693,684,2,REPAY,2,2342.556327,,2342.556327,2025-02-21 21:58:40
3335,5694,591,3,WITHDRAW,5,7263.954774,,,2025-02-21 22:02:02
3336,5695,818,2,REPAY,5,1996.842388,,1996.842388,2025-02-21 22:26:17
3337,5696,887,1,REPAY,2,0.145118,,0.145118,2025-02-21 22:30:30
3338,5697,391,2,BORROW,3,3723.117039,9069.813291405,3723.117039,2025-02-21 22:30:42
3339,5699,353,1,REPAY,5,2.107042,,2.107042,2025-02-21 22:48:16
3340,5701,784,3,DEPOSIT,1,2367.713059,2367.713059,,2025-02-21 23:08:56
3341,5702,760,2,DEPOSIT,2,6813.568689,6813.568689,,2025-02-21 23:22:10
3342,5704,590,4,WITHDRAW,2,1087.61492,,,2025-02-22 00:27:10
3343,5706,823,3,REPAY,5,3621.974594,,3621.974594,2025-02-22 00:40:19
3344,5707,880,4,REPAY,5,3009.130541,,3009.130541,2025-02-22 00:50:24
3345,5709,628,3,REPAY,1,5.983318,,5.983318,2025-02-22 02:12:52
3346,5710,277,4,REPAY,1,706.999233,,706.999233,2025-02-22 02:24:44
3347,5711,262,2,BORROW,1,3041.453747,5149.3904268088,3041.453747,2025-02-22 02:26:56
3348,5712,561,4,REPAY,5,101.813682,,101.813682,2025-02-22 02:32:01
3349,5713,457,4,BORROW,1,2336.364531,4722.332398291,2336.364531,2025-02-22 02:51:58
3350,5714,754,4,BORROW,4,2615.171842,5304.2320678908,2615.171842,2025-02-22 03:07:18
3351,5715,214,2,WITHDRAW,3,3216.16618,,,2025-02-22 03:12:16
3352,5717,952,4,BORROW,2,1358.835805,3244.735917103,1358.835805,2025-02-22 03:28:20
3353,5718,525,4,DEPOSIT,1,8512.561121,8512.561121,,2025-02-22 03:35:22
3354,5720,700,3,LIQUIDATION,3,236.520942,235.1055842268,236.520942,2025-02-22 04:18:45
3355,5722,677,4,WITHDRAW,5,3446.388347,,,2025-02-22 04:31:59
3356,5723,261,3,REPAY,1,455.245228,,455.245228,2025-02-22 04:40:06
3357,5724,56,3,WITHDRAW,2,3086.663344,,,2025-02-22 04:48:05
3358,5725,269,3,DEPOSIT,1,1782.327445,1782.327445,,2025-02-22 05:15:11
3359,5727,276,4,DEPOSIT,3,272.802883,272.802883,,2025-02-22 05:43:49
3360,5728,219,4,BORROW,4,8682.299971,15813.5168098167,8682.299971,2025-02-22 05:59:02
3361,5729,128,4,BORROW,3,4551.285952,6727.5699375274,4551.285952,2025-02-22 06:01:13
3362,5730,268,4,REPAY,2,27.45003,,27.45003,2025-02-22 06:15:09
3363,5731,642,1,REPAY,2,9.957412,,9.957412,2025-02-22 06:22:31
3364,5732,42,1,REPAY,2,810.064672,,810.064672,2025-02-22 06:24:49
3365,5733,980,4,WITHDRAW,4,9171.28451,,,2025-02-22 06:28:56
3366,5734,965,2,DEPOSIT,3,8230.147997,8230.147997,,2025-02-22 06:32:24
3367,5738,183,1,DEPOSIT,1,8193.392386,8193.392386,,2025-02-22 07:06:53
3368,5739,378,1,REPAY,2,878.663996,,878.663996,2025-02-22 07:18:47
3369,5740,12,4,REPAY,2,200.486854,,200.486854,2025-02-22 07:24:59
3370,5742,641,4,WITHDRAW,4,9356.955536,,,2025-02-22 07:32:00
3371,5743,430,4,REPAY,4,3435.479975,,3435.479975,2025-02-22 07:35:17
3372,5746,539,2,WITHDRAW,3,3725.087412,,,2025-02-22 09:12:09
3373,5748,395,3,REPAY,2,151.197374,,151.197374,2025-02-22 09:35:00
3374,5750,136,1,BORROW,4,3952.258986,5368.4329436431,3952.258986,2025-02-22 09:52:52
3375,5751,597,4,DEPOSIT,5,2965.496504,2965.496504,,2025-02-22 09:54:58
3376,5753,647,3,BORROW,5,644.174835,1408.087763182,644.174835,2025-02-22 10:03:14
3377,5755,538,1,DEPOSIT,5,6331.99532,6331.99532,,2025-02-22 10:17:05
3378,5757,605,2,WITHDRAW,2,8921.180607,,,2025-02-22 11:06:21
3379,5759,61,2,LIQUIDATION,4,8451.571577,7960.4586764549,8451.571577,2025-02-22 11:48:39
3380,5760,400,4,WITHDRAW,3,2616.279967,,,2025-02-22 12:19:03
3381,5762,76,3,DEPOSIT,1,8833.314137,8833.314137,,2025-02-22 12:39:37
3382,5765,371,4,REPAY,4,6.188976,,6.188976,2025-02-22 14:43:02
3383,5766,89,3,REPAY,2,2532.651266,,2532.651266,2025-02-22 15:11:39
3384,5767,102,4,REPAY,2,456.236249,,456.236249,2025-02-22 15:12:10
3385,5769,69,4,DEPOSIT,3,3927.096508,3927.096508,,2025-02-22 15:23:10
3386,5770,381,3,REPAY,4,3954.66763,,3954.66763,2025-02-22 15:23:40
3387,5772,312,2,WITHDRAW,2,8158.190903,,,2025-02-22 15:34:12
3388,5773,291,4,WITHDRAW,5,7064.73862,,,2025-02-22 16:06:27
3389,5776,408,1,REPAY,5,5192.601405,,5192.601405,2025-02-22 16:23:52
3390,5777,606,2,REPAY,1,328.692645,,328.692645,2025-02-22 17:05:25
3391,5781,850,4,DEPOSIT,3,6123.500159,6123.500159,,2025-02-22 17:50:52
3392,5782,346,3,REPAY,1,139.463717,,139.463717,2025-02-22 18:05:32
3393,5785,917,4,REPAY,3,0.000232,,0.000232,2025-02-22 18:57:47
3394,5786,298,1,BORROW,2,9878.602037,16923.5048543036,9878.602037,2025-02-22 18:58:59
3395,5787,988,2,BORROW,4,6169.014987,9178.3858899318,6169.014987,2025-02-22 19:24:22
3396,5788,353,3,DEPOSIT,5,4645.173939,4645.173939,,2025-02-22 19:31:17
3397,5789,300,3,DEPOSIT,2,8846.433166,8846.433166,,2025-02-22 20:05:27
3398,5790,779,2,WITHDRAW,5,451.962655,,,2025-02-22 20:14:13
3399,5792,433,2,BORROW,5,1591.151067,2017.3139583371,1591.151067,2025-02-22 21:44:50
3400,5795,994,3,REPAY,1,3688.452111,,3688.452111,2025-02-22 22:39:38
3401,5797,736,3,WITHDRAW,5,5167.978133,,,2025-02-22 22:46:41
3402,5800,933,2,REPAY,5,9901.726089,,9901.726089,2025-02-22 23:20:14
3403,5803,223,4,REPAY,2,2.361466,,2.361466,2025-02-23 00:20:00
3404,5804,603,2,REPAY,3,1664.426859,,1664.426859,2025-02-23 00:21:46
3405,5806,555,3,DEPOSIT,1,7469.816843,7469.816843,,2025-02-23 01:26:52
3406,5807,810,4,DEPOSIT,5,5189.257018,5189.257018,,2025-02-23 01:27:04
3407,5808,506,4,REPAY,3,1197.144482,,1197.144482,2025-02-23 01:41:02
3408,5810,714,3,DEPOSIT,4,1395.541882,1395.541882,,2025-02-23 01:48:17
3409,5814,665,1,REPAY,2,3447.63623,,3447.63623,2025-02-23 02:34:49
3410,5815,161,1,LIQUIDATION,2,7794.463189,7354.8100403494,7794.463189,2025-02-23 02:43:56
3411,5816,941,2,REPAY,2,102.775746,,102.775746,2025-02-23 03:02:57
3412,5818,178,2,REPAY,4,1.886144,,1.886144,2025-02-23 03:17:11
3413,5819,569,3,REPAY,1,591.935732,,591.935732,2025-02-23 03:22:41
3414,5821,447,1,REPAY,2,37.8279,,37.8279,2025-02-23 03:49:43
3415,5822,475,3,WITHDRAW,4,5979.358203,,,2025-02-23 03:53:23
3416,5824,272,1,BORROW,4,4219.251702,9289.073565465,4219.251702,2025-02-23 03:58:57
3417,5826,298,3,LIQUIDATION,1,9878.602037,9572.4907838954,9878.602037,2025-02-23 04:17:15
3418,5829,247,4,WITHDRAW,3,6199.868979,,,2025-02-23 04:34:40
3419,5830,472,4,REPAY,4,0.17131,,0.17131,2025-02-23 04:45:36
3420,5831,589,1,REPAY,5,1012.806965,,1012.806965,2025-02-23 04:49:39
3421,5833,362,3,REPAY,3,11.009601,,11.009601,2025-02-23 05:05:54
3422,5834,14,2,LIQUIDATION,5,27.736981,23.5535824537,27.736981,2025-02-23 05:06:09
3423,5835,55,2,REPAY,5,343.503942,,343.503942,2025-02-23 05:09:51
3424,5836,59,2,REPAY,5,6.850763,,6.850763,2025-02-23 05:37:30
3425,5837,770,4,LIQUIDATION,3,2683.600116,2287.9870770733,2683.600116,2025-02-23 05:44:33
3426,5838,94,4,BORROW,1,3643.445679,5690.202165902,3643.445679,2025-02-23 05:53:55
3427,5839,674,3,REPAY,3,29.253458,,29.253458,2025-02-23 06:11:25
3428,5840,282,3,REPAY,5,2036.943447,,2036.943447,2025-02-23 06:27:39
3429,5844,222,1,LIQUIDATION,1,5879.144285,5662.2805757529,5879.144285,2025-02-23 07:02:04
3430,5845,786,1,BORROW,2,6738.733607,14205.1206795806,6738.733607,2025-02-23 07:05:51
3431,5846,205,1,WITHDRAW,3,4702.735799,,,2025-02-23 07:28:59
3432,5847,347,1,WITHDRAW,5,8748.29337,,,2025-02-23 07:38:18
3433,5848,419,1,WITHDRAW,4,1190.981082,,,2025-02-23 08:04:17
3434,5849,384,3,WITHDRAW,3,425.376663,,,2025-02-23 08:10:38
3435,5852,984,2,DEPOSIT,4,791.909765,791.909765,,2025-02-23 08:23:04
3436,5853,265,1,BORROW,4,861.109559,1776.9076429126,861.109559,2025-02-23 08:30:53
3437,5854,713,3,REPAY,5,3715.808975,,3715.808975,2025-02-23 08:35:56
3438,5855,634,1,BORROW,1,4847.375117,8485.0077394391,4847.375117,2025-02-23 08:54:26
3439,5859,91,4,BORROW,3,6136.795654,15134.872063308,6136.795654,2025-02-23 09:30:28
3440,5860,211,1,LIQUIDATION,5,1385.469343,1366.0948651146,1385.469343,2025-02-23 10:18:36
3441,5862,219,2,DEPOSIT,4,2050.523416,2050.523416,,2025-02-23 10:35:58
3442,5863,24,3,REPAY,1,0.212058,,0.212058,2025-02-23 10:36:16
3443,5864,761,3,REPAY,5,7.448179,,7.448179,2025-02-23 10:56:12
3444,5866,301,4,BORROW,5,2887.799365,3990.5089608868,2887.799365,2025-02-23 11:06:17
3445,5868,159,2,REPAY,2,1.042292,,1.042292,2025-02-23 11:31:22
3446,5871,704,3,REPAY,3,552.485836,,552.485836,2025-02-23 11:47:04
3447,5872,197,4,DEPOSIT,5,5048.854393,5048.854393,,2025-02-23 12:02:30
3448,5873,487,1,REPAY,3,71.041524,,71.041524,2025-02-23 12:12:18
3449,5874,330,4,REPAY,2,13.705539,,13.705539,2025-02-23 12:37:15
3450,5875,83,3,REPAY,5,7.972894,,7.972894,2025-02-23 13:25:41
3451,5876,696,1,REPAY,1,557.123603,,557.123603,2025-02-23 13:37:37
3452,5877,752,1,DEPOSIT,4,5570.345559,5570.345559,,2025-02-23 13:41:09
3453,5880,949,3,WITHDRAW,5,1167.724179,,,2025-02-23 13:59:10
3454,5883,465,3,DEPOSIT,2,235.9905,235.9905,,2025-02-23 14:04:31
3455,5884,980,1,BORROW,3,7827.342668,14162.0184496927,7827.342668,2025-02-23 14:28:07
3456,5885,456,1,DEPOSIT,3,6228.242378,6228.242378,,2025-02-23 14:40:27
3457,5886,650,3,REPAY,2,0.929227,,0.929227,2025-02-23 14:43:10
3458,5890,515,1,REPAY,2,69.191634,,69.191634,2025-02-23 15:16:06
3459,5891,577,2,REPAY,3,755.347147,,755.347147,2025-02-23 15:24:17
3460,5892,150,4,REPAY,1,921.138475,,921.138475,2025-02-23 16:02:26
3461,5893,365,2,REPAY,4,200.59381,,200.59381,2025-02-23 16:14:01
3462,5894,403,4,REPAY,3,0.387033,,0.387033,2025-02-23 16:14:28
3463,5897,468,3,REPAY,1,2128.191098,,2128.191098,2025-02-23 16:37:11
3464,5899,161,1,BORROW,4,203.411259,342.128466575,203.411259,2025-02-23 17:16:49
3465,5900,383,2,WITHDRAW,5,8044.27081,,,2025-02-23 17:25:17
3466,5904,811,1,REPAY,2,0.136725,,0.136725,2025-02-23 18:22:38
3467,5905,31,3,WITHDRAW,2,1913.808195,,,2025-02-23 18:27:58
3468,5906,332,3,WITHDRAW,1,8040.177059,,,2025-02-23 18:45:46
3469,5907,211,4,DEPOSIT,1,301.242062,301.242062,,2025-02-23 19:35:27
3470,5911,21,3,WITHDRAW,2,2258.962285,,,2025-02-23 20:25:16
3471,5912,298,3,BORROW,3,1647.405351,3001.5313919124,1647.405351,2025-02-23 20:31:59
3472,5914,580,2,DEPOSIT,3,4722.499665,4722.499665,,2025-02-23 20:39:51
3473,5916,626,3,DEPOSIT,5,4396.372583,4396.372583,,2025-02-23 21:05:36
3474,5917,83,4,REPAY,5,12.705053,,12.705053,2025-02-23 21:08:04
3475,5919,317,3,WITHDRAW,5,2511.969123,,,2025-02-23 22:19:59
3476,5921,844,4,DEPOSIT,2,140.803248,140.803248,,2025-02-23 22:26:20
3477,5922,456,1,DEPOSIT,1,5111.72727,5111.72727,,2025-02-23 22:30:40
3478,5923,553,4,BORROW,2,5327.552921,12434.8902050439,5327.552921,2025-02-23 22:49:15
3479,5924,4,3,REPAY,3,3297.398879,,3297.398879,2025-02-23 22:52:09
3480,5926,697,1,REPAY,1,611.339655,,611.339655,2025-02-23 23:15:42
3481,5929,534,3,WITHDRAW,4,7449.9922,,,2025-02-24 00:06:00
3482,5931,702,2,WITHDRAW,3,3556.588505,,,2025-02-24 00:18:22
3483,5932,739,4,REPAY,4,369.534308,,369.534308,2025-02-24 00:37:32
3484,5933,692,4,DEPOSIT,2,9574.716556,9574.716556,,2025-02-24 00:46:04
3485,5934,813,4,WITHDRAW,2,9837.715029,,,2025-02-24 01:02:40
3486,5935,339,1,REPAY,3,5134.289514,,5134.289514,2025-02-24 01:09:32
3487,5937,84,2,BORROW,5,1052.947096,2149.605557748,1052.947096,2025-02-24 01:19:18
3488,5938,387,3,DEPOSIT,1,6664.512749,6664.512749,,2025-02-24 01:32:15
3489,5939,549,1,DEPOSIT,4,2525.002605,2525.002605,,2025-02-24 01:41:09
3490,5940,480,4,DEPOSIT,4,7155.489463,7155.489463,,2025-02-24 01:42:23
3491,5944,272,3,REPAY,1,1067.973962,,1067.973962,2025-02-24 02:30:14
3492,5945,298,4,LIQUIDATION,1,1647.405351,1400.8687932314,1647.405351,2025-02-24 02:47:18
3493,5946,960,2,REPAY,2,131.765011,,131.765011,2025-02-24 03:40:25
3494,5947,235,3,REPAY,3,1.352751,,1.352751,2025-02-24 03:43:28
3495,5949,173,3,WITHDRAW,3,9969.444157,,,2025-02-24 04:15:50
3496,5950,743,3,DEPOSIT,4,8434.840168,8434.840168,,2025-02-24 04:39:54
3497,5951,225,3,REPAY,4,0.586286,,0.586286,2025-02-24 04:45:26
3498,5952,436,3,DEPOSIT,1,8722.577625,8722.577625,,2025-02-24 04:53:43
3499,5956,635,1,REPAY,4,492.75219,,492.75219,2025-02-24 06:11:35
3500,5957,381,1,REPAY,3,4354.102022,,4354.102022,2025-02-24 06:22:12
3501,5958,919,1,WITHDRAW,2,1438.392283,,,2025-02-24 06:24:47
3502,5959,328,4,REPAY,1,17.582633,,17.582633,2025-02-24 07:10:05
3503,5960,879,2,DEPOSIT,4,8821.442812,8821.442812,,2025-02-24 07:26:56
3808,6431,1000,3,REPAY,5,0.095668,,0.095668,2025-02-28 12:23:05
3504,5962,94,3,REPAY,2,2182.217035,,2182.217035,2025-02-24 07:51:02
3505,5963,311,2,WITHDRAW,4,9784.710171,,,2025-02-24 07:52:21
3506,5964,685,2,WITHDRAW,5,86.382617,,,2025-02-24 07:53:14
3507,5965,512,1,REPAY,3,255.277281,,255.277281,2025-02-24 08:04:49
3508,5966,66,3,DEPOSIT,5,7435.596422,7435.596422,,2025-02-24 08:13:00
3509,5967,542,4,DEPOSIT,5,3249.050647,3249.050647,,2025-02-24 08:49:37
3510,5968,307,1,BORROW,1,5658.177686,7308.0036631984,5658.177686,2025-02-24 09:14:10
3511,5969,835,4,DEPOSIT,2,6465.033746,6465.033746,,2025-02-24 09:26:28
3512,5970,777,1,WITHDRAW,4,9641.796833,,,2025-02-24 09:33:33
3513,5973,819,4,REPAY,3,380.249864,,380.249864,2025-02-24 09:50:35
3514,5974,973,1,REPAY,3,102.020218,,102.020218,2025-02-24 10:08:13
3515,5975,33,3,WITHDRAW,3,7445.190951,,,2025-02-24 10:17:36
3516,5976,307,1,REPAY,2,5325.172784,,5325.172784,2025-02-24 10:30:36
3517,5978,888,4,REPAY,2,333.504824,,333.504824,2025-02-24 10:37:58
3518,5980,827,2,BORROW,1,4977.206782,11078.7574571464,4977.206782,2025-02-24 11:25:07
3519,5981,851,1,DEPOSIT,5,5121.189134,5121.189134,,2025-02-24 11:29:07
3520,5982,760,2,DEPOSIT,2,773.302199,773.302199,,2025-02-24 11:42:36
3521,5985,832,2,WITHDRAW,5,5623.276141,,,2025-02-24 12:25:10
3522,5986,652,3,LIQUIDATION,1,8760.976803,10393.0809989426,8760.976803,2025-02-24 12:40:01
3523,5987,660,2,WITHDRAW,4,9842.893578,,,2025-02-24 13:14:28
3524,5988,575,4,BORROW,5,4911.178928,9758.0982273445,4911.178928,2025-02-24 13:25:26
3525,5990,205,4,WITHDRAW,5,2725.203329,,,2025-02-24 13:56:26
3526,5991,800,1,LIQUIDATION,4,7128.711054,8338.307297875,7128.711054,2025-02-24 13:57:04
3527,5993,38,4,BORROW,4,5454.737658,11181.3239051493,5454.737658,2025-02-24 14:12:06
3528,5998,368,3,BORROW,1,3128.482556,5867.023746321,3128.482556,2025-02-24 15:59:33
3529,5999,275,3,REPAY,5,242.64634,,242.64634,2025-02-24 16:28:32
3530,6001,938,3,REPAY,3,1905.849078,,1905.849078,2025-02-24 17:16:14
3531,6004,331,2,REPAY,4,940.568274,,940.568274,2025-02-24 17:29:38
3532,6005,696,4,LIQUIDATION,1,390.135902,381.911089216,390.135902,2025-02-24 17:32:52
3533,6007,221,3,DEPOSIT,1,3386.263718,3386.263718,,2025-02-24 18:25:17
3534,6009,786,3,REPAY,4,4448.616849,,4448.616849,2025-02-24 19:10:46
3535,6010,519,2,DEPOSIT,1,3918.291547,3918.291547,,2025-02-24 19:11:25
3536,6011,340,4,WITHDRAW,2,2083.674028,,,2025-02-24 19:15:22
3537,6013,990,2,BORROW,3,283.243365,379.6832181509,283.243365,2025-02-24 19:36:44
3538,6015,559,4,BORROW,5,8124.155436,14923.117327765,8124.155436,2025-02-24 19:54:43
3539,6016,933,2,LIQUIDATION,5,5728.963628,5790.6659140377,5728.963628,2025-02-24 20:05:22
3540,6017,924,1,WITHDRAW,2,5903.473716,,,2025-02-24 20:20:45
3541,6018,783,2,BORROW,4,2773.945513,6572.5064494912,2773.945513,2025-02-24 20:22:23
3542,6019,381,4,REPAY,5,1025.925483,,1025.925483,2025-02-24 20:59:33
3543,6020,484,3,REPAY,3,20.74631,,20.74631,2025-02-24 21:00:35
3544,6021,458,2,REPAY,4,757.016176,,757.016176,2025-02-24 21:13:40
3545,6023,340,2,WITHDRAW,2,4394.959742,,,2025-02-24 21:30:32
3546,6025,424,2,REPAY,2,0.185821,,0.185821,2025-02-24 22:31:42
3547,6027,290,4,BORROW,1,5947.36977,7783.9272692604,5947.36977,2025-02-24 22:43:22
3548,6028,728,4,BORROW,5,7193.533244,10231.2592545206,7193.533244,2025-02-24 22:57:22
3549,6029,587,4,REPAY,2,8689.522223,,8689.522223,2025-02-24 23:03:41
3550,6030,732,1,BORROW,4,7174.31484,11675.4260547717,7174.31484,2025-02-24 23:09:05
3551,6031,547,4,DEPOSIT,1,6592.492497,6592.492497,,2025-02-24 23:16:08
3552,6033,288,1,LIQUIDATION,2,6030.064189,5962.6667992681,6030.064189,2025-02-24 23:28:37
3553,6035,907,1,BORROW,3,3718.122629,8280.626344753,3718.122629,2025-02-24 23:55:39
3554,6036,886,1,DEPOSIT,5,7522.777009,7522.777009,,2025-02-25 00:01:58
3555,6038,227,3,WITHDRAW,1,8646.513488,,,2025-02-25 00:07:06
3556,6039,516,2,REPAY,1,5444.187202,,5444.187202,2025-02-25 00:07:23
3557,6040,623,3,BORROW,5,8285.833487,13794.2566307276,8285.833487,2025-02-25 00:15:35
3558,6042,862,1,REPAY,2,2358.87395,,2358.87395,2025-02-25 00:50:35
3559,6043,585,3,DEPOSIT,1,3848.343476,3848.343476,,2025-02-25 00:59:39
3560,6047,180,2,BORROW,5,6614.919322,8856.0091454914,6614.919322,2025-02-25 01:43:30
3561,6050,281,1,REPAY,1,5548.546441,,5548.546441,2025-02-25 02:23:50
3562,6053,734,1,WITHDRAW,5,2838.387991,,,2025-02-25 03:11:59
3563,6054,177,1,DEPOSIT,5,3931.708902,3931.708902,,2025-02-25 03:35:56
3564,6056,657,1,BORROW,5,8004.315138,10795.6154460801,8004.315138,2025-02-25 04:00:21
3565,6057,332,3,DEPOSIT,5,6879.935445,6879.935445,,2025-02-25 04:04:43
3566,6058,967,4,REPAY,1,7.219953,,7.219953,2025-02-25 04:21:10
3567,6059,672,1,WITHDRAW,1,3484.453708,,,2025-02-25 04:24:36
3568,6060,834,1,REPAY,1,491.081579,,491.081579,2025-02-25 04:37:57
3569,6062,31,2,DEPOSIT,2,7058.311975,7058.311975,,2025-02-25 05:14:26
3570,6063,664,4,REPAY,2,1.380317,,1.380317,2025-02-25 05:18:33
3571,6064,53,3,REPAY,4,0.306616,,0.306616,2025-02-25 05:18:58
3572,6068,406,1,WITHDRAW,4,5747.889442,,,2025-02-25 05:50:13
3573,6070,145,3,REPAY,4,2403.567488,,2403.567488,2025-02-25 06:09:12
3574,6072,14,2,WITHDRAW,5,7067.7087,,,2025-02-25 06:34:00
3575,6073,1000,3,REPAY,4,53.108636,,53.108636,2025-02-25 06:41:25
3576,6074,150,1,REPAY,5,1637.669897,,1637.669897,2025-02-25 07:13:19
3577,6075,368,3,LIQUIDATION,5,17117.580069,14611.3883959034,17117.580069,2025-02-25 07:43:44
3578,6076,142,2,REPAY,5,165.203646,,165.203646,2025-02-25 07:47:18
3579,6078,265,4,REPAY,3,362.365344,,362.365344,2025-02-25 07:53:50
3580,6082,101,3,BORROW,3,9046.511133,12279.2657044057,9046.511133,2025-02-25 08:29:49
3581,6083,243,4,REPAY,3,1.378911,,1.378911,2025-02-25 08:31:10
3582,6086,903,1,REPAY,2,13.771778,,13.771778,2025-02-25 09:23:41
3583,6087,578,1,REPAY,2,481.61086,,481.61086,2025-02-25 09:40:24
3584,6088,290,1,REPAY,1,2918.133188,,2918.133188,2025-02-25 09:50:07
3585,6092,1000,3,REPAY,2,18.683251,,18.683251,2025-02-25 11:41:02
3586,6093,740,3,DEPOSIT,2,7548.891576,7548.891576,,2025-02-25 12:09:41
3587,6094,673,3,WITHDRAW,4,4167.545656,,,2025-02-25 12:27:30
3588,6098,731,3,WITHDRAW,5,4445.352948,,,2025-02-25 13:17:21
3589,6099,221,1,REPAY,1,206.361924,,206.361924,2025-02-25 14:10:38
3590,6100,490,2,REPAY,3,1.805991,,1.805991,2025-02-25 15:02:36
3591,6101,954,4,LIQUIDATION,1,7458.33109,8426.210177726,7458.33109,2025-02-25 15:07:47
3592,6102,372,1,DEPOSIT,5,6280.343982,6280.343982,,2025-02-25 15:17:47
3593,6104,857,2,LIQUIDATION,4,10650.782585,10873.8081687113,10650.782585,2025-02-25 15:43:30
3594,6105,799,1,REPAY,4,620.762197,,620.762197,2025-02-25 15:46:10
3595,6106,230,4,DEPOSIT,3,4193.576348,4193.576348,,2025-02-25 16:03:55
3596,6107,935,2,WITHDRAW,4,4983.608644,,,2025-02-25 16:23:25
3597,6113,490,2,REPAY,5,0.931633,,0.931633,2025-02-25 16:58:54
3598,6114,13,3,REPAY,1,1448.663687,,1448.663687,2025-02-25 17:32:34
3599,6115,198,3,DEPOSIT,1,875.721736,875.721736,,2025-02-25 17:43:29
3600,6116,59,3,REPAY,2,5.968315,,5.968315,2025-02-25 17:52:25
3601,6121,940,3,BORROW,4,9955.226921,23780.8276976495,9955.226921,2025-02-25 18:51:59
3602,6122,497,1,DEPOSIT,3,1700.92695,1700.92695,,2025-02-25 19:10:26
3603,6124,885,1,DEPOSIT,3,3425.816847,3425.816847,,2025-02-25 20:27:16
3604,6128,235,3,DEPOSIT,2,3965.987471,3965.987471,,2025-02-25 21:11:44
3605,6129,650,1,REPAY,1,2.505128,,2.505128,2025-02-25 21:23:28
3606,6130,210,2,WITHDRAW,2,2019.582562,,,2025-02-25 21:26:46
3607,6131,245,4,REPAY,3,509.186468,,509.186468,2025-02-25 21:45:58
3608,6132,331,2,REPAY,1,664.258639,,664.258639,2025-02-25 22:00:00
3609,6133,544,4,DEPOSIT,5,341.962791,341.962791,,2025-02-25 22:04:39
3610,6134,818,1,REPAY,2,763.223977,,763.223977,2025-02-25 22:08:33
3611,6135,719,1,LIQUIDATION,1,8735.032175,8244.4929720909,8735.032175,2025-02-25 22:13:39
3612,6136,42,3,REPAY,3,27.64796,,27.64796,2025-02-25 22:29:55
3613,6137,232,1,WITHDRAW,4,4070.858728,,,2025-02-25 22:51:32
3614,6143,933,4,BORROW,1,5301.479652,7351.2970251565,5301.479652,2025-02-26 00:04:52
3615,6144,75,3,DEPOSIT,4,5285.676447,5285.676447,,2025-02-26 00:10:59
3616,6145,1000,4,REPAY,4,9.153371,,9.153371,2025-02-26 00:17:53
3617,6146,56,4,DEPOSIT,2,156.056409,156.056409,,2025-02-26 00:22:18
3618,6147,298,2,WITHDRAW,3,5080.659764,,,2025-02-26 00:24:31
3619,6150,289,3,REPAY,5,1344.406195,,1344.406195,2025-02-26 01:18:04
3620,6151,123,4,WITHDRAW,1,3682.455816,,,2025-02-26 01:23:17
3621,6152,235,3,REPAY,5,3.928218,,3.928218,2025-02-26 01:48:53
3622,6154,422,3,REPAY,5,1617.92417,,1617.92417,2025-02-26 02:04:03
3623,6156,810,4,REPAY,4,3407.544505,,3407.544505,2025-02-26 03:48:32
3624,6157,983,1,REPAY,5,1272.550013,,1272.550013,2025-02-26 04:00:00
3625,6159,572,1,REPAY,2,1650.317534,,1650.317534,2025-02-26 04:11:39
3626,6161,394,1,BORROW,4,2674.991626,6249.2975074425,2674.991626,2025-02-26 04:27:50
3627,6162,782,1,WITHDRAW,1,3275.732349,,,2025-02-26 04:55:48
3628,6165,924,2,WITHDRAW,1,9210.002863,,,2025-02-26 05:00:49
3629,6166,735,1,REPAY,4,2236.329267,,2236.329267,2025-02-26 05:35:23
3630,6168,526,2,REPAY,4,12.11683,,12.11683,2025-02-26 05:53:47
3631,6169,647,4,REPAY,2,127.959848,,127.959848,2025-02-26 05:58:03
3632,6170,169,1,DEPOSIT,5,2771.572833,2771.572833,,2025-02-26 06:28:51
3633,6172,762,2,REPAY,4,1175.009631,,1175.009631,2025-02-26 06:41:33
3634,6174,855,1,LIQUIDATION,2,12307.652124,10624.3336909165,12307.652124,2025-02-26 06:49:40
3635,6175,537,2,BORROW,4,6541.854405,12471.725451157,6541.854405,2025-02-26 07:00:55
3636,6177,288,1,WITHDRAW,3,8375.055164,,,2025-02-26 07:18:19
3637,6178,685,4,WITHDRAW,3,2828.100368,,,2025-02-26 07:39:59
3638,6180,372,4,WITHDRAW,2,3892.45451,,,2025-02-26 08:03:15
3639,6181,324,1,REPAY,4,36.015827,,36.015827,2025-02-26 08:22:18
3640,6182,606,2,REPAY,1,1072.552105,,1072.552105,2025-02-26 08:23:49
3641,6183,178,1,REPAY,1,0.259159,,0.259159,2025-02-26 08:24:54
3642,6184,985,2,BORROW,3,7982.804009,10924.7687650252,7982.804009,2025-02-26 08:29:09
3643,6185,586,4,REPAY,4,188.923973,,188.923973,2025-02-26 09:11:10
3644,6187,907,1,REPAY,1,4171.256271,,4171.256271,2025-02-26 09:46:20
3645,6188,382,2,WITHDRAW,2,3533.976881,,,2025-02-26 10:08:28
3646,6189,425,1,WITHDRAW,2,4244.184345,,,2025-02-26 10:10:59
3647,6190,425,4,WITHDRAW,4,548.209525,,,2025-02-26 10:11:11
3648,6192,902,4,DEPOSIT,3,5560.760823,5560.760823,,2025-02-26 10:14:39
3649,6193,106,3,REPAY,5,770.702664,,770.702664,2025-02-26 10:32:22
3650,6194,705,1,DEPOSIT,5,5017.301452,5017.301452,,2025-02-26 10:34:01
3651,6195,518,1,REPAY,5,1152.735888,,1152.735888,2025-02-26 10:34:35
3652,6197,412,1,WITHDRAW,1,9529.254854,,,2025-02-26 11:06:27
3653,6199,830,4,WITHDRAW,1,9941.644442,,,2025-02-26 11:21:20
3654,6201,519,2,WITHDRAW,4,9014.384686,,,2025-02-26 11:33:52
3655,6202,484,2,LIQUIDATION,1,19.556099,18.1685761008,19.556099,2025-02-26 11:49:59
3656,6203,905,2,BORROW,2,4089.160293,8522.6459380941,4089.160293,2025-02-26 12:02:55
3657,6204,54,1,BORROW,2,2589.581594,3924.4158371138,2589.581594,2025-02-26 12:09:15
3658,6205,32,4,BORROW,5,9996.179867,13523.9827703241,9996.179867,2025-02-26 12:27:22
3659,6207,949,4,DEPOSIT,2,9085.814145,9085.814145,,2025-02-26 12:39:00
3660,6209,547,2,BORROW,2,5723.814989,10483.1416801351,5723.814989,2025-02-26 12:59:39
3661,6211,314,4,REPAY,5,34.606574,,34.606574,2025-02-26 13:16:13
3662,6212,28,4,REPAY,3,2663.427241,,2663.427241,2025-02-26 13:42:06
3663,6213,944,2,WITHDRAW,1,7250.748903,,,2025-02-26 13:49:08
3664,6215,508,1,DEPOSIT,4,15.461715,15.461715,,2025-02-26 14:09:59
3665,6216,312,4,DEPOSIT,2,8616.78579,8616.78579,,2025-02-26 14:14:48
3666,6217,171,3,WITHDRAW,5,2019.180017,,,2025-02-26 14:27:56
3667,6220,524,2,REPAY,1,113.176038,,113.176038,2025-02-26 14:55:53
3668,6222,568,2,WITHDRAW,5,4290.33208,,,2025-02-26 15:18:31
3669,6223,130,2,REPAY,3,60.593119,,60.593119,2025-02-26 15:40:06
3670,6224,796,1,BORROW,3,3343.190089,6571.5331697963,3343.190089,2025-02-26 15:56:23
3671,6225,106,4,REPAY,1,91.751051,,91.751051,2025-02-26 15:59:38
3672,6227,614,3,WITHDRAW,5,2453.885976,,,2025-02-26 16:06:26
3673,6228,765,3,REPAY,5,43.697362,,43.697362,2025-02-26 16:18:14
3674,6230,220,2,REPAY,5,328.983086,,328.983086,2025-02-26 17:14:15
3675,6231,473,3,REPAY,4,69.574938,,69.574938,2025-02-26 17:21:31
3676,6232,565,3,DEPOSIT,4,4900.523235,4900.523235,,2025-02-26 17:23:30
3677,6238,207,2,REPAY,1,2.20903,,2.20903,2025-02-26 19:46:35
3678,6239,158,3,BORROW,1,1162.277923,2267.8035660011,1162.277923,2025-02-26 20:00:12
3679,6244,140,3,REPAY,4,407.140499,,407.140499,2025-02-26 21:46:59
3680,6245,33,3,BORROW,3,1866.895486,4079.7492296501,1866.895486,2025-02-26 21:52:23
3681,6246,53,4,BORROW,5,1255.807193,2192.5040303662,1255.807193,2025-02-26 22:03:51
3682,6247,643,3,WITHDRAW,1,242.265676,,,2025-02-26 22:16:07
3683,6248,166,1,REPAY,1,139.579149,,139.579149,2025-02-26 22:35:45
3684,6249,956,4,WITHDRAW,2,4680.590047,,,2025-02-26 23:04:42
3685,6251,915,3,DEPOSIT,1,3705.045293,3705.045293,,2025-02-26 23:18:55
3686,6253,303,1,REPAY,5,409.236647,,409.236647,2025-02-26 23:41:09
3687,6254,763,1,WITHDRAW,4,3546.087655,,,2025-02-27 00:01:08
3688,6255,750,1,BORROW,5,8947.845232,18741.0148457338,8947.845232,2025-02-27 00:06:08
3689,6257,963,3,REPAY,1,188.11646,,188.11646,2025-02-27 01:07:58
3690,6259,727,2,WITHDRAW,3,7783.426932,,,2025-02-27 01:30:02
3691,6260,944,4,REPAY,5,80.29746,,80.29746,2025-02-27 01:43:49
3692,6263,538,3,BORROW,3,2446.078218,4565.3434869102,2446.078218,2025-02-27 02:22:39
3693,6264,617,2,BORROW,4,4199.221241,10164.6508100456,4199.221241,2025-02-27 02:25:59
3694,6265,988,2,REPAY,2,1664.094666,,1664.094666,2025-02-27 02:48:48
3695,6267,473,2,REPAY,1,4.753017,,4.753017,2025-02-27 02:58:03
3696,6269,505,4,REPAY,5,5878.05109,,5878.05109,2025-02-27 02:59:59
3697,6270,657,1,REPAY,2,6168.326695,,6168.326695,2025-02-27 03:10:53
3698,6272,649,4,REPAY,3,6503.002065,,6503.002065,2025-02-27 03:38:04
3699,6273,937,3,WITHDRAW,2,7412.217466,,,2025-02-27 04:05:43
3700,6274,787,3,REPAY,4,4.648649,,4.648649,2025-02-27 04:32:59
3701,6275,596,1,LIQUIDATION,3,2668.774012,2948.8608559802,2668.774012,2025-02-27 04:33:09
3702,6276,107,4,WITHDRAW,2,5705.142687,,,2025-02-27 04:41:59
3703,6277,867,2,BORROW,2,7625.349658,14174.2904492232,7625.349658,2025-02-27 04:47:21
3704,6278,128,1,BORROW,4,2657.90712,4416.5098895995,2657.90712,2025-02-27 05:01:08
3705,6282,36,4,WITHDRAW,2,9365.169699,,,2025-02-27 05:51:11
3706,6283,696,3,DEPOSIT,5,7125.44211,7125.44211,,2025-02-27 06:00:50
3707,6286,714,1,BORROW,2,6362.863816,11970.1906327349,6362.863816,2025-02-27 06:22:25
3708,6288,706,1,DEPOSIT,4,4844.642229,4844.642229,,2025-02-27 06:29:03
3709,6289,88,4,REPAY,2,30.365642,,30.365642,2025-02-27 06:31:38
3710,6291,588,4,LIQUIDATION,1,3242.033484,2824.1585971937,3242.033484,2025-02-27 06:54:45
3711,6292,914,3,WITHDRAW,3,3075.723001,,,2025-02-27 06:58:29
3712,6294,746,1,BORROW,2,5435.770808,6792.8810886755,5435.770808,2025-02-27 07:17:23
3713,6295,10,4,REPAY,5,889.995015,,889.995015,2025-02-27 07:27:17
3714,6297,586,2,REPAY,5,14.116496,,14.116496,2025-02-27 07:41:44
3715,6299,439,1,REPAY,1,13.955287,,13.955287,2025-02-27 08:26:10
3716,6301,434,4,WITHDRAW,3,3668.096065,,,2025-02-27 08:44:38
3717,6302,732,2,REPAY,1,6047.897351,,6047.897351,2025-02-27 08:48:50
3718,6303,307,1,LIQUIDATION,4,333.004902,384.0195574958,333.004902,2025-02-27 09:02:39
3719,6304,307,4,DEPOSIT,4,6402.937187,6402.937187,,2025-02-27 09:19:32
3720,6305,849,1,DEPOSIT,2,6787.715923,6787.715923,,2025-02-27 09:23:41
3721,6307,819,4,REPAY,4,653.587103,,653.587103,2025-02-27 09:38:02
3722,6308,977,2,BORROW,1,9472.462052,21012.5564551118,9472.462052,2025-02-27 09:56:04
3723,6311,951,3,REPAY,3,931.646994,,931.646994,2025-02-27 10:28:59
3724,6312,162,3,DEPOSIT,1,699.640303,699.640303,,2025-02-27 10:38:38
3725,6313,512,3,REPAY,5,161.425542,,161.425542,2025-02-27 11:33:48
3726,6315,963,1,REPAY,4,65.89256,,65.89256,2025-02-27 12:24:33
3727,6316,91,4,REPAY,1,4987.233055,,4987.233055,2025-02-27 12:33:04
3728,6317,650,4,REPAY,4,3.704683,,3.704683,2025-02-27 13:09:17
3729,6319,964,2,BORROW,3,2829.030055,6012.327367698,2829.030055,2025-02-27 13:46:24
3730,6320,790,1,LIQUIDATION,5,146.856079,151.5943932498,146.856079,2025-02-27 14:12:34
3731,6321,463,4,REPAY,1,1722.503516,,1722.503516,2025-02-27 14:19:29
3732,6323,73,2,REPAY,2,9.096121,,9.096121,2025-02-27 14:57:36
3733,6324,289,1,REPAY,3,312.375031,,312.375031,2025-02-27 15:09:22
3734,6325,63,3,REPAY,4,2582.648885,,2582.648885,2025-02-27 15:17:52
3735,6328,844,4,DEPOSIT,1,2786.957965,2786.957965,,2025-02-27 17:36:46
3736,6329,508,2,DEPOSIT,4,5370.57833,5370.57833,,2025-02-27 17:40:39
3737,6330,983,2,REPAY,1,708.915383,,708.915383,2025-02-27 17:44:40
3738,6331,281,2,REPAY,4,3827.388611,,3827.388611,2025-02-27 17:59:14
3739,6332,491,2,WITHDRAW,2,3053.83354,,,2025-02-27 18:05:28
3740,6333,792,2,REPAY,2,1925.525362,,1925.525362,2025-02-27 18:08:32
3741,6334,511,2,WITHDRAW,3,3058.993261,,,2025-02-27 18:11:36
3742,6335,225,1,WITHDRAW,1,7186.101158,,,2025-02-27 18:12:41
3743,6336,932,2,REPAY,1,156.982435,,156.982435,2025-02-27 18:59:03
3744,6337,505,2,REPAY,5,610.646395,,610.646395,2025-02-27 19:08:16
3745,6338,787,2,REPAY,1,21.541247,,21.541247,2025-02-27 19:18:17
3746,6339,851,3,BORROW,3,2769.379838,4131.4299026693,2769.379838,2025-02-27 19:25:27
3747,6340,751,4,DEPOSIT,5,9214.943098,9214.943098,,2025-02-27 20:35:57
3748,6341,168,2,REPAY,3,143.740092,,143.740092,2025-02-27 20:41:00
3749,6342,459,4,WITHDRAW,2,5418.322096,,,2025-02-27 20:53:38
3750,6344,712,4,REPAY,3,93.104997,,93.104997,2025-02-27 21:43:23
3751,6345,96,2,REPAY,5,7078.711297,,7078.711297,2025-02-27 21:50:18
3752,6346,405,3,REPAY,3,611.362925,,611.362925,2025-02-27 22:21:00
3753,6347,116,3,REPAY,2,0.509458,,0.509458,2025-02-27 22:24:53
3754,6349,180,4,REPAY,1,5026.447754,,5026.447754,2025-02-27 22:28:20
3755,6351,827,4,LIQUIDATION,5,9785.124284,9520.3530111216,9785.124284,2025-02-27 22:36:30
3756,6353,340,1,WITHDRAW,1,1295.793239,,,2025-02-27 22:50:56
3757,6354,213,2,REPAY,1,288.540886,,288.540886,2025-02-27 22:59:55
3758,6357,176,1,BORROW,4,8273.137276,16491.3828781223,8273.137276,2025-02-27 23:28:26
3759,6358,906,3,REPAY,1,230.665336,,230.665336,2025-02-28 00:17:56
3760,6361,467,2,LIQUIDATION,2,892.058432,715.9878041552,892.058432,2025-02-28 00:36:44
3761,6362,541,3,LIQUIDATION,5,6253.552696,5176.1502015869,6253.552696,2025-02-28 00:41:55
3762,6363,577,4,REPAY,3,232.376829,,232.376829,2025-02-28 00:45:06
3763,6364,374,2,BORROW,5,1098.338502,2051.6677269628,1098.338502,2025-02-28 00:46:05
3764,6365,895,2,REPAY,5,1191.42457,,1191.42457,2025-02-28 00:50:12
3765,6366,88,4,LIQUIDATION,5,5.331451,5.6475029915,5.331451,2025-02-28 01:02:10
3766,6367,647,1,REPAY,2,110.349318,,110.349318,2025-02-28 01:54:55
3767,6368,100,1,BORROW,4,8528.34125,11528.0821678576,8528.34125,2025-02-28 02:16:13
3768,6369,577,1,REPAY,2,306.940138,,306.940138,2025-02-28 02:22:50
3769,6371,79,2,WITHDRAW,3,1353.288686,,,2025-02-28 02:37:51
3770,6372,245,2,REPAY,4,1580.109711,,1580.109711,2025-02-28 02:43:53
3771,6373,831,4,REPAY,2,18.747763,,18.747763,2025-02-28 02:46:08
3772,6374,930,2,WITHDRAW,3,840.876492,,,2025-02-28 02:48:48
3773,6375,682,4,DEPOSIT,2,100.746403,100.746403,,2025-02-28 03:02:34
3774,6376,732,1,DEPOSIT,2,9265.743373,9265.743373,,2025-02-28 03:39:02
3775,6377,909,3,REPAY,5,105.02841,,105.02841,2025-02-28 03:48:25
3776,6381,299,3,REPAY,4,28.15121,,28.15121,2025-02-28 04:24:38
3777,6386,573,4,DEPOSIT,1,8270.641281,8270.641281,,2025-02-28 05:07:31
3778,6387,118,4,LIQUIDATION,4,1079.681331,951.2619981982,1079.681331,2025-02-28 05:34:54
3779,6389,993,2,BORROW,5,4784.023157,10817.7661900141,4784.023157,2025-02-28 05:44:45
3780,6390,630,2,REPAY,5,25.281745,,25.281745,2025-02-28 05:53:57
3781,6391,250,2,WITHDRAW,5,417.955429,,,2025-02-28 05:55:09
3782,6392,524,1,WITHDRAW,5,2352.975075,,,2025-02-28 05:58:59
3783,6393,771,4,BORROW,3,7502.822826,15511.6341218553,7502.822826,2025-02-28 06:04:10
3784,6395,198,2,WITHDRAW,1,7217.409196,,,2025-02-28 06:23:15
3785,6396,206,4,BORROW,4,5689.076606,10089.3848311825,5689.076606,2025-02-28 06:34:12
3786,6397,134,2,WITHDRAW,2,2468.814816,,,2025-02-28 06:53:26
3787,6398,627,2,REPAY,4,546.329634,,546.329634,2025-02-28 06:54:32
3788,6399,73,1,REPAY,3,5.34669,,5.34669,2025-02-28 07:00:33
3789,6401,65,3,REPAY,4,1448.242933,,1448.242933,2025-02-28 07:19:55
3790,6402,495,3,REPAY,1,234.761481,,234.761481,2025-02-28 07:23:09
3791,6404,58,4,REPAY,3,10.608358,,10.608358,2025-02-28 07:30:38
3792,6405,120,2,WITHDRAW,3,9695.582826,,,2025-02-28 07:39:27
3793,6406,403,1,REPAY,4,0.04094,,0.04094,2025-02-28 07:56:02
3794,6407,457,4,REPAY,4,1973.218021,,1973.218021,2025-02-28 07:56:02
3795,6409,345,3,DEPOSIT,1,5741.079038,5741.079038,,2025-02-28 08:01:31
3796,6410,727,1,DEPOSIT,4,3646.267305,3646.267305,,2025-02-28 08:07:47
3797,6411,625,2,WITHDRAW,4,1402.596224,,,2025-02-28 08:20:25
3798,6413,649,1,REPAY,4,726.875858,,726.875858,2025-02-28 08:49:01
3799,6414,91,4,REPAY,1,700.284608,,700.284608,2025-02-28 08:53:50
3800,6416,759,3,REPAY,3,657.968301,,657.968301,2025-02-28 09:20:15
3801,6417,280,2,REPAY,3,7.87429,,7.87429,2025-02-28 09:31:59
3802,6421,544,4,WITHDRAW,3,678.621454,,,2025-02-28 10:45:13
3803,6422,624,1,BORROW,3,9799.185168,12805.7778668833,9799.185168,2025-02-28 11:03:06
3804,6425,146,3,BORROW,5,736.072722,1118.1618646692,736.072722,2025-02-28 11:18:15
3805,6427,156,4,WITHDRAW,3,2877.193226,,,2025-02-28 11:23:10
3806,6428,126,3,WITHDRAW,1,8996.188208,,,2025-02-28 11:28:59
3807,6429,752,1,WITHDRAW,5,8188.448892,,,2025-02-28 11:41:33
3809,6432,739,1,REPAY,2,41.850611,,41.850611,2025-02-28 12:23:45
3810,6433,435,2,REPAY,5,19.96591,,19.96591,2025-02-28 12:28:21
3811,6435,319,1,WITHDRAW,1,3631.22059,,,2025-02-28 12:57:25
3812,6436,596,3,DEPOSIT,1,8714.44228,8714.44228,,2025-02-28 12:58:54
3813,6438,597,2,DEPOSIT,2,9046.509479,9046.509479,,2025-02-28 13:15:05
3814,6439,952,2,REPAY,5,791.07492,,791.07492,2025-02-28 13:22:13
3815,6440,79,1,BORROW,3,2701.332612,4457.4079202855,2701.332612,2025-02-28 13:23:20
3816,6442,575,2,REPAY,4,1144.276769,,1144.276769,2025-02-28 13:47:16
3817,6443,82,1,BORROW,2,969.274381,1971.0239893681,969.274381,2025-02-28 14:19:27
3818,6446,359,3,REPAY,4,701.668749,,701.668749,2025-02-28 14:42:32
3819,6447,154,4,WITHDRAW,1,696.035337,,,2025-02-28 14:47:42
3820,6448,240,3,REPAY,3,659.874805,,659.874805,2025-02-28 15:07:57
3821,6450,581,3,REPAY,1,2875.824552,,2875.824552,2025-02-28 15:10:10
3822,6451,596,4,DEPOSIT,5,4016.16638,4016.16638,,2025-02-28 15:21:23
3823,6453,21,2,REPAY,4,308.433471,,308.433471,2025-02-28 15:31:39
3824,6454,368,3,WITHDRAW,1,9852.11654,,,2025-02-28 15:51:38
3825,6455,196,4,DEPOSIT,5,8121.926161,8121.926161,,2025-02-28 15:58:21
3826,6456,695,4,REPAY,2,99.881183,,99.881183,2025-02-28 16:05:53
3827,6457,818,3,REPAY,2,204.894276,,204.894276,2025-02-28 16:08:22
3828,6458,715,1,BORROW,5,1829.159466,3112.3965440032,1829.159466,2025-02-28 16:26:42
3829,6459,745,1,REPAY,4,30.552743,,30.552743,2025-02-28 16:54:19
3830,6460,335,1,REPAY,4,972.595904,,972.595904,2025-02-28 16:56:32
3831,6462,941,3,REPAY,3,19.897209,,19.897209,2025-02-28 17:47:11
3832,6463,951,2,REPAY,2,539.615959,,539.615959,2025-02-28 18:01:26
3833,6465,66,4,WITHDRAW,4,8783.958751,,,2025-02-28 18:28:56
3834,6468,421,4,WITHDRAW,5,3105.071384,,,2025-02-28 18:46:20
3835,6469,958,2,REPAY,1,1451.132223,,1451.132223,2025-02-28 18:55:45
3836,6470,416,3,DEPOSIT,4,2763.173634,2763.173634,,2025-02-28 18:58:04
3837,6472,370,2,REPAY,2,1839.031314,,1839.031314,2025-02-28 19:09:00
3838,6474,166,2,REPAY,3,1.986828,,1.986828,2025-02-28 19:16:52
3839,6475,38,3,REPAY,2,1115.648819,,1115.648819,2025-02-28 19:18:08
3840,6476,58,1,REPAY,1,6.231896,,6.231896,2025-02-28 19:45:13
3841,6477,650,2,REPAY,5,0.02515,,0.02515,2025-02-28 19:45:20
3842,6480,425,3,BORROW,4,7483.627074,13635.6771024809,7483.627074,2025-02-28 20:17:24
3843,6481,3,4,REPAY,1,81.550879,,81.550879,2025-02-28 20:20:18
3844,6483,403,3,REPAY,2,0.063587,,0.063587,2025-02-28 20:54:51
3845,6484,375,1,DEPOSIT,2,882.010249,882.010249,,2025-02-28 20:57:30
3846,6485,627,3,REPAY,4,182.663416,,182.663416,2025-02-28 21:01:15
3847,6486,230,1,BORROW,2,8745.781665,17355.742051584,8745.781665,2025-02-28 21:09:34
3848,6487,431,2,REPAY,2,0.110876,,0.110876,2025-02-28 21:17:39
3849,6488,4,3,WITHDRAW,4,345.117511,,,2025-02-28 21:42:16
3850,6489,953,4,REPAY,1,458.845993,,458.845993,2025-02-28 21:59:37
3851,6491,109,1,BORROW,3,4711.195025,6427.1603097582,4711.195025,2025-02-28 22:45:08
3852,6492,436,2,BORROW,2,451.539174,1012.3019006945,451.539174,2025-02-28 22:57:46
3853,6493,862,2,REPAY,2,914.844853,,914.844853,2025-02-28 23:05:27
3854,6495,235,4,REPAY,5,0.535027,,0.535027,2025-03-01 00:17:52
3855,6497,815,4,REPAY,3,15.493921,,15.493921,2025-03-01 00:20:37
3856,6500,773,4,REPAY,4,7.732286,,7.732286,2025-03-01 01:04:22
3857,6502,287,3,LIQUIDATION,3,70.503709,80.1181274252,70.503709,2025-03-01 01:07:35
3858,6503,18,4,REPAY,4,3333.748032,,3333.748032,2025-03-01 01:19:23
3859,6505,101,2,REPAY,3,2788.334731,,2788.334731,2025-03-01 02:05:38
3860,6506,606,2,REPAY,5,154.312218,,154.312218,2025-03-01 02:05:40
3861,6509,581,4,REPAY,4,880.371405,,880.371405,2025-03-01 03:18:23
3862,6510,161,2,LIQUIDATION,3,203.411259,178.532143322,203.411259,2025-03-01 03:19:30
3863,6513,786,4,REPAY,3,1318.341991,,1318.341991,2025-03-01 03:35:55
3864,6515,798,4,LIQUIDATION,2,2844.087605,2808.7715894378,2844.087605,2025-03-01 03:45:02
3865,6517,533,1,BORROW,5,679.61276,1106.0579439633,679.61276,2025-03-01 03:49:24
3866,6518,853,4,DEPOSIT,2,8379.676685,8379.676685,,2025-03-01 03:55:53
3867,6521,975,3,REPAY,3,1884.88137,,1884.88137,2025-03-01 04:23:36
3868,6523,313,4,LIQUIDATION,5,6090.058517,5705.2110274543,6090.058517,2025-03-01 04:33:47
3869,6524,294,3,DEPOSIT,4,8365.143741,8365.143741,,2025-03-01 04:38:29
3870,6525,857,4,WITHDRAW,1,3326.55174,,,2025-03-01 04:59:42
3871,6526,386,2,WITHDRAW,5,967.580731,,,2025-03-01 05:03:05
3872,6530,138,1,BORROW,3,8911.08752,18761.9728939947,8911.08752,2025-03-01 05:44:25
3873,6531,310,4,DEPOSIT,5,3612.116315,3612.116315,,2025-03-01 05:57:11
3874,6533,391,2,WITHDRAW,2,7144.065766,,,2025-03-01 06:10:01
3875,6534,257,4,WITHDRAW,1,5651.84077,,,2025-03-01 06:16:35
3876,6535,54,1,LIQUIDATION,5,12021.527942,13270.7614007886,12021.527942,2025-03-01 06:54:49
3877,6536,750,3,LIQUIDATION,2,18792.767988,15766.699239496,18792.767988,2025-03-01 07:10:26
3878,6538,344,2,REPAY,3,5156.44726,,5156.44726,2025-03-01 07:32:43
3879,6539,296,4,LIQUIDATION,4,1397.253076,1151.2937707518,1397.253076,2025-03-01 07:36:06
3880,6540,47,4,WITHDRAW,4,7823.837173,,,2025-03-01 07:46:34
3881,6541,771,3,BORROW,3,779.3837,1442.7956911082,779.3837,2025-03-01 07:57:17
3882,6542,135,1,BORROW,3,1631.58475,2440.4507468133,1631.58475,2025-03-01 08:04:06
3883,6544,367,4,REPAY,4,312.187276,,312.187276,2025-03-01 08:33:03
3884,6546,344,3,REPAY,5,207.509703,,207.509703,2025-03-01 09:13:53
3885,6547,97,1,REPAY,5,2.416101,,2.416101,2025-03-01 09:17:42
3886,6549,986,4,REPAY,5,162.45593,,162.45593,2025-03-01 10:03:31
3887,6550,355,1,DEPOSIT,1,3470.04553,3470.04553,,2025-03-01 10:13:17
3888,6551,883,1,WITHDRAW,2,7108.816771,,,2025-03-01 10:21:55
3889,6552,437,4,BORROW,5,1862.258421,3517.7493949102,1862.258421,2025-03-01 10:35:59
3890,6553,746,4,BORROW,2,1021.298393,2378.0611517025,1021.298393,2025-03-01 11:08:46
3891,6554,8,2,REPAY,5,743.491154,,743.491154,2025-03-01 11:17:35
3892,6555,951,1,REPAY,4,8.417758,,8.417758,2025-03-01 11:20:52
3893,6558,815,3,DEPOSIT,1,1209.792559,1209.792559,,2025-03-01 12:37:28
3894,6559,321,3,DEPOSIT,1,3767.237699,3767.237699,,2025-03-01 13:06:25
3895,6564,577,2,REPAY,2,65.883976,,65.883976,2025-03-01 14:14:06
3896,6566,827,2,DEPOSIT,1,6531.173738,6531.173738,,2025-03-01 14:51:55
3897,6567,641,2,BORROW,5,6559.621118,13533.6589028961,6559.621118,2025-03-01 15:07:15
3898,6570,739,3,WITHDRAW,2,9826.706343,,,2025-03-01 16:17:44
3899,6572,723,3,WITHDRAW,3,619.219131,,,2025-03-01 16:34:20
3900,6573,103,2,REPAY,5,285.80901,,285.80901,2025-03-01 16:43:11
3901,6574,864,1,DEPOSIT,1,5817.013242,5817.013242,,2025-03-01 17:06:12
3902,6577,879,2,DEPOSIT,4,4204.081623,4204.081623,,2025-03-01 18:07:47
3903,6578,195,1,REPAY,3,6.84993,,6.84993,2025-03-01 18:19:26
3904,6579,583,4,DEPOSIT,5,1952.973292,1952.973292,,2025-03-01 18:22:10
3905,6580,10,4,REPAY,3,1062.318391,,1062.318391,2025-03-01 18:30:08
3906,6581,740,2,DEPOSIT,3,1375.643565,1375.643565,,2025-03-01 18:46:11
3907,6582,70,2,WITHDRAW,1,645.630112,,,2025-03-01 19:17:07
3908,6585,923,3,BORROW,3,874.21934,1050.1192093156,874.21934,2025-03-01 19:40:26
3909,6586,168,2,REPAY,4,359.661424,,359.661424,2025-03-01 19:46:01
3910,6587,534,1,BORROW,2,9068.64735,16095.3002984904,9068.64735,2025-03-01 19:46:54
3911,6588,276,2,WITHDRAW,1,7350.016348,,,2025-03-01 19:51:06
3912,6589,482,3,WITHDRAW,1,6466.588297,,,2025-03-01 20:10:27
3913,6591,256,2,WITHDRAW,2,1641.931616,,,2025-03-01 20:37:49
3914,6592,191,3,REPAY,3,14.608482,,14.608482,2025-03-01 20:41:43
3915,6597,973,3,REPAY,5,741.72382,,741.72382,2025-03-01 21:37:43
3916,6598,652,2,BORROW,1,9317.023217,21208.7420598105,9317.023217,2025-03-01 21:45:49
3917,6599,281,2,WITHDRAW,3,7045.338683,,,2025-03-01 21:54:10
3918,6600,772,1,WITHDRAW,2,8052.241584,,,2025-03-01 22:12:10
3919,6601,942,1,BORROW,2,8565.461648,19034.5614728502,8565.461648,2025-03-01 22:31:37
3920,6603,813,2,DEPOSIT,2,9836.493346,9836.493346,,2025-03-01 23:20:10
3921,6604,145,4,REPAY,1,1347.776873,,1347.776873,2025-03-01 23:20:20
3922,6608,630,3,REPAY,4,12.984716,,12.984716,2025-03-02 00:36:14
3923,6609,713,1,REPAY,2,905.456581,,905.456581,2025-03-02 01:17:44
3924,6610,479,1,REPAY,4,1372.405408,,1372.405408,2025-03-02 01:19:08
3925,6611,890,2,REPAY,4,208.407975,,208.407975,2025-03-02 01:23:46
3926,6612,628,2,REPAY,4,17.312488,,17.312488,2025-03-02 01:23:57
3927,6615,678,3,REPAY,1,15.730578,,15.730578,2025-03-02 01:46:18
3928,6616,414,4,WITHDRAW,2,8894.741982,,,2025-03-02 02:27:35
3929,6618,591,3,LIQUIDATION,4,13369.615733,15883.6168631975,13369.615733,2025-03-02 03:07:34
3930,6620,958,1,REPAY,3,0.465152,,0.465152,2025-03-02 03:34:23
3931,6621,238,1,BORROW,3,2784.697642,6031.0775937073,2784.697642,2025-03-02 03:53:25
3932,6624,400,4,DEPOSIT,1,8315.940652,8315.940652,,2025-03-02 05:10:36
3933,6625,835,1,DEPOSIT,5,6267.911908,6267.911908,,2025-03-02 05:27:05
3934,6627,488,4,REPAY,2,9103.621854,,9103.621854,2025-03-02 06:10:00
3935,6628,256,3,BORROW,1,8761.500315,21417.4228312083,8761.500315,2025-03-02 06:22:35
3936,6629,214,2,BORROW,5,5157.99118,12483.5302095336,5157.99118,2025-03-02 06:31:31
3937,6630,477,1,REPAY,4,2826.813408,,2826.813408,2025-03-02 06:31:48
3938,6631,248,4,DEPOSIT,1,7325.602769,7325.602769,,2025-03-02 06:58:28
3939,6632,41,1,REPAY,4,1.037589,,1.037589,2025-03-02 07:09:48
3940,6633,400,1,DEPOSIT,3,8463.42349,8463.42349,,2025-03-02 07:13:26
3941,6634,788,1,BORROW,2,4522.681408,5672.441412639,4522.681408,2025-03-02 07:32:48
3942,6635,399,3,REPAY,4,2006.332204,,2006.332204,2025-03-02 07:57:23
3943,6636,707,3,REPAY,4,652.15192,,652.15192,2025-03-02 08:08:01
3944,6637,328,2,REPAY,5,4.776154,,4.776154,2025-03-02 08:25:40
3945,6638,495,1,REPAY,3,511.099562,,511.099562,2025-03-02 08:27:37
3946,6639,131,2,WITHDRAW,5,1107.61333,,,2025-03-02 08:51:22
3947,6640,241,3,DEPOSIT,1,1199.832619,1199.832619,,2025-03-02 09:07:43
3948,6641,201,2,REPAY,3,654.573634,,654.573634,2025-03-02 09:15:44
3949,6642,629,4,DEPOSIT,3,6469.430834,6469.430834,,2025-03-02 09:16:40
3950,6643,596,4,WITHDRAW,2,2428.770873,,,2025-03-02 09:47:38
3951,6645,622,2,DEPOSIT,1,6311.083457,6311.083457,,2025-03-02 10:06:48
3952,6646,900,2,DEPOSIT,2,1906.945307,1906.945307,,2025-03-02 10:07:54
3953,6649,215,3,WITHDRAW,1,562.525957,,,2025-03-02 11:07:28
3954,6650,914,2,BORROW,5,2529.330453,3855.9570337066,2529.330453,2025-03-02 11:22:23
3955,6651,678,4,REPAY,1,24.991973,,24.991973,2025-03-02 11:29:07
3956,6652,115,4,WITHDRAW,4,3637.175227,,,2025-03-02 11:31:21
3957,6653,490,1,REPAY,3,1.102653,,1.102653,2025-03-02 12:02:15
3958,6654,66,4,REPAY,1,484.836988,,484.836988,2025-03-02 12:03:09
3959,6655,48,3,REPAY,3,118.244491,,118.244491,2025-03-02 12:05:31
3960,6656,587,3,REPAY,2,210.731929,,210.731929,2025-03-02 12:11:10
3961,6657,315,1,REPAY,4,110.388708,,110.388708,2025-03-02 12:27:56
3962,6659,452,3,REPAY,5,89.685448,,89.685448,2025-03-02 12:54:55
3963,6660,793,1,BORROW,1,2002.286355,3945.5193248209,2002.286355,2025-03-02 13:12:42
3964,6661,94,3,REPAY,3,1456.39237,,1456.39237,2025-03-02 13:16:55
3965,6663,896,1,WITHDRAW,1,7031.882575,,,2025-03-02 14:03:27
3966,6665,743,3,WITHDRAW,4,9403.979263,,,2025-03-02 14:29:21
3967,6666,524,1,REPAY,2,31.149616,,31.149616,2025-03-02 14:32:06
3968,6667,713,3,REPAY,3,605.889075,,605.889075,2025-03-02 14:41:28
3969,6670,547,4,REPAY,5,582.429174,,582.429174,2025-03-02 15:12:06
3970,6671,647,1,REPAY,2,259.422826,,259.422826,2025-03-02 15:48:33
3971,6673,52,4,REPAY,5,2686.381832,,2686.381832,2025-03-02 16:10:03
3972,6674,809,3,REPAY,2,525.770255,,525.770255,2025-03-02 16:15:57
3973,6675,939,2,REPAY,4,259.936417,,259.936417,2025-03-02 16:21:15
3974,6676,457,3,BORROW,5,6479.398091,12823.282011273,6479.398091,2025-03-02 16:44:24
3975,6679,564,3,BORROW,3,9246.424068,19070.8746448305,9246.424068,2025-03-02 17:21:25
3976,6680,644,3,DEPOSIT,3,4761.450399,4761.450399,,2025-03-02 17:27:34
3977,6681,36,1,DEPOSIT,4,5544.717403,5544.717403,,2025-03-02 18:12:28
3978,6682,732,2,REPAY,5,144.881754,,144.881754,2025-03-02 18:19:20
3979,6683,713,1,WITHDRAW,3,8915.564395,,,2025-03-02 18:19:59
3980,6684,631,4,REPAY,1,133.634743,,133.634743,2025-03-02 18:23:15
3981,6686,975,4,REPAY,1,222.540612,,222.540612,2025-03-02 18:45:39
3982,6688,418,2,REPAY,1,99.816695,,99.816695,2025-03-02 19:10:43
3983,6690,908,4,REPAY,2,35.440549,,35.440549,2025-03-02 19:33:04
3984,6691,220,3,REPAY,2,62.783202,,62.783202,2025-03-02 19:34:10
3985,6694,557,3,DEPOSIT,3,1917.559099,1917.559099,,2025-03-02 19:56:31
3986,6695,707,3,WITHDRAW,5,7544.358977,,,2025-03-02 19:56:35
3987,6696,476,1,REPAY,5,2344.891281,,2344.891281,2025-03-02 19:59:16
3988,6697,225,1,REPAY,3,0.079578,,0.079578,2025-03-02 20:19:25
3989,6699,779,2,DEPOSIT,2,2438.159426,2438.159426,,2025-03-02 20:21:32
3990,6700,499,1,DEPOSIT,3,3269.718332,3269.718332,,2025-03-02 20:25:14
3991,6701,852,3,WITHDRAW,5,5689.206731,,,2025-03-02 20:34:08
3992,6702,550,3,BORROW,5,762.197835,1801.86355441,762.197835,2025-03-02 20:35:52
3993,6704,537,1,REPAY,2,6356.50367,,6356.50367,2025-03-02 20:55:56
3994,6708,918,4,REPAY,5,24.73117,,24.73117,2025-03-02 21:54:46
3995,6709,691,1,REPAY,5,760.485427,,760.485427,2025-03-02 21:55:32
3996,6710,975,3,BORROW,3,4913.043885,7907.660932206,4913.043885,2025-03-02 22:02:06
3997,6711,153,4,REPAY,2,1683.643716,,1683.643716,2025-03-02 22:02:58
3998,6712,444,3,WITHDRAW,1,807.321909,,,2025-03-02 22:11:35
3999,6714,359,1,REPAY,4,54.237495,,54.237495,2025-03-02 22:45:11
4000,6716,969,1,DEPOSIT,1,4716.461462,4716.461462,,2025-03-02 22:55:49
4001,6717,277,1,REPAY,2,2103.684205,,2103.684205,2025-03-02 23:05:45
4002,6718,851,2,REPAY,3,2101.744277,,2101.744277,2025-03-02 23:09:55
4003,6720,325,4,REPAY,2,23.396336,,23.396336,2025-03-02 23:30:04
4004,6721,424,4,REPAY,5,0.079459,,0.079459,2025-03-02 23:55:57
4005,6724,74,4,WITHDRAW,3,6186.712318,,,2025-03-03 00:27:17
4006,6725,304,4,LIQUIDATION,3,318.370455,257.4133638418,318.370455,2025-03-03 00:39:08
4007,6726,311,2,BORROW,3,1710.683172,2606.2380301905,1710.683172,2025-03-03 00:43:33
4008,6728,10,4,BORROW,4,7928.094621,11892.3767888664,7928.094621,2025-03-03 01:03:29
4009,6729,311,3,LIQUIDATION,1,1710.683172,1865.8915216138,1710.683172,2025-03-03 01:08:32
4010,6730,845,3,LIQUIDATION,2,3251.556389,2607.7859577021,3251.556389,2025-03-03 01:27:24
4011,6731,78,3,REPAY,3,142.102382,,142.102382,2025-03-03 01:28:59
4012,6732,867,4,LIQUIDATION,3,7625.349658,6847.356178023,7625.349658,2025-03-03 01:32:52
4013,6733,232,3,BORROW,5,2839.662464,6138.7239717265,2839.662464,2025-03-03 01:36:17
4014,6734,129,1,DEPOSIT,2,5645.16199,5645.16199,,2025-03-03 01:40:24
4015,6735,220,4,REPAY,4,41.77851,,41.77851,2025-03-03 01:41:35
4016,6736,593,2,DEPOSIT,3,1751.18023,1751.18023,,2025-03-03 01:57:07
4017,6737,145,4,REPAY,1,1020.687135,,1020.687135,2025-03-03 02:02:56
4018,6738,463,4,REPAY,1,861.670228,,861.670228,2025-03-03 02:03:01
4019,6741,885,4,WITHDRAW,5,7295.517128,,,2025-03-03 03:09:02
4020,6742,985,1,REPAY,3,5236.804577,,5236.804577,2025-03-03 03:33:43
4021,6744,18,4,REPAY,2,48.198176,,48.198176,2025-03-03 04:31:50
4022,6745,832,3,REPAY,5,387.18969,,387.18969,2025-03-03 04:43:43
4023,6746,237,4,REPAY,2,4052.092694,,4052.092694,2025-03-03 05:02:57
4024,6748,661,4,REPAY,3,225.552717,,225.552717,2025-03-03 05:34:55
4025,6749,372,3,BORROW,3,811.963315,1456.0559290599,811.963315,2025-03-03 05:37:18
4026,6751,772,2,WITHDRAW,1,2357.100667,,,2025-03-03 06:07:52
4027,6752,236,4,REPAY,2,290.58941,,290.58941,2025-03-03 06:20:59
4028,6753,32,4,REPAY,1,8616.159641,,8616.159641,2025-03-03 06:31:39
4029,6754,295,4,REPAY,4,797.632309,,797.632309,2025-03-03 06:32:11
4030,6755,143,4,REPAY,4,11.695688,,11.695688,2025-03-03 07:02:29
4031,6756,453,2,DEPOSIT,4,8585.427347,8585.427347,,2025-03-03 07:12:56
4032,6757,833,4,REPAY,2,17.590495,,17.590495,2025-03-03 07:23:44
4033,6758,853,1,BORROW,2,7608.116336,15465.2676166431,7608.116336,2025-03-03 07:24:42
4034,6759,91,1,REPAY,1,412.638988,,412.638988,2025-03-03 07:58:06
4035,6760,732,4,REPAY,2,858.120584,,858.120584,2025-03-03 08:12:31
4036,6761,939,4,REPAY,2,109.866163,,109.866163,2025-03-03 08:19:22
4037,6762,71,4,REPAY,4,3029.660104,,3029.660104,2025-03-03 08:57:12
4038,6763,695,3,REPAY,4,204.19675,,204.19675,2025-03-03 09:38:50
4039,6764,462,4,REPAY,5,0.224992,,0.224992,2025-03-03 09:47:10
4040,6765,78,3,REPAY,3,365.74723,,365.74723,2025-03-03 09:47:39
4041,6766,294,1,WITHDRAW,2,6955.66179,,,2025-03-03 10:13:09
4042,6767,496,4,WITHDRAW,1,6128.781721,,,2025-03-03 10:20:45
4043,6768,241,2,REPAY,2,717.190629,,717.190629,2025-03-03 10:27:13
4044,6769,949,2,DEPOSIT,4,3864.864687,3864.864687,,2025-03-03 10:33:02
4045,6772,261,2,REPAY,1,18.605559,,18.605559,2025-03-03 10:54:18
4046,6774,929,3,BORROW,3,3439.150729,4742.7912680849,3439.150729,2025-03-03 10:57:00
4047,6775,12,4,REPAY,4,72.367304,,72.367304,2025-03-03 11:03:49
4048,6776,325,1,REPAY,5,2.837155,,2.837155,2025-03-03 11:04:05
4049,6777,763,4,WITHDRAW,1,1054.291197,,,2025-03-03 11:09:21
4050,6780,981,1,REPAY,5,0.599559,,0.599559,2025-03-03 11:49:39
4051,6781,278,2,WITHDRAW,4,2326.553743,,,2025-03-03 12:06:47
4052,6782,690,4,BORROW,5,1284.934564,2365.0503564241,1284.934564,2025-03-03 12:45:34
4053,6783,982,4,DEPOSIT,4,4824.40539,4824.40539,,2025-03-03 12:45:57
4054,6784,259,2,BORROW,5,3554.663909,5208.4206633012,3554.663909,2025-03-03 13:02:40
4055,6785,955,3,BORROW,3,4345.3071,10795.0544367538,4345.3071,2025-03-03 13:03:53
4056,6787,725,2,REPAY,5,1866.301517,,1866.301517,2025-03-03 13:25:20
4057,6788,748,4,LIQUIDATION,4,2182.794708,1789.7031645159,2182.794708,2025-03-03 13:27:21
4058,6789,395,2,BORROW,1,3237.304744,7301.6268712076,3237.304744,2025-03-03 13:31:01
4059,6791,25,3,BORROW,4,1831.533828,4467.1803550456,1831.533828,2025-03-03 14:12:39
4060,6792,318,3,BORROW,3,5361.322338,11924.8869456022,5361.322338,2025-03-03 14:38:52
4061,6793,787,1,BORROW,5,842.247091,1204.600509839,842.247091,2025-03-03 14:39:16
4062,6794,172,4,DEPOSIT,4,7237.89594,7237.89594,,2025-03-03 14:48:22
4063,6796,126,3,BORROW,4,4435.569975,9469.2909495083,4435.569975,2025-03-03 15:06:33
4064,6797,481,2,REPAY,3,124.674097,,124.674097,2025-03-03 15:31:18
4065,6800,978,3,REPAY,3,18.867217,,18.867217,2025-03-03 15:47:02
4066,6801,58,3,LIQUIDATION,4,6.290526,6.5800085285,6.290526,2025-03-03 15:50:14
4067,6804,352,4,REPAY,2,710.342875,,710.342875,2025-03-03 16:32:00
4068,6806,320,3,WITHDRAW,3,4391.205133,,,2025-03-03 16:56:21
4069,6808,722,3,DEPOSIT,2,3757.922481,3757.922481,,2025-03-03 16:59:23
4070,6809,85,2,REPAY,4,74.132847,,74.132847,2025-03-03 17:19:49
4071,6814,53,3,REPAY,1,1030.15004,,1030.15004,2025-03-03 18:15:23
4072,6815,946,2,BORROW,1,1549.550113,3209.180915925,1549.550113,2025-03-03 18:34:10
4073,6816,330,1,DEPOSIT,5,6959.681946,6959.681946,,2025-03-03 18:34:50
4074,6817,178,2,REPAY,5,0.072353,,0.072353,2025-03-03 18:43:48
4075,6818,712,1,REPAY,3,576.53318,,576.53318,2025-03-03 18:59:53
4076,6820,448,2,DEPOSIT,5,7250.293423,7250.293423,,2025-03-03 19:33:19
4077,6822,577,1,REPAY,1,21.604287,,21.604287,2025-03-03 20:14:50
4078,6823,893,2,REPAY,4,1007.70921,,1007.70921,2025-03-03 20:27:27
4079,6826,817,4,REPAY,2,34.225545,,34.225545,2025-03-03 21:01:53
4080,6827,18,4,BORROW,4,2116.325959,3143.1300907674,2116.325959,2025-03-03 21:11:28
4081,6828,179,1,WITHDRAW,1,1860.436168,,,2025-03-03 21:19:42
4082,6829,794,1,DEPOSIT,4,6245.068914,6245.068914,,2025-03-03 21:24:36
4083,6830,74,2,REPAY,2,289.022804,,289.022804,2025-03-03 21:28:35
4084,6831,561,3,REPAY,3,174.805823,,174.805823,2025-03-03 21:59:15
4085,6832,84,2,REPAY,3,333.875616,,333.875616,2025-03-03 21:59:25
4086,6833,450,4,REPAY,4,36.817246,,36.817246,2025-03-03 22:04:37
4087,6834,778,1,WITHDRAW,1,8840.348899,,,2025-03-03 22:11:56
4088,6836,344,3,DEPOSIT,4,400.978079,400.978079,,2025-03-03 22:13:33
4089,6837,541,2,BORROW,3,6400.802438,8866.395355987,6400.802438,2025-03-03 22:46:04
4090,6838,64,1,BORROW,1,3935.767521,4849.896622107,3935.767521,2025-03-03 23:11:16
4091,6839,70,4,WITHDRAW,3,5593.826145,,,2025-03-03 23:17:21
4092,6840,394,4,REPAY,1,2293.569007,,2293.569007,2025-03-03 23:20:44
4093,6841,217,4,REPAY,4,2469.027862,,2469.027862,2025-03-03 23:36:53
4094,6842,656,4,BORROW,4,5538.954657,8486.4711480878,5538.954657,2025-03-04 00:07:09
4095,6843,456,1,DEPOSIT,2,5378.739722,5378.739722,,2025-03-04 00:07:20
4096,6845,738,3,BORROW,5,2519.470694,4567.1951870136,2519.470694,2025-03-04 00:11:53
4097,6846,944,1,REPAY,5,57.091684,,57.091684,2025-03-04 00:30:28
4098,6847,176,3,REPAY,4,7388.466218,,7388.466218,2025-03-04 00:31:41
4099,6849,914,3,REPAY,1,627.423793,,627.423793,2025-03-04 01:22:38
4100,6855,546,4,REPAY,3,387.99632,,387.99632,2025-03-04 02:33:59
4101,6856,813,3,DEPOSIT,5,6713.505184,6713.505184,,2025-03-04 03:00:20
4102,6857,981,2,REPAY,4,0.112714,,0.112714,2025-03-04 03:22:55
4103,6858,532,1,WITHDRAW,5,6793.608607,,,2025-03-04 03:30:04
4104,6859,320,2,DEPOSIT,1,3500.113895,3500.113895,,2025-03-04 03:52:26
4105,6860,978,1,REPAY,5,11.063001,,11.063001,2025-03-04 03:57:27
4106,6862,978,1,REPAY,3,15.259831,,15.259831,2025-03-04 04:10:40
4107,6863,667,1,REPAY,5,2.634596,,2.634596,2025-03-04 04:19:25
4108,6864,627,2,REPAY,2,257.145074,,257.145074,2025-03-04 04:23:42
4109,6867,660,3,DEPOSIT,1,9324.248884,9324.248884,,2025-03-04 05:19:02
4110,6868,876,2,BORROW,5,833.474437,1281.0208606488,833.474437,2025-03-04 05:20:38
4111,6869,702,1,DEPOSIT,4,3024.246062,3024.246062,,2025-03-04 05:28:10
4112,6870,112,4,BORROW,1,1366.33628,2818.3964917305,1366.33628,2025-03-04 05:33:28
4113,6871,898,1,REPAY,3,0.250964,,0.250964,2025-03-04 05:53:07
4114,6872,53,3,DEPOSIT,3,1039.277307,1039.277307,,2025-03-04 06:15:42
4115,6873,494,2,REPAY,3,23.799486,,23.799486,2025-03-04 06:18:29
4116,6874,433,4,REPAY,3,391.515993,,391.515993,2025-03-04 06:24:27
4117,6875,159,3,REPAY,4,0.083229,,0.083229,2025-03-04 06:24:28
4118,6876,998,2,WITHDRAW,3,2243.663985,,,2025-03-04 06:32:34
4119,6878,353,2,DEPOSIT,5,3106.348313,3106.348313,,2025-03-04 07:21:17
4120,6881,152,3,WITHDRAW,5,9351.108317,,,2025-03-04 07:55:08
4121,6883,321,3,BORROW,5,5332.204313,9296.4321963362,5332.204313,2025-03-04 08:42:37
4122,6884,228,4,WITHDRAW,2,9972.348625,,,2025-03-04 08:44:59
4123,6886,373,3,DEPOSIT,1,396.068297,396.068297,,2025-03-04 10:01:58
4124,6887,838,1,WITHDRAW,3,8295.733636,,,2025-03-04 10:35:02
4125,6888,30,2,WITHDRAW,3,9795.377161,,,2025-03-04 10:43:02
4126,6889,474,1,DEPOSIT,2,3262.496929,3262.496929,,2025-03-04 10:47:06
4127,6890,286,2,WITHDRAW,2,6577.399432,,,2025-03-04 10:50:04
4128,6892,171,1,WITHDRAW,1,3548.960788,,,2025-03-04 10:56:34
4129,6894,831,3,REPAY,1,1.258145,,1.258145,2025-03-04 11:03:22
4130,6895,878,4,DEPOSIT,4,1474.79204,1474.79204,,2025-03-04 11:42:21
4131,6896,949,2,DEPOSIT,5,9256.619456,9256.619456,,2025-03-04 11:48:16
4132,6897,21,4,REPAY,5,284.204568,,284.204568,2025-03-04 11:52:24
4133,6898,505,1,REPAY,5,1928.316073,,1928.316073,2025-03-04 11:54:02
4134,6901,490,3,REPAY,2,0.281894,,0.281894,2025-03-04 12:12:56
4135,6904,647,3,REPAY,5,60.101298,,60.101298,2025-03-04 13:04:46
4136,6905,241,1,LIQUIDATION,5,5150.162381,4738.9296946299,5150.162381,2025-03-04 13:29:03
4137,6906,976,2,BORROW,2,9365.281671,13836.8617463014,9365.281671,2025-03-04 13:37:19
4138,6909,596,4,BORROW,5,4932.272804,12240.4514587413,4932.272804,2025-03-04 14:25:11
4139,6911,732,4,REPAY,3,47.375863,,47.375863,2025-03-04 14:30:52
4140,6912,910,4,LIQUIDATION,4,8691.386311,10085.2226699332,8691.386311,2025-03-04 14:35:32
4141,6913,900,2,WITHDRAW,2,4471.040423,,,2025-03-04 14:51:54
4142,6915,518,1,REPAY,4,571.680651,,571.680651,2025-03-04 15:25:30
4143,6916,55,2,REPAY,4,166.745654,,166.745654,2025-03-04 15:26:23
4144,6918,187,4,DEPOSIT,4,1900.898383,1900.898383,,2025-03-04 15:33:53
4145,6921,332,1,DEPOSIT,1,5698.057445,5698.057445,,2025-03-04 15:48:11
4146,6922,627,2,WITHDRAW,3,3252.235379,,,2025-03-04 16:00:13
4147,6923,13,3,REPAY,4,911.127314,,911.127314,2025-03-04 16:10:10
4148,6924,106,3,REPAY,3,11.962162,,11.962162,2025-03-04 16:21:26
4149,6925,296,4,DEPOSIT,2,17.57788,17.57788,,2025-03-04 16:27:31
4150,6927,721,4,DEPOSIT,5,1309.895165,1309.895165,,2025-03-04 16:39:38
4151,6928,694,1,DEPOSIT,4,5398.321063,5398.321063,,2025-03-04 16:42:48
4152,6929,195,4,REPAY,1,6.957325,,6.957325,2025-03-04 17:14:49
4153,6930,457,1,REPAY,1,1297.188351,,1297.188351,2025-03-04 17:17:08
4154,6931,819,3,REPAY,4,58.492718,,58.492718,2025-03-04 17:32:16
4155,6934,529,2,REPAY,3,220.080981,,220.080981,2025-03-04 18:11:02
4156,6935,325,4,REPAY,1,0.510482,,0.510482,2025-03-04 18:26:07
4157,6936,323,4,DEPOSIT,5,3367.562365,3367.562365,,2025-03-04 18:33:06
4158,6939,442,4,WITHDRAW,2,8794.618209,,,2025-03-04 19:10:20
4159,6940,561,3,REPAY,2,30.324223,,30.324223,2025-03-04 19:12:26
4160,6944,942,1,REPAY,5,2023.379403,,2023.379403,2025-03-04 19:47:52
4161,6947,931,4,DEPOSIT,4,4833.321329,4833.321329,,2025-03-04 20:20:06
4162,6948,455,2,WITHDRAW,1,8727.906307,,,2025-03-04 20:21:43
4163,6950,1,2,REPAY,5,1939.95361,,1939.95361,2025-03-04 20:40:33
4164,6952,915,2,WITHDRAW,1,1600.330178,,,2025-03-04 20:51:22
4165,6953,627,2,REPAY,3,15.770951,,15.770951,2025-03-04 21:11:11
4166,6954,447,1,WITHDRAW,1,5714.667164,,,2025-03-04 21:35:40
4167,6955,806,4,DEPOSIT,2,4412.687575,4412.687575,,2025-03-04 22:16:51
4168,6956,191,1,REPAY,1,3.523364,,3.523364,2025-03-04 22:17:52
4169,6957,364,4,REPAY,5,99.56624,,99.56624,2025-03-04 22:18:23
4170,6958,206,4,REPAY,1,5225.562972,,5225.562972,2025-03-04 22:57:51
4171,6959,995,2,LIQUIDATION,1,481.833555,501.0592488113,481.833555,2025-03-04 23:02:39
4172,6960,223,1,REPAY,5,1.038447,,1.038447,2025-03-04 23:10:30
4173,6962,286,2,WITHDRAW,3,7920.652485,,,2025-03-04 23:57:17
4174,6963,664,1,REPAY,1,1.756138,,1.756138,2025-03-05 00:20:14
4175,6964,627,3,WITHDRAW,2,6775.844825,,,2025-03-05 00:20:32
4176,6965,547,1,BORROW,4,1294.731442,1796.3393157196,1294.731442,2025-03-05 00:29:30
4177,6967,566,1,LIQUIDATION,5,23330.729805,22275.0567009645,23330.729805,2025-03-05 00:47:12
4178,6968,53,4,REPAY,3,195.242858,,195.242858,2025-03-05 00:53:50
4179,6969,817,1,REPAY,4,0.095157,,0.095157,2025-03-05 00:54:33
4180,6970,219,4,LIQUIDATION,1,8682.299971,8140.6994450042,8682.299971,2025-03-05 00:59:52
4181,6971,917,4,REPAY,2,6.5e-05,,6.5e-05,2025-03-05 01:10:28
4182,6973,203,3,WITHDRAW,4,922.416199,,,2025-03-05 02:05:11
4183,6975,521,2,REPAY,1,547.254462,,547.254462,2025-03-05 02:12:56
4184,6976,964,4,REPAY,1,2683.16629,,2683.16629,2025-03-05 02:42:15
4185,6977,953,2,REPAY,3,70.954543,,70.954543,2025-03-05 02:50:26
4186,6978,822,2,REPAY,5,9.287862,,9.287862,2025-03-05 03:01:49
4187,6979,945,2,REPAY,1,104.706909,,104.706909,2025-03-05 03:14:54
4188,6980,17,2,DEPOSIT,2,1405.187181,1405.187181,,2025-03-05 03:32:52
4189,6982,649,4,REPAY,1,1493.463291,,1493.463291,2025-03-05 03:40:36
4190,6983,856,4,REPAY,4,455.46032,,455.46032,2025-03-05 03:57:52
4191,6984,667,3,REPAY,4,0.811398,,0.811398,2025-03-05 04:22:18
4192,6985,520,2,DEPOSIT,2,7417.911878,7417.911878,,2025-03-05 04:27:36
4193,6986,218,4,WITHDRAW,1,229.37586,,,2025-03-05 04:38:33
4194,6989,251,1,DEPOSIT,4,1696.499415,1696.499415,,2025-03-05 05:47:04
4195,6990,412,2,DEPOSIT,4,6369.8782,6369.8782,,2025-03-05 05:48:06
4196,6992,191,1,REPAY,3,0.071934,,0.071934,2025-03-05 06:17:13
4197,6994,967,1,REPAY,4,2.398516,,2.398516,2025-03-05 06:44:23
4198,6995,608,3,BORROW,5,3052.002508,6025.3057847067,3052.002508,2025-03-05 07:08:27
4199,6997,663,3,BORROW,2,3816.274706,8928.7435452409,3816.274706,2025-03-05 07:19:52
4200,6998,204,4,REPAY,5,969.280947,,969.280947,2025-03-05 07:38:26
4201,6999,365,3,REPAY,2,300.955672,,300.955672,2025-03-05 07:48:52
4202,7000,443,2,BORROW,2,8178.634234,11387.8167494603,8178.634234,2025-03-05 07:51:39
4203,7001,492,4,LIQUIDATION,2,2720.945676,3215.1231809783,2720.945676,2025-03-05 07:53:10
4204,7002,999,4,REPAY,4,14.468744,,14.468744,2025-03-05 08:26:33
4205,7005,372,1,REPAY,3,662.317955,,662.317955,2025-03-05 09:01:31
4206,7007,207,3,REPAY,5,2.050125,,2.050125,2025-03-05 09:47:21
4207,7008,13,3,DEPOSIT,5,4121.789757,4121.789757,,2025-03-05 10:00:45
4208,7009,559,1,REPAY,2,1169.599911,,1169.599911,2025-03-05 10:09:22
4209,7010,956,1,WITHDRAW,3,8612.594901,,,2025-03-05 10:46:00
4210,7011,268,2,REPAY,1,0.007178,,0.007178,2025-03-05 10:51:03
4211,7012,16,3,REPAY,1,2.412064,,2.412064,2025-03-05 10:52:05
4212,7013,272,4,LIQUIDATION,1,3151.27774,3746.1763990038,3151.27774,2025-03-05 11:08:44
4213,7014,436,2,REPAY,4,323.422115,,323.422115,2025-03-05 11:16:35
4214,7015,277,4,REPAY,2,143.774094,,143.774094,2025-03-05 11:20:48
4215,7016,673,3,WITHDRAW,2,6595.986484,,,2025-03-05 11:43:29
4216,7020,315,2,LIQUIDATION,1,56.323909,63.2015264416,56.323909,2025-03-05 12:27:05
4217,7022,521,2,LIQUIDATION,2,4477.874774,4661.1823558481,4477.874774,2025-03-05 12:35:23
4218,7023,521,1,DEPOSIT,5,628.978491,628.978491,,2025-03-05 13:16:42
4219,7024,292,3,REPAY,5,13.974552,,13.974552,2025-03-05 13:18:34
4220,7025,717,2,BORROW,3,9642.750155,17188.3134337296,9642.750155,2025-03-05 13:19:58
4221,7026,636,2,BORROW,5,7863.109881,10717.0610835498,7863.109881,2025-03-05 13:30:19
4222,7028,331,3,REPAY,3,228.136177,,228.136177,2025-03-05 13:57:41
4223,7029,484,3,DEPOSIT,3,5901.574115,5901.574115,,2025-03-05 14:04:44
4224,7031,455,2,BORROW,4,2254.763765,5300.5410336198,2254.763765,2025-03-05 14:26:44
4225,7032,974,2,DEPOSIT,4,1649.265787,1649.265787,,2025-03-05 14:38:07
4226,7033,427,2,LIQUIDATION,5,3180.403978,3585.8607414946,3180.403978,2025-03-05 15:06:08
4227,7034,402,2,DEPOSIT,2,9494.803417,9494.803417,,2025-03-05 15:37:45
4228,7036,944,1,REPAY,5,1.511088,,1.511088,2025-03-05 15:52:39
4229,7038,796,3,LIQUIDATION,1,3343.190089,2949.5318588268,3343.190089,2025-03-05 16:19:47
4230,7041,674,2,REPAY,5,0.992952,,0.992952,2025-03-05 17:08:20
4231,7043,665,4,REPAY,4,1596.361195,,1596.361195,2025-03-05 18:12:13
4232,7044,906,3,REPAY,2,262.070417,,262.070417,2025-03-05 18:41:42
4233,7045,975,1,REPAY,2,5868.387717,,5868.387717,2025-03-05 18:43:18
4234,7046,167,1,WITHDRAW,4,6216.191521,,,2025-03-05 19:09:44
4235,7047,124,3,WITHDRAW,5,9069.58054,,,2025-03-05 19:28:32
4236,7049,773,4,REPAY,4,14.672304,,14.672304,2025-03-05 19:34:14
4237,7050,712,4,REPAY,2,23.251329,,23.251329,2025-03-05 19:39:22
4238,7051,396,3,REPAY,1,2370.721049,,2370.721049,2025-03-05 19:40:13
4239,7053,69,1,WITHDRAW,4,8105.909099,,,2025-03-05 19:48:20
4240,7054,725,2,REPAY,3,177.454863,,177.454863,2025-03-05 19:56:57
4241,7055,145,4,REPAY,1,1068.434451,,1068.434451,2025-03-05 20:05:43
4242,7056,901,1,WITHDRAW,5,2798.336498,,,2025-03-05 20:27:26
4243,7057,19,4,DEPOSIT,2,5882.925046,5882.925046,,2025-03-05 20:30:42
4244,7059,7,4,DEPOSIT,3,4406.725707,4406.725707,,2025-03-05 20:44:43
4245,7060,986,4,REPAY,2,29.682655,,29.682655,2025-03-05 21:04:30
4246,7061,221,3,REPAY,1,233.251319,,233.251319,2025-03-05 22:13:22
4247,7062,77,2,WITHDRAW,3,7190.418211,,,2025-03-05 22:17:52
4248,7064,633,2,REPAY,3,62.913728,,62.913728,2025-03-05 22:34:41
4249,7065,221,3,REPAY,5,119.598477,,119.598477,2025-03-05 22:35:00
4250,7069,986,4,REPAY,3,143.701653,,143.701653,2025-03-05 23:39:05
4251,7070,688,1,WITHDRAW,4,6291.78819,,,2025-03-05 23:46:32
4252,7071,438,2,LIQUIDATION,2,10.175678,8.4334385698,10.175678,2025-03-06 00:05:24
4253,7072,868,2,DEPOSIT,2,2404.537498,2404.537498,,2025-03-06 00:09:54
4254,7073,509,3,REPAY,1,196.850214,,196.850214,2025-03-06 00:26:22
4255,7074,67,4,WITHDRAW,5,1524.848824,,,2025-03-06 01:07:23
4256,7076,875,2,BORROW,3,6069.356829,10898.4921318598,6069.356829,2025-03-06 02:01:52
4257,7077,436,4,REPAY,4,53.604798,,53.604798,2025-03-06 02:39:28
4258,7079,940,1,REPAY,5,8269.160592,,8269.160592,2025-03-06 02:57:32
4259,7081,370,3,REPAY,2,222.811557,,222.811557,2025-03-06 03:04:44
4260,7082,189,1,REPAY,3,195.750015,,195.750015,2025-03-06 03:06:03
4261,7083,905,2,BORROW,1,1950.480049,2469.9664977352,1950.480049,2025-03-06 03:08:13
4262,7084,993,3,REPAY,5,3476.131529,,3476.131529,2025-03-06 03:16:47
4263,7085,154,2,DEPOSIT,5,7569.74486,7569.74486,,2025-03-06 03:26:23
4264,7086,189,1,BORROW,1,6182.373743,12786.1397492519,6182.373743,2025-03-06 03:54:46
4265,7087,745,3,REPAY,1,22.66818,,22.66818,2025-03-06 04:18:38
4266,7088,912,2,REPAY,3,1.509101,,1.509101,2025-03-06 04:23:47
4267,7089,78,3,REPAY,4,158.845464,,158.845464,2025-03-06 04:32:03
4268,7090,744,1,REPAY,2,2075.095614,,2075.095614,2025-03-06 04:43:28
4269,7093,818,2,REPAY,5,25.645332,,25.645332,2025-03-06 05:52:37
4270,7094,188,3,DEPOSIT,5,8802.361372,8802.361372,,2025-03-06 06:04:54
4271,7095,867,3,BORROW,4,1765.758416,3854.6940343269,1765.758416,2025-03-06 06:11:52
4272,7096,364,1,DEPOSIT,3,2665.822875,2665.822875,,2025-03-06 06:31:24
4273,7101,309,1,REPAY,5,105.051532,,105.051532,2025-03-06 07:14:58
4274,7102,297,1,BORROW,1,8515.877322,11640.8284281046,8515.877322,2025-03-06 07:21:24
4275,7103,529,2,REPAY,4,206.389115,,206.389115,2025-03-06 07:29:01
4276,7104,886,2,WITHDRAW,4,9310.373806,,,2025-03-06 07:33:30
4277,7106,996,4,DEPOSIT,1,9348.568108,9348.568108,,2025-03-06 07:41:18
4278,7107,512,3,REPAY,3,50.324096,,50.324096,2025-03-06 07:46:47
4279,7108,764,3,REPAY,4,1083.661097,,1083.661097,2025-03-06 07:49:52
4280,7109,684,1,WITHDRAW,4,3536.146833,,,2025-03-06 07:49:58
4281,7110,615,4,REPAY,5,0.577736,,0.577736,2025-03-06 07:52:46
4282,7111,718,2,BORROW,4,1490.091538,3254.5967833689,1490.091538,2025-03-06 08:00:19
4283,7112,463,4,REPAY,1,71.614385,,71.614385,2025-03-06 08:02:59
4284,7113,615,2,REPAY,5,0.174514,,0.174514,2025-03-06 08:03:16
4285,7114,497,4,BORROW,1,4388.371185,10928.5286358922,4388.371185,2025-03-06 08:52:27
4286,7115,918,2,REPAY,5,177.508583,,177.508583,2025-03-06 08:54:42
4287,7116,334,4,BORROW,1,7927.017984,15219.2660689343,7927.017984,2025-03-06 08:58:01
4288,7117,701,4,REPAY,4,930.652682,,930.652682,2025-03-06 08:58:20
4289,7122,61,1,BORROW,3,8424.318467,14860.9895329991,8424.318467,2025-03-06 09:54:20
4290,7123,682,2,DEPOSIT,1,511.526274,511.526274,,2025-03-06 09:55:26
4291,7124,146,3,LIQUIDATION,2,1190.848797,1118.3289413316,1190.848797,2025-03-06 09:58:23
4292,7125,212,4,REPAY,3,68.213633,,68.213633,2025-03-06 09:59:32
4293,7126,229,1,BORROW,4,9766.558889,18716.6267087042,9766.558889,2025-03-06 10:05:47
4294,7127,538,1,REPAY,3,1723.927218,,1723.927218,2025-03-06 10:15:14
4295,7128,249,4,BORROW,5,8226.842528,15297.7824644147,8226.842528,2025-03-06 10:39:27
4296,7130,346,3,REPAY,3,1.770013,,1.770013,2025-03-06 11:06:16
4297,7132,271,3,REPAY,3,5284.563987,,5284.563987,2025-03-06 11:57:21
4298,7133,624,4,LIQUIDATION,1,9799.185168,9621.6544929897,9799.185168,2025-03-06 12:14:39
4299,7134,894,1,WITHDRAW,4,8448.497115,,,2025-03-06 12:46:47
4300,7136,118,4,BORROW,4,4672.522429,10536.0133108916,4672.522429,2025-03-06 14:09:56
4301,7138,972,3,BORROW,4,3134.948629,7070.5594172869,3134.948629,2025-03-06 14:19:52
4302,7139,817,4,REPAY,2,0.327283,,0.327283,2025-03-06 14:35:52
4303,7141,166,4,LIQUIDATION,2,1.052297,1.1300155893,1.052297,2025-03-06 15:15:06
4304,7142,12,2,REPAY,2,5.561345,,5.561345,2025-03-06 15:27:18
4305,7144,524,1,REPAY,4,23.159382,,23.159382,2025-03-06 15:56:55
4306,7146,100,1,REPAY,4,7817.988832,,7817.988832,2025-03-06 16:33:58
4307,7147,779,2,BORROW,4,978.508363,1405.5875333172,978.508363,2025-03-06 16:34:41
4308,7148,423,2,WITHDRAW,2,5033.293187,,,2025-03-06 16:59:01
4309,7149,240,1,REPAY,4,45.203324,,45.203324,2025-03-06 17:12:39
4310,7150,537,2,REPAY,3,84.904548,,84.904548,2025-03-06 17:14:06
4311,7152,960,1,REPAY,5,494.210176,,494.210176,2025-03-06 17:56:30
4312,7153,897,1,DEPOSIT,1,4688.890601,4688.890601,,2025-03-06 18:03:36
4313,7154,705,1,WITHDRAW,4,4570.951461,,,2025-03-06 18:08:43
4314,7155,978,4,REPAY,4,0.912218,,0.912218,2025-03-06 18:18:12
4315,7158,149,1,DEPOSIT,1,7837.348191,7837.348191,,2025-03-06 19:15:28
4316,7159,361,4,DEPOSIT,3,9284.85515,9284.85515,,2025-03-06 19:16:12
4317,7160,822,1,REPAY,3,1.015324,,1.015324,2025-03-06 19:20:09
4318,7161,381,1,LIQUIDATION,3,498.224175,533.9431283492,498.224175,2025-03-06 19:20:19
4319,7162,258,2,DEPOSIT,1,5754.125734,5754.125734,,2025-03-06 19:23:58
4320,7163,327,3,BORROW,5,4563.809953,5835.3400762391,4563.809953,2025-03-06 19:25:27
4321,7164,230,3,REPAY,1,1828.864331,,1828.864331,2025-03-06 19:26:58
4322,7166,444,3,BORROW,5,7810.008591,11248.9884840067,7810.008591,2025-03-06 19:51:14
4323,7167,956,2,WITHDRAW,3,1582.000688,,,2025-03-06 20:48:18
4324,7169,121,3,WITHDRAW,1,8268.641211,,,2025-03-06 21:52:03
4325,7171,896,4,REPAY,4,1091.205933,,1091.205933,2025-03-06 21:57:45
4326,7173,703,2,WITHDRAW,5,4510.726722,,,2025-03-06 22:51:00
4327,7174,52,1,REPAY,5,2651.912846,,2651.912846,2025-03-06 23:04:30
4328,7176,674,3,REPAY,4,1.011799,,1.011799,2025-03-06 23:36:45
4329,7177,475,2,REPAY,4,285.828053,,285.828053,2025-03-06 23:50:31
4330,7178,427,2,WITHDRAW,4,5792.879526,,,2025-03-06 23:52:23
4331,7179,851,4,REPAY,5,461.274669,,461.274669,2025-03-06 23:59:01
4332,7180,972,1,REPAY,4,1456.518141,,1456.518141,2025-03-07 00:29:11
4333,7181,840,3,REPAY,3,436.122792,,436.122792,2025-03-07 00:53:07
4334,7183,110,2,BORROW,3,4985.296326,8251.8871990365,4985.296326,2025-03-07 01:08:48
4335,7184,244,3,REPAY,2,7662.032667,,7662.032667,2025-03-07 01:15:52
4336,7186,380,2,BORROW,4,3052.366676,5389.9729743657,3052.366676,2025-03-07 01:24:33
4337,7189,190,1,REPAY,4,6626.478071,,6626.478071,2025-03-07 01:42:12
4338,7191,101,1,LIQUIDATION,3,6715.017275,6693.3537851633,6715.017275,2025-03-07 02:06:47
4339,7192,745,1,REPAY,4,20.582673,,20.582673,2025-03-07 02:47:04
4340,7193,175,4,DEPOSIT,2,3748.010638,3748.010638,,2025-03-07 03:09:19
4341,7194,189,1,REPAY,1,5433.243408,,5433.243408,2025-03-07 03:24:40
4342,7195,567,4,WITHDRAW,5,7781.950849,,,2025-03-07 03:33:38
4343,7198,462,1,WITHDRAW,5,3174.899516,,,2025-03-07 04:22:11
4344,7199,624,3,BORROW,1,4777.464042,8634.1529540457,4777.464042,2025-03-07 04:27:02
4345,7200,649,3,LIQUIDATION,2,132.597694,157.9957324825,132.597694,2025-03-07 04:42:21
4346,7201,267,2,BORROW,5,2081.899977,4959.9572569087,2081.899977,2025-03-07 05:03:55
4347,7204,158,4,REPAY,2,1940.16517,,1940.16517,2025-03-07 05:43:18
4348,7205,25,4,WITHDRAW,1,6019.162381,,,2025-03-07 06:39:26
4349,7206,113,3,DEPOSIT,2,8860.660689,8860.660689,,2025-03-07 06:42:08
4350,7207,921,1,BORROW,1,1197.731034,1937.5381785259,1197.731034,2025-03-07 06:53:26
4351,7208,704,3,REPAY,3,133.064587,,133.064587,2025-03-07 07:11:43
4352,7210,485,2,DEPOSIT,3,4383.709729,4383.709729,,2025-03-07 07:36:58
4353,7213,625,3,DEPOSIT,4,9193.535155,9193.535155,,2025-03-07 08:51:30
4354,7214,954,4,BORROW,3,1920.056381,4741.7733159971,1920.056381,2025-03-07 09:00:16
4355,7216,192,1,REPAY,3,65.053869,,65.053869,2025-03-07 09:46:44
4356,7217,996,4,REPAY,1,1050.387862,,1050.387862,2025-03-07 10:32:22
4357,7218,762,1,REPAY,3,1136.632649,,1136.632649,2025-03-07 10:40:24
4358,7219,529,2,REPAY,3,1.722243,,1.722243,2025-03-07 11:03:23
4359,7220,260,3,REPAY,5,374.303156,,374.303156,2025-03-07 11:04:22
4360,7221,975,4,LIQUIDATION,5,227.899181,206.5110597687,227.899181,2025-03-07 11:04:38
4361,7222,71,3,REPAY,3,841.571647,,841.571647,2025-03-07 11:43:13
4362,7223,271,1,REPAY,3,1619.655175,,1619.655175,2025-03-07 12:06:15
4363,7224,842,1,DEPOSIT,4,2419.209254,2419.209254,,2025-03-07 12:07:58
4364,7227,91,3,REPAY,5,20.925979,,20.925979,2025-03-07 12:21:02
4365,7228,799,4,REPAY,3,19.094848,,19.094848,2025-03-07 12:22:57
4366,7229,184,2,DEPOSIT,4,6057.545335,6057.545335,,2025-03-07 12:25:43
4367,7230,339,1,REPAY,4,1693.327507,,1693.327507,2025-03-07 12:26:42
4368,7231,641,3,REPAY,4,4060.458737,,4060.458737,2025-03-07 12:41:08
4369,7232,7,2,WITHDRAW,4,9398.711148,,,2025-03-07 12:55:26
4370,7233,360,4,REPAY,5,1505.335485,,1505.335485,2025-03-07 13:00:53
4371,7234,571,2,BORROW,2,700.005708,887.1883776764,700.005708,2025-03-07 13:09:48
4372,7236,650,3,REPAY,1,0.009089,,0.009089,2025-03-07 13:25:16
4373,7238,52,3,REPAY,2,435.326954,,435.326954,2025-03-07 13:57:28
4374,7239,38,3,REPAY,2,1238.578294,,1238.578294,2025-03-07 14:03:11
4375,7240,175,4,WITHDRAW,4,1195.914086,,,2025-03-07 14:08:06
4376,7241,426,1,DEPOSIT,5,6594.88424,6594.88424,,2025-03-07 14:22:13
4377,7242,96,2,REPAY,2,260.963509,,260.963509,2025-03-07 14:25:33
4378,7244,803,4,WITHDRAW,5,9705.230062,,,2025-03-07 14:34:52
4379,7245,359,1,REPAY,4,7.922852,,7.922852,2025-03-07 14:37:36
4380,7246,463,1,REPAY,5,17.033961,,17.033961,2025-03-07 14:53:04
4381,7247,525,2,WITHDRAW,4,6162.433049,,,2025-03-07 14:53:59
4382,7248,585,3,DEPOSIT,5,8102.831196,8102.831196,,2025-03-07 14:57:49
4383,7250,955,2,REPAY,2,1388.095185,,1388.095185,2025-03-07 15:24:18
4384,7255,541,1,REPAY,5,2233.307181,,2233.307181,2025-03-07 17:00:40
4385,7257,955,1,REPAY,1,2074.402646,,2074.402646,2025-03-07 17:14:04
4386,7258,686,3,REPAY,1,1942.122219,,1942.122219,2025-03-07 17:27:29
4387,7259,847,2,REPAY,3,635.932303,,635.932303,2025-03-07 18:08:16
4388,7261,412,2,WITHDRAW,4,7728.653762,,,2025-03-07 18:38:15
4389,7262,456,2,BORROW,5,5760.394048,11708.1535687822,5760.394048,2025-03-07 19:45:45
4390,7263,917,1,REPAY,2,2.2e-05,,2.2e-05,2025-03-07 19:50:40
4391,7266,391,4,BORROW,1,1545.174159,2030.8149738926,1545.174159,2025-03-07 20:33:53
4392,7267,225,2,REPAY,2,0.034175,,0.034175,2025-03-07 20:34:03
4393,7268,265,1,REPAY,1,82.351991,,82.351991,2025-03-07 20:40:41
4394,7269,951,2,REPAY,1,7.114722,,7.114722,2025-03-07 21:10:59
4395,7271,887,3,REPAY,5,0.540427,,0.540427,2025-03-07 22:22:06
4396,7272,278,4,BORROW,4,8399.321177,14593.7325652046,8399.321177,2025-03-07 22:35:18
4397,7275,304,4,DEPOSIT,1,3107.854817,3107.854817,,2025-03-07 23:12:38
4398,7276,695,3,BORROW,4,2753.174105,3994.3376983411,2753.174105,2025-03-07 23:37:41
4399,7277,906,4,REPAY,5,401.354884,,401.354884,2025-03-07 23:39:51
4400,7278,264,2,BORROW,2,8367.34132,16734.0620308699,8367.34132,2025-03-07 23:41:11
4401,7279,851,4,REPAY,2,125.340387,,125.340387,2025-03-07 23:44:38
4402,7281,486,1,LIQUIDATION,2,1929.103463,2276.0373095235,1929.103463,2025-03-07 23:49:12
4403,7282,413,3,BORROW,4,5514.698323,12577.7288796654,5514.698323,2025-03-08 00:18:44
4404,7283,25,3,LIQUIDATION,3,1834.255701,1545.1293938679,1834.255701,2025-03-08 00:21:21
4405,7284,268,3,REPAY,4,0.000533,,0.000533,2025-03-08 00:48:26
4406,7288,906,3,REPAY,3,82.790241,,82.790241,2025-03-08 01:37:23
4407,7289,534,1,REPAY,1,2017.239162,,2017.239162,2025-03-08 01:58:26
4408,7290,670,1,BORROW,4,7066.293085,8699.7969034818,7066.293085,2025-03-08 02:01:32
4409,7293,211,2,DEPOSIT,1,1229.90774,1229.90774,,2025-03-08 03:17:32
4410,7295,818,1,REPAY,5,81.017993,,81.017993,2025-03-08 03:49:06
4411,7296,668,1,REPAY,3,1828.968395,,1828.968395,2025-03-08 03:49:47
4412,7305,506,4,REPAY,2,393.572057,,393.572057,2025-03-08 06:22:14
4413,7307,322,2,BORROW,4,1760.093245,3023.2098717787,1760.093245,2025-03-08 06:44:00
4414,7308,147,2,WITHDRAW,3,5725.744511,,,2025-03-08 06:50:22
4415,7310,362,1,REPAY,1,3.995945,,3.995945,2025-03-08 06:55:58
4416,7311,847,3,REPAY,3,2365.882149,,2365.882149,2025-03-08 07:06:38
4417,7312,206,2,REPAY,5,279.304649,,279.304649,2025-03-08 07:17:02
4418,7313,667,1,REPAY,1,0.743182,,0.743182,2025-03-08 07:44:50
4419,7314,546,3,REPAY,4,809.707829,,809.707829,2025-03-08 07:50:23
4420,7315,322,2,LIQUIDATION,4,1760.093245,1832.5392344791,1760.093245,2025-03-08 08:06:37
4421,7316,413,2,REPAY,3,5263.041314,,5263.041314,2025-03-08 08:38:47
4422,7317,541,1,BORROW,1,1929.061546,2861.6387984287,1929.061546,2025-03-08 08:50:20
4423,7319,295,2,REPAY,5,614.162812,,614.162812,2025-03-08 09:25:45
4424,7320,159,4,REPAY,2,0.014081,,0.014081,2025-03-08 09:48:08
4425,7321,664,4,REPAY,2,2.806722,,2.806722,2025-03-08 09:55:29
4426,7322,23,1,LIQUIDATION,4,4591.522688,4329.5001340822,4591.522688,2025-03-08 10:02:45
4427,7323,235,1,REPAY,1,0.378018,,0.378018,2025-03-08 10:29:33
4428,7324,681,3,BORROW,2,9812.196203,13920.2848879968,9812.196203,2025-03-08 10:32:36
4429,7325,681,4,BORROW,4,4855.334753,10127.448729447,4855.334753,2025-03-08 10:40:47
4430,7326,23,3,BORROW,1,8259.022111,18400.5989330939,8259.022111,2025-03-08 10:46:17
4431,7327,871,4,BORROW,5,1966.809025,4543.4855058446,1966.809025,2025-03-08 11:21:34
4432,7328,15,2,REPAY,2,1496.075568,,1496.075568,2025-03-08 11:32:45
4433,7329,332,1,BORROW,2,5093.8061,6182.8249010394,5093.8061,2025-03-08 11:34:59
4434,7330,664,2,REPAY,5,0.362569,,0.362569,2025-03-08 11:48:33
4435,7331,741,3,BORROW,2,186.235882,299.4860250661,186.235882,2025-03-08 11:50:50
4436,7332,860,3,DEPOSIT,4,5746.238185,5746.238185,,2025-03-08 11:53:58
4437,7333,417,2,BORROW,2,3271.566899,4550.6156858051,3271.566899,2025-03-08 12:47:45
4438,7334,316,1,REPAY,5,7842.040975,,7842.040975,2025-03-08 12:57:26
4439,7335,878,2,BORROW,2,7977.459353,19493.9269116406,7977.459353,2025-03-08 12:57:49
4440,7337,520,1,DEPOSIT,1,3236.339963,3236.339963,,2025-03-08 13:12:13
4441,7341,250,3,WITHDRAW,2,6796.901295,,,2025-03-08 13:36:44
4442,7346,55,4,REPAY,2,30.837447,,30.837447,2025-03-08 14:15:58
4443,7347,892,3,REPAY,3,115.449754,,115.449754,2025-03-08 14:48:23
4444,7348,280,4,BORROW,2,852.270007,1582.1764341883,852.270007,2025-03-08 14:51:24
4445,7349,128,2,LIQUIDATION,5,8942.83795,9446.3026241341,8942.83795,2025-03-08 14:51:32
4446,7350,66,1,REPAY,1,156.28222,,156.28222,2025-03-08 14:56:43
4447,7351,310,1,DEPOSIT,5,4202.414458,4202.414458,,2025-03-08 15:04:52
4448,7352,1000,1,REPAY,1,0.334474,,0.334474,2025-03-08 15:16:27
4449,7353,366,4,REPAY,2,6.421932,,6.421932,2025-03-08 15:32:53
4450,7356,23,4,LIQUIDATION,2,8259.022111,7026.2374492277,8259.022111,2025-03-08 15:52:20
4451,7358,370,2,REPAY,3,16.854937,,16.854937,2025-03-08 17:10:17
4452,7359,392,2,REPAY,4,821.2262,,821.2262,2025-03-08 17:10:48
4453,7360,622,4,WITHDRAW,5,1677.205513,,,2025-03-08 17:21:53
4454,7361,488,3,REPAY,4,202.027919,,202.027919,2025-03-08 17:24:39
4455,7362,135,4,DEPOSIT,3,1435.380526,1435.380526,,2025-03-08 17:33:39
4456,7364,931,1,DEPOSIT,3,1041.348765,1041.348765,,2025-03-08 18:11:02
4457,7365,417,3,REPAY,5,471.437895,,471.437895,2025-03-08 18:17:57
4458,7367,324,1,LIQUIDATION,4,58.590673,65.1232293095,58.590673,2025-03-08 18:26:41
4459,7369,725,3,REPAY,5,2.272517,,2.272517,2025-03-08 18:32:47
4460,7370,776,1,WITHDRAW,5,6202.682634,,,2025-03-08 18:37:11
4461,7371,450,4,BORROW,5,4930.889985,6422.4572826179,4930.889985,2025-03-08 18:41:54
4462,7374,810,1,REPAY,4,887.830532,,887.830532,2025-03-08 19:24:07
4463,7375,376,4,BORROW,1,6403.00669,13659.5669850251,6403.00669,2025-03-08 19:43:04
4464,7376,283,2,REPAY,1,56.399431,,56.399431,2025-03-08 19:48:35
4465,7377,304,1,WITHDRAW,1,7549.417513,,,2025-03-08 19:53:22
4466,7379,434,3,DEPOSIT,3,6839.642287,6839.642287,,2025-03-08 20:18:59
4467,7380,584,1,WITHDRAW,2,3836.707195,,,2025-03-08 20:23:21
4468,7381,468,2,WITHDRAW,5,3493.475503,,,2025-03-08 20:47:10
4469,7382,815,2,REPAY,3,80.984255,,80.984255,2025-03-08 20:49:00
4470,7383,9,1,BORROW,3,3506.702431,7359.113361528,3506.702431,2025-03-08 20:59:12
4471,7384,809,3,LIQUIDATION,3,348.534836,330.1925329304,348.534836,2025-03-08 21:05:21
4472,7386,996,1,REPAY,3,738.415206,,738.415206,2025-03-08 21:36:08
4473,7388,745,2,REPAY,4,21.605106,,21.605106,2025-03-08 22:28:25
4474,7390,490,3,REPAY,4,0.727862,,0.727862,2025-03-08 23:37:05
4475,7391,190,3,REPAY,3,69.221656,,69.221656,2025-03-08 23:39:52
4476,7392,16,1,REPAY,1,1.852728,,1.852728,2025-03-08 23:58:01
4477,7393,14,1,WITHDRAW,5,4487.581045,,,2025-03-09 00:05:56
4478,7397,292,3,DEPOSIT,4,1814.687291,1814.687291,,2025-03-09 00:37:20
4479,7398,746,3,LIQUIDATION,1,14267.601632,14081.1557507676,14267.601632,2025-03-09 00:52:20
4480,7400,71,2,REPAY,4,120.470912,,120.470912,2025-03-09 00:59:04
4481,7401,431,2,REPAY,3,0.026769,,0.026769,2025-03-09 01:11:04
4482,7402,142,2,REPAY,2,171.840663,,171.840663,2025-03-09 01:12:39
4483,7405,60,4,BORROW,4,952.239504,1489.7955024751,952.239504,2025-03-09 03:18:33
4484,7408,84,2,REPAY,3,286.067078,,286.067078,2025-03-09 03:49:19
4485,7409,103,4,REPAY,5,200.130421,,200.130421,2025-03-09 04:26:15
4486,7410,105,1,BORROW,5,4468.511897,6798.5097347281,4468.511897,2025-03-09 04:30:39
4487,7411,520,1,WITHDRAW,5,6787.726818,,,2025-03-09 04:35:03
4488,7412,153,4,WITHDRAW,5,7981.07153,,,2025-03-09 04:57:15
4489,7413,891,4,REPAY,5,981.040294,,981.040294,2025-03-09 05:13:16
4490,7414,406,1,REPAY,1,51.835023,,51.835023,2025-03-09 05:48:49
4491,7419,588,2,WITHDRAW,5,7440.277494,,,2025-03-09 07:26:17
4492,7420,403,1,REPAY,4,0.04206,,0.04206,2025-03-09 07:44:24
4493,7422,550,4,REPAY,4,214.381275,,214.381275,2025-03-09 08:02:16
4494,7424,284,4,REPAY,3,540.84828,,540.84828,2025-03-09 08:07:13
4495,7425,207,2,REPAY,1,0.06275,,0.06275,2025-03-09 08:07:45
4496,7426,194,3,BORROW,4,7240.735455,17291.6307730029,7240.735455,2025-03-09 08:15:08
4497,7428,204,3,REPAY,5,148.379191,,148.379191,2025-03-09 08:46:17
4498,7429,554,4,BORROW,2,6729.332526,13154.6303588839,6729.332526,2025-03-09 09:07:37
4499,7432,750,2,BORROW,5,5913.556102,10460.8742002287,5913.556102,2025-03-09 10:33:21
4500,7433,480,3,BORROW,3,9141.329245,21235.7210393884,9141.329245,2025-03-09 10:36:43
4501,7434,604,2,DEPOSIT,3,1415.099862,1415.099862,,2025-03-09 10:37:04
4502,7435,758,1,REPAY,4,79.886025,,79.886025,2025-03-09 10:43:10
4503,7436,598,1,REPAY,3,3792.254754,,3792.254754,2025-03-09 10:44:52
4504,7439,915,4,WITHDRAW,3,964.292739,,,2025-03-09 11:21:04
4505,7440,813,4,DEPOSIT,1,9702.128549,9702.128549,,2025-03-09 11:50:00
4506,7441,892,2,LIQUIDATION,4,190.757361,222.0531213034,190.757361,2025-03-09 11:56:52
4507,7442,99,2,DEPOSIT,5,3775.799515,3775.799515,,2025-03-09 12:02:47
4508,7443,963,3,REPAY,1,98.568167,,98.568167,2025-03-09 12:05:15
4509,7444,948,3,REPAY,5,5.453317,,5.453317,2025-03-09 12:14:05
4510,7447,772,3,BORROW,2,6183.557109,8276.3075646957,6183.557109,2025-03-09 13:02:08
4511,7448,703,2,WITHDRAW,2,846.306506,,,2025-03-09 13:06:54
4512,7449,380,1,LIQUIDATION,1,3052.366676,3630.9337835151,3052.366676,2025-03-09 13:26:46
4513,7450,949,3,BORROW,4,6051.482556,8071.0331666045,6051.482556,2025-03-09 13:28:20
4514,7451,853,1,REPAY,1,4516.48755,,4516.48755,2025-03-09 14:11:46
4515,7452,913,4,WITHDRAW,5,122.252256,,,2025-03-09 14:14:28
4516,7454,178,3,REPAY,5,0.050724,,0.050724,2025-03-09 14:38:19
4517,7455,912,1,REPAY,1,1.236686,,1.236686,2025-03-09 14:46:32
4518,7458,284,1,REPAY,3,180.896633,,180.896633,2025-03-09 15:13:56
4519,7459,140,2,REPAY,2,8.323057,,8.323057,2025-03-09 15:19:45
4520,7461,147,3,DEPOSIT,5,1743.465005,1743.465005,,2025-03-09 15:23:42
4521,7462,424,2,REPAY,5,0.073407,,0.073407,2025-03-09 15:35:41
4522,7463,787,2,REPAY,4,832.316138,,832.316138,2025-03-09 16:13:08
4523,7464,48,1,REPAY,4,144.362228,,144.362228,2025-03-09 16:18:36
4524,7465,551,1,REPAY,1,88.294926,,88.294926,2025-03-09 16:22:35
4525,7467,957,1,REPAY,5,115.588067,,115.588067,2025-03-09 16:29:39
4526,7468,325,1,REPAY,2,0.085585,,0.085585,2025-03-09 16:39:56
4527,7469,55,4,REPAY,5,24.993381,,24.993381,2025-03-09 16:49:18
4528,7470,487,1,BORROW,4,6876.643808,14426.5813528738,6876.643808,2025-03-09 16:54:11
4529,7472,765,2,REPAY,2,22.499988,,22.499988,2025-03-09 17:06:09
4530,7475,640,1,REPAY,4,3.761151,,3.761151,2025-03-09 17:44:08
4531,7476,611,3,WITHDRAW,2,1226.392622,,,2025-03-09 17:48:06
4532,7477,641,2,REPAY,4,1159.278814,,1159.278814,2025-03-09 17:53:01
4533,7479,68,2,BORROW,3,745.248126,1722.9955995529,745.248126,2025-03-09 18:10:07
4534,7481,372,4,REPAY,3,118.139896,,118.139896,2025-03-09 18:42:34
4535,7482,237,4,REPAY,4,873.946649,,873.946649,2025-03-09 19:44:43
4536,7483,968,4,BORROW,4,7478.694281,12460.9900570077,7478.694281,2025-03-09 20:04:39
4537,7484,904,3,DEPOSIT,2,8557.173423,8557.173423,,2025-03-09 20:20:08
4538,7485,360,2,REPAY,2,763.925261,,763.925261,2025-03-09 21:16:26
4539,7487,58,1,BORROW,4,2017.11287,2674.3421254339,2017.11287,2025-03-09 21:34:06
4540,7489,439,2,REPAY,4,0.424897,,0.424897,2025-03-09 21:49:16
4541,7490,403,3,REPAY,5,0.006985,,0.006985,2025-03-09 21:51:29
4542,7491,535,1,REPAY,2,2233.675425,,2233.675425,2025-03-09 21:59:57
4543,7492,154,1,DEPOSIT,4,7782.790814,7782.790814,,2025-03-10 00:08:06
4544,7493,486,4,WITHDRAW,3,5003.097463,,,2025-03-10 00:19:08
4545,7494,817,1,REPAY,3,0.18877,,0.18877,2025-03-10 00:36:03
4546,7495,65,4,REPAY,1,51.119334,,51.119334,2025-03-10 00:41:21
4547,7496,9,1,BORROW,1,5866.31175,11638.2569202261,5866.31175,2025-03-10 01:00:59
4548,7497,975,2,DEPOSIT,4,7043.333107,7043.333107,,2025-03-10 01:13:42
4549,7499,982,2,DEPOSIT,3,269.379793,269.379793,,2025-03-10 01:31:53
4550,7501,837,1,WITHDRAW,1,7841.533481,,,2025-03-10 01:58:41
4551,7503,314,4,REPAY,3,139.488292,,139.488292,2025-03-10 02:18:34
4552,7504,709,4,LIQUIDATION,1,3622.251988,4047.4535682231,3622.251988,2025-03-10 02:45:29
4553,7505,175,1,DEPOSIT,5,8789.321965,8789.321965,,2025-03-10 02:55:07
4554,7507,882,2,BORROW,2,4632.667835,9360.5622735699,4632.667835,2025-03-10 04:12:00
4555,7511,628,3,REPAY,4,16.746386,,16.746386,2025-03-10 05:02:00
4556,7513,531,3,REPAY,3,5854.602594,,5854.602594,2025-03-10 05:43:34
4557,7514,437,4,REPAY,2,1859.433074,,1859.433074,2025-03-10 05:49:58
4558,7517,634,3,REPAY,3,1751.577561,,1751.577561,2025-03-10 06:16:29
4559,7518,160,1,DEPOSIT,1,4464.591697,4464.591697,,2025-03-10 06:27:28
4560,7520,362,4,REPAY,4,0.138337,,0.138337,2025-03-10 06:42:41
4561,7521,71,1,LIQUIDATION,3,419.87238,383.8614278313,419.87238,2025-03-10 06:57:27
4562,7524,515,1,REPAY,5,37.033711,,37.033711,2025-03-10 07:31:43
4563,7525,370,4,REPAY,5,66.471775,,66.471775,2025-03-10 07:46:09
4564,7526,470,2,REPAY,3,669.590111,,669.590111,2025-03-10 07:49:08
4565,7528,675,2,WITHDRAW,4,5304.03403,,,2025-03-10 08:14:15
4566,7529,817,2,REPAY,5,0.042284,,0.042284,2025-03-10 08:22:01
4567,7530,43,3,DEPOSIT,3,6457.411704,6457.411704,,2025-03-10 08:22:07
4568,7531,73,4,REPAY,1,4.959381,,4.959381,2025-03-10 08:33:13
4569,7532,32,4,REPAY,2,1107.161188,,1107.161188,2025-03-10 08:55:59
4570,7534,280,3,REPAY,5,555.462587,,555.462587,2025-03-10 09:06:29
4571,7535,138,2,LIQUIDATION,4,8911.08752,8651.9598968627,8911.08752,2025-03-10 09:15:35
4572,7536,475,3,BORROW,3,3907.422749,6960.6867189075,3907.422749,2025-03-10 09:23:10
4573,7537,515,2,REPAY,3,137.818501,,137.818501,2025-03-10 09:25:23
4574,7539,573,3,DEPOSIT,3,577.890143,577.890143,,2025-03-10 09:37:10
4575,7540,382,4,BORROW,2,9116.390111,18190.0082364227,9116.390111,2025-03-10 09:37:46
4576,7541,704,1,REPAY,4,247.105368,,247.105368,2025-03-10 09:56:57
4577,7542,536,4,DEPOSIT,2,329.673581,329.673581,,2025-03-10 10:12:09
4578,7544,517,3,WITHDRAW,3,3289.412799,,,2025-03-10 11:21:28
4579,7545,431,4,REPAY,4,0.014706,,0.014706,2025-03-10 11:42:14
4580,7547,380,2,DEPOSIT,2,889.398084,889.398084,,2025-03-10 11:59:53
4581,7548,120,3,DEPOSIT,1,2696.038735,2696.038735,,2025-03-10 12:36:37
4582,7549,671,4,WITHDRAW,3,2713.447311,,,2025-03-10 12:37:26
4583,7550,288,4,DEPOSIT,3,7162.18315,7162.18315,,2025-03-10 12:42:03
4584,7551,673,2,BORROW,3,2619.712005,5451.0499427431,2619.712005,2025-03-10 12:42:19
4585,7552,327,1,DEPOSIT,1,3610.002343,3610.002343,,2025-03-10 13:04:28
4586,7553,851,3,DEPOSIT,4,2163.572184,2163.572184,,2025-03-10 13:08:39
4587,7554,157,4,DEPOSIT,2,38.57724,38.57724,,2025-03-10 13:32:52
4588,7555,765,1,REPAY,5,14.043115,,14.043115,2025-03-10 13:39:45
4589,7556,893,2,REPAY,2,33.670553,,33.670553,2025-03-10 13:41:39
4590,7557,620,1,REPAY,1,10.297804,,10.297804,2025-03-10 14:27:28
4591,7558,206,4,REPAY,5,88.818378,,88.818378,2025-03-10 14:32:36
4592,7559,952,1,REPAY,5,337.867213,,337.867213,2025-03-10 14:39:38
4593,7563,749,3,WITHDRAW,4,4311.409698,,,2025-03-10 15:57:04
4594,7564,375,2,WITHDRAW,4,9405.026229,,,2025-03-10 16:27:36
4595,7565,27,3,WITHDRAW,3,3416.821422,,,2025-03-10 16:32:15
4596,7566,882,1,WITHDRAW,5,8809.370734,,,2025-03-10 16:49:33
4597,7568,117,4,REPAY,5,10.08923,,10.08923,2025-03-10 17:04:33
4598,7569,9,1,LIQUIDATION,1,9373.014181,8366.6796462373,9373.014181,2025-03-10 17:15:35
4599,7571,732,2,REPAY,4,30.929168,,30.929168,2025-03-10 17:26:59
4600,7572,126,1,REPAY,2,2155.281469,,2155.281469,2025-03-10 17:27:49
4601,7576,567,2,DEPOSIT,1,4976.962624,4976.962624,,2025-03-10 19:05:49
4602,7577,284,4,REPAY,4,19.449194,,19.449194,2025-03-10 19:09:55
4603,7579,314,1,REPAY,1,25.266698,,25.266698,2025-03-10 19:40:51
4604,7582,266,2,WITHDRAW,2,7109.029962,,,2025-03-10 19:57:55
4605,7584,578,3,REPAY,4,677.346926,,677.346926,2025-03-10 20:42:21
4606,7585,494,1,REPAY,2,0.837689,,0.837689,2025-03-10 20:46:00
4607,7586,624,3,REPAY,1,4489.766513,,4489.766513,2025-03-10 20:50:48
4608,7587,12,4,REPAY,1,11.690703,,11.690703,2025-03-10 20:56:01
4609,7588,131,1,WITHDRAW,2,318.923738,,,2025-03-10 20:59:10
4610,7589,534,2,REPAY,5,6074.763205,,6074.763205,2025-03-10 21:08:49
4611,7591,464,4,BORROW,1,3354.951034,4918.2871662982,3354.951034,2025-03-10 21:35:31
4612,7592,552,2,REPAY,1,671.846354,,671.846354,2025-03-10 22:13:20
4613,7594,452,1,REPAY,2,33.14313,,33.14313,2025-03-10 22:27:39
4614,7596,534,2,WITHDRAW,5,9154.710645,,,2025-03-10 23:04:03
4615,7597,560,1,DEPOSIT,5,7459.221158,7459.221158,,2025-03-10 23:08:00
4616,7598,724,2,WITHDRAW,1,7022.63861,,,2025-03-10 23:09:04
4617,7600,608,1,REPAY,3,1421.563546,,1421.563546,2025-03-10 23:44:26
4618,7601,177,4,DEPOSIT,3,7864.641073,7864.641073,,2025-03-10 23:51:06
4619,7605,163,1,REPAY,5,54.021806,,54.021806,2025-03-11 00:33:09
4620,7609,32,1,BORROW,5,1182.797473,2785.0592793657,1182.797473,2025-03-11 01:19:45
4621,7611,630,4,REPAY,1,21.524301,,21.524301,2025-03-11 01:52:53
4622,7612,420,4,LIQUIDATION,1,5953.120772,6296.0354649126,5953.120772,2025-03-11 01:53:15
4623,7614,603,2,WITHDRAW,1,9887.991823,,,2025-03-11 02:19:19
4624,7615,404,3,REPAY,1,96.940631,,96.940631,2025-03-11 03:00:25
4625,7617,449,4,REPAY,3,375.824098,,375.824098,2025-03-11 03:12:59
4626,7618,367,1,LIQUIDATION,4,552.093977,640.7179580521,552.093977,2025-03-11 03:32:01
4627,7619,709,3,BORROW,4,473.167176,855.3852002111,473.167176,2025-03-11 05:20:29
4628,7621,770,2,DEPOSIT,2,8171.506823,8171.506823,,2025-03-11 05:30:14
4629,7623,72,4,REPAY,1,429.291386,,429.291386,2025-03-11 06:06:19
4630,7625,49,4,DEPOSIT,5,8028.887434,8028.887434,,2025-03-11 06:55:39
4631,7630,227,2,WITHDRAW,5,8438.344564,,,2025-03-11 08:05:10
4632,7631,944,4,REPAY,5,0.35728,,0.35728,2025-03-11 08:20:11
4633,7632,378,1,REPAY,2,5090.408421,,5090.408421,2025-03-11 08:23:07
4634,7634,577,2,REPAY,5,22.896361,,22.896361,2025-03-11 08:52:47
4635,7635,470,4,LIQUIDATION,5,1169.984541,1126.2305491506,1169.984541,2025-03-11 09:10:31
4636,7636,153,1,BORROW,1,1613.514991,3160.3627207257,1613.514991,2025-03-11 09:26:47
4637,7639,162,1,DEPOSIT,5,6364.911276,6364.911276,,2025-03-11 09:45:28
4638,7641,994,4,REPAY,2,163.085508,,163.085508,2025-03-11 10:20:44
4639,7642,170,3,REPAY,2,1818.362318,,1818.362318,2025-03-11 11:00:12
4640,7644,556,3,DEPOSIT,5,4170.002008,4170.002008,,2025-03-11 11:12:37
4641,7645,809,1,WITHDRAW,2,1465.538833,,,2025-03-11 11:13:29
4642,7647,861,3,REPAY,2,118.354907,,118.354907,2025-03-11 11:52:21
4643,7649,964,4,BORROW,5,2252.277232,4122.2277752828,2252.277232,2025-03-11 12:02:11
4644,7650,630,3,REPAY,1,1.510755,,1.510755,2025-03-11 12:13:48
4645,7653,735,2,WITHDRAW,1,8778.496821,,,2025-03-11 12:47:59
4646,7654,571,2,REPAY,1,370.688754,,370.688754,2025-03-11 12:48:22
4647,7656,532,1,WITHDRAW,1,94.664314,,,2025-03-11 13:10:53
4648,7657,92,1,BORROW,5,600.436327,1141.1372520444,600.436327,2025-03-11 13:26:20
4649,7658,173,2,WITHDRAW,1,8522.814457,,,2025-03-11 13:44:25
4650,7659,108,4,WITHDRAW,1,5042.389863,,,2025-03-11 13:53:55
4651,7660,1000,2,REPAY,4,0.125834,,0.125834,2025-03-11 14:01:47
4652,7662,679,1,BORROW,2,3659.614958,8937.075302634,3659.614958,2025-03-11 14:17:29
4653,7663,233,4,DEPOSIT,5,3300.358905,3300.358905,,2025-03-11 14:43:03
4654,7666,101,1,WITHDRAW,4,6038.965119,,,2025-03-11 15:11:31
4655,7667,665,2,REPAY,1,971.408414,,971.408414,2025-03-11 15:34:52
4656,7668,357,3,BORROW,1,2740.007281,6673.0691399074,2740.007281,2025-03-11 15:46:24
4657,7669,512,1,REPAY,5,199.056239,,199.056239,2025-03-11 15:51:25
4658,7671,590,4,BORROW,2,5842.242796,9414.0380390912,5842.242796,2025-03-11 16:04:02
4659,7673,105,4,REPAY,2,909.730443,,909.730443,2025-03-11 16:31:16
4660,7674,267,1,LIQUIDATION,3,2081.899977,2357.6258945289,2081.899977,2025-03-11 16:40:50
4661,7675,687,3,DEPOSIT,5,5653.3119,5653.3119,,2025-03-11 17:14:37
4662,7676,273,3,REPAY,3,140.42668,,140.42668,2025-03-11 17:16:03
4663,7677,89,4,REPAY,1,1844.877127,,1844.877127,2025-03-11 17:21:53
4664,7678,143,3,BORROW,1,3041.641387,6658.1276296157,3041.641387,2025-03-11 17:29:39
4665,7679,993,4,REPAY,5,936.31465,,936.31465,2025-03-11 17:35:01
4666,7680,299,3,REPAY,5,116.39103,,116.39103,2025-03-11 18:09:52
4667,7682,330,1,REPAY,2,9.189407,,9.189407,2025-03-11 18:13:49
4668,7683,221,2,BORROW,3,760.220011,1137.6642886638,760.220011,2025-03-11 18:16:15
4669,7685,81,3,WITHDRAW,1,3640.222653,,,2025-03-11 18:16:45
4670,7686,191,4,REPAY,4,0.004584,,0.004584,2025-03-11 19:01:05
4671,7690,800,2,BORROW,1,247.676054,557.1294386579,247.676054,2025-03-11 19:40:32
4672,7691,96,4,REPAY,5,363.486327,,363.486327,2025-03-11 19:46:23
4673,7693,46,4,BORROW,4,9804.278616,21533.8471609601,9804.278616,2025-03-11 20:30:35
4674,7694,156,1,DEPOSIT,5,7613.801541,7613.801541,,2025-03-11 21:03:43
4675,7695,345,4,WITHDRAW,1,5725.263254,,,2025-03-11 21:17:55
4676,7696,735,2,DEPOSIT,3,4745.823417,4745.823417,,2025-03-11 21:20:13
4677,7697,105,2,REPAY,3,3209.633278,,3209.633278,2025-03-11 21:45:41
4678,7698,793,2,REPAY,2,227.167625,,227.167625,2025-03-11 22:17:56
4679,7700,526,2,REPAY,5,0.452976,,0.452976,2025-03-11 22:40:47
4680,7704,23,3,BORROW,1,3163.863852,4962.4635990146,3163.863852,2025-03-11 22:54:45
4681,7707,407,3,BORROW,2,4210.235913,7905.3043198859,4210.235913,2025-03-11 23:09:01
4682,7708,611,2,REPAY,2,0.602177,,0.602177,2025-03-11 23:11:45
4683,7711,823,1,REPAY,1,3356.218494,,3356.218494,2025-03-11 23:42:35
4684,7712,493,4,BORROW,3,8073.297487,17139.3651803373,8073.297487,2025-03-11 23:45:02
4685,7713,240,2,REPAY,2,35.422713,,35.422713,2025-03-12 00:01:17
4686,7714,22,2,REPAY,3,160.176044,,160.176044,2025-03-12 00:22:19
4687,7715,754,3,REPAY,3,2134.66783,,2134.66783,2025-03-12 00:28:53
4688,7716,436,1,REPAY,1,17.49144,,17.49144,2025-03-12 00:43:12
4689,7717,819,4,REPAY,5,132.05906,,132.05906,2025-03-12 00:59:05
4690,7718,413,1,REPAY,3,215.19013,,215.19013,2025-03-12 00:59:15
4691,7720,16,3,REPAY,4,1.6023,,1.6023,2025-03-12 01:26:23
4692,7723,903,1,REPAY,5,93.905062,,93.905062,2025-03-12 01:53:58
4693,7725,105,2,REPAY,3,103.646219,,103.646219,2025-03-12 02:12:17
4694,7726,667,1,REPAY,1,0.325288,,0.325288,2025-03-12 02:20:30
4695,7727,316,2,REPAY,3,79.837155,,79.837155,2025-03-12 02:41:03
4696,7730,780,4,REPAY,1,2423.910133,,2423.910133,2025-03-12 03:08:37
4697,7731,609,3,DEPOSIT,5,6247.835768,6247.835768,,2025-03-12 03:21:48
4698,7734,955,2,REPAY,2,540.014507,,540.014507,2025-03-12 03:33:12
4699,7735,796,1,BORROW,5,9028.847541,15264.5105082695,9028.847541,2025-03-12 03:37:43
4700,7736,92,3,REPAY,2,371.0049,,371.0049,2025-03-12 04:10:33
4701,7738,597,2,DEPOSIT,4,6283.60917,6283.60917,,2025-03-12 04:18:45
4702,7739,792,4,REPAY,1,4861.082611,,4861.082611,2025-03-12 04:32:26
4703,7740,33,3,DEPOSIT,3,3666.020193,3666.020193,,2025-03-12 04:34:51
4704,7741,958,4,REPAY,5,0.286033,,0.286033,2025-03-12 04:40:32
4705,7743,689,1,WITHDRAW,5,2507.056957,,,2025-03-12 05:11:20
4706,7745,688,2,WITHDRAW,5,8785.031428,,,2025-03-12 05:37:12
4707,7746,538,2,REPAY,3,455.429322,,455.429322,2025-03-12 05:41:17
4708,7747,647,3,REPAY,3,34.284806,,34.284806,2025-03-12 05:55:17
4709,7748,293,4,DEPOSIT,1,7480.699624,7480.699624,,2025-03-12 05:59:26
4710,7750,519,2,WITHDRAW,5,2130.041772,,,2025-03-12 06:29:18
4711,7751,231,3,REPAY,5,1809.077618,,1809.077618,2025-03-12 06:34:56
4712,7752,103,2,REPAY,5,34.553463,,34.553463,2025-03-12 06:52:44
4713,7753,83,1,REPAY,4,18.194077,,18.194077,2025-03-12 07:29:52
4714,7755,843,2,BORROW,4,4891.06253,8148.1383489302,4891.06253,2025-03-12 08:04:52
4715,7756,583,1,DEPOSIT,3,7969.703404,7969.703404,,2025-03-12 08:05:40
4716,7757,839,4,WITHDRAW,4,1824.479826,,,2025-03-12 08:17:58
4717,7758,234,4,DEPOSIT,4,2526.413519,2526.413519,,2025-03-12 08:20:57
4718,7759,751,2,BORROW,2,5867.911126,7773.3272853331,5867.911126,2025-03-12 08:25:34
4719,7760,306,3,WITHDRAW,3,2128.751511,,,2025-03-12 08:53:56
4720,7762,949,3,REPAY,5,2654.187221,,2654.187221,2025-03-12 09:28:59
4721,7763,479,4,REPAY,3,1385.1013,,1385.1013,2025-03-12 09:36:09
4722,7765,311,3,BORROW,5,9596.677927,16177.1045286205,9596.677927,2025-03-12 10:06:00
4723,7766,265,4,REPAY,3,103.82071,,103.82071,2025-03-12 10:18:43
4724,7767,467,1,DEPOSIT,4,4645.879574,4645.879574,,2025-03-12 10:25:02
4725,7768,397,1,WITHDRAW,5,4293.605474,,,2025-03-12 10:51:01
4726,7769,204,1,DEPOSIT,5,6854.798749,6854.798749,,2025-03-12 10:51:40
4727,7770,994,1,REPAY,5,22.893809,,22.893809,2025-03-12 11:01:38
4728,7771,795,1,REPAY,1,1068.219945,,1068.219945,2025-03-12 11:26:19
4729,7775,702,1,DEPOSIT,5,7160.67136,7160.67136,,2025-03-12 12:31:00
4730,7777,647,2,DEPOSIT,2,9341.072527,9341.072527,,2025-03-12 13:13:56
4731,7778,57,3,WITHDRAW,1,3145.931292,,,2025-03-12 13:15:38
4732,7779,748,4,WITHDRAW,5,5854.385325,,,2025-03-12 13:17:55
4733,7780,456,3,REPAY,1,4378.660717,,4378.660717,2025-03-12 13:26:31
4734,7781,695,3,REPAY,5,2241.226665,,2241.226665,2025-03-12 13:43:34
4735,7782,170,2,BORROW,4,5650.452011,9953.1745332214,5650.452011,2025-03-12 13:47:48
4736,7784,455,3,REPAY,2,890.448704,,890.448704,2025-03-12 14:18:38
4737,7785,695,4,BORROW,4,2015.02122,4448.1306291642,2015.02122,2025-03-12 14:18:50
4738,7786,459,2,WITHDRAW,2,6960.684278,,,2025-03-12 14:23:15
4739,7788,24,3,REPAY,2,0.304553,,0.304553,2025-03-12 14:33:37
4740,7789,138,4,DEPOSIT,3,7962.782258,7962.782258,,2025-03-12 14:42:10
4741,7790,86,2,REPAY,3,8.359979,,8.359979,2025-03-12 15:00:41
4742,7791,195,2,REPAY,5,3.009965,,3.009965,2025-03-12 15:08:12
4743,7792,538,3,REPAY,5,134.191159,,134.191159,2025-03-12 15:24:18
4744,7793,217,4,REPAY,1,1524.969617,,1524.969617,2025-03-12 15:44:11
4745,7794,3,3,REPAY,3,10.771745,,10.771745,2025-03-12 16:13:05
4746,7795,457,1,BORROW,5,3979.533478,5637.627516179,3979.533478,2025-03-12 16:15:12
4747,7798,86,4,REPAY,1,0.519946,,0.519946,2025-03-12 17:07:01
4748,7800,889,1,WITHDRAW,1,1696.782976,,,2025-03-12 17:38:34
4749,7805,884,4,BORROW,3,8006.245435,18731.1270639817,8006.245435,2025-03-12 20:22:45
4750,7806,168,3,REPAY,3,4.056853,,4.056853,2025-03-12 20:30:35
4751,7808,835,1,WITHDRAW,5,8314.774406,,,2025-03-12 21:05:44
4752,7809,678,2,DEPOSIT,3,2208.347305,2208.347305,,2025-03-12 21:08:03
4753,7811,4,3,REPAY,1,3749.203221,,3749.203221,2025-03-12 21:23:12
4754,7812,177,3,DEPOSIT,2,4098.283365,4098.283365,,2025-03-12 22:09:41
4755,7814,213,1,REPAY,3,136.961767,,136.961767,2025-03-12 22:24:22
4756,7816,902,1,DEPOSIT,3,4194.73708,4194.73708,,2025-03-12 22:56:43
4757,7818,109,1,REPAY,1,1607.41323,,1607.41323,2025-03-12 23:41:06
4758,7819,552,4,REPAY,5,391.630203,,391.630203,2025-03-12 23:44:20
4759,7820,283,2,REPAY,3,36.69182,,36.69182,2025-03-12 23:46:36
4760,7823,261,3,REPAY,4,1.532514,,1.532514,2025-03-13 00:13:32
4761,7824,421,3,DEPOSIT,1,2095.584132,2095.584132,,2025-03-13 00:15:19
4762,7825,794,1,DEPOSIT,3,6326.805955,6326.805955,,2025-03-13 00:38:50
4763,7826,21,3,REPAY,4,20.16035,,20.16035,2025-03-13 00:40:25
4764,7828,756,1,WITHDRAW,4,6967.297616,,,2025-03-13 00:50:18
4765,7832,725,1,REPAY,3,1.881643,,1.881643,2025-03-13 02:52:45
4766,7833,551,1,REPAY,2,283.692189,,283.692189,2025-03-13 03:20:00
4767,7834,797,1,DEPOSIT,1,8399.055165,8399.055165,,2025-03-13 03:35:41
4768,7835,722,1,REPAY,4,2447.490377,,2447.490377,2025-03-13 03:42:05
4769,7838,126,4,REPAY,1,1215.992505,,1215.992505,2025-03-13 04:26:23
4770,7840,65,4,REPAY,5,115.035342,,115.035342,2025-03-13 05:41:59
4771,7841,365,4,REPAY,4,182.145275,,182.145275,2025-03-13 06:02:04
4772,7842,966,1,BORROW,3,9112.867099,14362.5299012506,9112.867099,2025-03-13 06:06:38
4773,7843,611,2,REPAY,3,1.254223,,1.254223,2025-03-13 06:12:15
4774,7844,312,4,WITHDRAW,5,6620.451724,,,2025-03-13 06:34:52
4775,7845,921,1,REPAY,5,174.595926,,174.595926,2025-03-13 06:43:48
4776,7846,950,2,BORROW,1,5011.244155,6267.3845313949,5011.244155,2025-03-13 06:49:45
4777,7847,687,4,BORROW,5,522.168992,783.7807928007,522.168992,2025-03-13 06:52:09
4778,7848,245,3,REPAY,3,399.997347,,399.997347,2025-03-13 07:37:28
4779,7852,84,3,REPAY,5,419.232172,,419.232172,2025-03-13 08:28:22
4780,7853,566,4,BORROW,1,9108.506553,19148.0003531014,9108.506553,2025-03-13 08:43:47
4781,7858,483,2,REPAY,4,0.042905,,0.042905,2025-03-13 09:38:47
4782,7859,919,1,DEPOSIT,1,6152.456915,6152.456915,,2025-03-13 09:46:43
4783,7860,250,2,DEPOSIT,2,5339.773033,5339.773033,,2025-03-13 09:47:21
4784,7861,575,1,REPAY,1,1823.522355,,1823.522355,2025-03-13 09:47:52
4785,7863,426,4,BORROW,2,7656.451709,17668.1118686252,7656.451709,2025-03-13 11:41:02
4786,7864,737,1,WITHDRAW,4,3321.602182,,,2025-03-13 11:50:44
4787,7865,560,4,WITHDRAW,2,8187.298678,,,2025-03-13 12:06:15
4788,7868,921,3,WITHDRAW,3,7039.233821,,,2025-03-13 12:38:39
4789,7869,438,4,BORROW,5,620.890659,1081.3633652711,620.890659,2025-03-13 12:40:18
4790,7870,71,1,BORROW,1,4269.61735,8519.3608175751,4269.61735,2025-03-13 13:00:27
4791,7871,246,3,DEPOSIT,2,5934.695509,5934.695509,,2025-03-13 13:39:28
4792,7872,182,3,BORROW,5,2159.752493,4471.0950107366,2159.752493,2025-03-13 13:42:02
4793,7873,268,3,REPAY,5,0.000109,,0.000109,2025-03-13 13:59:13
4794,7875,230,3,LIQUIDATION,1,6916.917334,6478.7277798246,6916.917334,2025-03-13 14:24:57
4795,7876,38,4,REPAY,3,1348.246073,,1348.246073,2025-03-13 14:52:20
4796,7878,106,1,REPAY,4,3.014745,,3.014745,2025-03-13 15:06:11
4797,7879,176,4,REPAY,5,517.044377,,517.044377,2025-03-13 15:15:02
4798,7882,455,4,REPAY,4,1303.895221,,1303.895221,2025-03-13 15:57:51
4799,7883,547,3,LIQUIDATION,3,6436.117257,5447.1787420151,6436.117257,2025-03-13 15:59:04
4800,7885,586,1,REPAY,3,9.969662,,9.969662,2025-03-13 16:10:40
4801,7886,261,3,REPAY,1,1.180407,,1.180407,2025-03-13 16:11:20
4802,7887,12,1,REPAY,3,0.11235,,0.11235,2025-03-13 16:16:56
4803,7890,884,3,REPAY,3,4540.018428,,4540.018428,2025-03-13 17:02:08
4804,7891,96,2,REPAY,4,12.324696,,12.324696,2025-03-13 17:02:45
4805,7893,971,1,BORROW,5,5149.074699,10821.8136283361,5149.074699,2025-03-13 17:32:11
4806,7894,781,1,BORROW,5,4632.364084,6419.7780528294,4632.364084,2025-03-13 17:41:33
4807,7895,661,2,REPAY,1,291.607214,,291.607214,2025-03-13 17:45:22
4808,7897,142,4,REPAY,5,178.071423,,178.071423,2025-03-13 18:11:01
4809,7898,501,4,BORROW,3,366.171882,503.7583259374,366.171882,2025-03-13 18:23:43
4810,7899,37,1,WITHDRAW,1,5987.399389,,,2025-03-13 18:36:01
4811,7900,524,4,REPAY,2,6.655501,,6.655501,2025-03-13 18:38:12
4812,7901,470,3,DEPOSIT,3,6562.519743,6562.519743,,2025-03-13 18:39:01
4813,7903,135,2,REPAY,4,1379.015653,,1379.015653,2025-03-13 19:14:17
4814,7904,507,3,REPAY,1,1117.246599,,1117.246599,2025-03-13 19:18:10
4815,7905,280,4,REPAY,3,250.163349,,250.163349,2025-03-13 19:29:37
4816,7906,743,1,DEPOSIT,2,4940.108199,4940.108199,,2025-03-13 19:44:14
4817,7907,203,3,REPAY,1,3.133956,,3.133956,2025-03-13 19:59:10
4818,7909,571,3,REPAY,4,204.051922,,204.051922,2025-03-13 21:19:02
4819,7910,445,3,WITHDRAW,5,9544.800059,,,2025-03-13 21:23:23
4820,7913,330,3,REPAY,4,1.020685,,1.020685,2025-03-13 22:05:02
4821,7914,506,1,REPAY,3,143.846624,,143.846624,2025-03-13 22:17:04
4822,7916,825,3,DEPOSIT,5,756.718902,756.718902,,2025-03-13 22:50:32
4823,7917,447,2,REPAY,3,38.295491,,38.295491,2025-03-13 23:36:36
4824,7918,360,4,REPAY,3,543.045224,,543.045224,2025-03-13 23:59:02
4825,7919,178,1,REPAY,3,0.017085,,0.017085,2025-03-14 00:00:42
4826,7921,535,4,REPAY,1,286.641821,,286.641821,2025-03-14 00:17:29
4827,7922,286,3,WITHDRAW,1,7306.376241,,,2025-03-14 00:31:29
4828,7923,988,2,REPAY,1,1978.538483,,1978.538483,2025-03-14 01:04:51
4829,7924,262,2,WITHDRAW,3,7776.272006,,,2025-03-14 01:20:47
4830,7926,191,2,REPAY,5,0.030637,,0.030637,2025-03-14 02:09:56
4831,7927,932,3,DEPOSIT,1,2073.900687,2073.900687,,2025-03-14 02:39:36
4832,7928,853,3,REPAY,4,2045.583334,,2045.583334,2025-03-14 02:50:09
4833,7930,350,1,WITHDRAW,3,6585.663653,,,2025-03-14 03:09:48
4834,7931,611,2,REPAY,3,1.701211,,1.701211,2025-03-14 03:12:48
4835,7932,85,3,REPAY,1,43.425664,,43.425664,2025-03-14 03:42:17
4836,7933,744,2,REPAY,1,21.07869,,21.07869,2025-03-14 03:44:44
4837,7934,52,3,BORROW,1,2585.432267,5547.7059075506,2585.432267,2025-03-14 03:55:47
4838,7935,286,4,DEPOSIT,1,7180.295255,7180.295255,,2025-03-14 04:03:45
4839,7936,395,4,REPAY,2,2198.14287,,2198.14287,2025-03-14 04:09:56
4840,7938,764,1,LIQUIDATION,3,2159.361092,2232.0677538476,2159.361092,2025-03-14 04:15:58
4841,7940,263,1,WITHDRAW,4,2926.393224,,,2025-03-14 04:55:03
4842,7941,166,1,DEPOSIT,1,1059.996889,1059.996889,,2025-03-14 05:02:13
4843,7942,405,4,REPAY,2,638.185019,,638.185019,2025-03-14 05:11:25
4844,7943,578,4,REPAY,4,1080.592094,,1080.592094,2025-03-14 05:28:45
4845,7944,546,1,DEPOSIT,1,5160.796819,5160.796819,,2025-03-14 06:18:31
4846,7945,151,2,REPAY,1,340.478831,,340.478831,2025-03-14 06:45:46
4847,7946,748,2,DEPOSIT,5,2779.981285,2779.981285,,2025-03-14 06:57:48
4848,7948,594,4,REPAY,1,6361.904712,,6361.904712,2025-03-14 07:16:40
4849,7951,89,2,REPAY,4,190.80489,,190.80489,2025-03-14 07:41:58
4850,7955,9,1,BORROW,3,9067.588315,17962.8637326318,9067.588315,2025-03-14 09:05:00
4851,7956,7,2,DEPOSIT,5,302.845761,302.845761,,2025-03-14 09:21:07
4852,7957,661,1,REPAY,4,15.548846,,15.548846,2025-03-14 09:24:43
4853,7958,199,2,WITHDRAW,3,8854.123401,,,2025-03-14 09:26:17
4854,7960,173,3,DEPOSIT,4,3691.908739,3691.908739,,2025-03-14 09:31:08
4855,7961,161,4,BORROW,1,9243.44615,21253.9283334983,9243.44615,2025-03-14 09:54:34
4856,7962,12,3,REPAY,1,0.023592,,0.023592,2025-03-14 10:12:27
4857,7963,824,4,REPAY,1,0.654343,,0.654343,2025-03-14 10:22:19
4858,7964,309,2,DEPOSIT,4,2765.747881,2765.747881,,2025-03-14 10:32:46
4859,7968,526,2,BORROW,3,9950.702148,17399.3812687021,9950.702148,2025-03-14 10:54:51
4860,7969,477,1,BORROW,2,1228.303288,2035.3320590753,1228.303288,2025-03-14 10:58:52
4861,7970,820,1,REPAY,3,1.385395,,1.385395,2025-03-14 10:59:27
4862,7972,229,2,REPAY,1,7113.170567,,7113.170567,2025-03-14 11:13:49
4863,7974,962,4,REPAY,2,0.000928,,0.000928,2025-03-14 11:14:54
4864,7975,266,4,DEPOSIT,1,6363.807918,6363.807918,,2025-03-14 11:18:24
4865,7976,497,4,REPAY,4,3306.997117,,3306.997117,2025-03-14 11:37:41
4866,7977,159,2,REPAY,1,0.002873,,0.002873,2025-03-14 11:43:42
4867,7978,291,4,DEPOSIT,2,4218.287592,4218.287592,,2025-03-14 11:43:56
4868,7979,116,2,REPAY,2,1.513569,,1.513569,2025-03-14 12:31:00
4869,7981,725,3,REPAY,1,0.348585,,0.348585,2025-03-14 12:33:59
4870,7984,856,2,REPAY,2,304.319882,,304.319882,2025-03-14 13:13:04
4871,7986,136,3,DEPOSIT,3,7924.221109,7924.221109,,2025-03-14 13:29:22
4872,7987,655,1,REPAY,2,2098.200235,,2098.200235,2025-03-14 14:07:52
4873,7988,653,3,REPAY,1,2195.44312,,2195.44312,2025-03-14 14:24:04
4874,7991,926,1,REPAY,1,156.29108,,156.29108,2025-03-14 14:31:43
4875,7992,906,4,REPAY,1,106.204258,,106.204258,2025-03-14 14:32:52
4876,7993,696,2,DEPOSIT,2,4273.434577,4273.434577,,2025-03-14 14:46:37
4877,7994,382,2,REPAY,2,4061.351631,,4061.351631,2025-03-14 14:46:55
4878,7995,84,4,REPAY,5,2.795998,,2.795998,2025-03-14 15:27:59
4879,7998,185,1,WITHDRAW,1,8259.593029,,,2025-03-14 15:55:32
4880,8000,476,1,REPAY,1,1422.570998,,1422.570998,2025-03-14 16:02:13
4881,8001,459,2,WITHDRAW,3,8236.222221,,,2025-03-14 16:04:04
4882,8005,480,3,REPAY,4,2060.777789,,2060.777789,2025-03-14 16:12:23
4883,8006,994,2,REPAY,4,5.576042,,5.576042,2025-03-14 16:24:30
4884,8007,916,3,DEPOSIT,1,3693.948776,3693.948776,,2025-03-14 16:28:02
4885,8008,765,1,REPAY,2,1.30891,,1.30891,2025-03-14 16:39:21
4886,8010,463,1,REPAY,2,5.892333,,5.892333,2025-03-14 17:06:32
4887,8012,83,2,REPAY,1,0.578178,,0.578178,2025-03-14 17:09:59
4888,8014,150,2,REPAY,4,1096.492043,,1096.492043,2025-03-14 17:26:03
4889,8016,997,4,DEPOSIT,3,8892.410429,8892.410429,,2025-03-14 17:58:15
4890,8019,515,2,REPAY,2,10.508719,,10.508719,2025-03-14 18:15:06
4891,8021,600,3,REPAY,2,36.580781,,36.580781,2025-03-14 18:33:28
4892,8022,53,3,WITHDRAW,5,4947.559531,,,2025-03-14 18:51:44
4893,8023,621,1,REPAY,2,383.509238,,383.509238,2025-03-14 19:25:52
4894,8024,15,4,REPAY,4,1162.157027,,1162.157027,2025-03-14 19:42:54
4895,8026,946,4,LIQUIDATION,1,1549.550113,1740.0360564377,1549.550113,2025-03-14 19:55:14
4896,8027,444,4,REPAY,1,4311.040647,,4311.040647,2025-03-14 20:09:27
4897,8028,257,3,DEPOSIT,1,8662.449997,8662.449997,,2025-03-14 20:18:40
4898,8030,579,1,REPAY,2,5744.903254,,5744.903254,2025-03-14 20:31:24
4899,8031,407,2,REPAY,3,926.40214,,926.40214,2025-03-14 20:44:55
4900,8033,978,1,REPAY,1,2.574994,,2.574994,2025-03-14 20:57:06
4901,8034,15,3,REPAY,3,672.329256,,672.329256,2025-03-14 21:14:47
4902,8035,886,3,DEPOSIT,1,7326.930707,7326.930707,,2025-03-14 21:21:31
4903,8038,818,4,REPAY,5,1.254353,,1.254353,2025-03-14 22:01:05
4904,8039,822,4,REPAY,2,0.895469,,0.895469,2025-03-14 22:06:27
4905,8041,619,3,WITHDRAW,4,7113.489544,,,2025-03-14 22:43:46
4906,8042,945,3,REPAY,2,114.626435,,114.626435,2025-03-14 22:49:26
4907,8043,973,4,REPAY,2,4.363185,,4.363185,2025-03-14 23:06:44
4908,8044,278,3,REPAY,5,6163.616947,,6163.616947,2025-03-14 23:13:34
4909,8045,917,4,REPAY,5,1.3e-05,,1.3e-05,2025-03-14 23:27:21
4910,8047,992,1,DEPOSIT,5,6498.617331,6498.617331,,2025-03-14 23:52:33
4911,8049,508,1,BORROW,3,3016.597157,5488.2695828268,3016.597157,2025-03-15 00:07:41
4912,8050,318,4,LIQUIDATION,2,6878.35849,6769.4308449445,6878.35849,2025-03-15 00:32:41
4913,8051,813,2,BORROW,4,7633.142262,10071.0441883628,7633.142262,2025-03-15 00:50:16
4914,8052,47,2,WITHDRAW,4,8507.599536,,,2025-03-15 00:53:51
4915,8053,190,3,REPAY,2,73.186138,,73.186138,2025-03-15 01:15:40
4916,8054,463,3,REPAY,4,4.765052,,4.765052,2025-03-15 01:34:04
4917,8055,835,4,BORROW,5,433.401255,916.0230365509,433.401255,2025-03-15 01:38:45
4918,8056,417,1,REPAY,2,2321.696581,,2321.696581,2025-03-15 01:49:09
4919,8058,811,3,REPAY,4,0.34406,,0.34406,2025-03-15 02:02:28
4920,8059,346,3,REPAY,3,4.58258,,4.58258,2025-03-15 02:25:53
4921,8060,448,3,BORROW,5,2005.862938,3472.6663394998,2005.862938,2025-03-15 02:30:09
4922,8061,438,3,BORROW,1,1385.708518,3376.9828194992,1385.708518,2025-03-15 02:43:23
4923,8062,406,3,WITHDRAW,5,8147.016204,,,2025-03-15 02:52:37
4924,8063,524,3,REPAY,1,0.408557,,0.408557,2025-03-15 02:59:36
4925,8065,5,2,DEPOSIT,3,428.138633,428.138633,,2025-03-15 03:21:38
4926,8067,100,1,REPAY,4,215.00597,,215.00597,2025-03-15 04:07:50
4927,8068,844,3,BORROW,5,4860.205681,6083.6696254116,4860.205681,2025-03-15 04:54:16
4928,8069,764,4,WITHDRAW,5,5315.400131,,,2025-03-15 04:59:43
4929,8073,343,4,WITHDRAW,1,2534.448717,,,2025-03-15 05:40:27
4930,8075,180,2,REPAY,4,2744.685763,,2744.685763,2025-03-15 05:44:15
4931,8076,722,1,REPAY,5,405.497995,,405.497995,2025-03-15 05:52:16
4932,8077,514,2,LIQUIDATION,3,6160.478492,6907.2070587223,6160.478492,2025-03-15 06:00:32
4933,8078,107,1,BORROW,2,5593.306989,13962.8487601039,5593.306989,2025-03-15 06:22:18
4934,8079,321,4,REPAY,5,1327.728721,,1327.728721,2025-03-15 06:23:23
4935,8081,611,4,REPAY,1,0.459338,,0.459338,2025-03-15 06:47:19
4936,8082,183,3,WITHDRAW,3,3659.594108,,,2025-03-15 06:47:26
4937,8083,987,2,DEPOSIT,4,834.056263,834.056263,,2025-03-15 07:05:41
4938,8084,786,1,REPAY,1,415.008939,,415.008939,2025-03-15 07:15:37
4939,8085,322,1,BORROW,2,5399.482119,8261.6148907638,5399.482119,2025-03-15 07:32:28
4940,8086,990,1,REPAY,5,143.061339,,143.061339,2025-03-15 07:33:30
4941,8088,149,2,BORROW,1,1263.34949,2250.0601947532,1263.34949,2025-03-15 08:02:59
4942,8090,903,4,REPAY,1,7.730678,,7.730678,2025-03-15 08:20:33
4943,8093,285,4,DEPOSIT,4,9578.738637,9578.738637,,2025-03-15 08:34:27
4944,8094,290,1,LIQUIDATION,2,3029.236582,2933.4256760311,3029.236582,2025-03-15 08:39:53
4945,8095,809,2,BORROW,2,5892.752267,10130.3060246293,5892.752267,2025-03-15 08:56:24
4946,8098,37,4,WITHDRAW,5,7759.559228,,,2025-03-15 09:30:30
4947,8100,61,4,REPAY,3,1963.161335,,1963.161335,2025-03-15 10:31:08
4948,8101,595,2,WITHDRAW,3,6643.566715,,,2025-03-15 10:35:33
4949,8103,773,1,REPAY,2,4.417732,,4.417732,2025-03-15 11:23:51
4950,8105,722,2,REPAY,5,1121.034333,,1121.034333,2025-03-15 11:38:17
4951,8106,693,3,WITHDRAW,2,4598.315668,,,2025-03-15 12:01:26
4952,8107,525,2,DEPOSIT,4,3468.619701,3468.619701,,2025-03-15 12:33:16
4953,8108,448,3,REPAY,5,1437.384926,,1437.384926,2025-03-15 12:34:44
4954,8111,996,3,REPAY,4,391.685889,,391.685889,2025-03-15 13:20:20
4955,8112,283,4,REPAY,2,2.553473,,2.553473,2025-03-15 13:31:15
4956,8114,418,4,REPAY,4,3.576575,,3.576575,2025-03-15 13:54:28
4957,8116,5,3,WITHDRAW,5,5822.690064,,,2025-03-15 13:59:50
4958,8117,377,2,DEPOSIT,4,4843.266072,4843.266072,,2025-03-15 14:28:15
4959,8119,113,2,REPAY,5,2934.401243,,2934.401243,2025-03-15 15:08:41
4960,8120,894,4,DEPOSIT,2,717.505582,717.505582,,2025-03-15 15:29:54
4961,8125,84,3,REPAY,5,7.842347,,7.842347,2025-03-15 16:04:40
4962,8126,147,3,DEPOSIT,1,4651.576024,4651.576024,,2025-03-15 16:15:45
4963,8127,764,4,DEPOSIT,1,3050.722962,3050.722962,,2025-03-15 16:51:40
4964,8130,401,2,BORROW,3,1975.975483,4234.5550966955,1975.975483,2025-03-15 17:46:00
4965,8131,328,4,WITHDRAW,1,5428.849112,,,2025-03-15 17:59:59
4966,8134,813,4,REPAY,5,2012.481245,,2012.481245,2025-03-15 18:24:55
4967,8136,116,3,BORROW,4,706.701725,1492.3096882923,706.701725,2025-03-15 19:03:50
4968,8137,240,4,REPAY,5,0.437885,,0.437885,2025-03-15 19:16:02
4969,8138,765,1,REPAY,2,0.895412,,0.895412,2025-03-15 19:38:37
4970,8139,962,2,REPAY,1,0.000542,,0.000542,2025-03-15 19:48:55
4971,8140,496,3,WITHDRAW,2,5943.863004,,,2025-03-15 19:50:15
4972,8141,641,3,REPAY,2,1127.649373,,1127.649373,2025-03-15 20:06:39
4973,8142,529,2,REPAY,5,1.965614,,1.965614,2025-03-15 20:15:20
4974,8144,429,1,LIQUIDATION,5,515.433622,601.5036708587,515.433622,2025-03-15 20:34:18
4975,8145,485,3,DEPOSIT,4,2884.815678,2884.815678,,2025-03-15 20:40:19
4976,8147,620,3,REPAY,1,2.519986,,2.519986,2025-03-15 21:01:35
4977,8148,579,4,REPAY,2,403.78247,,403.78247,2025-03-15 21:07:08
4978,8149,781,2,BORROW,3,7374.748513,16949.4860660329,7374.748513,2025-03-15 21:16:52
4979,8151,326,2,REPAY,1,0.916737,,0.916737,2025-03-15 21:45:26
4980,8152,71,1,REPAY,1,3982.658899,,3982.658899,2025-03-15 22:00:44
4981,8154,656,3,REPAY,5,891.722769,,891.722769,2025-03-15 22:20:23
4982,8156,472,1,REPAY,4,0.185851,,0.185851,2025-03-15 23:02:42
4983,8157,801,1,DEPOSIT,5,2969.066858,2969.066858,,2025-03-15 23:17:53
4984,8158,983,4,REPAY,5,468.177849,,468.177849,2025-03-15 23:55:10
4985,8162,206,3,REPAY,1,36.548814,,36.548814,2025-03-16 00:18:49
4986,8163,843,4,REPAY,1,4657.484508,,4657.484508,2025-03-16 00:41:27
4987,8164,238,1,LIQUIDATION,3,2784.697642,2532.88759407,2784.697642,2025-03-16 00:56:36
4988,8165,497,2,REPAY,5,322.034261,,322.034261,2025-03-16 00:56:42
4989,8166,136,3,LIQUIDATION,2,3952.258986,3168.5717514616,3952.258986,2025-03-16 01:04:23
4990,8167,698,1,BORROW,4,1825.819384,3501.387643301,1825.819384,2025-03-16 01:19:30
4991,8168,161,1,REPAY,1,7591.97613,,7591.97613,2025-03-16 01:24:38
4992,8169,151,3,REPAY,3,407.057465,,407.057465,2025-03-16 01:30:57
4993,8171,480,3,REPAY,2,2660.242215,,2660.242215,2025-03-16 01:39:48
4994,8172,532,2,DEPOSIT,2,8901.207119,8901.207119,,2025-03-16 01:42:41
4995,8173,892,2,DEPOSIT,2,1529.25469,1529.25469,,2025-03-16 01:51:11
4996,8174,111,2,DEPOSIT,4,3963.247215,3963.247215,,2025-03-16 01:55:36
4997,8175,527,4,BORROW,5,1356.270609,2635.4227331319,1356.270609,2025-03-16 02:08:01
4998,8176,813,1,WITHDRAW,3,1828.411506,,,2025-03-16 02:12:50
4999,8177,635,2,REPAY,1,1258.272825,,1258.272825,2025-03-16 02:13:19
5000,8178,737,4,WITHDRAW,2,6510.937996,,,2025-03-16 02:16:46
5001,8180,453,1,BORROW,4,7713.599757,18774.5353050079,7713.599757,2025-03-16 02:37:12
5002,8181,799,1,REPAY,5,25.693817,,25.693817,2025-03-16 02:42:26
5003,8182,226,1,WITHDRAW,3,8796.452912,,,2025-03-16 03:10:29
5004,8185,112,4,REPAY,4,1235.555098,,1235.555098,2025-03-16 04:09:37
5005,8186,220,1,BORROW,2,9361.833208,22294.7936404712,9361.833208,2025-03-16 04:16:05
5006,8187,818,4,REPAY,4,0.303402,,0.303402,2025-03-16 04:18:00
5007,8188,697,4,DEPOSIT,1,6276.078526,6276.078526,,2025-03-16 04:35:29
5008,8189,219,3,BORROW,5,4355.745322,10667.9029885922,4355.745322,2025-03-16 04:43:09
5009,8190,677,1,WITHDRAW,5,3591.272022,,,2025-03-16 04:46:11
5010,8191,95,2,BORROW,1,8034.801093,11700.5644147668,8034.801093,2025-03-16 05:12:51
5011,8192,972,4,REPAY,2,514.846763,,514.846763,2025-03-16 05:58:39
5012,8193,808,2,REPAY,5,739.33291,,739.33291,2025-03-16 05:58:47
5013,8194,739,3,REPAY,3,6.003381,,6.003381,2025-03-16 06:08:08
5014,8195,718,3,REPAY,4,1325.407384,,1325.407384,2025-03-16 06:08:33
5015,8196,715,3,BORROW,1,1555.162184,3535.5044395191,1555.162184,2025-03-16 06:09:07
5016,8197,949,4,REPAY,4,909.766489,,909.766489,2025-03-16 06:22:50
5017,8199,477,2,REPAY,3,3475.29196,,3475.29196,2025-03-16 06:31:06
5018,8201,231,2,BORROW,1,8970.205196,22343.2884561051,8970.205196,2025-03-16 06:41:03
5019,8202,214,2,REPAY,4,4370.245221,,4370.245221,2025-03-16 06:59:08
5020,8203,644,1,DEPOSIT,3,9109.991688,9109.991688,,2025-03-16 06:59:24
5021,8204,75,1,REPAY,5,151.165502,,151.165502,2025-03-16 07:11:56
5022,8205,836,1,REPAY,3,3520.11941,,3520.11941,2025-03-16 07:23:11
5023,8207,69,2,DEPOSIT,1,7961.586078,7961.586078,,2025-03-16 07:36:33
5024,8208,589,2,DEPOSIT,3,1267.94527,1267.94527,,2025-03-16 07:38:54
5025,8209,728,4,REPAY,3,5250.913205,,5250.913205,2025-03-16 07:55:27
5026,8211,252,4,BORROW,3,3139.24503,7269.3832252499,3139.24503,2025-03-16 07:58:21
5027,8212,430,2,REPAY,4,846.350472,,846.350472,2025-03-16 08:14:43
5028,8213,389,2,BORROW,2,697.247831,1208.2321671442,697.247831,2025-03-16 08:39:36
5029,8215,960,2,REPAY,4,58.897461,,58.897461,2025-03-16 08:48:49
5030,8216,603,2,REPAY,4,737.981642,,737.981642,2025-03-16 08:58:50
5031,8217,704,2,REPAY,3,33.330192,,33.330192,2025-03-16 09:06:43
5032,8218,232,4,REPAY,1,2347.493586,,2347.493586,2025-03-16 09:07:22
5033,8219,972,1,REPAY,1,569.549198,,569.549198,2025-03-16 09:14:06
5034,8220,456,3,REPAY,4,965.335796,,965.335796,2025-03-16 09:41:15
5035,8222,611,3,REPAY,3,0.011087,,0.011087,2025-03-16 10:23:02
5036,8223,153,3,REPAY,4,792.691365,,792.691365,2025-03-16 10:33:23
5037,8224,574,3,REPAY,5,168.033168,,168.033168,2025-03-16 11:06:29
5038,8225,280,4,REPAY,1,39.933847,,39.933847,2025-03-16 11:11:31
5039,8226,222,2,DEPOSIT,5,942.713655,942.713655,,2025-03-16 11:13:06
5040,8227,370,3,REPAY,2,3.757205,,3.757205,2025-03-16 11:28:29
5041,8231,761,3,DEPOSIT,2,5571.177764,5571.177764,,2025-03-16 12:13:04
5042,8232,345,4,WITHDRAW,1,1420.63106,,,2025-03-16 12:42:51
5043,8233,502,2,WITHDRAW,1,7111.68676,,,2025-03-16 12:51:10
5044,8235,619,1,BORROW,1,9517.290937,13131.7759713783,9517.290937,2025-03-16 13:16:21
5045,8236,33,2,LIQUIDATION,4,1866.895486,1846.4826448787,1866.895486,2025-03-16 13:18:34
5046,8237,316,1,LIQUIDATION,1,303.845966,265.7419518333,303.845966,2025-03-16 13:22:57
5047,8238,311,2,LIQUIDATION,3,9596.677927,11137.1031629518,9596.677927,2025-03-16 13:31:27
5048,8240,952,2,REPAY,5,164.032636,,164.032636,2025-03-16 13:43:06
5049,8242,118,4,BORROW,5,7057.622692,11898.8877482929,7057.622692,2025-03-16 13:47:59
5050,8243,95,3,REPAY,1,7810.439202,,7810.439202,2025-03-16 13:52:47
5051,8244,658,3,BORROW,1,5250.922454,9223.1523117751,5250.922454,2025-03-16 13:53:07
5052,8245,915,2,WITHDRAW,1,7677.910068,,,2025-03-16 13:57:31
5053,8246,192,1,REPAY,5,76.709402,,76.709402,2025-03-16 13:58:36
5054,8247,349,3,BORROW,4,8961.780404,19841.3113504437,8961.780404,2025-03-16 14:16:04
5055,8248,178,2,REPAY,3,0.003168,,0.003168,2025-03-16 14:16:14
5056,8249,422,1,REPAY,5,205.448566,,205.448566,2025-03-16 14:19:56
5057,8250,388,1,REPAY,4,4232.536794,,4232.536794,2025-03-16 14:23:34
5058,8252,507,4,REPAY,5,577.621341,,577.621341,2025-03-16 15:05:20
5059,8253,408,3,REPAY,5,608.513389,,608.513389,2025-03-16 15:11:24
5060,8254,648,4,BORROW,5,8118.838475,13183.0470515792,8118.838475,2025-03-16 15:32:42
5061,8258,559,4,REPAY,5,846.555378,,846.555378,2025-03-16 16:39:38
5062,8261,724,1,REPAY,3,0.155923,,0.155923,2025-03-16 16:54:01
5063,8262,84,1,REPAY,2,0.315945,,0.315945,2025-03-16 17:02:09
5064,8263,373,2,BORROW,5,3062.479807,5865.9550318867,3062.479807,2025-03-16 17:04:52
5065,8264,909,3,REPAY,4,29.47173,,29.47173,2025-03-16 17:12:35
5066,8265,864,2,WITHDRAW,4,9447.349924,,,2025-03-16 17:17:17
5067,8268,945,2,REPAY,3,9.98272,,9.98272,2025-03-16 17:39:18
5068,8269,639,3,REPAY,5,641.777648,,641.777648,2025-03-16 17:40:02
5069,8271,292,1,BORROW,5,9531.270582,13364.724956989,9531.270582,2025-03-16 18:22:11
5070,8272,111,4,BORROW,1,6895.371979,8785.0564812504,6895.371979,2025-03-16 18:27:24
5071,8273,192,3,REPAY,3,27.671851,,27.671851,2025-03-16 18:30:38
5072,8274,672,4,BORROW,2,195.186161,477.0925240663,195.186161,2025-03-16 19:20:19
5073,8279,21,3,REPAY,3,0.582732,,0.582732,2025-03-16 20:00:54
5074,8280,632,3,BORROW,1,6321.046901,12126.8942808102,6321.046901,2025-03-16 20:22:57
5075,8281,219,1,REPAY,3,3747.322741,,3747.322741,2025-03-16 20:41:57
5076,8282,711,2,WITHDRAW,1,4259.190849,,,2025-03-16 20:54:47
5077,8284,10,4,REPAY,3,4884.823652,,4884.823652,2025-03-16 21:24:08
5078,8288,48,1,REPAY,1,9.829758,,9.829758,2025-03-16 22:21:25
5079,8289,385,4,BORROW,2,1006.111832,1537.9749486441,1006.111832,2025-03-16 22:23:48
5080,8290,968,3,REPAY,5,3572.875255,,3572.875255,2025-03-16 22:35:50
5081,8291,519,4,WITHDRAW,3,439.476227,,,2025-03-16 23:24:54
5082,8294,346,1,REPAY,2,1.00579,,1.00579,2025-03-17 00:54:44
5083,8295,900,4,WITHDRAW,4,7807.55175,,,2025-03-17 01:19:43
5084,8296,261,2,REPAY,5,0.82144,,0.82144,2025-03-17 01:31:35
5085,8297,196,4,BORROW,5,8771.767047,21506.6015361493,8771.767047,2025-03-17 02:23:25
5086,8298,247,3,BORROW,3,8628.420972,15486.1293643123,8628.420972,2025-03-17 02:41:27
5087,8301,951,3,REPAY,1,13.696958,,13.696958,2025-03-17 04:02:03
5088,8303,326,4,REPAY,4,0.370517,,0.370517,2025-03-17 04:07:56
5089,8304,382,3,WITHDRAW,2,8957.729123,,,2025-03-17 04:20:44
5090,8306,79,3,REPAY,3,1830.365027,,1830.365027,2025-03-17 05:05:24
5091,8307,376,4,LIQUIDATION,3,6403.00669,6127.6994318386,6403.00669,2025-03-17 05:24:17
5092,8309,759,3,BORROW,1,5869.997454,9878.5157874001,5869.997454,2025-03-17 05:39:11
5093,8310,82,3,BORROW,1,4126.907997,7772.9789274214,4126.907997,2025-03-17 05:41:44
5094,8311,221,1,DEPOSIT,4,861.032864,861.032864,,2025-03-17 05:50:17
5095,8312,16,1,WITHDRAW,4,1955.18768,,,2025-03-17 06:00:26
5096,8315,589,2,LIQUIDATION,2,1219.517028,1406.3580751848,1219.517028,2025-03-17 06:17:31
5097,8316,40,2,WITHDRAW,3,1526.632757,,,2025-03-17 06:30:23
5098,8318,665,1,BORROW,4,2734.629966,5529.797315928,2734.629966,2025-03-17 08:21:46
5099,8320,568,4,DEPOSIT,2,8172.736364,8172.736364,,2025-03-17 08:38:41
5100,8321,483,3,REPAY,4,0.000934,,0.000934,2025-03-17 08:40:23
5101,8322,335,1,DEPOSIT,3,9000.670972,9000.670972,,2025-03-17 08:43:34
5102,8325,367,1,WITHDRAW,3,8872.451419,,,2025-03-17 08:53:21
5103,8326,926,4,REPAY,3,23.623128,,23.623128,2025-03-17 09:15:01
5104,8329,84,2,WITHDRAW,2,6738.542192,,,2025-03-17 10:09:50
5105,8330,996,2,REPAY,3,367.340888,,367.340888,2025-03-17 10:10:48
5106,8331,57,1,WITHDRAW,3,1479.028892,,,2025-03-17 10:22:12
5107,8333,839,3,WITHDRAW,2,1097.537265,,,2025-03-17 10:33:17
5108,8334,524,1,REPAY,1,1.398287,,1.398287,2025-03-17 10:50:46
5109,8335,230,3,WITHDRAW,5,5176.238469,,,2025-03-17 10:57:45
5110,8337,874,1,DEPOSIT,2,2539.667856,2539.667856,,2025-03-17 11:11:24
5111,8338,640,4,REPAY,4,2.068895,,2.068895,2025-03-17 11:13:03
5112,8340,237,1,WITHDRAW,5,7185.591215,,,2025-03-17 12:06:21
5113,8342,833,3,REPAY,5,9.179477,,9.179477,2025-03-17 12:09:55
5114,8343,437,4,REPAY,4,1.150044,,1.150044,2025-03-17 12:20:35
5115,8344,665,1,REPAY,5,3604.902485,,3604.902485,2025-03-17 12:50:17
5116,8345,596,4,REPAY,4,3287.301326,,3287.301326,2025-03-17 13:03:19
5117,8346,688,3,WITHDRAW,4,5737.753087,,,2025-03-17 13:14:47
5118,8347,470,1,WITHDRAW,4,7736.946763,,,2025-03-17 13:21:16
5119,8348,832,2,LIQUIDATION,4,909.942287,936.2305629062,909.942287,2025-03-17 13:26:39
5120,8349,142,3,WITHDRAW,3,5614.035851,,,2025-03-17 13:30:51
5121,8351,951,4,REPAY,2,19.287956,,19.287956,2025-03-17 13:44:28
5122,8352,292,3,REPAY,4,7948.150415,,7948.150415,2025-03-17 14:27:10
5123,8353,912,1,REPAY,2,0.735247,,0.735247,2025-03-17 14:52:21
5124,8354,593,1,DEPOSIT,2,6081.465934,6081.465934,,2025-03-17 15:12:36
5125,8355,491,1,WITHDRAW,1,5248.201251,,,2025-03-17 15:29:48
5126,8356,284,1,REPAY,5,21.803053,,21.803053,2025-03-17 15:30:37
5127,8358,527,1,BORROW,2,6374.984158,12005.0061982915,6374.984158,2025-03-17 16:04:09
5128,8359,870,1,WITHDRAW,5,9216.868834,,,2025-03-17 16:14:31
5129,8360,96,1,REPAY,1,0.133488,,0.133488,2025-03-17 16:28:15
5130,8361,24,3,REPAY,3,0.217825,,0.217825,2025-03-17 16:48:54
5131,8362,728,1,REPAY,1,841.68464,,841.68464,2025-03-17 17:15:02
5132,8363,715,4,REPAY,5,5830.234681,,5830.234681,2025-03-17 17:17:13
5133,8365,23,3,LIQUIDATION,5,3163.863852,2651.1834435642,3163.863852,2025-03-17 17:27:03
5134,8367,480,4,REPAY,4,778.503289,,778.503289,2025-03-17 17:49:01
5135,8368,212,1,REPAY,1,2.725164,,2.725164,2025-03-17 17:49:31
5136,8371,359,4,BORROW,4,2213.285338,3924.2398143911,2213.285338,2025-03-17 18:40:56
5137,8372,893,1,REPAY,5,3.278628,,3.278628,2025-03-17 18:56:00
5138,8373,758,3,REPAY,1,11.424679,,11.424679,2025-03-17 19:15:42
5139,8374,920,3,REPAY,2,314.777728,,314.777728,2025-03-17 19:27:01
5140,8375,5,1,WITHDRAW,5,7477.676008,,,2025-03-17 19:31:08
5141,8376,804,2,DEPOSIT,4,8085.102909,8085.102909,,2025-03-17 19:47:11
5142,8378,119,1,REPAY,5,6886.132428,,6886.132428,2025-03-17 20:24:49
5143,8379,606,4,REPAY,5,94.565418,,94.565418,2025-03-17 20:26:28
5144,8380,282,2,REPAY,3,2878.963074,,2878.963074,2025-03-17 20:29:47
5145,8381,750,1,BORROW,4,257.03019,354.4647705478,257.03019,2025-03-17 20:31:13
5146,8382,944,4,REPAY,3,0.132207,,0.132207,2025-03-17 20:42:44
5147,8383,10,1,REPAY,4,2064.034509,,2064.034509,2025-03-17 20:51:31
5148,8385,833,2,WITHDRAW,3,5685.098258,,,2025-03-17 21:15:39
5149,8387,172,2,DEPOSIT,4,4434.259881,4434.259881,,2025-03-17 21:39:36
5150,8388,999,1,REPAY,1,4.543732,,4.543732,2025-03-17 22:09:26
5151,8389,221,4,REPAY,5,1459.077507,,1459.077507,2025-03-17 22:11:25
5152,8390,348,4,WITHDRAW,4,9245.917323,,,2025-03-17 22:18:51
5153,8393,899,2,REPAY,5,4547.075067,,4547.075067,2025-03-17 22:40:57
5154,8396,100,4,REPAY,2,275.062705,,275.062705,2025-03-17 22:54:31
5155,8397,665,3,REPAY,5,505.807457,,505.807457,2025-03-17 23:04:26
5156,8398,735,2,REPAY,3,1335.93249,,1335.93249,2025-03-17 23:18:08
5157,8400,118,1,LIQUIDATION,3,11730.145121,9636.8002118378,11730.145121,2025-03-17 23:52:51
5158,8401,233,3,DEPOSIT,2,9970.314189,9970.314189,,2025-03-17 23:52:56
5159,8402,602,2,DEPOSIT,3,4161.849972,4161.849972,,2025-03-17 23:57:19
5160,8403,718,2,BORROW,4,4770.169315,11100.1414743709,4770.169315,2025-03-17 23:59:07
5161,8404,588,3,WITHDRAW,4,7235.106878,,,2025-03-18 00:59:41
5162,8407,762,4,REPAY,5,383.338112,,383.338112,2025-03-18 01:57:25
5163,8411,256,3,REPAY,5,3389.581163,,3389.581163,2025-03-18 02:54:32
5164,8412,576,2,REPAY,4,16.744913,,16.744913,2025-03-18 03:12:39
5165,8415,715,4,DEPOSIT,3,472.11013,472.11013,,2025-03-18 04:10:59
5166,8419,926,2,REPAY,5,46.092776,,46.092776,2025-03-18 05:23:15
5167,8420,788,2,REPAY,2,2217.326191,,2217.326191,2025-03-18 05:48:32
5168,8421,415,2,LIQUIDATION,2,10281.322161,8450.5140839529,10281.322161,2025-03-18 05:55:30
5169,8422,384,4,WITHDRAW,4,1061.880562,,,2025-03-18 06:07:05
5170,8424,536,2,BORROW,2,7240.594912,13343.2679761949,7240.594912,2025-03-18 06:42:05
5171,8426,192,2,REPAY,5,2.683258,,2.683258,2025-03-18 06:57:57
5172,8429,235,1,REPAY,1,0.022153,,0.022153,2025-03-18 07:03:25
5173,8431,606,4,DEPOSIT,1,6331.094648,6331.094648,,2025-03-18 07:17:31
5174,8433,231,2,REPAY,1,9874.285469,,9874.285469,2025-03-18 07:18:50
5175,8434,759,3,WITHDRAW,5,5138.631295,,,2025-03-18 07:23:55
5176,8435,305,4,BORROW,4,2557.212967,4164.5567728424,2557.212967,2025-03-18 07:47:09
5177,8436,226,2,WITHDRAW,5,2348.853273,,,2025-03-18 07:49:25
5178,8437,237,2,REPAY,5,1023.854169,,1023.854169,2025-03-18 08:38:29
5179,8438,89,4,REPAY,3,258.11704,,258.11704,2025-03-18 08:39:44
5180,8440,907,4,REPAY,4,1539.627631,,1539.627631,2025-03-18 08:59:36
5181,8442,357,3,REPAY,3,1297.99856,,1297.99856,2025-03-18 09:22:33
5182,8443,719,1,BORROW,2,1624.437448,3476.5529414513,1624.437448,2025-03-18 09:48:56
5183,8444,566,3,LIQUIDATION,5,9108.506553,8206.439489601,9108.506553,2025-03-18 10:02:22
5184,8445,626,4,WITHDRAW,4,3101.936234,,,2025-03-18 10:04:55
5185,8446,209,1,WITHDRAW,4,6204.150166,,,2025-03-18 10:24:32
5186,8447,268,3,REPAY,2,0.000239,,0.000239,2025-03-18 10:31:10
5187,8449,807,2,REPAY,1,3.828478,,3.828478,2025-03-18 10:59:06
5188,8451,255,1,WITHDRAW,3,4083.199661,,,2025-03-18 11:13:29
5189,8452,538,2,REPAY,5,91.179403,,91.179403,2025-03-18 11:28:32
5190,8453,211,1,DEPOSIT,5,4468.344665,4468.344665,,2025-03-18 11:43:27
5191,8454,628,1,DEPOSIT,5,7458.857497,7458.857497,,2025-03-18 11:50:27
5192,8455,875,4,REPAY,4,786.792356,,786.792356,2025-03-18 12:23:36
5193,8456,885,1,WITHDRAW,1,7749.46891,,,2025-03-18 12:33:13
5194,8459,584,3,BORROW,3,3551.13707,4421.7709042517,3551.13707,2025-03-18 13:05:33
5195,8460,220,1,REPAY,5,3303.338141,,3303.338141,2025-03-18 13:25:24
5196,8464,262,2,REPAY,4,895.256363,,895.256363,2025-03-18 14:08:50
5197,8465,143,3,REPAY,5,1067.250007,,1067.250007,2025-03-18 14:39:16
5198,8466,477,3,REPAY,2,599.727394,,599.727394,2025-03-18 14:43:03
5199,8467,559,3,REPAY,3,2984.386363,,2984.386363,2025-03-18 14:58:29
5200,8468,203,2,REPAY,5,0.252312,,0.252312,2025-03-18 15:12:03
5201,8469,995,3,BORROW,5,2065.18721,4828.3380634571,2065.18721,2025-03-18 15:25:13
5202,8470,653,3,REPAY,1,4204.588793,,4204.588793,2025-03-18 15:40:40
5203,8471,788,3,LIQUIDATION,5,3168.945459,2541.8605582767,3168.945459,2025-03-18 15:49:10
5204,8474,193,2,REPAY,2,4274.974575,,4274.974575,2025-03-18 16:31:30
5205,8475,224,2,REPAY,5,383.077482,,383.077482,2025-03-18 16:49:13
5206,8476,861,2,REPAY,1,43.417438,,43.417438,2025-03-18 16:49:38
5207,8477,465,2,BORROW,3,9996.40968,20209.2766968404,9996.40968,2025-03-18 17:07:52
5208,8478,410,2,DEPOSIT,5,5536.157073,5536.157073,,2025-03-18 17:21:40
5209,8482,137,3,DEPOSIT,1,2645.626286,2645.626286,,2025-03-18 18:19:08
5210,8483,499,4,WITHDRAW,3,8264.744996,,,2025-03-18 18:30:20
5211,8484,505,4,REPAY,4,19.898899,,19.898899,2025-03-18 18:41:03
5212,8485,438,4,REPAY,4,1711.420115,,1711.420115,2025-03-18 18:57:19
5213,8486,784,4,WITHDRAW,4,3810.099625,,,2025-03-18 18:59:35
5214,8488,624,2,BORROW,3,4632.019322,7814.5890115642,4632.019322,2025-03-18 19:32:51
5215,8489,195,1,REPAY,3,5.248415,,5.248415,2025-03-18 19:36:32
5216,8491,823,1,REPAY,4,1037.274211,,1037.274211,2025-03-18 20:03:29
5217,8493,355,3,WITHDRAW,5,2804.485388,,,2025-03-18 20:31:40
5218,8494,665,2,REPAY,2,414.238922,,414.238922,2025-03-18 20:36:01
5219,8496,618,1,DEPOSIT,2,3085.76142,3085.76142,,2025-03-18 21:01:39
5220,8498,892,4,WITHDRAW,3,9464.395499,,,2025-03-18 21:27:54
5221,8502,930,4,DEPOSIT,3,2499.941868,2499.941868,,2025-03-18 22:36:43
5222,8503,561,1,REPAY,4,21.769283,,21.769283,2025-03-18 22:37:58
5223,8504,657,1,REPAY,5,1138.964621,,1138.964621,2025-03-18 22:38:25
5224,8505,545,1,BORROW,1,7170.009325,12075.1567497209,7170.009325,2025-03-18 22:55:44
5225,8506,739,2,REPAY,1,4.114217,,4.114217,2025-03-18 23:05:08
5226,8507,415,3,DEPOSIT,4,985.777788,985.777788,,2025-03-18 23:13:01
5227,8508,206,3,REPAY,1,38.541883,,38.541883,2025-03-18 23:18:52
5228,8509,248,3,DEPOSIT,2,5436.600546,5436.600546,,2025-03-19 00:26:21
5229,8512,939,4,REPAY,4,26.150521,,26.150521,2025-03-19 00:46:12
5230,8513,371,2,REPAY,5,3.453587,,3.453587,2025-03-19 01:01:13
5231,8514,796,2,REPAY,5,6386.009615,,6386.009615,2025-03-19 01:03:08
5232,8516,520,3,BORROW,1,8055.710381,12474.5136071513,8055.710381,2025-03-19 01:39:53
5233,8517,951,4,DEPOSIT,4,9799.562138,9799.562138,,2025-03-19 01:40:17
5234,8519,980,2,REPAY,4,8865.763628,,8865.763628,2025-03-19 01:53:06
5235,8522,502,1,DEPOSIT,4,9265.005403,9265.005403,,2025-03-19 02:12:44
5236,8523,178,2,REPAY,1,0.001088,,0.001088,2025-03-19 02:21:59
5237,8525,143,2,REPAY,5,1002.776261,,1002.776261,2025-03-19 02:51:53
5238,8526,472,4,DEPOSIT,2,4315.643609,4315.643609,,2025-03-19 03:46:43
5239,8530,861,2,REPAY,2,2.46002,,2.46002,2025-03-19 04:27:19
5240,8532,805,4,BORROW,3,4932.009873,10257.3209671433,4932.009873,2025-03-19 04:44:21
5241,8533,952,3,LIQUIDATION,2,65.861036,64.8744011712,65.861036,2025-03-19 04:45:16
5242,8535,501,2,REPAY,3,115.170072,,115.170072,2025-03-19 05:15:43
5243,8536,201,2,REPAY,4,18.181237,,18.181237,2025-03-19 05:29:25
5244,8538,269,1,WITHDRAW,3,2631.112342,,,2025-03-19 06:12:30
5245,8540,25,1,BORROW,1,1454.407641,2460.7978085964,1454.407641,2025-03-19 06:31:21
5246,8544,84,3,REPAY,3,1.500886,,1.500886,2025-03-19 06:58:23
5247,8546,580,1,REPAY,5,1100.751896,,1100.751896,2025-03-19 07:13:50
5248,8547,374,3,LIQUIDATION,2,1098.338502,1274.3993175532,1098.338502,2025-03-19 07:25:08
5249,8549,978,3,WITHDRAW,1,7127.525363,,,2025-03-19 07:33:35
5250,8550,426,1,LIQUIDATION,3,7656.451709,8077.524066042,7656.451709,2025-03-19 07:39:24
5251,8551,975,1,WITHDRAW,4,5928.621721,,,2025-03-19 07:49:18
5252,8554,844,4,REPAY,4,4278.690825,,4278.690825,2025-03-19 08:11:04
5253,8555,654,2,WITHDRAW,2,8064.59709,,,2025-03-19 08:11:38
5254,8556,878,1,REPAY,4,4386.911922,,4386.911922,2025-03-19 08:14:37
5255,8557,129,3,BORROW,4,4818.047754,5811.4265516741,4818.047754,2025-03-19 08:39:48
5256,8559,323,2,DEPOSIT,3,3796.024581,3796.024581,,2025-03-19 09:00:39
5257,8560,862,2,BORROW,3,2546.061893,3700.1716047543,2546.061893,2025-03-19 09:06:13
5258,8561,235,2,REPAY,4,0.094778,,0.094778,2025-03-19 09:16:14
5259,8563,464,2,LIQUIDATION,1,3354.951034,3585.216825443,3354.951034,2025-03-19 09:58:52
5260,8565,105,2,REPAY,3,143.387742,,143.387742,2025-03-19 10:09:14
5261,8566,96,2,REPAY,1,0.060167,,0.060167,2025-03-19 10:17:07
5262,8567,275,1,REPAY,5,37.575607,,37.575607,2025-03-19 10:48:55
5263,8568,163,1,REPAY,3,24.050507,,24.050507,2025-03-19 11:05:21
5264,8569,170,3,REPAY,3,4751.046148,,4751.046148,2025-03-19 11:09:05
5265,8570,364,2,REPAY,5,180.678136,,180.678136,2025-03-19 12:00:15
5266,8571,907,1,BORROW,1,5514.248282,10543.3319183536,5514.248282,2025-03-19 12:18:18
5267,8572,841,2,LIQUIDATION,4,6665.130292,6299.8699102304,6665.130292,2025-03-19 12:21:58
5268,8574,906,3,REPAY,5,143.63774,,143.63774,2025-03-19 12:34:43
5269,8577,813,3,REPAY,3,1737.187401,,1737.187401,2025-03-19 13:04:04
5270,8579,499,4,DEPOSIT,4,1973.399004,1973.399004,,2025-03-19 13:28:33
5271,8580,652,1,REPAY,5,5458.328231,,5458.328231,2025-03-19 13:29:45
5272,8582,426,4,BORROW,5,5065.853336,10694.2701491808,5065.853336,2025-03-19 14:21:13
5273,8583,94,3,REPAY,3,1.472427,,1.472427,2025-03-19 14:38:43
5274,8585,424,2,REPAY,3,0.142275,,0.142275,2025-03-19 15:33:26
5275,8589,678,1,REPAY,2,7.080499,,7.080499,2025-03-19 16:24:42
5276,8591,690,1,BORROW,2,4214.820711,7237.4201531233,4214.820711,2025-03-19 17:05:24
5277,8595,238,1,WITHDRAW,3,5794.267717,,,2025-03-19 17:35:30
5278,8596,847,4,WITHDRAW,5,88.757305,,,2025-03-19 17:44:23
5279,8598,623,4,REPAY,5,6358.175257,,6358.175257,2025-03-19 18:44:56
5280,8599,457,1,DEPOSIT,1,5162.260631,5162.260631,,2025-03-19 18:50:44
5281,8600,607,4,REPAY,3,1864.988717,,1864.988717,2025-03-19 18:50:47
5282,8604,420,3,WITHDRAW,4,9326.084033,,,2025-03-19 19:08:25
5283,8606,65,1,REPAY,2,3.16067,,3.16067,2025-03-19 19:34:54
5284,8608,634,3,LIQUIDATION,2,3095.797556,3372.5382647421,3095.797556,2025-03-19 19:38:05
5285,8611,493,2,BORROW,2,6828.052943,16603.8688176367,6828.052943,2025-03-19 19:56:24
5286,8613,10,2,REPAY,3,1121.649307,,1121.649307,2025-03-19 20:05:29
5287,8615,743,3,DEPOSIT,1,1394.458448,1394.458448,,2025-03-19 20:26:42
5288,8617,366,3,REPAY,4,10.217407,,10.217407,2025-03-19 20:32:38
5289,8620,861,3,REPAY,2,0.715675,,0.715675,2025-03-19 21:30:32
5290,8621,765,2,DEPOSIT,5,532.952212,532.952212,,2025-03-19 22:06:54
5291,8624,946,2,BORROW,2,4075.845193,6640.8710155599,4075.845193,2025-03-19 22:47:20
5292,8625,436,3,BORROW,2,5566.137722,12097.2138291418,5566.137722,2025-03-19 22:50:54
5293,8626,736,3,DEPOSIT,2,573.829409,573.829409,,2025-03-19 22:58:02
5294,8627,646,4,REPAY,4,801.612975,,801.612975,2025-03-19 23:13:15
5295,8631,108,3,DEPOSIT,2,179.835219,179.835219,,2025-03-19 23:58:43
5296,8633,157,4,REPAY,2,1082.973968,,1082.973968,2025-03-20 00:09:01
5297,8634,501,3,LIQUIDATION,1,251.00181,275.1342743483,251.00181,2025-03-20 00:30:49
5298,8639,601,1,REPAY,1,673.184057,,673.184057,2025-03-20 01:46:23
5299,8641,988,4,BORROW,4,6302.897028,7576.9327153252,6302.897028,2025-03-20 02:41:32
5300,8642,136,1,BORROW,5,6898.969021,15801.4324682856,6898.969021,2025-03-20 02:44:55
5301,8644,859,1,WITHDRAW,2,9673.451091,,,2025-03-20 02:56:07
5302,8646,887,3,REPAY,1,0.282037,,0.282037,2025-03-20 03:48:21
5303,8648,557,4,BORROW,3,8939.912329,16098.5233848356,8939.912329,2025-03-20 04:40:52
5304,8649,267,1,WITHDRAW,1,7373.872062,,,2025-03-20 04:58:05
5305,8650,407,4,REPAY,4,2882.773564,,2882.773564,2025-03-20 05:14:03
5306,8651,331,3,REPAY,3,86.900152,,86.900152,2025-03-20 05:25:14
5307,8652,873,1,REPAY,4,3.112999,,3.112999,2025-03-20 05:49:41
5308,8653,80,1,DEPOSIT,4,169.689084,169.689084,,2025-03-20 05:50:47
5309,8654,367,1,WITHDRAW,5,2245.04648,,,2025-03-20 05:59:41
5310,8657,988,2,REPAY,3,1292.903225,,1292.903225,2025-03-20 07:01:30
5311,8658,52,2,REPAY,5,2595.669012,,2595.669012,2025-03-20 07:18:00
5312,8660,257,2,DEPOSIT,1,2990.874799,2990.874799,,2025-03-20 07:24:25
5313,8662,82,4,LIQUIDATION,4,5096.182378,4157.8216975871,5096.182378,2025-03-20 07:54:39
5314,8664,904,3,REPAY,5,0.087698,,0.087698,2025-03-20 07:56:59
5315,8665,65,1,DEPOSIT,3,4509.256913,4509.256913,,2025-03-20 08:03:35
5316,8668,647,2,REPAY,4,12.657327,,12.657327,2025-03-20 09:09:55
5317,8669,880,3,REPAY,4,79.729346,,79.729346,2025-03-20 09:43:21
5318,8671,984,1,BORROW,1,1502.712568,2364.6125838404,1502.712568,2025-03-20 10:01:26
5319,8673,489,4,REPAY,1,240.677264,,240.677264,2025-03-20 10:29:16
5320,8674,270,3,WITHDRAW,3,8430.977477,,,2025-03-20 10:34:24
5321,8676,547,4,BORROW,3,3310.071753,6146.4846735997,3310.071753,2025-03-20 10:44:54
5322,8677,440,4,REPAY,4,15.92436,,15.92436,2025-03-20 11:09:16
5323,8680,842,3,DEPOSIT,1,510.584528,510.584528,,2025-03-20 12:06:11
5324,8681,169,4,WITHDRAW,4,7140.45599,,,2025-03-20 12:07:24
5325,8682,415,3,BORROW,4,3892.784234,6090.70166118,3892.784234,2025-03-20 12:36:15
5326,8683,728,1,REPAY,1,312.26822,,312.26822,2025-03-20 12:50:37
5327,8684,483,1,REPAY,5,0.000124,,0.000124,2025-03-20 12:51:51
5328,8685,553,2,REPAY,1,3353.743262,,3353.743262,2025-03-20 12:59:00
5329,8686,438,2,REPAY,5,185.987473,,185.987473,2025-03-20 13:07:59
5330,8688,294,1,BORROW,3,4080.852873,7741.0376478193,4080.852873,2025-03-20 13:22:25
5331,8690,717,4,LIQUIDATION,5,9642.750155,10466.1946850929,9642.750155,2025-03-20 13:23:49
5332,8693,27,2,WITHDRAW,4,863.380723,,,2025-03-20 14:22:39
5333,8694,545,1,REPAY,2,6673.109768,,6673.109768,2025-03-20 14:48:57
5334,8696,344,2,BORROW,1,8271.905707,13737.9714339117,8271.905707,2025-03-20 15:45:21
5335,8698,357,3,REPAY,1,265.490469,,265.490469,2025-03-20 15:54:08
5336,8699,890,3,REPAY,5,182.542338,,182.542338,2025-03-20 16:03:48
5337,8700,995,2,WITHDRAW,1,1181.272597,,,2025-03-20 16:44:01
5338,8701,825,2,DEPOSIT,1,5653.553361,5653.553361,,2025-03-20 16:58:37
5339,8702,149,1,BORROW,5,2878.523276,7111.2641073075,2878.523276,2025-03-20 17:06:58
5340,8703,510,1,REPAY,5,1039.640099,,1039.640099,2025-03-20 17:22:42
5341,8706,936,2,LIQUIDATION,2,6535.116818,7547.3598073531,6535.116818,2025-03-20 17:38:02
5342,8707,509,1,REPAY,5,49.1201,,49.1201,2025-03-20 17:43:19
5343,8709,835,3,REPAY,1,177.280666,,177.280666,2025-03-20 18:29:52
5344,8711,304,4,WITHDRAW,2,2259.941284,,,2025-03-20 18:58:17
5345,8712,237,3,WITHDRAW,3,9720.451188,,,2025-03-20 19:08:08
5346,8713,444,3,REPAY,2,2849.145505,,2849.145505,2025-03-20 19:21:42
5347,8716,653,3,REPAY,3,25.456933,,25.456933,2025-03-20 20:13:29
5348,8717,963,4,REPAY,2,31.73503,,31.73503,2025-03-20 20:14:57
5349,8720,949,2,REPAY,1,354.435439,,354.435439,2025-03-20 21:26:35
5350,8724,306,1,WITHDRAW,2,4941.790372,,,2025-03-20 22:29:08
5351,8725,679,2,LIQUIDATION,2,3659.614958,3485.4686186933,3659.614958,2025-03-20 22:29:46
5352,8729,73,1,REPAY,5,0.523756,,0.523756,2025-03-20 23:44:17
5353,8733,460,4,REPAY,4,83.485887,,83.485887,2025-03-21 01:06:49
5354,8734,564,3,LIQUIDATION,1,19083.026221,17238.0813239402,19083.026221,2025-03-21 01:23:05
5355,8735,10,4,REPAY,5,151.901027,,151.901027,2025-03-21 01:25:09
5356,8738,997,3,BORROW,3,2138.979805,2902.4877450856,2138.979805,2025-03-21 01:36:33
5357,8739,307,3,BORROW,5,1158.142008,2549.1430408459,1158.142008,2025-03-21 02:02:44
5358,8740,111,2,WITHDRAW,3,2352.088176,,,2025-03-21 02:04:21
5359,8741,814,3,BORROW,5,1316.268792,3027.8490498163,1316.268792,2025-03-21 02:05:34
5360,8742,828,4,WITHDRAW,5,5418.930298,,,2025-03-21 02:08:32
5361,8744,864,1,DEPOSIT,2,9882.254145,9882.254145,,2025-03-21 03:26:00
5362,8745,655,1,REPAY,3,729.715527,,729.715527,2025-03-21 03:27:03
5363,8746,891,3,REPAY,1,547.496279,,547.496279,2025-03-21 03:38:05
5364,8748,468,4,REPAY,3,2809.973965,,2809.973965,2025-03-21 03:48:24
5365,8750,85,3,REPAY,4,266.63284,,266.63284,2025-03-21 05:37:25
5366,8755,800,1,WITHDRAW,3,4956.878327,,,2025-03-21 07:45:39
5367,8756,846,3,DEPOSIT,1,6004.109902,6004.109902,,2025-03-21 07:49:24
5368,8758,884,3,REPAY,5,2615.626376,,2615.626376,2025-03-21 08:09:48
5369,8759,860,4,WITHDRAW,1,8919.977887,,,2025-03-21 08:15:53
5370,8763,368,4,DEPOSIT,2,1799.050249,1799.050249,,2025-03-21 09:05:17
5371,8764,966,1,REPAY,3,1594.582893,,1594.582893,2025-03-21 09:05:20
5372,8765,105,1,REPAY,3,21.997007,,21.997007,2025-03-21 09:06:38
5373,8767,277,4,WITHDRAW,4,3150.124744,,,2025-03-21 09:27:28
5374,8770,469,4,DEPOSIT,3,7611.774418,7611.774418,,2025-03-21 10:06:19
5375,8772,593,2,WITHDRAW,3,1714.769273,,,2025-03-21 10:42:15
5376,8773,929,1,REPAY,4,3134.290679,,3134.290679,2025-03-21 10:44:16
5377,8774,649,3,DEPOSIT,4,1038.121092,1038.121092,,2025-03-21 10:58:19
5378,8776,598,3,REPAY,3,378.548899,,378.548899,2025-03-21 11:15:01
5379,8778,923,2,REPAY,1,3723.29749,,3723.29749,2025-03-21 11:31:10
5380,8780,774,1,WITHDRAW,3,9705.242816,,,2025-03-21 12:13:29
5381,8783,253,4,BORROW,3,7312.692926,11067.1600674738,7312.692926,2025-03-21 13:36:08
5382,8784,510,1,REPAY,4,905.044736,,905.044736,2025-03-21 13:49:39
5383,8785,662,3,WITHDRAW,5,1185.212573,,,2025-03-21 13:50:41
5384,8786,810,2,REPAY,2,1312.65367,,1312.65367,2025-03-21 13:51:36
5385,8788,286,1,BORROW,5,3508.508581,6424.5198124924,3508.508581,2025-03-21 14:54:24
5386,8790,863,3,DEPOSIT,4,573.096699,573.096699,,2025-03-21 15:26:38
5387,8792,562,3,REPAY,1,18.82659,,18.82659,2025-03-21 15:57:05
5388,8795,888,4,REPAY,4,48.361355,,48.361355,2025-03-21 16:13:29
5389,8796,583,1,DEPOSIT,5,9552.789251,9552.789251,,2025-03-21 16:29:18
5390,8798,561,4,REPAY,2,6.867507,,6.867507,2025-03-21 16:32:28
5391,8800,944,3,REPAY,4,0.006024,,0.006024,2025-03-21 18:18:44
5392,8801,895,3,REPAY,3,279.501753,,279.501753,2025-03-21 18:22:07
5393,8802,6,3,BORROW,5,8316.038724,17511.5443821916,8316.038724,2025-03-21 18:26:38
5394,8803,326,4,REPAY,4,0.832219,,0.832219,2025-03-21 18:37:28
5395,8804,961,1,REPAY,5,4383.627851,,4383.627851,2025-03-21 18:38:34
5396,8805,575,4,REPAY,1,659.059287,,659.059287,2025-03-21 18:45:07
5397,8806,566,3,DEPOSIT,1,7076.085094,7076.085094,,2025-03-21 18:53:10
5398,8807,800,3,LIQUIDATION,5,247.676054,275.2896843073,247.676054,2025-03-21 18:55:44
5399,8808,154,3,WITHDRAW,4,8513.921787,,,2025-03-21 19:51:00
5400,8809,422,3,REPAY,4,365.095804,,365.095804,2025-03-21 19:54:07
5401,8811,951,2,REPAY,2,2.279544,,2.279544,2025-03-21 20:33:29
5402,8813,66,3,REPAY,4,27.23004,,27.23004,2025-03-21 20:41:42
5403,8814,460,2,REPAY,3,67.19532,,67.19532,2025-03-21 20:42:07
5404,8815,97,3,WITHDRAW,4,4508.556992,,,2025-03-21 20:43:24
5405,8817,737,4,WITHDRAW,4,509.821211,,,2025-03-21 21:50:01
5406,8818,795,4,REPAY,5,3215.096957,,3215.096957,2025-03-21 22:10:38
5407,8820,528,1,DEPOSIT,3,2959.728805,2959.728805,,2025-03-21 22:37:21
5408,8821,191,4,BORROW,3,3648.694392,7039.1739971939,3648.694392,2025-03-21 22:38:35
5409,8822,455,3,REPAY,5,22.350296,,22.350296,2025-03-21 22:42:25
5410,8823,650,2,REPAY,4,0.026534,,0.026534,2025-03-21 22:49:41
5411,8824,69,4,DEPOSIT,3,3425.408433,3425.408433,,2025-03-21 22:56:41
5412,8825,413,2,REPAY,3,3.985451,,3.985451,2025-03-21 23:24:00
5413,8826,897,2,DEPOSIT,2,3317.852179,3317.852179,,2025-03-21 23:43:51
5414,8827,172,2,WITHDRAW,4,7415.643858,,,2025-03-22 00:01:22
5415,8831,639,1,REPAY,3,195.77532,,195.77532,2025-03-22 00:18:21
5416,8833,480,1,REPAY,5,1060.58719,,1060.58719,2025-03-22 01:00:32
5417,8835,751,3,REPAY,2,2000.813688,,2000.813688,2025-03-22 01:38:12
5418,8836,944,2,REPAY,5,0.00011,,0.00011,2025-03-22 01:39:32
5419,8837,240,2,REPAY,3,0.305559,,0.305559,2025-03-22 01:53:13
5420,8838,325,2,REPAY,5,0.036611,,0.036611,2025-03-22 02:02:39
5421,8840,690,3,REPAY,3,3319.668015,,3319.668015,2025-03-22 02:50:03
5422,8841,762,2,REPAY,4,149.674734,,149.674734,2025-03-22 03:06:33
5423,8842,51,1,REPAY,5,87.311327,,87.311327,2025-03-22 03:12:59
5424,8843,130,1,REPAY,1,57.953653,,57.953653,2025-03-22 03:31:59
5425,8844,316,1,WITHDRAW,4,1474.039206,,,2025-03-22 03:53:37
5426,8846,917,3,REPAY,2,1e-06,,1e-06,2025-03-22 04:16:17
5427,8847,162,3,BORROW,5,5650.627209,13771.3329270342,5650.627209,2025-03-22 04:24:55
5428,8849,176,2,BORROW,3,5429.898225,13571.3981403255,5429.898225,2025-03-22 04:32:00
5429,8850,890,4,REPAY,3,69.724856,,69.724856,2025-03-22 04:32:21
5430,8851,403,3,REPAY,2,0.012558,,0.012558,2025-03-22 04:48:35
5431,8852,780,3,REPAY,1,727.405074,,727.405074,2025-03-22 04:55:28
5432,8854,319,3,DEPOSIT,1,4021.5913,4021.5913,,2025-03-22 05:01:28
5433,8855,942,4,REPAY,1,2134.288356,,2134.288356,2025-03-22 05:13:09
5434,8856,385,2,REPAY,3,244.557518,,244.557518,2025-03-22 05:18:34
5435,8858,376,2,DEPOSIT,3,5913.5735,5913.5735,,2025-03-22 05:37:28
5436,8859,188,1,WITHDRAW,3,8993.706662,,,2025-03-22 05:46:58
5437,8862,313,2,BORROW,5,9951.969704,13754.0433335882,9951.969704,2025-03-22 06:33:41
5438,8863,553,1,REPAY,3,420.218826,,420.218826,2025-03-22 06:37:39
5439,8864,888,1,LIQUIDATION,2,55.361671,55.6060929509,55.361671,2025-03-22 06:46:44
5440,8865,345,3,BORROW,5,7318.527435,13440.0195474386,7318.527435,2025-03-22 07:19:33
5441,8867,214,4,REPAY,5,271.835593,,271.835593,2025-03-22 07:25:55
5442,8870,91,4,REPAY,3,7.100928,,7.100928,2025-03-22 08:15:05
5443,8871,126,4,REPAY,1,192.533988,,192.533988,2025-03-22 08:20:32
5444,8872,825,2,DEPOSIT,4,1071.95228,1071.95228,,2025-03-22 08:29:40
5445,8873,149,4,REPAY,1,3577.677128,,3577.677128,2025-03-22 08:46:19
5446,8875,718,3,REPAY,2,4380.949875,,4380.949875,2025-03-22 09:07:13
5447,8876,920,2,REPAY,1,66.333314,,66.333314,2025-03-22 09:09:39
5448,8878,554,1,DEPOSIT,2,9752.408159,9752.408159,,2025-03-22 09:19:03
5449,8879,619,4,REPAY,4,8833.271471,,8833.271471,2025-03-22 09:19:43
5450,8881,90,2,REPAY,3,845.524269,,845.524269,2025-03-22 09:34:01
5451,8882,369,4,BORROW,2,9771.615331,23981.8189457954,9771.615331,2025-03-22 09:34:17
5452,8885,819,4,DEPOSIT,4,5342.526171,5342.526171,,2025-03-22 10:25:43
5453,8887,621,4,LIQUIDATION,5,100.389738,104.6519477812,100.389738,2025-03-22 10:53:37
5454,8890,611,2,REPAY,2,0.05495,,0.05495,2025-03-22 11:41:36
5455,8891,21,1,REPAY,4,1.98716,,1.98716,2025-03-22 11:46:31
5456,8892,517,1,DEPOSIT,5,1563.534874,1563.534874,,2025-03-22 11:49:49
5457,8893,223,3,BORROW,3,5729.251078,7815.3799309671,5729.251078,2025-03-22 11:58:26
5458,8894,98,1,REPAY,1,1021.747624,,1021.747624,2025-03-22 12:14:23
5459,8895,175,3,DEPOSIT,2,5602.227694,5602.227694,,2025-03-22 12:19:32
5460,8896,18,2,WITHDRAW,2,3837.246069,,,2025-03-22 12:43:08
5461,8898,768,2,REPAY,4,8791.050646,,8791.050646,2025-03-22 13:32:36
5462,8899,531,1,REPAY,3,401.724953,,401.724953,2025-03-22 13:44:38
5463,8902,519,4,DEPOSIT,5,4936.366484,4936.366484,,2025-03-22 14:23:53
5464,8903,359,3,BORROW,5,1826.514476,2216.831914778,1826.514476,2025-03-22 14:24:27
5465,8905,109,1,REPAY,3,2911.729579,,2911.729579,2025-03-22 14:45:33
5466,8907,301,3,REPAY,2,1382.871626,,1382.871626,2025-03-22 15:22:00
5467,8908,60,3,REPAY,2,294.115506,,294.115506,2025-03-22 15:48:40
5468,8909,241,3,WITHDRAW,4,3618.030147,,,2025-03-22 15:52:17
5469,8910,666,4,WITHDRAW,3,9671.160303,,,2025-03-22 16:01:07
5470,8911,425,4,LIQUIDATION,5,7483.627074,6814.4851144219,7483.627074,2025-03-22 16:03:12
5471,8912,739,3,REPAY,4,0.423864,,0.423864,2025-03-22 16:52:54
5472,8914,229,4,REPAY,5,279.779611,,279.779611,2025-03-22 16:58:41
5473,8917,894,3,DEPOSIT,2,7269.374374,7269.374374,,2025-03-22 17:32:04
5474,8918,958,4,REPAY,1,0.158086,,0.158086,2025-03-22 17:51:44
5475,8919,995,4,BORROW,5,3073.544201,3856.1734487032,3073.544201,2025-03-22 17:58:51
5476,8922,989,2,REPAY,2,41.097347,,41.097347,2025-03-22 18:28:56
5477,8923,681,4,LIQUIDATION,5,14667.530956,15433.1047490448,14667.530956,2025-03-22 18:33:33
5478,8924,45,2,REPAY,1,191.052514,,191.052514,2025-03-22 18:35:09
5479,8926,276,1,LIQUIDATION,3,9169.784749,8832.4648374204,9169.784749,2025-03-22 18:49:46
5480,8928,261,4,REPAY,4,0.350294,,0.350294,2025-03-22 19:49:11
5481,8930,278,4,REPAY,2,783.364909,,783.364909,2025-03-22 19:53:46
5482,8931,341,1,REPAY,5,1656.828065,,1656.828065,2025-03-22 20:06:44
5483,8932,111,4,REPAY,1,5883.265325,,5883.265325,2025-03-22 20:09:21
5484,8933,918,4,REPAY,4,4.443662,,4.443662,2025-03-22 20:12:48
5485,8934,455,2,REPAY,2,15.538664,,15.538664,2025-03-22 20:27:55
5486,8936,118,3,BORROW,5,3779.380469,6022.7938104752,3779.380469,2025-03-22 21:00:24
5487,8937,54,4,BORROW,5,8184.912315,13535.4663678833,8184.912315,2025-03-22 21:04:02
5488,8938,298,4,BORROW,1,6954.288648,11573.2040144491,6954.288648,2025-03-22 21:07:54
5489,8940,693,4,BORROW,1,5025.94902,9856.4226313406,5025.94902,2025-03-22 21:13:06
5490,8941,262,1,WITHDRAW,4,2203.769835,,,2025-03-22 21:20:21
5491,8942,498,1,BORROW,2,1157.588193,2154.9460746504,1157.588193,2025-03-22 21:26:06
5492,8943,727,1,BORROW,2,2515.749413,4106.0536594526,2515.749413,2025-03-22 22:18:06
5493,8944,185,2,WITHDRAW,3,3278.380223,,,2025-03-22 22:18:53
5494,8949,906,1,WITHDRAW,5,2554.712458,,,2025-03-22 22:59:56
5495,8951,977,3,REPAY,3,1691.169089,,1691.169089,2025-03-22 23:38:29
5496,8953,887,2,REPAY,2,0.036467,,0.036467,2025-03-22 23:56:13
5497,8954,482,4,WITHDRAW,4,695.168414,,,2025-03-23 00:00:05
5498,8955,750,3,LIQUIDATION,2,6170.586292,6831.15837094,6170.586292,2025-03-23 00:05:29
5499,8958,400,4,DEPOSIT,5,2341.324008,2341.324008,,2025-03-23 00:54:51
5500,8959,75,1,REPAY,2,71.493183,,71.493183,2025-03-23 00:58:28
5501,8961,289,4,REPAY,2,36.160701,,36.160701,2025-03-23 02:02:28
5502,8963,854,1,DEPOSIT,2,5136.918641,5136.918641,,2025-03-23 02:33:59
5503,8964,622,3,DEPOSIT,3,2161.68955,2161.68955,,2025-03-23 02:57:28
5504,8966,448,3,REPAY,1,389.728461,,389.728461,2025-03-23 03:29:06
5505,8967,283,2,REPAY,1,0.189897,,0.189897,2025-03-23 04:22:01
5506,8968,985,4,REPAY,4,573.982356,,573.982356,2025-03-23 04:23:40
5507,8969,522,3,DEPOSIT,5,3587.891646,3587.891646,,2025-03-23 04:29:12
5508,8970,26,3,DEPOSIT,4,6687.529795,6687.529795,,2025-03-23 04:38:56
5509,8971,863,1,DEPOSIT,1,1145.898236,1145.898236,,2025-03-23 04:42:28
5510,8973,449,4,REPAY,5,33.04234,,33.04234,2025-03-23 04:51:36
5511,8977,91,1,DEPOSIT,4,8416.660916,8416.660916,,2025-03-23 05:09:25
5512,8978,674,2,REPAY,2,0.333702,,0.333702,2025-03-23 05:16:39
5513,8985,19,3,BORROW,4,7394.359499,17365.6024753149,7394.359499,2025-03-23 07:05:43
5514,8986,945,1,REPAY,5,33.653157,,33.653157,2025-03-23 07:07:08
5515,8987,129,2,REPAY,5,3701.938572,,3701.938572,2025-03-23 07:15:41
5516,8988,341,4,REPAY,4,241.90779,,241.90779,2025-03-23 07:39:27
5517,8989,133,2,DEPOSIT,4,1073.758431,1073.758431,,2025-03-23 07:41:01
5518,8990,760,1,WITHDRAW,2,7894.884116,,,2025-03-23 07:52:10
5519,8991,460,2,WITHDRAW,2,9870.76709,,,2025-03-23 07:59:00
5520,8992,385,4,REPAY,2,674.118015,,674.118015,2025-03-23 08:42:03
5521,8993,713,4,REPAY,1,274.316722,,274.316722,2025-03-23 08:43:29
5522,8994,4,3,REPAY,1,5575.282881,,5575.282881,2025-03-23 08:59:25
5523,8995,604,3,DEPOSIT,3,4528.600908,4528.600908,,2025-03-23 09:06:52
5524,8997,746,1,BORROW,5,5547.735394,10896.3829975359,5547.735394,2025-03-23 09:22:05
5525,8998,763,3,WITHDRAW,2,6508.530379,,,2025-03-23 09:46:33
5526,8999,790,3,BORROW,1,7056.917237,16236.716426735,7056.917237,2025-03-23 09:47:45
5527,9000,772,2,REPAY,2,3742.629573,,3742.629573,2025-03-23 09:48:10
5528,9001,333,2,REPAY,3,236.465534,,236.465534,2025-03-23 10:06:15
5529,9002,470,4,DEPOSIT,1,3906.461627,3906.461627,,2025-03-23 10:24:09
5530,9004,437,2,REPAY,1,1.438353,,1.438353,2025-03-23 11:20:59
5531,9006,790,4,LIQUIDATION,2,7056.917237,6763.2609777547,7056.917237,2025-03-23 11:26:56
5532,9007,399,1,REPAY,4,1045.395723,,1045.395723,2025-03-23 11:26:59
5533,9009,661,2,REPAY,4,4.468776,,4.468776,2025-03-23 11:43:32
5534,9011,493,4,REPAY,5,6918.944348,,6918.944348,2025-03-23 12:02:44
5535,9012,488,2,LIQUIDATION,2,110.856879,100.0052251601,110.856879,2025-03-23 12:23:11
5536,9013,257,1,DEPOSIT,5,237.870188,237.870188,,2025-03-23 12:29:01
5537,9014,532,2,DEPOSIT,3,401.369328,401.369328,,2025-03-23 12:47:45
5538,9015,580,4,DEPOSIT,1,7229.752554,7229.752554,,2025-03-23 12:54:32
5539,9016,592,3,REPAY,1,11.716011,,11.716011,2025-03-23 13:24:24
5540,9017,997,4,REPAY,5,1020.79811,,1020.79811,2025-03-23 13:36:12
5541,9021,905,3,LIQUIDATION,5,6039.640342,6333.4270781189,6039.640342,2025-03-23 14:28:28
5542,9022,404,2,REPAY,3,487.700225,,487.700225,2025-03-23 15:01:43
5543,9023,447,4,BORROW,1,8082.094605,16532.1074681588,8082.094605,2025-03-23 15:32:39
5544,9025,506,4,REPAY,3,0.235538,,0.235538,2025-03-23 16:19:42
5545,9026,303,2,REPAY,2,49.553593,,49.553593,2025-03-23 16:31:46
5546,9027,615,3,REPAY,1,0.08223,,0.08223,2025-03-23 16:54:21
5547,9028,271,4,REPAY,3,83.540379,,83.540379,2025-03-23 17:21:58
5548,9030,526,3,REPAY,1,8269.725654,,8269.725654,2025-03-23 17:24:11
5549,9031,131,1,WITHDRAW,1,4947.629236,,,2025-03-23 17:37:22
5550,9033,197,4,WITHDRAW,3,3655.163619,,,2025-03-23 18:02:05
5551,9034,400,3,BORROW,2,3485.001924,7645.9957018247,3485.001924,2025-03-23 18:04:38
5552,9035,596,3,REPAY,2,902.703074,,902.703074,2025-03-23 18:06:26
5553,9038,527,3,REPAY,3,4670.289301,,4670.289301,2025-03-23 18:26:47
5554,9040,736,4,WITHDRAW,4,625.708076,,,2025-03-23 18:48:24
5555,9041,348,2,DEPOSIT,5,6213.108395,6213.108395,,2025-03-23 19:06:28
5556,9042,975,3,WITHDRAW,1,4343.93078,,,2025-03-23 19:13:59
5557,9043,879,4,DEPOSIT,2,4631.091263,4631.091263,,2025-03-23 19:53:34
5558,9044,378,2,REPAY,5,544.958995,,544.958995,2025-03-23 19:54:09
5559,9045,406,3,REPAY,5,14.743021,,14.743021,2025-03-23 20:25:43
5560,9046,852,4,BORROW,5,163.158347,249.4227303571,163.158347,2025-03-23 21:08:37
5561,9047,581,1,BORROW,1,7166.11417,9945.2514878121,7166.11417,2025-03-23 21:11:02
5562,9048,225,3,REPAY,2,0.008227,,0.008227,2025-03-23 21:22:04
5563,9049,726,3,REPAY,5,733.127023,,733.127023,2025-03-23 21:26:10
5564,9050,62,1,REPAY,1,23.676075,,23.676075,2025-03-23 21:27:00
5565,9051,913,4,WITHDRAW,2,6526.824354,,,2025-03-23 21:29:53
5566,9052,55,4,REPAY,1,104.589736,,104.589736,2025-03-23 21:31:47
5567,9053,702,4,WITHDRAW,3,2555.944682,,,2025-03-23 21:48:26
5568,9054,416,1,DEPOSIT,3,4989.138346,4989.138346,,2025-03-23 21:52:01
5569,9055,645,2,BORROW,4,2627.478879,5002.5757381176,2627.478879,2025-03-23 21:55:13
5570,9057,606,1,REPAY,4,14.700901,,14.700901,2025-03-23 22:41:01
5571,9060,36,3,BORROW,4,6103.582487,13417.270485399,6103.582487,2025-03-23 22:45:36
5572,9062,742,3,WITHDRAW,3,3937.248294,,,2025-03-23 23:46:41
5573,9063,644,4,DEPOSIT,2,5502.281979,5502.281979,,2025-03-24 00:07:32
5574,9064,939,1,WITHDRAW,5,8096.028422,,,2025-03-24 00:20:02
5575,9066,611,1,WITHDRAW,1,9569.177785,,,2025-03-24 00:27:47
5576,9068,266,2,DEPOSIT,5,873.868934,873.868934,,2025-03-24 00:47:33
5577,9069,222,1,BORROW,5,2908.179022,7063.9636734509,2908.179022,2025-03-24 00:48:59
5578,9071,765,2,REPAY,3,0.451788,,0.451788,2025-03-24 01:07:55
5579,9072,975,1,WITHDRAW,1,2903.506459,,,2025-03-24 01:09:43
5580,9075,227,3,WITHDRAW,5,3214.765849,,,2025-03-24 01:54:43
5581,9076,448,3,REPAY,4,103.035968,,103.035968,2025-03-24 02:01:42
5582,9079,141,1,WITHDRAW,4,802.80721,,,2025-03-24 02:57:06
5583,9080,890,3,REPAY,1,21.080983,,21.080983,2025-03-24 02:59:33
5584,9081,337,1,WITHDRAW,4,6492.028644,,,2025-03-24 03:03:57
5585,9082,660,4,WITHDRAW,4,3832.84957,,,2025-03-24 03:30:13
5586,9083,88,4,BORROW,5,2480.666625,3802.4349059331,2480.666625,2025-03-24 03:33:43
5587,9084,163,2,REPAY,4,0.013306,,0.013306,2025-03-24 03:39:06
5588,9085,216,4,BORROW,4,5319.483052,7517.5878859321,5319.483052,2025-03-24 03:45:39
5589,9086,775,4,BORROW,1,3127.331808,6545.0079545738,3127.331808,2025-03-24 03:55:09
5590,9088,949,4,REPAY,3,292.005058,,292.005058,2025-03-24 04:40:43
5591,9090,238,1,BORROW,2,8094.238914,19618.1461660151,8094.238914,2025-03-24 05:17:25
5592,9091,395,4,REPAY,3,1127.755958,,1127.755958,2025-03-24 05:50:32
5593,9092,456,4,WITHDRAW,2,8400.618972,,,2025-03-24 05:56:23
5594,9093,920,3,REPAY,3,45.415106,,45.415106,2025-03-24 06:00:13
5595,9094,996,1,REPAY,1,570.904046,,570.904046,2025-03-24 06:12:57
5596,9095,321,1,LIQUIDATION,4,4004.475592,3661.3151825468,4004.475592,2025-03-24 06:26:47
5597,9096,708,1,WITHDRAW,1,2237.383277,,,2025-03-24 06:34:22
5598,9097,945,1,REPAY,1,0.097397,,0.097397,2025-03-24 06:34:41
5599,9099,238,1,LIQUIDATION,3,8094.238914,6571.3440261751,8094.238914,2025-03-24 06:49:46
5600,9100,966,4,REPAY,3,5507.073173,,5507.073173,2025-03-24 06:57:50
5601,9101,435,4,REPAY,4,7.838312,,7.838312,2025-03-24 07:04:58
5602,9102,530,1,WITHDRAW,1,4505.044543,,,2025-03-24 07:08:43
5603,9103,416,3,BORROW,2,6007.692306,8679.3958561534,6007.692306,2025-03-24 07:12:02
5604,9104,327,3,REPAY,1,1319.152717,,1319.152717,2025-03-24 07:12:04
5605,9106,376,4,BORROW,3,9069.653588,14134.8788494114,9069.653588,2025-03-24 07:43:01
5606,9107,992,4,DEPOSIT,3,877.697136,877.697136,,2025-03-24 07:54:24
5607,9108,241,1,BORROW,2,7259.370684,10604.3209727394,7259.370684,2025-03-24 08:03:23
5608,9113,278,2,REPAY,4,1135.295231,,1135.295231,2025-03-24 08:24:40
5609,9116,222,3,BORROW,5,5954.562017,14817.8501210809,5954.562017,2025-03-24 08:49:56
5610,9117,516,4,REPAY,4,91.556135,,91.556135,2025-03-24 08:57:33
5611,9118,116,2,REPAY,5,268.879091,,268.879091,2025-03-24 09:01:02
5612,9119,822,3,REPAY,1,0.307474,,0.307474,2025-03-24 09:18:18
5613,9122,271,1,REPAY,1,14.898438,,14.898438,2025-03-24 11:17:10
5614,9126,852,4,REPAY,3,99.869613,,99.869613,2025-03-24 12:00:56
5615,9127,38,3,REPAY,5,951.032559,,951.032559,2025-03-24 12:06:56
5616,9128,180,3,LIQUIDATION,3,820.331197,687.0026460298,820.331197,2025-03-24 12:14:25
5617,9129,181,3,REPAY,4,49.659277,,49.659277,2025-03-24 12:32:42
5618,9131,973,3,REPAY,3,5.111878,,5.111878,2025-03-24 12:45:00
5619,9132,169,1,BORROW,3,2754.845263,5162.7442016134,2754.845263,2025-03-24 13:21:18
5620,9134,75,4,REPAY,4,60.317756,,60.317756,2025-03-24 13:34:20
5621,9135,292,3,REPAY,2,1354.524697,,1354.524697,2025-03-24 13:46:59
5622,9136,266,3,WITHDRAW,1,2983.404467,,,2025-03-24 14:01:54
5623,9137,668,4,REPAY,5,1256.277924,,1256.277924,2025-03-24 14:14:37
5624,9138,699,3,DEPOSIT,5,7277.513455,7277.513455,,2025-03-24 14:32:03
5625,9140,493,2,BORROW,5,4388.211276,7653.3264296461,4388.211276,2025-03-24 15:52:08
5626,9142,961,4,REPAY,3,551.47121,,551.47121,2025-03-24 15:54:54
5627,9144,53,4,REPAY,1,12.70946,,12.70946,2025-03-24 15:55:30
5628,9145,457,4,REPAY,1,1172.055867,,1172.055867,2025-03-24 15:57:30
5629,9146,944,4,REPAY,2,1.8e-05,,1.8e-05,2025-03-24 15:59:45
5630,9147,530,3,BORROW,4,7006.400538,10338.9807344386,7006.400538,2025-03-24 16:36:03
5631,9152,60,2,LIQUIDATION,3,658.123998,607.3517157667,658.123998,2025-03-24 17:23:00
5632,9154,188,1,DEPOSIT,4,9568.191372,9568.191372,,2025-03-24 17:39:26
5633,9155,116,2,REPAY,3,378.957345,,378.957345,2025-03-24 17:46:51
5634,9159,883,3,DEPOSIT,4,5713.705985,5713.705985,,2025-03-24 18:42:57
5635,9160,593,4,DEPOSIT,5,6589.02766,6589.02766,,2025-03-24 19:01:31
5636,9161,532,1,WITHDRAW,2,4457.669958,,,2025-03-24 19:08:41
5637,9163,236,3,REPAY,5,47.248926,,47.248926,2025-03-24 19:28:27
5638,9165,448,1,REPAY,3,65.478668,,65.478668,2025-03-24 19:38:45
5639,9166,460,2,REPAY,2,2.535725,,2.535725,2025-03-24 19:42:06
5640,9167,117,3,REPAY,1,1.969969,,1.969969,2025-03-24 20:23:54
5641,9168,569,4,REPAY,4,474.813117,,474.813117,2025-03-24 20:31:02
5642,9169,224,4,REPAY,2,514.644283,,514.644283,2025-03-24 21:11:19
5643,9170,708,1,DEPOSIT,4,8380.154542,8380.154542,,2025-03-24 21:21:54
5644,9171,768,3,REPAY,1,709.820942,,709.820942,2025-03-24 21:53:12
5645,9173,721,3,WITHDRAW,3,342.516129,,,2025-03-24 22:18:13
5646,9176,340,2,BORROW,2,2997.535768,6643.8293240885,2997.535768,2025-03-24 22:28:54
5647,9178,765,2,REPAY,3,0.12785,,0.12785,2025-03-24 22:35:43
5648,9179,243,1,REPAY,4,0.007214,,0.007214,2025-03-24 22:39:41
5649,9180,193,4,BORROW,4,2580.685509,4143.4407085167,2580.685509,2025-03-24 22:53:56
5650,9181,657,2,LIQUIDATION,3,5693.880285,5630.3939186497,5693.880285,2025-03-24 23:28:24
5651,9182,55,3,REPAY,2,25.278619,,25.278619,2025-03-24 23:30:23
5652,9183,973,1,REPAY,2,0.078503,,0.078503,2025-03-24 23:48:56
5653,9186,978,3,REPAY,3,0.277771,,0.277771,2025-03-25 00:20:56
5654,9187,871,3,LIQUIDATION,1,4433.136639,5052.8749161534,4433.136639,2025-03-25 00:31:25
5655,9188,722,2,REPAY,1,184.341038,,184.341038,2025-03-25 00:33:14
5656,9189,27,4,DEPOSIT,5,3516.932851,3516.932851,,2025-03-25 00:47:17
5657,9190,797,4,REPAY,1,1451.165102,,1451.165102,2025-03-25 00:56:56
5658,9193,878,3,REPAY,5,3274.418781,,3274.418781,2025-03-25 01:22:28
5659,9194,85,3,REPAY,2,5.498216,,5.498216,2025-03-25 01:31:47
5660,9196,48,2,REPAY,1,13.825972,,13.825972,2025-03-25 02:04:00
5661,9197,292,4,REPAY,5,42.860567,,42.860567,2025-03-25 02:14:03
5662,9199,772,1,REPAY,3,2046.931021,,2046.931021,2025-03-25 02:26:45
5663,9200,425,1,DEPOSIT,2,6798.573959,6798.573959,,2025-03-25 03:07:02
5664,9201,804,1,REPAY,1,82.979258,,82.979258,2025-03-25 03:08:20
5665,9203,977,3,REPAY,1,3363.610465,,3363.610465,2025-03-25 03:24:11
5666,9204,73,2,REPAY,1,0.016447,,0.016447,2025-03-25 04:03:25
5667,9205,21,3,REPAY,1,1.12153,,1.12153,2025-03-25 04:12:57
5668,9206,721,3,BORROW,3,9011.306603,20828.086363171,9011.306603,2025-03-25 04:24:44
5669,9207,782,3,DEPOSIT,3,5571.814177,5571.814177,,2025-03-25 04:56:41
5670,9211,101,4,BORROW,2,1381.958275,3289.6235276606,1381.958275,2025-03-25 05:33:11
5671,9213,9,4,LIQUIDATION,3,9067.588315,8166.4399019048,9067.588315,2025-03-25 06:27:33
5672,9215,751,2,REPAY,4,2892.455601,,2892.455601,2025-03-25 07:03:39
5673,9216,829,4,REPAY,4,790.911655,,790.911655,2025-03-25 07:04:51
5674,9217,473,3,REPAY,5,1.698614,,1.698614,2025-03-25 07:24:12
5675,9218,352,1,REPAY,2,10.649343,,10.649343,2025-03-25 07:45:44
5676,9219,477,3,REPAY,1,1709.570234,,1709.570234,2025-03-25 08:01:32
5677,9220,139,2,WITHDRAW,5,4270.371802,,,2025-03-25 08:21:40
5678,9221,314,3,BORROW,2,3907.091343,5991.1888517271,3907.091343,2025-03-25 08:44:36
5679,9222,164,3,WITHDRAW,1,2840.859505,,,2025-03-25 08:47:51
5680,9223,342,3,REPAY,5,827.102235,,827.102235,2025-03-25 09:05:15
5681,9224,21,1,REPAY,2,1.774224,,1.774224,2025-03-25 09:05:47
5682,9225,16,1,WITHDRAW,3,5244.540038,,,2025-03-25 09:11:39
5683,9226,136,4,WITHDRAW,1,6632.436761,,,2025-03-25 09:23:56
5684,9227,223,1,LIQUIDATION,3,5730.352833,5604.3052364945,5730.352833,2025-03-25 09:46:34
5685,9228,985,4,DEPOSIT,3,4734.131965,4734.131965,,2025-03-25 09:48:08
5686,9230,785,1,REPAY,1,1420.645712,,1420.645712,2025-03-25 10:16:55
5687,9231,126,2,REPAY,1,556.926295,,556.926295,2025-03-25 10:23:03
5688,9232,78,3,REPAY,3,363.165885,,363.165885,2025-03-25 10:38:02
5689,9234,510,4,REPAY,1,77.618077,,77.618077,2025-03-25 12:02:13
5690,9235,920,1,REPAY,4,2.259376,,2.259376,2025-03-25 12:14:41
5691,9236,983,1,REPAY,3,182.41163,,182.41163,2025-03-25 12:15:05
5692,9237,478,2,WITHDRAW,4,1109.507641,,,2025-03-25 12:20:46
5693,9238,480,4,REPAY,3,927.715902,,927.715902,2025-03-25 12:27:23
5694,9239,658,2,REPAY,3,3490.494037,,3490.494037,2025-03-25 13:26:59
5695,9240,637,4,DEPOSIT,2,4404.66219,4404.66219,,2025-03-25 13:37:37
5696,9241,672,3,REPAY,1,127.031569,,127.031569,2025-03-25 13:50:21
5697,9242,804,4,REPAY,5,32.690605,,32.690605,2025-03-25 13:58:26
5698,9243,633,1,REPAY,5,15.645246,,15.645246,2025-03-25 14:04:05
5699,9244,213,4,REPAY,5,645.279637,,645.279637,2025-03-25 14:27:03
5700,9245,952,3,DEPOSIT,1,4416.642558,4416.642558,,2025-03-25 14:36:59
5701,9246,7,2,BORROW,1,9672.926749,18340.8117814038,9672.926749,2025-03-25 14:41:09
5702,9247,201,2,WITHDRAW,1,7284.644917,,,2025-03-25 14:49:01
5703,9248,226,3,WITHDRAW,5,4479.984907,,,2025-03-25 14:50:12
5704,9249,189,3,REPAY,5,361.830736,,361.830736,2025-03-25 15:07:10
5705,9250,65,3,REPAY,4,11.321394,,11.321394,2025-03-25 15:18:11
5706,9251,531,2,DEPOSIT,1,8630.370085,8630.370085,,2025-03-25 15:41:28
5707,9253,150,4,REPAY,5,365.143005,,365.143005,2025-03-25 15:53:57
5708,9254,194,4,REPAY,3,4239.824124,,4239.824124,2025-03-25 16:08:46
5709,9255,725,3,REPAY,3,0.03776,,0.03776,2025-03-25 16:10:28
5710,9260,91,3,BORROW,4,1714.815475,2555.2061024852,1714.815475,2025-03-25 17:00:05
5711,9261,234,3,DEPOSIT,4,7440.165755,7440.165755,,2025-03-25 17:04:26
5712,9264,105,4,REPAY,5,45.778964,,45.778964,2025-03-25 17:47:14
5713,9265,632,3,REPAY,5,2156.025478,,2156.025478,2025-03-25 18:02:37
5714,9266,868,2,DEPOSIT,1,1720.555931,1720.555931,,2025-03-25 18:04:19
5715,9267,465,4,REPAY,1,2530.594189,,2530.594189,2025-03-25 18:06:44
5716,9268,458,4,REPAY,3,1116.722647,,1116.722647,2025-03-25 18:33:44
5717,9270,922,4,WITHDRAW,3,7085.515022,,,2025-03-25 18:55:15
5718,9271,234,1,DEPOSIT,3,34.500509,34.500509,,2025-03-25 19:00:29
5719,9272,553,2,REPAY,4,885.022119,,885.022119,2025-03-25 19:04:45
5720,9274,639,2,REPAY,3,33.869418,,33.869418,2025-03-25 20:16:04
5721,9275,345,3,REPAY,4,1680.791715,,1680.791715,2025-03-25 20:16:39
5722,9277,430,2,WITHDRAW,4,2698.019249,,,2025-03-25 20:30:56
5723,9280,618,3,DEPOSIT,1,6763.043325,6763.043325,,2025-03-25 21:01:40
5724,9281,666,4,BORROW,3,4593.650387,7712.5435154162,4593.650387,2025-03-25 21:05:27
5725,9282,311,2,BORROW,3,2296.056147,3734.9619225734,2296.056147,2025-03-25 21:20:07
5726,9284,951,4,REPAY,1,5.662601,,5.662601,2025-03-25 21:37:22
5727,9285,772,1,REPAY,2,150.83015,,150.83015,2025-03-25 21:53:33
5728,9286,265,3,REPAY,4,133.960658,,133.960658,2025-03-25 22:12:04
5729,9288,395,4,WITHDRAW,3,6028.062749,,,2025-03-25 22:30:19
5730,9289,158,3,REPAY,2,9.235902,,9.235902,2025-03-25 22:54:51
5731,9291,744,4,REPAY,3,18.633297,,18.633297,2025-03-25 23:07:00
5732,9292,613,4,REPAY,1,833.676162,,833.676162,2025-03-25 23:29:25
5733,9293,146,3,BORROW,2,421.959468,514.9662202597,421.959468,2025-03-25 23:37:20
5734,9294,420,3,BORROW,4,3170.772243,7667.0114795647,3170.772243,2025-03-25 23:49:14
5735,9295,831,2,REPAY,5,0.348734,,0.348734,2025-03-26 00:08:50
5736,9296,661,1,REPAY,2,1.191087,,1.191087,2025-03-26 01:02:33
5737,9297,292,3,REPAY,2,117.355774,,117.355774,2025-03-26 01:13:02
5738,9298,606,3,REPAY,3,11.189286,,11.189286,2025-03-26 01:30:32
5739,9299,293,4,BORROW,1,8058.16563,18892.2225428743,8058.16563,2025-03-26 01:35:54
5740,9301,960,1,REPAY,2,35.254881,,35.254881,2025-03-26 02:27:33
5741,9303,820,4,REPAY,5,0.078237,,0.078237,2025-03-26 03:41:10
5742,9304,870,2,DEPOSIT,2,7284.491409,7284.491409,,2025-03-26 03:55:56
5743,9306,767,4,DEPOSIT,4,2202.438772,2202.438772,,2025-03-26 04:04:05
5744,9307,28,1,REPAY,4,1500.845911,,1500.845911,2025-03-26 04:07:27
5745,9308,167,2,DEPOSIT,4,1035.087976,1035.087976,,2025-03-26 04:33:39
5746,9310,884,1,REPAY,2,770.420623,,770.420623,2025-03-26 04:59:08
5747,9311,533,1,REPAY,1,597.142721,,597.142721,2025-03-26 05:01:35
5748,9312,89,3,REPAY,2,9.901213,,9.901213,2025-03-26 05:14:30
5749,9314,541,1,LIQUIDATION,5,6096.556803,5295.2274464214,6096.556803,2025-03-26 05:18:09
5750,9315,51,3,REPAY,1,8.165771,,8.165771,2025-03-26 05:30:03
5751,9316,142,3,REPAY,3,12.242595,,12.242595,2025-03-26 05:38:58
5752,9317,806,2,BORROW,5,1899.906773,3589.5035175305,1899.906773,2025-03-26 05:45:15
5753,9318,657,1,DEPOSIT,5,4313.01832,4313.01832,,2025-03-26 05:54:12
5754,9319,303,2,REPAY,2,11.351673,,11.351673,2025-03-26 06:08:13
5755,9320,994,4,REPAY,2,3.571319,,3.571319,2025-03-26 06:09:55
5756,9321,850,3,WITHDRAW,1,3163.355467,,,2025-03-26 06:24:03
5757,9323,408,3,REPAY,4,90.719593,,90.719593,2025-03-26 06:55:24
5758,9325,634,1,BORROW,1,4943.049958,11060.8504856833,4943.049958,2025-03-26 07:04:48
5759,9327,845,1,DEPOSIT,5,4631.959487,4631.959487,,2025-03-26 07:20:23
5760,9328,182,2,REPAY,1,2528.725622,,2528.725622,2025-03-26 07:31:13
5761,9329,624,1,LIQUIDATION,5,4919.716851,5035.5786689814,4919.716851,2025-03-26 07:44:44
5762,9331,901,3,DEPOSIT,3,4075.802518,4075.802518,,2025-03-26 08:04:20
5763,9332,422,1,REPAY,3,64.359693,,64.359693,2025-03-26 08:07:03
5764,9333,372,2,REPAY,2,22.408116,,22.408116,2025-03-26 08:50:25
5765,9335,485,2,DEPOSIT,4,9152.558149,9152.558149,,2025-03-26 09:43:00
5766,9338,918,1,REPAY,1,0.07947,,0.07947,2025-03-26 10:00:31
5767,9339,988,4,REPAY,5,4382.503697,,4382.503697,2025-03-26 10:43:30
5768,9341,431,3,DEPOSIT,3,2584.868261,2584.868261,,2025-03-26 11:06:00
5769,9343,690,4,REPAY,4,770.598472,,770.598472,2025-03-26 11:10:01
5770,9344,715,3,BORROW,5,2040.432341,3873.5773561939,2040.432341,2025-03-26 11:59:12
5771,9345,358,4,DEPOSIT,5,7173.891325,7173.891325,,2025-03-26 12:07:57
5772,9346,926,4,REPAY,3,5.85312,,5.85312,2025-03-26 12:12:17
5773,9347,530,3,REPAY,2,2674.122836,,2674.122836,2025-03-26 12:21:17
5774,9348,981,1,DEPOSIT,5,2354.847806,2354.847806,,2025-03-26 12:53:43
5775,9349,684,3,REPAY,5,23.491057,,23.491057,2025-03-26 13:00:21
5776,9350,360,1,REPAY,2,301.31235,,301.31235,2025-03-26 13:03:31
5777,9351,959,3,REPAY,4,96.693203,,96.693203,2025-03-26 13:04:46
5778,9352,36,4,REPAY,1,7318.833132,,7318.833132,2025-03-26 13:06:50
5779,9353,156,3,DEPOSIT,3,9642.470971,9642.470971,,2025-03-26 13:10:24
5780,9355,496,1,WITHDRAW,2,6933.095772,,,2025-03-26 14:25:38
5781,9356,335,3,REPAY,5,4133.852484,,4133.852484,2025-03-26 14:27:47
5782,9357,409,4,BORROW,4,4906.990433,10358.8534131565,4906.990433,2025-03-26 14:51:37
5783,9358,73,1,REPAY,1,0.050317,,0.050317,2025-03-26 14:55:17
5784,9359,138,3,DEPOSIT,3,5708.873693,5708.873693,,2025-03-26 15:03:03
5785,9360,773,4,REPAY,1,0.343504,,0.343504,2025-03-26 15:11:58
5786,9361,960,1,REPAY,5,19.736542,,19.736542,2025-03-26 15:16:42
5787,9362,346,2,REPAY,5,0.544194,,0.544194,2025-03-26 15:19:48
5788,9363,478,2,WITHDRAW,2,8641.19118,,,2025-03-26 15:51:57
5789,9364,356,1,BORROW,3,5696.562238,9310.7569587639,5696.562238,2025-03-26 16:10:33
5790,9365,288,4,BORROW,1,4897.485739,8920.9928319969,4897.485739,2025-03-26 16:11:46
5791,9367,892,4,BORROW,1,5092.847021,9636.0394690341,5092.847021,2025-03-26 16:29:07
5792,9369,435,1,REPAY,4,1.778255,,1.778255,2025-03-26 16:31:36
5793,9370,948,3,REPAY,5,27.336108,,27.336108,2025-03-26 16:40:19
5794,9373,12,1,REPAY,5,0.000137,,0.000137,2025-03-26 17:17:44
5795,9374,767,3,WITHDRAW,1,2318.904816,,,2025-03-26 17:54:38
5796,9375,856,4,LIQUIDATION,5,32.471242,32.1922738693,32.471242,2025-03-26 18:21:11
5797,9376,989,3,REPAY,4,45.408502,,45.408502,2025-03-26 18:27:54
5798,9377,373,3,LIQUIDATION,2,3062.479807,3369.6830285441,3062.479807,2025-03-26 19:19:59
5799,9378,126,1,WITHDRAW,1,5710.055637,,,2025-03-26 19:33:39
5800,9379,456,2,REPAY,2,380.232161,,380.232161,2025-03-26 19:57:15
5801,9380,851,1,REPAY,4,75.52893,,75.52893,2025-03-26 20:04:05
5802,9381,888,1,WITHDRAW,2,133.934391,,,2025-03-26 20:18:51
5803,9382,788,2,WITHDRAW,5,216.98577,,,2025-03-26 20:23:30
5804,9383,673,3,REPAY,4,779.457131,,779.457131,2025-03-26 20:38:55
5805,9384,754,3,REPAY,1,372.023922,,372.023922,2025-03-26 20:58:44
5806,9385,704,1,REPAY,3,128.55702,,128.55702,2025-03-26 21:03:47
5807,9386,489,1,REPAY,2,4.44441,,4.44441,2025-03-26 21:31:54
5808,9389,697,4,REPAY,2,279.956855,,279.956855,2025-03-26 22:26:20
5809,9390,783,1,REPAY,5,347.797542,,347.797542,2025-03-26 22:31:47
5810,9392,477,3,REPAY,3,251.965391,,251.965391,2025-03-26 22:52:05
5811,9394,829,1,LIQUIDATION,4,2494.666436,2752.3606324822,2494.666436,2025-03-26 22:58:01
5812,9395,376,4,LIQUIDATION,2,9069.653588,8547.8675774267,9069.653588,2025-03-26 23:22:10
5813,9396,86,1,REPAY,4,0.145886,,0.145886,2025-03-26 23:43:07
5814,9397,677,4,BORROW,5,4360.811184,10737.9812970587,4360.811184,2025-03-26 23:53:50
5815,9398,38,1,REPAY,5,317.476415,,317.476415,2025-03-26 23:56:24
5816,9401,111,2,REPAY,2,598.498865,,598.498865,2025-03-27 00:25:13
5817,9403,993,2,REPAY,4,328.036987,,328.036987,2025-03-27 01:00:29
5818,9404,298,2,LIQUIDATION,2,6954.288648,7558.0533586226,6954.288648,2025-03-27 01:09:07
5819,9406,18,2,WITHDRAW,2,2046.069068,,,2025-03-27 01:44:37
5820,9408,130,1,REPAY,3,147.315534,,147.315534,2025-03-27 01:59:12
5821,9409,247,2,REPAY,1,2385.528276,,2385.528276,2025-03-27 02:00:04
5822,9411,590,3,WITHDRAW,2,6285.781386,,,2025-03-27 02:26:42
5823,9412,32,3,REPAY,1,1039.663063,,1039.663063,2025-03-27 02:29:43
5824,9414,570,1,DEPOSIT,1,5052.148569,5052.148569,,2025-03-27 03:20:53
5825,9416,991,3,BORROW,1,650.680825,1120.7840378901,650.680825,2025-03-27 03:41:43
5826,9418,94,1,REPAY,3,0.834374,,0.834374,2025-03-27 03:49:06
5827,9419,748,2,BORROW,3,207.066846,366.6237709053,207.066846,2025-03-27 03:53:38
5828,9420,437,1,REPAY,1,0.176879,,0.176879,2025-03-27 03:57:49
5829,9421,894,2,BORROW,4,9631.71504,20664.8155949815,9631.71504,2025-03-27 04:18:33
5830,9422,117,4,LIQUIDATION,2,2.551383,2.6341554136,2.551383,2025-03-27 04:24:02
5831,9423,777,3,WITHDRAW,4,4446.507257,,,2025-03-27 04:34:41
5832,9424,97,4,BORROW,1,9636.926983,13164.0728792847,9636.926983,2025-03-27 05:10:11
5833,9426,693,3,REPAY,1,3813.01089,,3813.01089,2025-03-27 05:30:01
5834,9427,765,1,WITHDRAW,1,9703.683706,,,2025-03-27 05:39:17
5835,9428,853,1,REPAY,2,811.099909,,811.099909,2025-03-27 05:42:06
5836,9429,416,3,REPAY,4,3918.830722,,3918.830722,2025-03-27 05:42:53
5837,9430,937,2,BORROW,4,9474.830392,11895.8340984112,9474.830392,2025-03-27 05:45:28
5838,9431,918,1,REPAY,2,0.114404,,0.114404,2025-03-27 05:55:43
5839,9432,866,2,WITHDRAW,1,3664.628106,,,2025-03-27 06:12:50
5840,9435,772,3,WITHDRAW,2,1699.808734,,,2025-03-27 07:13:02
5841,9437,216,4,REPAY,4,4190.174921,,4190.174921,2025-03-27 08:06:13
5842,9438,489,3,DEPOSIT,5,3653.730275,3653.730275,,2025-03-27 08:28:10
5843,9439,587,3,DEPOSIT,3,3133.70901,3133.70901,,2025-03-27 08:40:36
5844,9440,4,1,REPAY,2,846.085225,,846.085225,2025-03-27 08:42:36
5845,9442,901,4,DEPOSIT,5,4030.434512,4030.434512,,2025-03-27 08:59:28
5846,9446,840,3,WITHDRAW,5,829.876577,,,2025-03-27 09:54:36
5847,9447,341,1,REPAY,5,272.437641,,272.437641,2025-03-27 10:04:35
5848,9449,532,1,BORROW,4,1892.40472,3822.3807150147,1892.40472,2025-03-27 10:30:00
5849,9451,171,3,BORROW,2,4560.61317,8395.7436683053,4560.61317,2025-03-27 10:45:43
5850,9454,458,3,REPAY,5,484.688786,,484.688786,2025-03-27 11:01:45
5851,9457,619,2,REPAY,2,644.905293,,644.905293,2025-03-27 11:41:26
5852,9458,535,4,LIQUIDATION,2,310.749299,314.3084994269,310.749299,2025-03-27 11:50:29
5853,9459,426,3,REPAY,3,5013.23335,,5013.23335,2025-03-27 11:59:17
5854,9460,189,2,REPAY,5,126.035228,,126.035228,2025-03-27 12:12:26
5855,9461,61,2,LIQUIDATION,3,6461.157132,6777.6810884708,6461.157132,2025-03-27 12:27:02
5856,9462,59,3,REPAY,3,0.009681,,0.009681,2025-03-27 12:29:11
5857,9463,96,1,REPAY,5,0.01125,,0.01125,2025-03-27 12:35:48
5858,9464,562,4,LIQUIDATION,2,58.730644,56.2614245065,58.730644,2025-03-27 12:42:30
5859,9465,426,3,BORROW,3,912.772354,2267.7277991525,912.772354,2025-03-27 13:13:39
5860,9466,90,2,REPAY,5,191.359455,,191.359455,2025-03-27 13:36:54
5861,9468,452,2,REPAY,2,64.508316,,64.508316,2025-03-27 13:47:58
5862,9469,698,3,REPAY,1,1594.385943,,1594.385943,2025-03-27 13:57:09
5863,9472,53,1,REPAY,2,2.27733,,2.27733,2025-03-27 15:17:24
5864,9473,991,1,REPAY,4,529.598642,,529.598642,2025-03-27 15:23:19
5865,9474,975,3,BORROW,5,5322.801711,8296.7937382479,5322.801711,2025-03-27 15:44:52
5866,9476,449,4,REPAY,4,0.35883,,0.35883,2025-03-27 16:47:46
5867,9477,66,4,REPAY,4,30.506276,,30.506276,2025-03-27 16:55:02
5868,9478,90,3,LIQUIDATION,2,345.46933,296.8869369922,345.46933,2025-03-27 16:57:41
5869,9479,769,1,DEPOSIT,4,1060.795344,1060.795344,,2025-03-27 17:37:21
5870,9480,950,3,REPAY,4,3971.892558,,3971.892558,2025-03-27 17:37:51
5871,9481,713,2,DEPOSIT,3,7459.537597,7459.537597,,2025-03-27 17:40:18
5872,9483,840,1,REPAY,4,115.240962,,115.240962,2025-03-27 18:13:24
5873,9485,154,4,DEPOSIT,3,8055.406771,8055.406771,,2025-03-27 18:32:54
5874,9486,444,1,REPAY,2,230.42989,,230.42989,2025-03-27 19:07:34
5875,9487,788,2,BORROW,2,8062.151249,13914.7934450453,8062.151249,2025-03-27 19:13:05
5876,9488,445,4,BORROW,1,774.009726,1380.3013223359,774.009726,2025-03-27 19:17:18
5877,9489,624,4,DEPOSIT,2,2583.559992,2583.559992,,2025-03-27 19:19:38
5878,9490,553,1,REPAY,4,495.969278,,495.969278,2025-03-27 19:23:39
5879,9491,325,2,DEPOSIT,1,8329.858766,8329.858766,,2025-03-27 19:24:34
5880,9492,275,1,REPAY,4,49.933097,,49.933097,2025-03-27 19:29:20
5881,9493,807,3,REPAY,1,0.241018,,0.241018,2025-03-27 19:34:47
5882,9495,214,1,BORROW,2,5102.057151,8900.1006124322,5102.057151,2025-03-27 20:04:50
5883,9498,645,3,REPAY,1,1352.880782,,1352.880782,2025-03-27 20:21:40
5884,9499,765,2,REPAY,2,0.034744,,0.034744,2025-03-27 20:32:22
5885,9500,78,1,REPAY,4,158.241604,,158.241604,2025-03-27 20:43:51
5886,9501,266,4,DEPOSIT,3,724.654666,724.654666,,2025-03-27 20:50:54
5887,9502,461,1,DEPOSIT,5,2565.434322,2565.434322,,2025-03-27 21:33:04
5888,9504,593,3,DEPOSIT,3,8112.933163,8112.933163,,2025-03-27 21:39:29
5889,9505,180,1,WITHDRAW,2,6665.836671,,,2025-03-27 21:44:47
5890,9506,260,3,REPAY,4,267.800611,,267.800611,2025-03-27 22:13:11
5891,9508,65,4,REPAY,5,3.651553,,3.651553,2025-03-27 22:27:40
5892,9511,68,2,REPAY,1,269.06563,,269.06563,2025-03-27 23:27:05
5893,9512,345,1,REPAY,5,3532.362306,,3532.362306,2025-03-28 00:20:51
5894,9513,944,3,REPAY,3,7.9e-05,,7.9e-05,2025-03-28 00:33:01
5895,9515,979,4,WITHDRAW,4,6009.809202,,,2025-03-28 00:49:37
5896,9518,772,2,DEPOSIT,4,8854.877312,8854.877312,,2025-03-28 01:16:38
5897,9519,968,1,REPAY,2,3196.920595,,3196.920595,2025-03-28 01:27:14
5898,9520,193,4,LIQUIDATION,1,3388.503927,3155.6810749503,3388.503927,2025-03-28 02:17:28
5899,9521,501,2,BORROW,4,5785.662401,13493.6380753803,5785.662401,2025-03-28 02:18:24
5900,9523,714,2,REPAY,2,1127.052668,,1127.052668,2025-03-28 02:25:00
5901,9524,83,4,REPAY,3,0.376316,,0.376316,2025-03-28 02:32:23
5902,9525,896,4,REPAY,3,675.897076,,675.897076,2025-03-28 03:03:17
5903,9526,686,1,REPAY,3,43.357917,,43.357917,2025-03-28 03:32:52
5904,9527,105,4,REPAY,5,24.901371,,24.901371,2025-03-28 03:34:25
5905,9528,933,2,LIQUIDATION,4,5301.479652,5340.892385604,5301.479652,2025-03-28 03:54:50
5906,9531,98,4,REPAY,4,403.230104,,403.230104,2025-03-28 04:19:01
5907,9532,584,4,LIQUIDATION,3,3551.13707,2999.4218963247,3551.13707,2025-03-28 04:19:54
5908,9534,616,2,WITHDRAW,2,8158.222288,,,2025-03-28 04:32:15
5909,9536,343,4,BORROW,5,1633.356728,2684.2290152017,1633.356728,2025-03-28 04:59:03
5910,9538,275,1,REPAY,2,86.472788,,86.472788,2025-03-28 05:07:40
5911,9540,786,4,REPAY,5,466.091264,,466.091264,2025-03-28 05:40:17
5912,9541,879,1,DEPOSIT,3,6931.511948,6931.511948,,2025-03-28 06:04:12
5913,9542,626,1,BORROW,4,2461.192878,4475.4913079354,2461.192878,2025-03-28 06:13:00
5914,9544,983,2,REPAY,4,357.552153,,357.552153,2025-03-28 06:37:00
5915,9545,218,3,WITHDRAW,5,8270.968382,,,2025-03-28 06:39:16
5916,9546,490,4,REPAY,5,0.190279,,0.190279,2025-03-28 06:42:36
5917,9547,408,4,REPAY,4,35.485444,,35.485444,2025-03-28 06:58:30
5918,9548,545,1,DEPOSIT,4,7394.090726,7394.090726,,2025-03-28 07:04:39
5919,9549,214,3,REPAY,3,3065.60883,,3065.60883,2025-03-28 07:25:26
5920,9550,897,1,WITHDRAW,1,483.571423,,,2025-03-28 07:32:41
5921,9551,426,1,BORROW,5,9652.592765,16791.1873538787,9652.592765,2025-03-28 07:52:55
5922,9552,711,2,DEPOSIT,3,2739.845305,2739.845305,,2025-03-28 08:05:58
5923,9554,181,3,REPAY,5,9.012052,,9.012052,2025-03-28 08:37:09
5924,9555,509,1,REPAY,4,38.543196,,38.543196,2025-03-28 09:00:56
5925,9556,443,2,REPAY,5,7364.802384,,7364.802384,2025-03-28 09:01:59
5926,9557,405,3,WITHDRAW,5,5201.304494,,,2025-03-28 09:07:39
5927,9558,714,1,REPAY,5,4504.951589,,4504.951589,2025-03-28 09:22:36
5928,9561,236,3,REPAY,4,7.724634,,7.724634,2025-03-28 10:09:43
5929,9562,845,4,BORROW,2,9393.303941,18809.6447893484,9393.303941,2025-03-28 10:20:47
5930,9563,138,1,BORROW,4,2476.730112,6112.4667309076,2476.730112,2025-03-28 10:22:06
5931,9566,565,3,WITHDRAW,3,2602.706482,,,2025-03-28 10:51:28
5932,9567,529,4,REPAY,1,0.803416,,0.803416,2025-03-28 11:02:41
5933,9568,706,3,DEPOSIT,4,7533.173583,7533.173583,,2025-03-28 11:05:22
5934,9569,180,3,WITHDRAW,1,9638.432494,,,2025-03-28 11:31:06
5935,9570,574,4,BORROW,3,3405.564628,6287.9719577857,3405.564628,2025-03-28 11:54:43
5936,9571,875,2,REPAY,1,663.89859,,663.89859,2025-03-28 11:59:06
5937,9572,914,4,REPAY,3,1363.414916,,1363.414916,2025-03-28 12:05:59
5938,9573,208,2,LIQUIDATION,2,3843.980254,4380.571703249,3843.980254,2025-03-28 12:26:44
5939,9574,904,1,REPAY,1,0.209634,,0.209634,2025-03-28 12:32:05
5940,9575,726,1,REPAY,3,291.650605,,291.650605,2025-03-28 12:43:19
5941,9577,415,2,REPAY,4,2292.658925,,2292.658925,2025-03-28 13:15:35
5942,9578,161,4,BORROW,4,3738.289711,7023.8133240379,3738.289711,2025-03-28 13:26:16
5943,9580,31,2,DEPOSIT,4,6139.832087,6139.832087,,2025-03-28 13:28:43
5944,9582,823,3,REPAY,5,17.741512,,17.741512,2025-03-28 13:46:00
5945,9585,263,1,REPAY,3,834.693095,,834.693095,2025-03-28 14:23:00
5946,9594,176,4,BORROW,5,5579.45832,12239.0099086273,5579.45832,2025-03-28 15:32:16
5947,9597,55,4,REPAY,1,10.138261,,10.138261,2025-03-28 15:50:48
5948,9598,210,1,DEPOSIT,4,9737.639649,9737.639649,,2025-03-28 16:33:58
5949,9599,788,3,REPAY,3,7469.698781,,7469.698781,2025-03-28 16:38:11
5950,9600,974,3,WITHDRAW,4,3564.675387,,,2025-03-28 17:16:58
5951,9601,112,2,REPAY,1,70.68902,,70.68902,2025-03-28 17:26:46
5952,9602,512,1,REPAY,4,21.642009,,21.642009,2025-03-28 17:27:35
5953,9603,307,3,LIQUIDATION,5,1158.142008,1115.6102689156,1158.142008,2025-03-28 17:33:16
5954,9604,517,1,DEPOSIT,2,4098.263118,4098.263118,,2025-03-28 17:45:05
5955,9605,630,3,REPAY,5,1.822275,,1.822275,2025-03-28 17:56:18
5956,9606,579,4,REPAY,1,772.804726,,772.804726,2025-03-28 17:59:47
5957,9607,578,2,REPAY,3,51.109199,,51.109199,2025-03-28 18:05:59
5958,9609,845,3,REPAY,2,8377.197791,,8377.197791,2025-03-28 18:17:47
5959,9610,250,2,DEPOSIT,1,8737.524316,8737.524316,,2025-03-28 18:50:43
5960,9612,401,2,REPAY,2,1390.700428,,1390.700428,2025-03-28 19:34:06
5961,9613,608,2,REPAY,1,1338.823398,,1338.823398,2025-03-28 19:54:56
5962,9614,10,1,REPAY,3,0.163915,,0.163915,2025-03-28 19:58:36
5963,9618,824,2,REPAY,4,0.344548,,0.344548,2025-03-28 22:08:11
5964,9619,176,1,REPAY,5,6751.456242,,6751.456242,2025-03-28 23:31:51
5965,9620,383,4,WITHDRAW,2,6549.575506,,,2025-03-29 00:17:26
5966,9621,777,2,DEPOSIT,4,2997.929912,2997.929912,,2025-03-29 01:05:42
5967,9624,251,3,WITHDRAW,3,4553.379581,,,2025-03-29 02:00:49
5968,9625,630,1,REPAY,2,0.055793,,0.055793,2025-03-29 02:04:43
5969,9626,527,1,REPAY,4,2562.147139,,2562.147139,2025-03-29 02:20:04
5970,9627,573,1,DEPOSIT,5,1564.75007,1564.75007,,2025-03-29 02:52:12
5971,9631,74,2,REPAY,2,307.012706,,307.012706,2025-03-29 03:45:47
5972,9632,290,2,BORROW,1,4981.157236,8154.3843450285,4981.157236,2025-03-29 03:50:46
5973,9633,448,3,REPAY,1,1.600782,,1.600782,2025-03-29 04:00:14
5974,9635,973,2,REPAY,4,0.435884,,0.435884,2025-03-29 04:20:33
5975,9638,905,2,BORROW,1,5476.100476,13627.050741417,5476.100476,2025-03-29 04:50:23
5976,9639,952,3,WITHDRAW,5,5477.725907,,,2025-03-29 05:16:48
5977,9640,941,4,WITHDRAW,2,5607.478288,,,2025-03-29 05:26:21
5978,9641,495,3,REPAY,1,95.637048,,95.637048,2025-03-29 05:44:48
5979,9645,460,1,REPAY,4,1.577171,,1.577171,2025-03-29 06:20:54
5980,9646,817,3,REPAY,4,0.016622,,0.016622,2025-03-29 06:22:17
5981,9647,218,3,WITHDRAW,4,4187.388836,,,2025-03-29 06:36:59
5982,9648,312,1,DEPOSIT,5,7965.87149,7965.87149,,2025-03-29 06:52:00
5983,9649,465,4,REPAY,5,2089.538157,,2089.538157,2025-03-29 06:53:51
5984,9650,207,2,REPAY,1,0.039834,,0.039834,2025-03-29 07:07:58
5985,9651,392,3,REPAY,4,148.672854,,148.672854,2025-03-29 07:10:17
5986,9652,220,4,REPAY,1,5071.578069,,5071.578069,2025-03-29 07:16:09
5987,9653,474,2,BORROW,1,1172.378824,1897.0603572749,1172.378824,2025-03-29 07:37:43
5988,9657,527,1,REPAY,5,425.480715,,425.480715,2025-03-29 08:09:30
5989,9658,403,2,REPAY,2,0.0115,,0.0115,2025-03-29 08:28:31
5990,9663,968,1,REPAY,2,538.32879,,538.32879,2025-03-29 09:21:55
5991,9664,822,1,REPAY,5,0.636236,,0.636236,2025-03-29 09:26:20
5992,9665,668,3,WITHDRAW,2,7190.964222,,,2025-03-29 09:34:55
5993,9667,530,1,REPAY,1,1901.057193,,1901.057193,2025-03-29 10:24:36
5994,9669,391,3,REPAY,1,6780.69552,,6780.69552,2025-03-29 10:48:12
5995,9670,439,1,REPAY,4,0.187668,,0.187668,2025-03-29 10:54:18
5996,9671,235,2,REPAY,2,0.004454,,0.004454,2025-03-29 11:06:19
5997,9673,516,2,LIQUIDATION,4,386.304306,388.2820021926,386.304306,2025-03-29 11:42:57
5998,9676,510,4,REPAY,1,46.378268,,46.378268,2025-03-29 12:13:53
5999,9677,282,1,DEPOSIT,1,9057.688086,9057.688086,,2025-03-29 12:32:57
6000,9678,562,4,BORROW,3,2119.784836,5294.3275254964,2119.784836,2025-03-29 13:14:46
6001,9679,588,1,BORROW,3,3091.890632,6021.4211208582,3091.890632,2025-03-29 13:16:49
6002,9681,812,1,WITHDRAW,5,8942.117556,,,2025-03-29 13:42:13
6003,9682,264,1,LIQUIDATION,3,10010.068048,9282.7082749937,10010.068048,2025-03-29 13:49:00
6004,9683,988,3,WITHDRAW,2,2179.696435,,,2025-03-29 14:23:52
6005,9684,489,4,REPAY,2,5.970469,,5.970469,2025-03-29 14:31:01
6006,9685,633,2,REPAY,1,11.495255,,11.495255,2025-03-29 15:09:06
6007,9686,419,2,DEPOSIT,3,3258.469794,3258.469794,,2025-03-29 15:09:26
6008,9687,707,3,REPAY,2,176.202608,,176.202608,2025-03-29 15:46:26
6009,9688,627,4,REPAY,5,10.518655,,10.518655,2025-03-29 16:05:43
6010,9689,725,1,REPAY,1,0.076426,,0.076426,2025-03-29 16:08:19
6011,9691,498,4,REPAY,4,348.931984,,348.931984,2025-03-29 16:39:11
6012,9692,903,4,REPAY,1,2.482357,,2.482357,2025-03-29 17:03:56
6013,9693,518,1,REPAY,2,257.396131,,257.396131,2025-03-29 17:12:09
6014,9694,227,4,BORROW,1,1195.64548,2224.2831370497,1195.64548,2025-03-29 17:16:13
6470,10301,824,4,REPAY,4,0.01111,,0.01111,2025-04-03 23:52:29
6015,9695,217,2,DEPOSIT,2,6956.627383,6956.627383,,2025-03-29 18:02:10
6016,9698,394,1,REPAY,5,378.098626,,378.098626,2025-03-29 18:22:18
6017,9699,980,1,REPAY,3,3588.505774,,3588.505774,2025-03-29 18:26:02
6018,9700,605,4,BORROW,3,3557.572834,6716.5650280523,3557.572834,2025-03-29 18:40:17
6019,9701,380,2,BORROW,3,9178.278292,20578.0658167792,9178.278292,2025-03-29 18:43:14
6020,9703,109,2,REPAY,4,92.611426,,92.611426,2025-03-29 18:57:28
6021,9705,352,1,REPAY,2,1.424587,,1.424587,2025-03-29 19:24:36
6022,9706,607,2,BORROW,1,8672.937805,14173.5531007212,8672.937805,2025-03-29 19:43:57
6023,9707,761,2,REPAY,3,8.945539,,8.945539,2025-03-29 20:13:03
6024,9708,368,1,WITHDRAW,3,8252.975615,,,2025-03-29 20:21:10
6025,9709,306,3,WITHDRAW,5,4813.236243,,,2025-03-29 20:23:11
6026,9710,542,2,WITHDRAW,3,8916.975156,,,2025-03-29 20:29:07
6027,9711,664,2,WITHDRAW,5,3829.331071,,,2025-03-29 20:31:46
6028,9713,986,4,BORROW,1,9151.443742,18629.0356305502,9151.443742,2025-03-29 20:57:14
6029,9714,996,1,REPAY,5,80.596516,,80.596516,2025-03-29 21:06:17
6030,9715,224,4,WITHDRAW,3,2018.552526,,,2025-03-29 21:14:35
6031,9716,752,3,BORROW,3,8029.902362,10355.3067830841,8029.902362,2025-03-29 21:20:42
6032,9717,457,3,REPAY,5,2459.85578,,2459.85578,2025-03-29 21:27:34
6033,9718,976,4,REPAY,4,4011.313254,,4011.313254,2025-03-29 21:49:09
6034,9720,619,1,REPAY,5,22.077338,,22.077338,2025-03-29 22:02:53
6035,9721,484,1,DEPOSIT,3,9657.660146,9657.660146,,2025-03-29 22:07:53
6036,9722,586,4,REPAY,3,4.525578,,4.525578,2025-03-29 22:24:50
6037,9724,594,4,REPAY,3,2190.536895,,2190.536895,2025-03-29 23:36:30
6038,9726,462,4,REPAY,5,0.155712,,0.155712,2025-03-29 23:49:15
6039,9727,390,2,WITHDRAW,4,4806.922546,,,2025-03-30 00:02:06
6040,9728,32,1,REPAY,4,233.890082,,233.890082,2025-03-30 00:11:54
6041,9729,455,1,REPAY,4,2.87885,,2.87885,2025-03-30 00:21:10
6042,9730,452,3,REPAY,5,41.043781,,41.043781,2025-03-30 00:27:07
6043,9731,206,4,REPAY,1,12.069421,,12.069421,2025-03-30 00:51:57
6044,9732,466,2,DEPOSIT,1,7309.725017,7309.725017,,2025-03-30 01:02:58
6045,9733,371,2,REPAY,2,0.160259,,0.160259,2025-03-30 01:08:51
6046,9734,555,4,DEPOSIT,5,6899.945922,6899.945922,,2025-03-30 01:12:03
6047,9736,285,3,DEPOSIT,3,2177.822599,2177.822599,,2025-03-30 01:19:26
6048,9738,574,2,LIQUIDATION,3,3596.091783,3287.5466550014,3596.091783,2025-03-30 01:40:07
6049,9743,299,2,REPAY,4,13.747732,,13.747732,2025-03-30 02:34:28
6050,9744,679,2,WITHDRAW,4,8791.511187,,,2025-03-30 02:41:19
6051,9745,82,3,BORROW,4,601.987526,858.680515901,601.987526,2025-03-30 03:05:29
6052,9746,699,3,BORROW,1,8319.664468,13876.1951123185,8319.664468,2025-03-30 03:07:56
6053,9747,364,2,REPAY,4,31.792988,,31.792988,2025-03-30 03:26:56
6054,9748,768,1,REPAY,1,168.67138,,168.67138,2025-03-30 03:53:44
6055,9749,384,1,BORROW,3,8176.095749,14096.5846773473,8176.095749,2025-03-30 03:57:19
6056,9750,8,3,REPAY,4,371.495946,,371.495946,2025-03-30 04:00:45
6057,9752,982,4,BORROW,2,8302.563171,13127.528840125,8302.563171,2025-03-30 04:06:56
6058,9753,225,2,REPAY,3,0.004104,,0.004104,2025-03-30 04:09:03
6059,9754,458,3,REPAY,3,304.218255,,304.218255,2025-03-30 04:09:41
6060,9756,976,2,LIQUIDATION,4,5353.968417,5458.7025608497,5353.968417,2025-03-30 05:12:04
6061,9757,500,1,REPAY,3,73.977857,,73.977857,2025-03-30 05:14:10
6062,9758,944,3,REPAY,1,4e-06,,4e-06,2025-03-30 05:25:12
6063,9759,834,3,REPAY,3,23.738414,,23.738414,2025-03-30 05:30:20
6064,9760,721,3,REPAY,3,4682.20828,,4682.20828,2025-03-30 05:37:52
6065,9762,370,2,REPAY,4,0.041016,,0.041016,2025-03-30 06:02:01
6066,9763,968,4,REPAY,4,158.686171,,158.686171,2025-03-30 06:29:24
6067,9764,632,3,BORROW,3,8974.742888,19301.5253388689,8974.742888,2025-03-30 06:30:16
6068,9766,275,4,REPAY,3,41.872916,,41.872916,2025-03-30 06:45:05
6069,9768,394,3,BORROW,4,7346.419241,14295.8489648163,7346.419241,2025-03-30 06:53:10
6070,9769,99,1,BORROW,5,1741.78791,2329.5576336103,1741.78791,2025-03-30 06:54:07
6071,9770,841,3,BORROW,4,6417.084603,8244.5066450613,6417.084603,2025-03-30 06:58:38
6072,9771,443,4,REPAY,1,624.083063,,624.083063,2025-03-30 07:01:07
6073,9772,681,3,BORROW,5,8370.911701,20070.460375839,8370.911701,2025-03-30 07:02:07
6074,9773,63,4,REPAY,3,804.676716,,804.676716,2025-03-30 07:19:50
6075,9774,348,3,BORROW,4,4759.509444,7148.6403996964,4759.509444,2025-03-30 07:33:29
6076,9775,962,1,REPAY,4,0.000194,,0.000194,2025-03-30 07:42:42
6077,9776,758,3,REPAY,1,2.249613,,2.249613,2025-03-30 08:21:15
6078,9777,110,2,LIQUIDATION,3,4985.296326,4256.2169534397,4985.296326,2025-03-30 08:24:14
6079,9778,214,4,REPAY,2,1055.008963,,1055.008963,2025-03-30 08:24:40
6080,9780,881,1,REPAY,5,2218.474857,,2218.474857,2025-03-30 08:33:58
6081,9782,46,1,REPAY,5,5165.929572,,5165.929572,2025-03-30 09:22:31
6082,9783,936,2,BORROW,2,5203.540661,8599.4408499826,5203.540661,2025-03-30 09:27:42
6083,9784,6,2,BORROW,4,9639.818878,13004.3540357562,9639.818878,2025-03-30 10:00:13
6084,9785,931,4,DEPOSIT,3,6553.613729,6553.613729,,2025-03-30 10:01:41
6085,9786,912,2,REPAY,4,0.446424,,0.446424,2025-03-30 10:03:08
6086,9787,814,4,REPAY,1,872.88363,,872.88363,2025-03-30 10:28:07
6087,9789,750,1,BORROW,4,6474.062074,13646.1035510916,6474.062074,2025-03-30 10:38:51
6088,9791,710,3,REPAY,3,2348.525879,,2348.525879,2025-03-30 12:06:35
6089,9792,867,3,REPAY,2,438.715513,,438.715513,2025-03-30 12:16:50
6090,9793,236,4,REPAY,2,9.209394,,9.209394,2025-03-30 12:46:14
6091,9795,711,2,BORROW,1,3154.438029,3795.2043646216,3154.438029,2025-03-30 13:06:08
6092,9797,122,4,REPAY,2,906.491412,,906.491412,2025-03-30 13:14:51
6093,9798,360,1,REPAY,1,65.244522,,65.244522,2025-03-30 13:25:18
6094,9800,975,3,REPAY,5,943.51901,,943.51901,2025-03-30 13:58:27
6095,9801,971,3,REPAY,5,2165.710213,,2165.710213,2025-03-30 14:03:47
6096,9802,834,1,WITHDRAW,3,9444.663278,,,2025-03-30 14:04:58
6097,9805,293,4,BORROW,2,7426.066332,17410.5976870406,7426.066332,2025-03-30 14:35:12
6098,9807,836,4,REPAY,1,2087.612819,,2087.612819,2025-03-30 15:12:17
6099,9808,30,1,DEPOSIT,1,7961.041776,7961.041776,,2025-03-30 15:31:43
6100,9809,552,3,REPAY,2,315.742873,,315.742873,2025-03-30 15:37:28
6101,9811,518,3,REPAY,1,7.202683,,7.202683,2025-03-30 16:01:05
6102,9814,395,2,BORROW,4,838.801802,1581.86042199,838.801802,2025-03-30 16:50:06
6103,9815,953,2,DEPOSIT,4,4182.874619,4182.874619,,2025-03-30 17:15:37
6104,9818,245,4,REPAY,4,230.082548,,230.082548,2025-03-30 17:31:17
6105,9819,590,4,REPAY,4,4966.668517,,4966.668517,2025-03-30 17:33:31
6106,9820,366,4,REPAY,4,4.872265,,4.872265,2025-03-30 17:43:15
6107,9821,879,2,DEPOSIT,4,5686.015662,5686.015662,,2025-03-30 17:59:19
6108,9822,941,2,REPAY,5,14.331787,,14.331787,2025-03-30 18:09:28
6109,9827,292,4,REPAY,3,30.062718,,30.062718,2025-03-30 19:34:55
6110,9828,169,1,REPAY,2,2385.942583,,2385.942583,2025-03-30 19:47:39
6111,9829,343,3,REPAY,5,1571.599087,,1571.599087,2025-03-30 20:15:21
6112,9830,813,4,REPAY,2,2656.374568,,2656.374568,2025-03-30 20:18:50
6113,9831,450,1,REPAY,2,1383.546695,,1383.546695,2025-03-30 20:20:22
6114,9832,391,2,REPAY,5,7909.161608,,7909.161608,2025-03-30 20:26:14
6115,9833,558,3,REPAY,5,1331.643647,,1331.643647,2025-03-30 21:05:46
6116,9834,424,1,REPAY,5,0.011715,,0.011715,2025-03-30 21:13:26
6117,9835,33,1,WITHDRAW,5,7282.200143,,,2025-03-30 21:17:06
6118,9837,84,4,REPAY,1,1.235961,,1.235961,2025-03-30 21:21:27
6119,9838,527,4,REPAY,4,50.635484,,50.635484,2025-03-30 21:26:24
6120,9839,887,2,REPAY,4,0.017667,,0.017667,2025-03-30 21:38:01
6121,9840,295,4,REPAY,1,47.978031,,47.978031,2025-03-30 21:47:05
6122,9842,908,4,REPAY,4,2.629837,,2.629837,2025-03-30 21:50:53
6123,9843,599,1,REPAY,4,481.166911,,481.166911,2025-03-30 22:22:14
6124,9845,787,2,REPAY,2,9.765128,,9.765128,2025-03-30 22:34:42
6125,9846,109,1,REPAY,3,155.761811,,155.761811,2025-03-30 22:37:28
6126,9847,245,3,REPAY,3,25.740779,,25.740779,2025-03-30 23:10:01
6127,9849,365,1,REPAY,4,160.779346,,160.779346,2025-03-30 23:23:17
6128,9850,711,2,REPAY,5,1964.111204,,1964.111204,2025-03-30 23:33:45
6129,9852,337,1,BORROW,5,5279.596191,8133.9533117734,5279.596191,2025-03-31 00:09:38
6130,9853,426,1,BORROW,4,7324.845735,11843.0953860069,7324.845735,2025-03-31 00:23:24
6131,9854,815,2,REPAY,3,13.601314,,13.601314,2025-03-31 00:31:42
6132,9855,183,1,DEPOSIT,3,9320.779923,9320.779923,,2025-03-31 00:34:09
6133,9856,706,3,DEPOSIT,2,6438.739804,6438.739804,,2025-03-31 01:07:57
6134,9857,964,4,REPAY,3,606.387469,,606.387469,2025-03-31 01:12:03
6135,9858,631,4,REPAY,3,305.548902,,305.548902,2025-03-31 01:25:46
6136,9860,576,3,REPAY,4,3.33721,,3.33721,2025-03-31 01:45:35
6137,9861,505,3,REPAY,2,34.167357,,34.167357,2025-03-31 01:47:34
6138,9862,448,4,REPAY,3,3.401663,,3.401663,2025-03-31 01:56:00
6139,9863,639,1,DEPOSIT,4,5711.17834,5711.17834,,2025-03-31 01:56:39
6140,9865,352,3,REPAY,2,3.330248,,3.330248,2025-03-31 02:16:22
6141,9866,217,1,DEPOSIT,3,4649.788874,4649.788874,,2025-03-31 02:23:19
6142,9867,196,2,REPAY,3,5484.402669,,5484.402669,2025-03-31 02:39:19
6143,9868,938,1,REPAY,4,63.460969,,63.460969,2025-03-31 02:41:47
6144,9869,261,3,REPAY,2,0.103943,,0.103943,2025-03-31 02:53:31
6145,9870,507,4,REPAY,4,397.060317,,397.060317,2025-03-31 03:05:04
6146,9871,154,4,BORROW,1,1721.623381,2826.545572083,1721.623381,2025-03-31 03:05:08
6147,9872,286,4,REPAY,5,562.55367,,562.55367,2025-03-31 03:32:09
6148,9873,991,2,REPAY,1,96.086981,,96.086981,2025-03-31 03:41:24
6149,9874,405,4,REPAY,2,3659.576613,,3659.576613,2025-03-31 03:59:38
6150,9876,279,4,WITHDRAW,4,9577.465063,,,2025-03-31 04:24:47
6151,9878,824,1,REPAY,4,0.157053,,0.157053,2025-03-31 04:48:43
6152,9879,917,1,REPAY,4,0.0,,0.0,2025-03-31 04:54:47
6153,9881,601,1,REPAY,4,189.209304,,189.209304,2025-03-31 05:48:22
6154,9883,332,4,LIQUIDATION,3,5093.8061,6014.7971345963,5093.8061,2025-03-31 06:09:12
6155,9884,667,4,REPAY,3,0.174577,,0.174577,2025-03-31 06:11:14
6156,9885,322,1,LIQUIDATION,1,5399.482119,6273.7473460097,5399.482119,2025-03-31 06:49:12
6157,9886,3,2,REPAY,1,0.930326,,0.930326,2025-03-31 08:05:03
6158,9888,752,2,REPAY,2,1482.879346,,1482.879346,2025-03-31 08:42:31
6159,9890,61,2,BORROW,1,1876.552418,3709.5989053172,1876.552418,2025-03-31 08:50:31
6160,9891,725,2,REPAY,2,0.014734,,0.014734,2025-03-31 08:52:06
6161,9892,527,4,REPAY,3,18.136514,,18.136514,2025-03-31 08:55:25
6162,9893,744,3,REPAY,1,2.220434,,2.220434,2025-03-31 09:22:56
6163,9894,514,1,BORROW,2,1384.878132,2816.4568150682,1384.878132,2025-03-31 09:24:16
6164,9896,624,2,WITHDRAW,5,5928.202245,,,2025-03-31 09:33:55
6165,9898,151,1,REPAY,2,16.348938,,16.348938,2025-03-31 10:29:39
6166,9900,723,3,DEPOSIT,5,1324.266921,1324.266921,,2025-03-31 10:38:06
6167,9901,455,2,REPAY,4,12.068198,,12.068198,2025-03-31 10:40:09
6168,9902,857,3,BORROW,4,7475.044945,18347.7308442901,7475.044945,2025-03-31 10:45:26
6169,9903,1,1,REPAY,4,836.269469,,836.269469,2025-03-31 10:59:18
6170,9904,684,2,DEPOSIT,4,7433.248583,7433.248583,,2025-03-31 11:06:46
6171,9905,75,2,WITHDRAW,2,2874.677786,,,2025-03-31 11:12:33
6172,9906,711,1,REPAY,4,868.561879,,868.561879,2025-03-31 11:13:04
6173,9907,823,3,REPAY,2,11.220787,,11.220787,2025-03-31 11:30:03
6174,9909,19,2,REPAY,3,5895.698528,,5895.698528,2025-03-31 11:38:42
6175,9910,140,4,REPAY,3,3.187795,,3.187795,2025-03-31 11:42:06
6176,9911,933,4,BORROW,4,3487.900264,4307.9295539182,3487.900264,2025-03-31 11:59:36
6177,9912,125,2,DEPOSIT,3,6749.426701,6749.426701,,2025-03-31 12:07:05
6178,9913,55,1,REPAY,3,3.147864,,3.147864,2025-03-31 12:12:06
6179,9915,741,2,REPAY,1,1307.460196,,1307.460196,2025-03-31 12:23:31
6180,9918,161,4,LIQUIDATION,5,5389.759731,5629.7802087243,5389.759731,2025-03-31 13:08:06
6181,9921,444,2,REPAY,3,149.766531,,149.766531,2025-03-31 13:39:05
6182,9922,493,4,REPAY,1,5259.189687,,5259.189687,2025-03-31 13:44:21
6183,9923,226,3,WITHDRAW,5,7502.846094,,,2025-03-31 14:02:01
6184,9924,28,4,REPAY,4,509.284503,,509.284503,2025-03-31 14:04:46
6185,9925,726,3,REPAY,4,30.532894,,30.532894,2025-03-31 14:08:58
6186,9926,939,3,REPAY,2,1.250308,,1.250308,2025-03-31 14:17:06
6187,9927,814,1,REPAY,3,352.414266,,352.414266,2025-03-31 14:18:31
6188,9929,746,3,LIQUIDATION,3,5547.735394,5475.0885349264,5547.735394,2025-03-31 16:00:46
6189,9931,408,3,REPAY,1,8.696453,,8.696453,2025-03-31 16:49:53
6190,9933,155,2,BORROW,4,3027.766877,7116.6447317934,3027.766877,2025-03-31 17:19:42
6191,9934,701,1,REPAY,4,1513.890194,,1513.890194,2025-03-31 17:38:06
6192,9936,249,2,REPAY,2,5424.998911,,5424.998911,2025-03-31 17:51:23
6193,9937,203,3,DEPOSIT,2,3689.883797,3689.883797,,2025-03-31 18:03:54
6194,9940,74,3,REPAY,4,17.735752,,17.735752,2025-03-31 19:03:22
6195,9941,358,1,WITHDRAW,5,681.291894,,,2025-03-31 19:07:56
6196,9943,309,4,REPAY,4,119.806955,,119.806955,2025-03-31 19:20:39
6197,9944,315,1,DEPOSIT,1,3151.955681,3151.955681,,2025-03-31 20:18:12
6198,9945,315,1,DEPOSIT,1,9779.449319,9779.449319,,2025-03-31 20:19:01
6199,9946,294,1,LIQUIDATION,2,4080.852873,3888.8422234177,4080.852873,2025-03-31 20:27:05
6200,9947,438,4,REPAY,4,87.712078,,87.712078,2025-03-31 20:37:53
6201,9948,443,4,WITHDRAW,2,1908.906974,,,2025-03-31 20:50:26
6202,9949,641,2,REPAY,5,118.474897,,118.474897,2025-03-31 21:01:47
6203,9950,619,4,REPAY,4,1.772947,,1.772947,2025-03-31 21:10:20
6204,9951,403,2,REPAY,3,0.002422,,0.002422,2025-03-31 21:10:40
6205,9952,393,3,BORROW,1,9154.257419,17567.5800925942,9154.257419,2025-03-31 21:18:34
6206,9953,503,2,WITHDRAW,5,204.950335,,,2025-03-31 21:45:16
6207,9954,791,3,WITHDRAW,5,2096.706396,,,2025-03-31 21:45:41
6208,9955,770,4,BORROW,3,1841.040229,2373.043917523,1841.040229,2025-03-31 21:51:13
6209,9956,766,4,REPAY,3,4977.033162,,4977.033162,2025-03-31 22:00:06
6210,9957,256,4,DEPOSIT,5,1269.635675,1269.635675,,2025-03-31 22:01:51
6211,9958,186,2,WITHDRAW,3,1327.241248,,,2025-03-31 22:13:53
6212,9959,926,2,REPAY,2,3.288812,,3.288812,2025-03-31 23:21:05
6213,9960,292,1,REPAY,5,14.524772,,14.524772,2025-03-31 23:43:10
6214,9961,787,2,LIQUIDATION,5,11.769753,9.6788777693,11.769753,2025-03-31 23:50:31
6215,9962,288,4,LIQUIDATION,1,4897.485739,4213.222473571,4897.485739,2025-03-31 23:59:30
6216,9963,829,3,BORROW,1,406.618267,789.0783896637,406.618267,2025-04-01 00:04:42
6217,9964,384,4,REPAY,3,7690.548387,,7690.548387,2025-04-01 00:10:56
6218,9965,516,3,WITHDRAW,2,7029.25689,,,2025-04-01 00:26:04
6219,9967,672,4,DEPOSIT,3,5140.917403,5140.917403,,2025-04-01 00:52:35
6220,9968,628,3,LIQUIDATION,4,8.577796,9.1033441975,8.577796,2025-04-01 00:55:34
6221,9969,108,1,BORROW,3,4221.402216,6005.1565774734,4221.402216,2025-04-01 01:14:28
6222,9971,566,3,WITHDRAW,1,8518.248693,,,2025-04-01 01:16:52
6223,9974,278,1,REPAY,2,231.425853,,231.425853,2025-04-01 02:09:01
6224,9975,554,3,REPAY,4,3107.310805,,3107.310805,2025-04-01 02:13:39
6225,9976,248,1,WITHDRAW,1,5073.193476,,,2025-04-01 02:27:58
6226,9977,167,2,WITHDRAW,1,3749.931431,,,2025-04-01 02:29:48
6227,9978,655,3,LIQUIDATION,5,557.184504,628.1113886057,557.184504,2025-04-01 03:08:27
6228,9979,891,3,BORROW,3,6911.421453,16843.1588795744,6911.421453,2025-04-01 03:22:16
6229,9980,161,1,BORROW,2,7021.107659,9249.6938018237,7021.107659,2025-04-01 03:24:12
6230,9981,514,4,LIQUIDATION,3,1384.878132,1310.2474605102,1384.878132,2025-04-01 03:24:53
6231,9982,382,3,REPAY,4,1688.128116,,1688.128116,2025-04-01 03:32:27
6232,9983,184,1,DEPOSIT,3,7153.271738,7153.271738,,2025-04-01 03:38:32
6233,9984,180,1,BORROW,1,8011.322221,12305.3340675628,8011.322221,2025-04-01 03:39:39
6234,9985,597,4,DEPOSIT,2,4012.360614,4012.360614,,2025-04-01 03:41:21
6235,9986,658,2,REPAY,3,987.037375,,987.037375,2025-04-01 03:46:30
6236,9987,536,4,LIQUIDATION,5,7240.594912,7528.9443250718,7240.594912,2025-04-01 04:24:58
6237,9988,632,1,LIQUIDATION,1,13139.764311,12831.1274341691,13139.764311,2025-04-01 04:27:26
6238,9989,284,4,REPAY,2,56.810212,,56.810212,2025-04-01 05:26:07
6239,9991,10,4,REPAY,2,0.123123,,0.123123,2025-04-01 05:39:51
6240,9992,514,3,BORROW,1,7301.408853,11950.3858856517,7301.408853,2025-04-01 05:49:35
6241,9993,872,1,WITHDRAW,1,2693.602779,,,2025-04-01 05:57:12
6929,10948,576,2,REPAY,4,0.11624,,0.11624,2025-04-09 13:18:40
6242,9994,55,3,REPAY,3,2.26933,,2.26933,2025-04-01 06:14:04
6243,9998,495,4,REPAY,5,200.984474,,200.984474,2025-04-01 06:45:37
6244,10000,508,3,REPAY,5,485.667592,,485.667592,2025-04-01 07:19:37
6245,10001,909,4,REPAY,3,33.818624,,33.818624,2025-04-01 07:29:45
6246,10002,81,4,REPAY,1,331.89447,,331.89447,2025-04-01 08:14:11
6247,10003,15,1,REPAY,1,1.166625,,1.166625,2025-04-01 08:23:31
6248,10004,266,4,WITHDRAW,2,3685.147473,,,2025-04-01 08:42:05
6249,10007,626,1,REPAY,2,1754.814226,,1754.814226,2025-04-01 08:54:18
6250,10008,201,4,REPAY,5,18.314226,,18.314226,2025-04-01 09:32:49
6251,10009,462,1,REPAY,4,0.436952,,0.436952,2025-04-01 10:17:51
6252,10010,875,1,WITHDRAW,3,6893.155548,,,2025-04-01 10:23:23
6253,10011,364,3,REPAY,2,24.724993,,24.724993,2025-04-01 10:56:24
6254,10012,918,4,REPAY,4,0.546083,,0.546083,2025-04-01 11:08:49
6255,10013,784,3,BORROW,4,2850.770755,5672.853394141,2850.770755,2025-04-01 11:15:33
6256,10015,635,3,REPAY,1,350.773155,,350.773155,2025-04-01 11:49:08
6257,10016,265,1,REPAY,4,115.496596,,115.496596,2025-04-01 11:58:27
6258,10017,345,1,REPAY,5,753.923078,,753.923078,2025-04-01 12:04:15
6259,10019,405,4,REPAY,2,342.947114,,342.947114,2025-04-01 12:53:35
6260,10020,449,1,REPAY,5,0.043747,,0.043747,2025-04-01 13:11:48
6261,10021,181,2,REPAY,3,12.496683,,12.496683,2025-04-01 13:15:41
6262,10022,782,1,WITHDRAW,1,3454.974792,,,2025-04-01 13:45:56
6263,10023,309,3,REPAY,5,21.344062,,21.344062,2025-04-01 13:55:11
6264,10025,126,2,REPAY,5,176.127426,,176.127426,2025-04-01 14:13:07
6265,10026,800,4,BORROW,5,5672.466844,9838.3405905626,5672.466844,2025-04-01 14:17:33
6266,10027,108,3,REPAY,4,2807.485692,,2807.485692,2025-04-01 14:27:06
6267,10028,435,4,REPAY,2,0.139678,,0.139678,2025-04-01 14:58:13
6268,10029,174,2,WITHDRAW,1,8259.039964,,,2025-04-01 15:27:35
6269,10030,167,4,DEPOSIT,5,8202.551976,8202.551976,,2025-04-01 15:30:58
6270,10031,516,3,BORROW,5,2205.965685,4075.4812321787,2205.965685,2025-04-01 15:38:16
6271,10033,471,3,DEPOSIT,2,3028.757047,3028.757047,,2025-04-01 16:10:14
6272,10035,212,4,REPAY,1,1.003627,,1.003627,2025-04-01 16:43:25
6273,10036,219,3,LIQUIDATION,4,608.422581,512.5537149955,608.422581,2025-04-01 16:59:48
6274,10038,804,3,REPAY,2,3.817492,,3.817492,2025-04-01 17:31:41
6275,10040,992,4,DEPOSIT,3,7312.587734,7312.587734,,2025-04-01 17:55:37
6276,10041,835,3,REPAY,1,127.986625,,127.986625,2025-04-01 18:08:57
6277,10042,818,1,REPAY,1,1.332631,,1.332631,2025-04-01 18:15:10
6278,10044,944,3,REPAY,3,1.4e-05,,1.4e-05,2025-04-01 18:56:43
6279,10045,168,4,REPAY,3,0.199552,,0.199552,2025-04-01 19:35:05
6280,10047,7,2,REPAY,4,4334.154144,,4334.154144,2025-04-01 21:03:26
6281,10048,754,4,BORROW,5,8988.718715,16910.4479294756,8988.718715,2025-04-01 21:08:05
6282,10049,927,1,REPAY,4,1436.169433,,1436.169433,2025-04-01 21:18:49
6283,10051,161,1,LIQUIDATION,4,7021.107659,7005.1539926353,7021.107659,2025-04-01 21:44:20
6284,10052,775,1,DEPOSIT,3,8169.665268,8169.665268,,2025-04-01 22:03:34
6285,10053,994,3,REPAY,3,17.836044,,17.836044,2025-04-01 22:19:26
6286,10055,581,1,REPAY,4,1720.619992,,1720.619992,2025-04-01 22:48:13
6287,10056,249,1,REPAY,1,486.915826,,486.915826,2025-04-01 22:52:39
6288,10057,903,3,WITHDRAW,5,9986.259315,,,2025-04-01 23:04:13
6289,10058,749,2,BORROW,5,5792.151057,9908.5556399094,5792.151057,2025-04-01 23:07:13
6290,10060,588,2,DEPOSIT,4,942.892394,942.892394,,2025-04-01 23:18:56
6291,10061,538,3,REPAY,1,39.015154,,39.015154,2025-04-02 00:08:27
6292,10062,399,4,REPAY,3,254.816898,,254.816898,2025-04-02 00:16:22
6293,10063,440,3,REPAY,3,1.775182,,1.775182,2025-04-02 00:28:44
6294,10064,681,1,BORROW,3,3514.063855,7554.5367333048,3514.063855,2025-04-02 00:35:46
6295,10066,493,2,DEPOSIT,4,2004.570111,2004.570111,,2025-04-02 01:08:48
6296,10067,724,2,REPAY,2,0.007093,,0.007093,2025-04-02 02:04:55
6297,10068,548,2,BORROW,3,8782.508226,16750.948165309,8782.508226,2025-04-02 02:37:15
6298,10069,241,4,LIQUIDATION,1,7259.370684,6944.1164776113,7259.370684,2025-04-02 02:46:53
6299,10070,153,2,REPAY,1,718.052969,,718.052969,2025-04-02 02:49:08
6300,10071,228,3,DEPOSIT,5,450.518466,450.518466,,2025-04-02 02:54:10
6301,10073,514,4,BORROW,2,8050.622363,19167.1672096181,8050.622363,2025-04-02 03:58:04
6302,10074,600,4,REPAY,4,14.392556,,14.392556,2025-04-02 03:59:02
6303,10075,581,2,REPAY,2,1754.142492,,1754.142492,2025-04-02 04:08:21
6304,10076,546,3,REPAY,2,78.765178,,78.765178,2025-04-02 04:22:28
6305,10078,398,3,DEPOSIT,4,4845.332196,4845.332196,,2025-04-02 04:57:36
6306,10079,210,2,WITHDRAW,2,569.427571,,,2025-04-02 05:15:44
6307,10081,288,3,DEPOSIT,3,8066.465525,8066.465525,,2025-04-02 05:30:44
6308,10083,674,3,REPAY,5,0.24509,,0.24509,2025-04-02 05:45:39
6309,10084,216,3,LIQUIDATION,3,1382.368735,1133.0921336527,1382.368735,2025-04-02 05:51:42
6310,10085,205,1,BORROW,3,8766.516343,17391.1900726197,8766.516343,2025-04-02 06:12:27
6311,10086,194,1,REPAY,4,1236.720743,,1236.720743,2025-04-02 06:53:47
6312,10087,386,3,WITHDRAW,4,1353.299922,,,2025-04-02 07:02:34
6313,10089,513,1,BORROW,2,4370.914499,9366.9891099147,4370.914499,2025-04-02 07:13:06
6314,10090,683,2,WITHDRAW,3,4083.398721,,,2025-04-02 07:20:01
6315,10091,253,1,REPAY,4,3300.628307,,3300.628307,2025-04-02 07:30:44
6316,10092,30,1,WITHDRAW,1,7924.524454,,,2025-04-02 08:39:30
6317,10093,291,4,BORROW,1,8219.229268,16061.1177678526,8219.229268,2025-04-02 08:41:59
6318,10094,577,3,REPAY,4,53.813402,,53.813402,2025-04-02 08:43:06
6319,10095,281,2,BORROW,5,4682.034226,10521.7235559378,4682.034226,2025-04-02 08:51:33
6320,10097,304,4,WITHDRAW,2,7359.474926,,,2025-04-02 09:05:37
6321,10098,790,1,BORROW,3,641.12651,1349.6330846777,641.12651,2025-04-02 09:24:00
6322,10100,113,2,REPAY,3,1753.640271,,1753.640271,2025-04-02 09:33:04
6323,10101,28,4,REPAY,5,1705.947545,,1705.947545,2025-04-02 09:36:53
6324,10102,525,2,WITHDRAW,3,9706.017573,,,2025-04-02 09:41:01
6325,10103,116,4,WITHDRAW,2,9275.807897,,,2025-04-02 09:47:12
6326,10104,679,2,BORROW,5,8472.862532,11292.5372200196,8472.862532,2025-04-02 09:59:52
6327,10106,14,3,BORROW,2,9718.798869,18755.426863209,9718.798869,2025-04-02 10:05:24
6328,10109,707,1,DEPOSIT,4,672.623957,672.623957,,2025-04-02 10:13:04
6329,10110,260,1,REPAY,3,164.639851,,164.639851,2025-04-02 10:42:14
6330,10111,971,1,BORROW,3,1046.299619,2199.1316263718,1046.299619,2025-04-02 10:45:36
6331,10112,576,1,REPAY,2,0.605871,,0.605871,2025-04-02 10:55:11
6332,10113,451,3,BORROW,4,2444.798591,3890.8327210378,2444.798591,2025-04-02 10:58:25
6333,10114,153,1,REPAY,4,572.541351,,572.541351,2025-04-02 11:05:14
6334,10115,645,4,REPAY,2,581.328118,,581.328118,2025-04-02 11:26:40
6335,10117,223,4,BORROW,3,5116.88,7477.2910346205,5116.88,2025-04-02 11:54:21
6336,10118,289,2,REPAY,2,43.463954,,43.463954,2025-04-02 12:02:33
6337,10120,159,1,REPAY,5,0.011989,,0.011989,2025-04-02 12:42:13
6338,10121,737,2,BORROW,2,7571.919372,9705.0647759659,7571.919372,2025-04-02 12:53:05
6339,10122,315,3,DEPOSIT,4,676.159576,676.159576,,2025-04-02 12:56:45
6340,10123,100,4,REPAY,5,129.250809,,129.250809,2025-04-02 13:17:56
6341,10126,907,1,REPAY,1,7608.426861,,7608.426861,2025-04-02 14:12:30
6342,10127,200,4,DEPOSIT,3,3581.820104,3581.820104,,2025-04-02 14:13:49
6343,10129,457,3,BORROW,2,938.86928,1597.5130696639,938.86928,2025-04-02 14:34:56
6344,10130,880,4,REPAY,2,25.606188,,25.606188,2025-04-02 14:56:16
6345,10133,403,2,REPAY,1,0.006318,,0.006318,2025-04-02 15:35:38
6346,10134,619,2,REPAY,4,2.946868,,2.946868,2025-04-02 15:41:52
6347,10135,904,1,REPAY,5,0.080664,,0.080664,2025-04-02 15:57:01
6348,10138,734,3,BORROW,1,2080.508555,3271.1863212177,2080.508555,2025-04-02 16:11:32
6349,10139,159,1,DEPOSIT,4,4897.056157,4897.056157,,2025-04-02 16:27:59
6350,10141,330,1,REPAY,4,0.498167,,0.498167,2025-04-02 17:06:18
6351,10143,638,1,DEPOSIT,2,7228.915965,7228.915965,,2025-04-02 17:12:48
6352,10144,689,4,DEPOSIT,1,8336.780499,8336.780499,,2025-04-02 17:33:42
6353,10145,495,2,REPAY,5,18.765679,,18.765679,2025-04-02 17:47:02
6354,10149,193,1,BORROW,1,575.356423,1006.4106487566,575.356423,2025-04-02 19:57:34
6355,10151,594,2,REPAY,2,204.48117,,204.48117,2025-04-02 20:33:25
6356,10152,638,4,WITHDRAW,4,2850.815078,,,2025-04-02 20:57:45
6357,10154,970,4,WITHDRAW,1,6144.973705,,,2025-04-02 21:10:05
6358,10156,610,2,DEPOSIT,1,9167.321872,9167.321872,,2025-04-02 21:25:11
6359,10159,600,2,REPAY,5,5.528055,,5.528055,2025-04-02 21:59:48
6360,10161,178,2,REPAY,4,0.000871,,0.000871,2025-04-02 22:14:55
6361,10162,82,1,REPAY,3,386.996589,,386.996589,2025-04-02 22:18:16
6362,10164,88,2,REPAY,2,2022.350549,,2022.350549,2025-04-02 22:37:07
6363,10165,390,4,WITHDRAW,2,9053.007088,,,2025-04-02 22:44:17
6364,10166,566,1,WITHDRAW,1,3184.792824,,,2025-04-02 22:45:27
6365,10169,727,3,REPAY,4,627.470201,,627.470201,2025-04-02 23:00:20
6366,10170,538,1,REPAY,3,0.551339,,0.551339,2025-04-02 23:01:35
6367,10171,427,4,BORROW,3,6737.108156,15904.9127137728,6737.108156,2025-04-02 23:25:52
6368,10173,157,3,REPAY,1,466.329554,,466.329554,2025-04-02 23:47:58
6369,10176,631,3,DEPOSIT,1,9029.19028,9029.19028,,2025-04-02 23:57:08
6370,10177,896,4,REPAY,3,333.083797,,333.083797,2025-04-03 00:12:30
6371,10178,867,4,WITHDRAW,2,6925.061482,,,2025-04-03 00:17:12
6372,10179,321,3,BORROW,5,1978.676797,2516.2478145071,1978.676797,2025-04-03 00:23:46
6373,10180,208,4,BORROW,2,3441.298051,6620.2087480684,3441.298051,2025-04-03 00:25:15
6374,10182,52,1,REPAY,5,2483.092708,,2483.092708,2025-04-03 00:33:25
6375,10183,143,2,REPAY,4,550.342305,,550.342305,2025-04-03 00:35:01
6376,10184,145,4,REPAY,3,218.88516,,218.88516,2025-04-03 00:39:24
6377,10185,4,4,REPAY,2,118.136579,,118.136579,2025-04-03 00:56:33
6378,10186,623,2,LIQUIDATION,1,1927.65823,2269.644152903,1927.65823,2025-04-03 00:56:57
6379,10187,440,2,REPAY,5,0.289417,,0.289417,2025-04-03 01:27:11
6380,10188,921,4,REPAY,2,244.19967,,244.19967,2025-04-03 01:55:30
6381,10189,795,2,BORROW,5,7686.247747,12031.6714283496,7686.247747,2025-04-03 02:50:49
6382,10191,721,2,REPAY,5,2237.703596,,2237.703596,2025-04-03 02:55:26
6383,10193,938,4,REPAY,1,208.852612,,208.852612,2025-04-03 03:13:39
6384,10194,821,4,REPAY,4,949.688787,,949.688787,2025-04-03 03:19:56
6385,10198,204,1,REPAY,4,258.573377,,258.573377,2025-04-03 03:47:58
6386,10199,199,2,WITHDRAW,5,8291.020541,,,2025-04-03 03:51:26
6387,10200,562,1,LIQUIDATION,2,2119.784836,1900.3890022503,2119.784836,2025-04-03 04:20:04
6388,10201,888,1,DEPOSIT,4,3509.111101,3509.111101,,2025-04-03 04:37:27
6389,10202,22,4,REPAY,3,28.783951,,28.783951,2025-04-03 04:38:07
6390,10203,235,3,REPAY,2,0.008559,,0.008559,2025-04-03 04:50:31
6391,10204,975,2,WITHDRAW,1,789.675689,,,2025-04-03 04:58:50
6392,10205,48,4,REPAY,1,3.040039,,3.040039,2025-04-03 04:59:41
6393,10206,71,2,REPAY,5,88.532902,,88.532902,2025-04-03 05:03:40
6394,10207,277,4,REPAY,2,26.905009,,26.905009,2025-04-03 05:09:35
6395,10209,574,4,BORROW,3,2371.500539,3491.5647374954,2371.500539,2025-04-03 06:38:17
6396,10210,334,2,LIQUIDATION,3,13995.510635,14618.2095040737,13995.510635,2025-04-03 06:40:38
6397,10211,492,2,BORROW,3,9905.595739,14529.7271812367,9905.595739,2025-04-03 06:41:38
6398,10212,840,4,REPAY,3,635.972923,,635.972923,2025-04-03 06:43:15
6399,10217,193,2,REPAY,4,469.75436,,469.75436,2025-04-03 07:49:22
6400,10218,722,1,DEPOSIT,4,7225.074686,7225.074686,,2025-04-03 07:58:17
6401,10219,238,4,DEPOSIT,4,8347.522754,8347.522754,,2025-04-03 07:59:16
6402,10220,695,2,REPAY,2,776.487626,,776.487626,2025-04-03 07:59:31
6403,10221,907,4,LIQUIDATION,3,1696.584335,1426.9003320494,1696.584335,2025-04-03 08:28:12
6404,10222,784,4,REPAY,4,1008.929471,,1008.929471,2025-04-03 08:48:52
6405,10223,424,4,REPAY,1,0.05793,,0.05793,2025-04-03 08:52:23
6406,10224,551,3,BORROW,2,8601.088539,19233.4353235777,8601.088539,2025-04-03 08:55:15
6407,10225,412,2,WITHDRAW,1,4355.572146,,,2025-04-03 08:58:42
6408,10226,129,1,REPAY,1,854.916548,,854.916548,2025-04-03 09:02:22
6409,10227,360,3,REPAY,2,82.64322,,82.64322,2025-04-03 09:05:12
6410,10229,582,3,WITHDRAW,4,5141.121809,,,2025-04-03 09:30:40
6411,10231,375,3,WITHDRAW,5,4586.596531,,,2025-04-03 09:38:36
6412,10232,292,3,REPAY,1,31.655603,,31.655603,2025-04-03 09:42:40
6413,10234,275,1,REPAY,5,4.008661,,4.008661,2025-04-03 10:20:40
6414,10235,59,1,REPAY,4,0.003009,,0.003009,2025-04-03 10:22:44
6415,10236,521,2,WITHDRAW,2,8859.766573,,,2025-04-03 10:29:15
6416,10237,948,4,REPAY,1,2.27769,,2.27769,2025-04-03 10:30:37
6417,10238,420,3,WITHDRAW,4,2401.754162,,,2025-04-03 10:53:20
6418,10241,453,4,LIQUIDATION,2,7713.599757,6336.5109423812,7713.599757,2025-04-03 11:04:41
6419,10242,642,4,REPAY,5,1.564551,,1.564551,2025-04-03 11:20:36
6420,10243,137,2,WITHDRAW,3,3251.259505,,,2025-04-03 11:24:06
6421,10244,600,3,REPAY,5,3.275337,,3.275337,2025-04-03 11:26:28
6422,10246,271,2,REPAY,3,45.236054,,45.236054,2025-04-03 11:30:00
6423,10247,378,2,REPAY,5,143.640221,,143.640221,2025-04-03 11:32:35
6424,10248,584,1,BORROW,4,4307.427989,10600.0519900023,4307.427989,2025-04-03 11:33:41
6425,10249,297,3,REPAY,1,4505.592909,,4505.592909,2025-04-03 11:43:46
6426,10250,666,2,REPAY,3,4444.91074,,4444.91074,2025-04-03 12:14:43
6427,10252,341,2,REPAY,2,118.370593,,118.370593,2025-04-03 12:47:09
6428,10253,701,4,REPAY,2,1606.100614,,1606.100614,2025-04-03 12:50:04
6429,10254,60,2,WITHDRAW,3,4467.878789,,,2025-04-03 12:51:52
6430,10257,204,2,REPAY,1,43.785573,,43.785573,2025-04-03 13:14:24
6431,10258,257,2,BORROW,3,9888.642715,20804.0771742839,9888.642715,2025-04-03 13:51:17
6432,10259,441,1,WITHDRAW,3,432.990911,,,2025-04-03 14:04:42
6433,10260,908,4,BORROW,2,5848.678322,8216.841668011,5848.678322,2025-04-03 14:04:49
6434,10261,810,3,DEPOSIT,3,3812.368573,3812.368573,,2025-04-03 14:10:22
6435,10262,544,1,WITHDRAW,3,6327.271183,,,2025-04-03 14:20:14
6436,10263,919,2,WITHDRAW,3,6485.010283,,,2025-04-03 14:45:44
6437,10265,365,4,REPAY,3,31.259052,,31.259052,2025-04-03 15:17:37
6438,10266,368,1,DEPOSIT,2,4083.680024,4083.680024,,2025-04-03 15:28:31
6439,10268,541,1,BORROW,3,2348.080863,3640.4584353659,2348.080863,2025-04-03 15:38:21
6440,10269,205,2,REPAY,2,7111.189943,,7111.189943,2025-04-03 16:17:48
6441,10270,416,2,REPAY,4,445.730615,,445.730615,2025-04-03 16:35:04
6442,10271,759,4,LIQUIDATION,2,6029.094156,6231.8232307165,6029.094156,2025-04-03 16:50:47
6443,10272,522,4,WITHDRAW,4,7543.985333,,,2025-04-03 16:55:15
6444,10273,830,2,DEPOSIT,5,6538.320087,6538.320087,,2025-04-03 17:04:16
6445,10274,156,2,WITHDRAW,2,3302.953432,,,2025-04-03 17:05:50
6446,10275,302,2,DEPOSIT,5,3715.501657,3715.501657,,2025-04-03 17:44:34
6447,10276,728,4,REPAY,4,683.356979,,683.356979,2025-04-03 17:49:49
6448,10277,431,3,REPAY,1,0.00552,,0.00552,2025-04-03 18:14:40
6449,10278,576,1,REPAY,5,0.700171,,0.700171,2025-04-03 18:21:44
6450,10279,748,1,REPAY,5,93.345223,,93.345223,2025-04-03 18:39:43
6451,10280,232,1,REPAY,1,197.091506,,197.091506,2025-04-03 19:09:43
6452,10281,986,1,REPAY,2,6810.189971,,6810.189971,2025-04-03 19:18:01
6453,10282,773,3,REPAY,4,0.106718,,0.106718,2025-04-03 19:32:36
6454,10283,903,1,REPAY,2,2.864549,,2.864549,2025-04-03 19:35:24
6455,10284,656,2,REPAY,1,4006.444011,,4006.444011,2025-04-03 20:17:28
6456,10286,112,1,REPAY,1,25.825035,,25.825035,2025-04-03 20:46:59
6457,10287,926,3,REPAY,1,0.050561,,0.050561,2025-04-03 20:48:42
6458,10288,657,4,DEPOSIT,3,8835.520289,8835.520289,,2025-04-03 20:57:32
6459,10289,990,1,REPAY,4,15.060012,,15.060012,2025-04-03 21:02:06
6460,10290,406,4,REPAY,4,21.189921,,21.189921,2025-04-03 21:07:59
6461,10291,896,2,REPAY,3,322.828641,,322.828641,2025-04-03 21:20:40
6462,10292,884,2,REPAY,4,51.07134,,51.07134,2025-04-03 21:22:13
6463,10294,303,4,REPAY,2,10.607847,,10.607847,2025-04-03 21:56:28
6464,10295,901,2,DEPOSIT,2,1952.170481,1952.170481,,2025-04-03 22:40:49
6465,10296,521,1,WITHDRAW,1,8235.640871,,,2025-04-03 22:44:27
6466,10297,211,1,WITHDRAW,4,6283.817541,,,2025-04-03 22:54:36
6467,10298,214,2,BORROW,4,6405.828852,14539.476138222,6405.828852,2025-04-03 23:03:58
6468,10299,232,3,REPAY,3,294.217421,,294.217421,2025-04-03 23:14:12
6469,10300,58,2,DEPOSIT,4,9819.364967,9819.364967,,2025-04-03 23:26:16
6471,10302,383,4,DEPOSIT,3,7643.060249,7643.060249,,2025-04-03 23:55:58
6472,10303,695,3,REPAY,5,986.561943,,986.561943,2025-04-04 00:12:51
6473,10304,949,1,REPAY,5,1378.425465,,1378.425465,2025-04-04 00:20:02
6474,10306,743,2,WITHDRAW,2,4429.364668,,,2025-04-04 00:24:01
6475,10307,984,3,REPAY,3,628.381662,,628.381662,2025-04-04 00:26:45
6476,10308,807,3,REPAY,5,0.062192,,0.062192,2025-04-04 00:40:16
6477,10309,56,2,WITHDRAW,4,9295.434506,,,2025-04-04 00:48:22
6478,10310,768,1,REPAY,4,77.260149,,77.260149,2025-04-04 01:12:42
6479,10311,826,3,REPAY,5,1055.544199,,1055.544199,2025-04-04 01:23:44
6480,10312,439,3,REPAY,2,0.482116,,0.482116,2025-04-04 01:33:25
6481,10313,636,3,REPAY,2,3316.0709,,3316.0709,2025-04-04 01:40:35
6482,10314,181,1,REPAY,2,14.629621,,14.629621,2025-04-04 02:08:20
6483,10315,761,4,REPAY,5,8.822065,,8.822065,2025-04-04 02:34:54
6484,10316,924,3,DEPOSIT,4,6052.072257,6052.072257,,2025-04-04 02:37:27
6485,10317,759,4,BORROW,5,4989.774525,10425.1700880372,4989.774525,2025-04-04 02:43:00
6486,10318,417,4,REPAY,5,192.978577,,192.978577,2025-04-04 03:21:31
6487,10320,206,2,REPAY,1,1.066694,,1.066694,2025-04-04 03:29:29
6488,10321,811,1,REPAY,1,0.040029,,0.040029,2025-04-04 03:57:02
6489,10323,281,1,DEPOSIT,5,3802.098064,3802.098064,,2025-04-04 04:17:12
6490,10324,793,1,REPAY,3,1589.122287,,1589.122287,2025-04-04 04:44:51
6491,10325,611,3,WITHDRAW,5,6028.328321,,,2025-04-04 04:48:20
6492,10326,171,4,REPAY,3,4521.130397,,4521.130397,2025-04-04 05:51:41
6493,10327,647,1,REPAY,2,23.299044,,23.299044,2025-04-04 05:55:51
6494,10329,406,4,REPAY,1,0.612405,,0.612405,2025-04-04 06:41:09
6495,10330,28,2,REPAY,4,385.224391,,385.224391,2025-04-04 06:56:07
6496,10334,594,4,REPAY,3,3.584049,,3.584049,2025-04-04 07:13:35
6497,10338,834,3,REPAY,1,53.169348,,53.169348,2025-04-04 08:34:49
6498,10340,220,2,REPAY,5,886.700961,,886.700961,2025-04-04 08:53:49
6499,10341,25,4,REPAY,1,229.986032,,229.986032,2025-04-04 09:15:40
6500,10342,528,4,DEPOSIT,4,3612.612918,3612.612918,,2025-04-04 09:18:22
6501,10343,466,2,DEPOSIT,4,7811.463523,7811.463523,,2025-04-04 09:25:53
6502,10344,260,1,REPAY,3,29.497879,,29.497879,2025-04-04 10:10:07
6503,10345,634,3,LIQUIDATION,5,4943.049958,4009.024842132,4943.049958,2025-04-04 10:25:04
6504,10346,548,3,REPAY,1,7480.546984,,7480.546984,2025-04-04 10:26:40
6505,10347,957,1,DEPOSIT,2,4606.555361,4606.555361,,2025-04-04 10:41:32
6506,10349,572,4,REPAY,4,507.45887,,507.45887,2025-04-04 11:29:00
6507,10351,63,3,REPAY,2,612.264517,,612.264517,2025-04-04 11:55:54
6508,10352,158,1,REPAY,3,18.78617,,18.78617,2025-04-04 12:01:48
6509,10353,785,4,BORROW,1,6752.336743,9556.7073775319,6752.336743,2025-04-04 12:06:21
6510,10354,163,3,REPAY,5,0.04384,,0.04384,2025-04-04 12:18:05
6511,10355,820,2,REPAY,1,0.352952,,0.352952,2025-04-04 12:32:10
6512,10356,265,4,REPAY,2,13.380434,,13.380434,2025-04-04 12:39:34
6513,10357,813,3,REPAY,4,279.430073,,279.430073,2025-04-04 12:44:14
6514,10359,223,1,REPAY,5,1880.264454,,1880.264454,2025-04-04 13:57:18
6515,10360,977,4,REPAY,1,1061.934254,,1061.934254,2025-04-04 14:08:37
6516,10361,775,1,REPAY,4,2149.944358,,2149.944358,2025-04-04 14:17:10
6517,10362,781,4,REPAY,5,4073.743544,,4073.743544,2025-04-04 14:31:38
6518,10363,546,2,REPAY,1,39.646298,,39.646298,2025-04-04 14:35:31
6519,10365,415,3,REPAY,1,1257.962997,,1257.962997,2025-04-04 14:51:29
6520,10367,958,2,REPAY,2,0.036593,,0.036593,2025-04-04 15:04:05
6521,10368,48,4,REPAY,4,3.290748,,3.290748,2025-04-04 15:05:26
6522,10370,492,3,BORROW,4,7993.95977,14752.8380657469,7993.95977,2025-04-04 15:24:20
6523,10371,515,1,BORROW,2,417.095249,909.9049415446,417.095249,2025-04-04 15:38:38
6524,10372,196,4,REPAY,4,2022.101828,,2022.101828,2025-04-04 16:01:43
6525,10373,843,3,REPAY,4,56.668328,,56.668328,2025-04-04 16:20:28
6526,10374,988,2,REPAY,3,2403.54495,,2403.54495,2025-04-04 16:27:45
6527,10375,805,3,REPAY,5,3631.119573,,3631.119573,2025-04-04 16:46:03
6528,10376,813,4,REPAY,5,159.992149,,159.992149,2025-04-04 16:52:52
6529,10377,350,3,DEPOSIT,1,9198.465253,9198.465253,,2025-04-04 17:02:13
6530,10378,517,2,DEPOSIT,3,9197.713533,9197.713533,,2025-04-04 17:22:24
6531,10380,110,4,BORROW,1,3111.954069,6328.8744268979,3111.954069,2025-04-04 17:34:28
6532,10381,57,1,DEPOSIT,1,7786.641298,7786.641298,,2025-04-04 17:42:59
6533,10382,298,3,BORROW,2,800.041089,1817.6546551926,800.041089,2025-04-04 17:52:34
6534,10383,789,1,BORROW,3,6488.412438,13049.592764311,6488.412438,2025-04-04 18:06:25
6535,10384,820,1,BORROW,1,3951.057395,5137.488940552,3951.057395,2025-04-04 18:25:45
6536,10385,751,2,REPAY,2,672.722348,,672.722348,2025-04-04 18:35:53
6537,10387,105,3,REPAY,3,6.42615,,6.42615,2025-04-04 18:41:09
6538,10389,22,2,REPAY,2,22.09032,,22.09032,2025-04-04 19:03:57
6539,10390,452,3,REPAY,4,28.548106,,28.548106,2025-04-04 19:18:51
6540,10391,846,2,BORROW,1,7079.476044,12630.3075317496,7079.476044,2025-04-04 19:31:27
6541,10392,678,1,REPAY,2,2.739752,,2.739752,2025-04-04 19:53:40
6542,10393,582,4,DEPOSIT,5,7936.991798,7936.991798,,2025-04-04 20:11:33
6543,10394,108,3,BORROW,3,650.837712,1615.894999297,650.837712,2025-04-04 20:13:00
6544,10395,4,1,REPAY,3,130.147513,,130.147513,2025-04-04 20:14:47
6545,10397,280,2,REPAY,3,6.530217,,6.530217,2025-04-04 20:34:19
6546,10399,457,3,REPAY,4,6540.938046,,6540.938046,2025-04-04 21:17:21
6547,10400,559,4,REPAY,3,2583.15524,,2583.15524,2025-04-04 21:52:43
6548,10402,672,4,REPAY,4,14.417394,,14.417394,2025-04-04 22:17:46
6549,10403,333,1,REPAY,5,148.353871,,148.353871,2025-04-04 22:23:09
6550,10404,371,1,REPAY,1,0.1312,,0.1312,2025-04-04 22:24:48
6551,10405,417,4,REPAY,5,108.325241,,108.325241,2025-04-04 22:29:08
6552,10406,526,2,REPAY,5,281.546177,,281.546177,2025-04-04 22:42:14
6553,10410,29,3,BORROW,5,3682.702985,8076.0942958639,3682.702985,2025-04-05 00:19:24
6554,10413,236,1,REPAY,3,0.767783,,0.767783,2025-04-05 00:29:44
6555,10414,79,1,REPAY,4,570.921261,,570.921261,2025-04-05 00:40:53
6556,10415,51,4,REPAY,2,5.346944,,5.346944,2025-04-05 00:41:22
6557,10416,196,3,REPAY,2,303.463362,,303.463362,2025-04-05 00:44:11
6558,10417,944,3,WITHDRAW,5,4607.67362,,,2025-04-05 00:46:25
6559,10418,819,1,REPAY,2,14.537163,,14.537163,2025-04-05 00:47:28
6560,10420,968,1,REPAY,5,8.770265,,8.770265,2025-04-05 01:30:12
6561,10421,903,4,REPAY,4,0.294639,,0.294639,2025-04-05 01:44:55
6562,10422,179,3,WITHDRAW,1,5494.37151,,,2025-04-05 01:58:01
6563,10424,558,3,REPAY,5,2237.814633,,2237.814633,2025-04-05 02:06:07
6564,10425,958,3,REPAY,2,0.000538,,0.000538,2025-04-05 02:26:28
6565,10426,109,1,REPAY,1,210.330401,,210.330401,2025-04-05 02:41:21
6566,10427,109,1,REPAY,2,6.244215,,6.244215,2025-04-05 02:46:12
6567,10428,475,3,LIQUIDATION,1,4091.249731,4784.5931861163,4091.249731,2025-04-05 03:08:30
6568,10429,540,1,DEPOSIT,4,3805.998596,3805.998596,,2025-04-05 03:08:46
6569,10430,402,4,WITHDRAW,4,9045.251685,,,2025-04-05 03:09:57
6570,10431,647,4,REPAY,4,15.207261,,15.207261,2025-04-05 03:47:35
6571,10432,514,1,LIQUIDATION,3,15352.031216,14094.4405534444,15352.031216,2025-04-05 03:47:51
6572,10434,107,3,REPAY,5,2903.12877,,2903.12877,2025-04-05 04:03:17
6573,10435,765,4,REPAY,5,0.000306,,0.000306,2025-04-05 04:28:55
6574,10436,268,1,REPAY,2,2.9e-05,,2.9e-05,2025-04-05 04:32:35
6575,10437,444,1,REPAY,1,126.267109,,126.267109,2025-04-05 04:32:59
6576,10438,465,2,REPAY,3,4044.171528,,4044.171528,2025-04-05 05:10:10
6577,10440,290,3,BORROW,1,6680.626983,10676.8677522801,6680.626983,2025-04-05 05:24:33
6578,10441,906,4,WITHDRAW,1,664.187617,,,2025-04-05 05:40:18
6579,10443,415,2,BORROW,4,770.294505,1081.1568548566,770.294505,2025-04-05 05:59:22
6580,10444,32,4,REPAY,1,114.84202,,114.84202,2025-04-05 06:02:44
6581,10445,453,2,DEPOSIT,3,3242.056456,3242.056456,,2025-04-05 06:19:02
6582,10446,812,2,WITHDRAW,2,3126.198827,,,2025-04-05 06:37:08
6583,10450,910,3,BORROW,5,5495.336503,6962.9589743066,5495.336503,2025-04-05 08:16:38
6584,10451,84,2,REPAY,4,0.029439,,0.029439,2025-04-05 08:34:37
6585,10452,261,4,REPAY,3,0.091594,,0.091594,2025-04-05 08:34:48
6586,10454,98,4,DEPOSIT,3,1115.29195,1115.29195,,2025-04-05 09:23:40
6587,10455,425,3,DEPOSIT,1,2301.977554,2301.977554,,2025-04-05 09:34:25
6588,10456,213,2,BORROW,5,5933.385301,14353.2048310529,5933.385301,2025-04-05 09:36:56
6589,10457,297,2,LIQUIDATION,3,4010.284413,4651.3911423707,4010.284413,2025-04-05 09:53:31
6590,10458,661,4,REPAY,3,0.5627,,0.5627,2025-04-05 09:58:53
6591,10460,119,3,REPAY,4,304.159212,,304.159212,2025-04-05 10:35:25
6592,10461,696,4,WITHDRAW,2,2280.317494,,,2025-04-05 10:37:35
6593,10464,533,4,REPAY,3,50.059877,,50.059877,2025-04-05 11:16:15
6594,10467,887,1,REPAY,1,0.020478,,0.020478,2025-04-05 11:48:52
6595,10468,245,2,REPAY,1,69.982639,,69.982639,2025-04-05 11:51:41
6596,10469,678,4,REPAY,4,0.113244,,0.113244,2025-04-05 11:53:12
6597,10470,313,2,LIQUIDATION,3,9951.969704,11584.6088906808,9951.969704,2025-04-05 12:02:51
6598,10472,8,3,REPAY,3,1625.512765,,1625.512765,2025-04-05 12:17:28
6599,10473,616,3,DEPOSIT,4,8037.093342,8037.093342,,2025-04-05 12:40:27
6600,10474,760,2,BORROW,2,8952.224573,19099.0869999187,8952.224573,2025-04-05 12:46:04
6601,10475,862,2,REPAY,5,2304.315691,,2304.315691,2025-04-05 12:56:21
6602,10476,277,2,REPAY,5,126.317444,,126.317444,2025-04-05 13:25:58
6603,10477,961,1,REPAY,1,561.15263,,561.15263,2025-04-05 13:27:04
6604,10478,106,3,REPAY,1,5.230305,,5.230305,2025-04-05 13:46:37
6605,10479,14,3,LIQUIDATION,1,9718.798869,8402.4662286226,9718.798869,2025-04-05 14:28:18
6606,10480,685,1,WITHDRAW,2,2209.793352,,,2025-04-05 14:29:08
6607,10483,303,4,REPAY,2,8.631084,,8.631084,2025-04-05 15:00:06
6608,10484,569,4,REPAY,2,505.485133,,505.485133,2025-04-05 15:14:22
6609,10485,153,3,REPAY,3,100.924243,,100.924243,2025-04-05 15:30:19
6610,10487,963,1,REPAY,5,44.78364,,44.78364,2025-04-05 15:53:07
6611,10489,364,1,REPAY,1,4.307261,,4.307261,2025-04-05 15:56:10
6612,10491,378,4,WITHDRAW,2,6962.341337,,,2025-04-05 16:17:22
6613,10494,256,1,REPAY,3,3368.196862,,3368.196862,2025-04-05 16:35:35
6614,10499,206,4,REPAY,4,3.633922,,3.633922,2025-04-05 17:36:05
6615,10502,72,4,REPAY,1,1253.369074,,1253.369074,2025-04-05 18:49:01
6616,10503,42,1,REPAY,3,56.697808,,56.697808,2025-04-05 19:27:06
6617,10504,233,2,BORROW,3,9810.052142,12591.6889157411,9810.052142,2025-04-05 19:29:11
6618,10505,421,1,BORROW,2,5574.858549,8888.6724924595,5574.858549,2025-04-05 19:31:58
6619,10506,670,1,REPAY,5,1323.831723,,1323.831723,2025-04-05 19:40:37
6620,10507,982,4,REPAY,3,5565.348637,,5565.348637,2025-04-05 19:41:11
6621,10508,555,4,BORROW,2,7581.623374,17278.6527784677,7581.623374,2025-04-05 19:43:08
6622,10509,809,4,LIQUIDATION,4,5892.752267,5779.3384892046,5892.752267,2025-04-05 19:54:58
6623,10511,929,1,REPAY,2,185.577259,,185.577259,2025-04-05 19:57:09
6624,10514,359,3,REPAY,1,2226.409571,,2226.409571,2025-04-05 21:08:21
6625,10515,407,2,REPAY,3,377.11403,,377.11403,2025-04-05 21:08:34
6626,10516,983,2,REPAY,4,52.493301,,52.493301,2025-04-05 21:09:42
6627,10517,857,1,REPAY,3,1247.39097,,1247.39097,2025-04-05 21:30:17
6628,10518,542,1,WITHDRAW,5,5656.939018,,,2025-04-05 21:37:56
6629,10519,841,1,WITHDRAW,3,3446.422645,,,2025-04-05 21:54:40
6630,10520,164,4,WITHDRAW,2,9705.163808,,,2025-04-05 21:56:36
6631,10521,914,4,BORROW,3,553.146884,1000.5954916501,553.146884,2025-04-05 22:06:12
6632,10522,710,3,REPAY,3,1524.846595,,1524.846595,2025-04-05 22:24:52
6633,10523,844,4,REPAY,4,445.539335,,445.539335,2025-04-05 22:47:47
6634,10524,722,2,REPAY,4,22.413557,,22.413557,2025-04-05 22:51:41
6635,10525,878,1,REPAY,5,59.660888,,59.660888,2025-04-05 22:55:10
6636,10526,831,1,REPAY,2,0.023869,,0.023869,2025-04-05 23:13:16
6637,10528,271,2,REPAY,1,12.878399,,12.878399,2025-04-05 23:24:37
6638,10530,184,3,BORROW,2,5133.617339,9986.0146653071,5133.617339,2025-04-05 23:53:58
6639,10532,959,2,REPAY,1,57.375837,,57.375837,2025-04-05 23:59:20
6640,10534,120,2,DEPOSIT,4,2436.533314,2436.533314,,2025-04-06 01:02:34
6641,10535,210,1,WITHDRAW,3,4861.764348,,,2025-04-06 01:09:38
6642,10536,145,3,LIQUIDATION,4,139.815158,158.3133583586,139.815158,2025-04-06 01:25:36
6643,10537,263,2,REPAY,4,640.899715,,640.899715,2025-04-06 01:28:24
6644,10538,944,4,REPAY,1,1e-06,,1e-06,2025-04-06 01:35:40
6645,10543,169,2,WITHDRAW,1,5513.051793,,,2025-04-06 02:41:12
6646,10544,41,3,REPAY,5,0.725457,,0.725457,2025-04-06 02:51:03
6647,10545,720,4,DEPOSIT,3,1870.18969,1870.18969,,2025-04-06 03:01:57
6648,10547,18,1,LIQUIDATION,4,2485.717497,2934.9919941897,2485.717497,2025-04-06 03:15:09
6649,10549,872,3,BORROW,1,1149.912773,2669.6792998926,1149.912773,2025-04-06 03:59:39
6650,10550,19,3,WITHDRAW,4,449.426469,,,2025-04-06 04:00:04
6651,10551,246,3,WITHDRAW,5,1052.028934,,,2025-04-06 04:02:57
6652,10552,754,1,LIQUIDATION,2,9097.198805,8423.1434358673,9097.198805,2025-04-06 04:23:53
6653,10553,140,1,REPAY,5,6.424375,,6.424375,2025-04-06 04:35:59
6654,10554,724,2,REPAY,4,0.004785,,0.004785,2025-04-06 04:43:56
6655,10555,615,4,REPAY,4,0.086092,,0.086092,2025-04-06 04:57:57
6656,10556,781,2,BORROW,1,3195.352336,4271.1469860697,3195.352336,2025-04-06 05:14:11
6657,10558,878,4,DEPOSIT,5,9104.831128,9104.831128,,2025-04-06 05:37:45
6658,10560,188,3,WITHDRAW,2,8546.953037,,,2025-04-06 05:58:52
6659,10561,73,3,REPAY,2,0.035293,,0.035293,2025-04-06 06:07:59
6660,10562,677,2,REPAY,1,1688.686096,,1688.686096,2025-04-06 06:08:45
6661,10563,65,4,REPAY,2,5.641415,,5.641415,2025-04-06 06:17:40
6662,10566,346,4,REPAY,3,0.009725,,0.009725,2025-04-06 06:38:59
6663,10567,605,3,REPAY,4,952.002249,,952.002249,2025-04-06 06:43:55
6664,10569,43,4,WITHDRAW,2,610.279682,,,2025-04-06 07:05:34
6665,10570,841,2,LIQUIDATION,3,6417.084603,7041.050153668,6417.084603,2025-04-06 07:08:43
6666,10571,829,1,DEPOSIT,2,7136.19483,7136.19483,,2025-04-06 07:19:07
6667,10572,218,1,BORROW,5,9005.235388,13212.4509614565,9005.235388,2025-04-06 07:20:22
6668,10574,868,4,DEPOSIT,3,3984.656244,3984.656244,,2025-04-06 07:59:05
6669,10575,611,3,REPAY,2,0.004576,,0.004576,2025-04-06 08:01:58
6670,10577,2,1,WITHDRAW,3,8616.854851,,,2025-04-06 08:23:53
6671,10578,737,4,REPAY,3,3623.153952,,3623.153952,2025-04-06 08:42:21
6672,10579,151,4,REPAY,3,8.018021,,8.018021,2025-04-06 09:09:31
6673,10580,872,4,REPAY,3,797.039853,,797.039853,2025-04-06 09:30:23
6674,10582,599,4,REPAY,5,1396.428793,,1396.428793,2025-04-06 10:06:56
6675,10583,274,4,DEPOSIT,4,3242.401875,3242.401875,,2025-04-06 10:18:08
6676,10584,545,3,REPAY,4,303.475551,,303.475551,2025-04-06 10:20:25
6677,10585,551,1,REPAY,4,2865.091151,,2865.091151,2025-04-06 10:25:49
6678,10586,859,3,WITHDRAW,3,8024.428696,,,2025-04-06 10:27:39
6679,10587,354,1,WITHDRAW,1,4357.15652,,,2025-04-06 10:54:52
6680,10588,288,4,WITHDRAW,4,8489.375834,,,2025-04-06 11:06:41
6681,10589,543,4,REPAY,1,2379.350595,,2379.350595,2025-04-06 11:13:08
6682,10590,535,2,WITHDRAW,5,3030.251051,,,2025-04-06 11:14:44
6683,10591,769,3,WITHDRAW,2,3841.512573,,,2025-04-06 11:14:50
6684,10592,693,2,REPAY,3,1108.307465,,1108.307465,2025-04-06 11:27:00
6685,10593,507,2,LIQUIDATION,4,906.373144,998.7275094598,906.373144,2025-04-06 11:35:22
6686,10595,953,4,REPAY,1,29.81168,,29.81168,2025-04-06 11:36:31
6687,10596,348,2,REPAY,2,4097.937038,,4097.937038,2025-04-06 12:03:00
6688,10598,664,2,REPAY,5,0.015181,,0.015181,2025-04-06 12:34:03
6689,10599,145,4,BORROW,1,6782.754447,16884.79932853,6782.754447,2025-04-06 12:41:38
6690,10600,223,4,REPAY,2,3077.047189,,3077.047189,2025-04-06 12:52:03
6691,10604,351,3,DEPOSIT,2,5364.081669,5364.081669,,2025-04-06 13:09:11
6692,10607,991,1,REPAY,1,20.833123,,20.833123,2025-04-06 13:56:34
6693,10609,636,1,BORROW,2,4350.307591,5347.9741526784,4350.307591,2025-04-06 14:51:12
6694,10610,679,3,LIQUIDATION,2,8472.862532,7392.4633508374,8472.862532,2025-04-06 15:14:13
6695,10611,1000,4,REPAY,1,0.023458,,0.023458,2025-04-06 15:41:20
6696,10612,889,4,BORROW,4,3675.048988,6263.4397110218,3675.048988,2025-04-06 15:42:22
6697,10613,15,1,REPAY,2,0.315035,,0.315035,2025-04-06 15:59:04
6698,10615,899,1,REPAY,5,739.958013,,739.958013,2025-04-06 16:47:27
6699,10616,574,1,LIQUIDATION,2,2371.500539,2675.5989162615,2371.500539,2025-04-06 16:48:00
6700,10619,766,4,BORROW,5,6719.855481,10711.9586866554,6719.855481,2025-04-06 17:27:02
6701,10620,75,2,REPAY,3,19.714632,,19.714632,2025-04-06 17:29:35
6702,10621,488,2,WITHDRAW,2,2837.144469,,,2025-04-06 17:46:50
6703,10623,547,1,LIQUIDATION,2,3310.071753,3169.7114540145,3310.071753,2025-04-06 18:07:26
6704,10624,169,4,REPAY,5,55.361088,,55.361088,2025-04-06 18:44:14
6705,10626,347,1,WITHDRAW,5,7495.191897,,,2025-04-06 19:06:55
6706,10627,52,4,REPAY,1,217.130353,,217.130353,2025-04-06 19:13:38
6707,10628,649,1,DEPOSIT,4,8848.802193,8848.802193,,2025-04-06 19:29:36
6708,10629,170,1,REPAY,1,3843.537922,,3843.537922,2025-04-06 19:38:42
6709,10630,572,3,REPAY,2,246.559355,,246.559355,2025-04-06 19:43:19
6710,10632,565,1,DEPOSIT,2,2482.33351,2482.33351,,2025-04-06 20:08:00
6711,10633,96,3,REPAY,5,0.02786,,0.02786,2025-04-06 20:14:50
6712,10634,921,4,REPAY,2,617.485433,,617.485433,2025-04-06 20:25:06
6713,10635,566,2,BORROW,5,2820.498064,4949.8129943604,2820.498064,2025-04-06 20:52:06
6714,10636,334,2,DEPOSIT,5,7949.996839,7949.996839,,2025-04-06 20:55:32
6715,10637,81,4,REPAY,2,766.863801,,766.863801,2025-04-06 21:18:54
6716,10638,583,2,DEPOSIT,1,2292.04412,2292.04412,,2025-04-06 21:21:41
6717,10639,210,1,WITHDRAW,4,7690.944101,,,2025-04-06 21:47:55
6718,10640,419,4,BORROW,3,7061.456828,15095.9130325673,7061.456828,2025-04-06 21:54:01
6719,10642,115,1,WITHDRAW,3,8409.649663,,,2025-04-06 22:18:32
6720,10643,40,4,WITHDRAW,4,6984.299246,,,2025-04-06 22:40:30
6721,10644,450,3,DEPOSIT,2,8438.58177,8438.58177,,2025-04-06 22:41:30
6722,10646,633,2,REPAY,3,14.308365,,14.308365,2025-04-06 22:59:25
6723,10649,494,4,REPAY,2,1.038138,,1.038138,2025-04-06 23:20:55
6724,10650,328,2,REPAY,3,3.27957,,3.27957,2025-04-06 23:34:56
6725,10652,552,4,REPAY,3,98.418316,,98.418316,2025-04-07 00:30:14
6726,10653,589,2,BORROW,4,5275.202229,9895.8145278974,5275.202229,2025-04-07 00:41:06
6727,10654,752,3,REPAY,5,1758.422517,,1758.422517,2025-04-07 01:01:47
6728,10657,706,3,DEPOSIT,5,5293.529651,5293.529651,,2025-04-07 01:52:58
6729,10658,986,2,REPAY,2,787.083888,,787.083888,2025-04-07 01:53:52
6730,10660,598,2,REPAY,2,96.177918,,96.177918,2025-04-07 02:20:38
6731,10661,239,2,BORROW,2,4576.98702,7051.0791912305,4576.98702,2025-04-07 02:22:26
6732,10662,92,4,DEPOSIT,1,9241.626598,9241.626598,,2025-04-07 02:27:05
6733,10663,820,2,REPAY,5,986.502072,,986.502072,2025-04-07 02:32:09
6734,10664,800,4,BORROW,4,6752.634777,14205.5568818249,6752.634777,2025-04-07 02:32:14
6735,10665,797,1,DEPOSIT,1,2289.049654,2289.049654,,2025-04-07 02:43:36
6736,10666,239,4,WITHDRAW,1,7869.135488,,,2025-04-07 02:45:03
6737,10667,638,4,WITHDRAW,2,4725.472286,,,2025-04-07 02:45:20
6738,10670,842,2,WITHDRAW,2,7233.618687,,,2025-04-07 03:40:01
6739,10672,844,2,REPAY,2,38.27519,,38.27519,2025-04-07 04:11:44
6740,10675,135,1,REPAY,5,138.916622,,138.916622,2025-04-07 04:22:08
6741,10676,619,3,REPAY,5,4.127495,,4.127495,2025-04-07 04:31:59
6742,10677,746,2,BORROW,3,6059.043794,7909.542602092,6059.043794,2025-04-07 04:39:22
6743,10681,746,1,LIQUIDATION,3,6059.043794,4873.6669009034,6059.043794,2025-04-07 05:45:37
6744,10682,372,2,REPAY,2,5.932114,,5.932114,2025-04-07 06:08:39
6745,10683,407,1,REPAY,2,2.697202,,2.697202,2025-04-07 06:32:21
6746,10684,709,3,LIQUIDATION,2,473.167176,456.2201067038,473.167176,2025-04-07 06:36:12
6747,10685,819,2,REPAY,3,1.285016,,1.285016,2025-04-07 06:36:24
6748,10686,349,3,REPAY,1,1574.550704,,1574.550704,2025-04-07 06:40:12
6749,10689,521,2,WITHDRAW,1,2454.918214,,,2025-04-07 07:17:11
6750,10690,895,2,REPAY,1,1685.770028,,1685.770028,2025-04-07 07:20:47
6751,10691,981,3,REPAY,1,0.076524,,0.076524,2025-04-07 08:06:59
6752,10692,920,2,REPAY,3,3.901624,,3.901624,2025-04-07 08:12:54
6753,10694,78,1,REPAY,4,14.312299,,14.312299,2025-04-07 08:23:23
6754,10695,696,2,DEPOSIT,4,9032.004458,9032.004458,,2025-04-07 09:03:34
6755,10696,175,4,DEPOSIT,4,8437.045031,8437.045031,,2025-04-07 09:10:50
6756,10697,800,1,LIQUIDATION,3,12425.101621,14747.0307098508,12425.101621,2025-04-07 09:22:38
6757,10700,160,4,DEPOSIT,1,712.782648,712.782648,,2025-04-07 09:37:47
6758,10702,88,3,REPAY,4,114.810781,,114.810781,2025-04-07 10:54:46
6759,10704,763,2,DEPOSIT,4,2590.797795,2590.797795,,2025-04-07 11:57:46
6760,10707,140,3,REPAY,1,1.50642,,1.50642,2025-04-07 12:39:52
6761,10709,449,3,REPAY,4,0.089664,,0.089664,2025-04-07 12:51:23
6762,10711,367,4,WITHDRAW,5,216.091175,,,2025-04-07 13:27:49
6763,10712,139,4,DEPOSIT,5,915.698091,915.698091,,2025-04-07 13:28:48
6764,10713,527,1,REPAY,3,1.577008,,1.577008,2025-04-07 13:54:48
6765,10714,493,2,LIQUIDATION,4,7111.427671,7730.9397349086,7111.427671,2025-04-07 13:55:31
6766,10716,952,4,DEPOSIT,3,4227.45299,4227.45299,,2025-04-07 14:35:13
6767,10717,811,1,REPAY,2,0.107776,,0.107776,2025-04-07 14:37:27
6768,10720,975,3,REPAY,4,2587.166257,,2587.166257,2025-04-07 14:46:34
6769,10721,787,1,BORROW,1,3025.641999,5552.1254105374,3025.641999,2025-04-07 15:06:45
6770,10722,908,3,LIQUIDATION,2,5851.242366,5523.5310329854,5851.242366,2025-04-07 15:13:19
6771,10724,389,2,REPAY,3,296.14956,,296.14956,2025-04-07 15:37:55
6772,10725,290,3,LIQUIDATION,1,11661.784219,12963.4597092052,11661.784219,2025-04-07 15:38:30
6773,10726,790,4,LIQUIDATION,3,641.12651,697.9524099376,641.12651,2025-04-07 15:56:25
6774,10727,653,1,REPAY,2,4.940987,,4.940987,2025-04-07 16:03:58
6775,10728,478,2,DEPOSIT,1,6612.717358,6612.717358,,2025-04-07 16:22:39
6776,10729,409,2,REPAY,2,3438.36943,,3438.36943,2025-04-07 16:29:56
6777,10730,759,1,LIQUIDATION,1,4989.774525,5728.1739741236,4989.774525,2025-04-07 17:01:32
6778,10731,666,3,REPAY,1,65.875274,,65.875274,2025-04-07 17:21:52
6779,10732,393,3,REPAY,2,8904.101842,,8904.101842,2025-04-07 17:28:36
6780,10733,963,1,REPAY,3,3.225753,,3.225753,2025-04-07 17:34:46
6781,10734,626,4,REPAY,1,302.851116,,302.851116,2025-04-07 17:47:11
6782,10736,192,4,REPAY,1,2.628731,,2.628731,2025-04-07 18:40:13
6783,10737,238,1,DEPOSIT,1,6641.813641,6641.813641,,2025-04-07 18:41:33
6784,10738,359,4,REPAY,4,639.287253,,639.287253,2025-04-07 18:58:26
6785,10739,204,2,REPAY,1,2.033235,,2.033235,2025-04-07 19:35:14
6786,10740,494,4,DEPOSIT,3,2109.364049,2109.364049,,2025-04-07 19:50:28
6787,10741,780,3,REPAY,3,32.666905,,32.666905,2025-04-07 19:52:55
6788,10742,91,2,LIQUIDATION,4,1723.427571,1831.0836310038,1723.427571,2025-04-07 20:10:03
6789,10743,377,1,BORROW,5,4204.193127,6503.973281127,4204.193127,2025-04-07 20:14:01
6790,10744,653,4,REPAY,2,1.430676,,1.430676,2025-04-07 20:23:19
6791,10745,385,2,REPAY,5,60.271,,60.271,2025-04-07 20:26:12
6792,10746,374,2,BORROW,4,4859.832708,11785.0107772418,4859.832708,2025-04-07 20:31:51
6793,10747,329,2,DEPOSIT,1,4474.39857,4474.39857,,2025-04-07 20:42:13
6794,10748,861,2,REPAY,3,1.017624,,1.017624,2025-04-07 20:42:35
6795,10749,288,1,DEPOSIT,2,2241.067686,2241.067686,,2025-04-07 21:00:12
6796,10751,972,2,REPAY,3,556.271288,,556.271288,2025-04-07 21:05:58
6797,10752,786,1,REPAY,5,79.674481,,79.674481,2025-04-07 21:10:06
6798,10753,565,2,DEPOSIT,3,8612.93527,8612.93527,,2025-04-07 21:23:25
6799,10755,996,4,REPAY,4,59.389293,,59.389293,2025-04-07 21:42:48
6800,10756,518,4,WITHDRAW,5,5555.816433,,,2025-04-07 22:01:18
6801,10757,497,1,REPAY,4,425.722585,,425.722585,2025-04-07 22:07:02
6802,10759,418,4,REPAY,3,9.906046,,9.906046,2025-04-07 22:29:24
6803,10762,862,3,BORROW,4,4350.006748,8597.6195791805,4350.006748,2025-04-07 22:55:17
6804,10765,778,1,WITHDRAW,5,8094.402307,,,2025-04-07 23:35:07
6805,10766,791,4,DEPOSIT,3,3569.300461,3569.300461,,2025-04-08 00:11:34
6806,10767,760,2,REPAY,4,1448.224153,,1448.224153,2025-04-08 00:13:24
6807,10768,910,1,REPAY,1,1891.959239,,1891.959239,2025-04-08 00:17:40
6808,10769,816,4,BORROW,2,7160.529228,17011.3096177617,7160.529228,2025-04-08 00:21:04
6809,10772,5,2,DEPOSIT,1,8284.981841,8284.981841,,2025-04-08 01:14:16
6810,10773,12,1,REPAY,5,0.000189,,0.000189,2025-04-08 01:18:32
6811,10774,58,3,REPAY,1,358.775108,,358.775108,2025-04-08 01:23:20
6812,10775,92,4,REPAY,3,79.868247,,79.868247,2025-04-08 01:24:23
6813,10777,833,3,REPAY,2,0.380035,,0.380035,2025-04-08 01:38:42
6814,10779,811,3,REPAY,2,0.017812,,0.017812,2025-04-08 01:56:03
6815,10780,611,3,REPAY,4,0.000657,,0.000657,2025-04-08 02:10:23
6816,10781,493,1,DEPOSIT,2,8893.75842,8893.75842,,2025-04-08 02:23:16
6817,10783,443,4,REPAY,1,172.01775,,172.01775,2025-04-08 02:31:55
6818,10784,917,2,REPAY,1,1e-06,,1e-06,2025-04-08 03:10:14
6819,10785,756,4,DEPOSIT,4,6589.503681,6589.503681,,2025-04-08 03:10:33
6820,10786,173,3,DEPOSIT,5,2787.094559,2787.094559,,2025-04-08 03:19:37
6821,10789,690,2,LIQUIDATION,4,1409.488788,1506.2788240526,1409.488788,2025-04-08 04:11:02
6822,10792,869,1,WITHDRAW,2,7557.805822,,,2025-04-08 05:07:31
6823,10793,341,2,REPAY,1,51.528695,,51.528695,2025-04-08 05:08:38
6824,10794,759,3,BORROW,1,6933.858987,13779.0643670157,6933.858987,2025-04-08 05:10:59
6825,10796,241,3,BORROW,4,5708.982103,14100.6890419424,5708.982103,2025-04-08 05:14:03
6826,10797,710,1,REPAY,3,64.966511,,64.966511,2025-04-08 05:25:48
6827,10798,386,4,DEPOSIT,3,439.206998,439.206998,,2025-04-08 05:51:49
6828,10799,601,2,REPAY,2,27.761206,,27.761206,2025-04-08 06:07:53
6829,10800,867,3,REPAY,2,1111.151913,,1111.151913,2025-04-08 07:03:26
6830,10802,415,1,REPAY,4,872.553506,,872.553506,2025-04-08 07:24:11
6831,10805,642,1,REPAY,3,0.630617,,0.630617,2025-04-08 08:57:14
6832,10806,437,1,REPAY,4,0.041601,,0.041601,2025-04-08 09:09:22
6833,10807,836,1,REPAY,5,1544.694017,,1544.694017,2025-04-08 09:16:44
6834,10808,314,3,REPAY,3,3862.054338,,3862.054338,2025-04-08 09:27:12
6835,10810,113,2,BORROW,3,7972.492935,15070.8660851195,7972.492935,2025-04-08 10:13:32
6836,10812,760,4,REPAY,4,6511.290655,,6511.290655,2025-04-08 10:27:45
6837,10813,687,4,WITHDRAW,1,5738.028224,,,2025-04-08 10:38:54
6838,10814,497,3,REPAY,1,111.111004,,111.111004,2025-04-08 10:39:54
6839,10815,154,4,REPAY,5,622.07767,,622.07767,2025-04-08 10:43:47
6840,10817,109,1,REPAY,3,8.25384,,8.25384,2025-04-08 10:53:42
6841,10819,314,3,REPAY,4,45.804511,,45.804511,2025-04-08 11:40:49
6842,10820,972,1,REPAY,2,5.429053,,5.429053,2025-04-08 11:46:35
6843,10821,751,4,REPAY,5,250.430745,,250.430745,2025-04-08 11:53:11
6844,10822,112,2,REPAY,3,9.509783,,9.509783,2025-04-08 11:57:44
6845,10823,37,2,WITHDRAW,3,2521.73372,,,2025-04-08 12:16:08
6846,10824,404,2,REPAY,4,6.872176,,6.872176,2025-04-08 12:18:53
6847,10825,193,2,WITHDRAW,4,2084.699986,,,2025-04-08 12:22:36
6848,10826,706,2,DEPOSIT,2,4347.693062,4347.693062,,2025-04-08 12:29:46
6849,10827,273,4,REPAY,3,195.667515,,195.667515,2025-04-08 12:33:28
6850,10833,199,2,BORROW,2,7498.957367,13283.9334370947,7498.957367,2025-04-08 13:21:40
6851,10834,652,3,REPAY,1,463.522731,,463.522731,2025-04-08 13:42:11
6852,10835,590,3,REPAY,1,545.919843,,545.919843,2025-04-08 13:42:15
6853,10836,272,2,DEPOSIT,2,4075.005423,4075.005423,,2025-04-08 13:54:54
6854,10837,594,3,REPAY,4,1.822179,,1.822179,2025-04-08 14:09:38
6855,10841,10,3,REPAY,4,0.125085,,0.125085,2025-04-08 15:11:12
6856,10843,174,3,WITHDRAW,2,647.693362,,,2025-04-08 15:30:54
6857,10845,915,1,DEPOSIT,4,182.181137,182.181137,,2025-04-08 16:26:24
6858,10847,640,4,REPAY,3,3.987369,,3.987369,2025-04-08 16:56:17
6859,10849,424,2,REPAY,2,0.030938,,0.030938,2025-04-08 17:16:08
6860,10850,530,3,REPAY,5,716.930603,,716.930603,2025-04-08 17:31:36
6861,10851,38,3,REPAY,5,387.015243,,387.015243,2025-04-08 17:41:02
6862,10852,102,4,REPAY,3,249.554321,,249.554321,2025-04-08 17:43:04
6863,10854,225,2,REPAY,2,0.002755,,0.002755,2025-04-08 17:50:04
6864,10857,236,2,REPAY,1,0.474531,,0.474531,2025-04-08 18:13:18
6865,10858,496,4,WITHDRAW,4,3634.501515,,,2025-04-08 18:13:32
6866,10859,930,3,DEPOSIT,5,8894.915147,8894.915147,,2025-04-08 18:22:54
6867,10860,396,3,REPAY,2,185.284631,,185.284631,2025-04-08 18:27:39
6868,10861,980,3,WITHDRAW,2,2518.09767,,,2025-04-08 18:47:15
6869,10863,73,3,REPAY,2,0.001804,,0.001804,2025-04-08 19:37:47
6870,10864,417,3,REPAY,1,49.179746,,49.179746,2025-04-08 19:42:58
6871,10865,989,4,REPAY,1,10.057608,,10.057608,2025-04-08 19:56:55
6872,10866,698,1,REPAY,3,127.668544,,127.668544,2025-04-08 19:57:39
6873,10867,432,4,DEPOSIT,4,884.838631,884.838631,,2025-04-08 20:12:06
6874,10868,364,2,DEPOSIT,5,2406.040064,2406.040064,,2025-04-08 20:18:49
6875,10869,403,3,LIQUIDATION,5,0.002731,0.0029526422,0.002731,2025-04-08 20:19:29
6876,10870,568,1,BORROW,5,5257.766548,10436.954534328,5257.766548,2025-04-08 21:19:24
6877,10871,616,1,WITHDRAW,4,9934.534862,,,2025-04-08 21:43:12
6878,10873,387,4,BORROW,3,3152.280834,4322.0083503702,3152.280834,2025-04-08 21:47:46
6879,10874,357,2,REPAY,4,1086.517206,,1086.517206,2025-04-08 21:48:04
6880,10875,635,3,REPAY,2,569.72049,,569.72049,2025-04-08 21:49:06
6881,10877,120,2,BORROW,4,5151.109974,12761.5141044171,5151.109974,2025-04-08 22:00:29
6882,10878,151,3,DEPOSIT,2,1932.796915,1932.796915,,2025-04-08 22:29:08
6883,10879,10,4,REPAY,1,0.133363,,0.133363,2025-04-08 22:39:01
6884,10881,809,4,WITHDRAW,4,8318.307416,,,2025-04-08 23:11:07
6885,10882,594,3,REPAY,5,4.959358,,4.959358,2025-04-08 23:11:36
6886,10883,722,2,REPAY,3,1.615641,,1.615641,2025-04-08 23:20:10
6887,10885,490,1,REPAY,1,0.009936,,0.009936,2025-04-08 23:46:37
6888,10886,389,4,REPAY,1,241.17998,,241.17998,2025-04-08 23:47:26
6889,10887,532,3,REPAY,5,567.176194,,567.176194,2025-04-09 00:02:19
6890,10888,22,2,REPAY,5,24.160732,,24.160732,2025-04-09 00:10:58
6891,10891,143,2,REPAY,5,322.161918,,322.161918,2025-04-09 00:30:50
6892,10892,888,4,WITHDRAW,4,648.38036,,,2025-04-09 00:37:58
6893,10894,259,3,REPAY,3,2955.095968,,2955.095968,2025-04-09 01:34:35
6894,10896,242,4,DEPOSIT,2,9080.763422,9080.763422,,2025-04-09 02:03:34
6895,10899,264,3,BORROW,2,8785.994791,17722.9341924949,8785.994791,2025-04-09 02:50:02
6896,10900,862,4,REPAY,2,3498.693508,,3498.693508,2025-04-09 03:27:50
6897,10901,638,4,WITHDRAW,2,483.622863,,,2025-04-09 03:30:42
6898,10902,806,4,REPAY,4,523.008619,,523.008619,2025-04-09 03:32:30
6899,10903,484,4,DEPOSIT,3,4063.40973,4063.40973,,2025-04-09 03:38:29
6900,10904,576,2,REPAY,4,0.531018,,0.531018,2025-04-09 03:44:25
6901,10905,4,2,REPAY,5,177.580349,,177.580349,2025-04-09 04:06:56
6902,10907,529,2,REPAY,3,0.010868,,0.010868,2025-04-09 04:28:09
6903,10908,85,4,REPAY,2,1.777145,,1.777145,2025-04-09 04:53:10
6904,10910,102,2,REPAY,2,130.563294,,130.563294,2025-04-09 05:13:11
6905,10912,943,4,BORROW,4,6978.900218,16411.70380656,6978.900218,2025-04-09 05:51:45
6906,10914,854,1,WITHDRAW,2,9317.459501,,,2025-04-09 06:06:22
6907,10915,526,3,REPAY,4,1300.070907,,1300.070907,2025-04-09 06:25:54
6908,10917,175,1,WITHDRAW,4,4518.341123,,,2025-04-09 06:49:19
6909,10918,707,2,REPAY,3,139.112824,,139.112824,2025-04-09 07:14:25
6910,10919,431,3,REPAY,5,0.005664,,0.005664,2025-04-09 07:41:23
6911,10922,566,4,BORROW,2,5600.491835,7670.5081973264,5600.491835,2025-04-09 08:59:09
6912,10923,999,3,WITHDRAW,1,4955.500799,,,2025-04-09 09:19:24
6913,10924,495,3,REPAY,4,11.64377,,11.64377,2025-04-09 09:20:41
6914,10926,75,4,REPAY,4,9.990823,,9.990823,2025-04-09 09:28:57
6915,10927,235,3,REPAY,1,0.000563,,0.000563,2025-04-09 09:50:13
6916,10929,389,1,WITHDRAW,3,3388.239538,,,2025-04-09 10:27:42
6917,10930,145,3,REPAY,1,4163.127473,,4163.127473,2025-04-09 10:30:07
6918,10931,425,3,BORROW,2,6697.834166,12874.1813842225,6697.834166,2025-04-09 10:36:30
6919,10932,579,2,REPAY,5,497.424233,,497.424233,2025-04-09 10:39:12
6920,10933,275,3,REPAY,1,0.624719,,0.624719,2025-04-09 10:41:56
6921,10934,588,4,REPAY,2,1096.50549,,1096.50549,2025-04-09 11:04:18
6922,10935,865,1,WITHDRAW,4,5120.982239,,,2025-04-09 11:17:38
6923,10936,498,2,REPAY,4,657.075204,,657.075204,2025-04-09 11:37:20
6924,10938,909,3,REPAY,3,5.401148,,5.401148,2025-04-09 12:12:57
6925,10939,74,4,REPAY,2,25.085037,,25.085037,2025-04-09 12:15:30
6926,10940,612,4,WITHDRAW,1,320.248533,,,2025-04-09 12:15:33
6927,10941,828,2,DEPOSIT,5,9701.889954,9701.889954,,2025-04-09 12:19:23
6928,10946,243,4,REPAY,4,0.000999,,0.000999,2025-04-09 13:03:45
6930,10949,605,1,REPAY,5,630.87839,,630.87839,2025-04-09 13:24:17
6931,10950,723,3,WITHDRAW,3,1157.48849,,,2025-04-09 13:36:26
6932,10951,393,1,LIQUIDATION,2,250.155577,266.6114748325,250.155577,2025-04-09 13:45:17
6933,10952,626,4,REPAY,4,325.799255,,325.799255,2025-04-09 14:37:45
6934,10956,606,2,REPAY,1,38.070719,,38.070719,2025-04-09 16:18:03
6935,10959,347,3,WITHDRAW,5,1090.261244,,,2025-04-09 17:00:10
6936,10961,816,2,WITHDRAW,2,2086.076637,,,2025-04-09 17:03:09
6937,10963,749,1,REPAY,1,687.615224,,687.615224,2025-04-09 18:12:30
6938,10965,329,4,WITHDRAW,5,7514.726458,,,2025-04-09 18:20:48
6939,10967,722,3,BORROW,3,140.340777,222.0418006313,140.340777,2025-04-09 18:37:53
6940,10969,289,3,REPAY,1,5.726576,,5.726576,2025-04-09 18:52:41
6941,10970,622,2,DEPOSIT,1,4930.448744,4930.448744,,2025-04-09 18:52:46
6942,10971,59,2,REPAY,5,0.017373,,0.017373,2025-04-09 18:53:23
6943,10974,756,3,WITHDRAW,5,7946.036791,,,2025-04-09 19:38:11
6944,10975,369,3,REPAY,2,4799.403395,,4799.403395,2025-04-09 20:40:58
6945,10977,603,1,REPAY,2,552.206323,,552.206323,2025-04-09 21:24:33
6946,10978,896,3,LIQUIDATION,4,594.859484,522.5984000705,594.859484,2025-04-09 21:51:17
6947,10979,557,2,DEPOSIT,4,9921.23473,9921.23473,,2025-04-09 22:02:44
6948,10981,138,3,LIQUIDATION,2,2476.730112,2217.3481506487,2476.730112,2025-04-09 22:39:55
6949,10982,467,3,BORROW,1,5810.465689,7777.7988781957,5810.465689,2025-04-09 22:56:49
6950,10983,618,1,DEPOSIT,5,5313.710989,5313.710989,,2025-04-09 23:26:23
6951,10984,833,3,REPAY,5,0.198713,,0.198713,2025-04-09 23:36:00
6952,10985,962,2,REPAY,5,7.6e-05,,7.6e-05,2025-04-10 00:08:13
6953,10989,351,2,WITHDRAW,3,1686.090016,,,2025-04-10 02:44:51
6954,10991,674,4,REPAY,3,0.077247,,0.077247,2025-04-10 03:19:31
6955,10992,429,1,WITHDRAW,2,7148.643055,,,2025-04-10 03:31:24
6956,10993,383,1,BORROW,3,2897.716583,4100.0733604473,2897.716583,2025-04-10 03:48:31
6957,10994,555,4,REPAY,3,3214.069788,,3214.069788,2025-04-10 03:55:25
6958,10995,135,4,REPAY,5,95.508518,,95.508518,2025-04-10 04:24:57
6959,10996,747,2,REPAY,3,77.386676,,77.386676,2025-04-10 04:28:57
6960,10997,515,4,REPAY,3,73.945505,,73.945505,2025-04-10 04:31:24
6961,10998,122,1,REPAY,3,211.117704,,211.117704,2025-04-10 04:31:42
6962,10999,292,1,WITHDRAW,1,5006.913203,,,2025-04-10 04:35:52
6963,11000,681,4,LIQUIDATION,1,11884.975556,11796.3172058623,11884.975556,2025-04-10 04:36:59
6964,11001,882,2,DEPOSIT,2,1772.445456,1772.445456,,2025-04-10 04:59:17
6965,11002,258,1,WITHDRAW,1,2086.887964,,,2025-04-10 05:04:13
6966,11003,314,1,REPAY,4,23.264466,,23.264466,2025-04-10 05:33:15
6967,11006,973,4,REPAY,4,0.131012,,0.131012,2025-04-10 06:33:01
6968,11007,520,3,WITHDRAW,4,4329.727193,,,2025-04-10 06:41:52
6969,11011,83,4,REPAY,5,0.023354,,0.023354,2025-04-10 07:21:51
6970,11013,56,1,DEPOSIT,3,9380.463297,9380.463297,,2025-04-10 07:49:36
6971,11014,527,4,REPAY,2,0.539048,,0.539048,2025-04-10 07:49:57
6972,11015,472,1,REPAY,5,0.017843,,0.017843,2025-04-10 07:57:37
6973,11018,533,1,REPAY,3,25.13163,,25.13163,2025-04-10 08:09:28
6974,11019,221,3,BORROW,3,767.457714,1018.9281760188,767.457714,2025-04-10 08:32:18
6975,11020,681,2,BORROW,4,8500.072099,19241.9772813411,8500.072099,2025-04-10 08:33:45
6976,11021,751,4,REPAY,3,24.78212,,24.78212,2025-04-10 08:43:09
6977,11023,714,1,REPAY,2,255.171075,,255.171075,2025-04-10 08:54:11
6978,11025,449,1,REPAY,4,0.006412,,0.006412,2025-04-10 11:02:43
6979,11026,92,3,BORROW,5,3822.939599,8574.4128764198,3822.939599,2025-04-10 11:03:24
6980,11027,600,3,REPAY,5,0.029532,,0.029532,2025-04-10 11:18:44
6981,11029,757,3,WITHDRAW,4,7894.984112,,,2025-04-10 11:27:57
6982,11030,314,1,REPAY,4,7.033155,,7.033155,2025-04-10 11:45:01
6983,11031,199,2,REPAY,3,3184.174283,,3184.174283,2025-04-10 12:08:50
6984,11033,51,3,WITHDRAW,2,8290.214602,,,2025-04-10 12:25:24
6985,11034,308,2,WITHDRAW,3,934.575683,,,2025-04-10 12:32:37
6986,11036,299,1,REPAY,5,7.381911,,7.381911,2025-04-10 13:02:22
6987,11037,282,1,REPAY,5,1399.174157,,1399.174157,2025-04-10 13:05:19
6988,11038,316,3,BORROW,1,2851.806138,6485.3777081474,2851.806138,2025-04-10 13:06:28
6989,11039,31,3,BORROW,2,4467.052056,5764.3299837513,4467.052056,2025-04-10 13:08:13
6990,11040,246,2,DEPOSIT,1,6581.833176,6581.833176,,2025-04-10 13:09:09
6991,11041,589,2,BORROW,5,4555.90495,10863.7196004031,4555.90495,2025-04-10 13:10:59
6992,11042,162,2,REPAY,1,2922.061387,,2922.061387,2025-04-10 13:46:45
6993,11044,213,3,REPAY,5,5116.245803,,5116.245803,2025-04-10 13:53:53
6994,11045,624,2,BORROW,1,1483.762973,2912.1335180884,1483.762973,2025-04-10 14:01:36
6995,11046,815,3,REPAY,4,2.573906,,2.573906,2025-04-10 14:57:49
6996,11047,999,3,BORROW,2,4828.071316,6223.5068926402,4828.071316,2025-04-10 15:20:21
6997,11048,327,2,REPAY,1,748.789444,,748.789444,2025-04-10 15:37:03
6998,11049,52,4,REPAY,4,44.711699,,44.711699,2025-04-10 15:54:29
6999,11050,542,1,DEPOSIT,4,7336.391144,7336.391144,,2025-04-10 16:01:22
7000,11051,658,2,REPAY,2,296.333779,,296.333779,2025-04-10 16:03:50
7001,11052,425,4,BORROW,5,9702.487417,23528.974814819,9702.487417,2025-04-10 16:05:21
7002,11053,180,1,DEPOSIT,4,1547.836202,1547.836202,,2025-04-10 16:20:40
7003,11054,151,2,REPAY,5,21.994173,,21.994173,2025-04-10 16:24:39
7004,11055,317,1,DEPOSIT,1,4729.20363,4729.20363,,2025-04-10 16:41:06
7005,11057,110,3,LIQUIDATION,3,3111.954069,3083.5323463156,3111.954069,2025-04-10 16:54:57
7006,11058,647,2,REPAY,5,0.19216,,0.19216,2025-04-10 16:59:11
7007,11060,92,2,REPAY,1,2242.039997,,2242.039997,2025-04-10 17:05:06
7008,11062,813,1,REPAY,3,165.818091,,165.818091,2025-04-10 17:56:35
7009,11063,102,2,REPAY,4,27.564469,,27.564469,2025-04-10 18:41:59
7010,11065,97,4,REPAY,4,8634.608721,,8634.608721,2025-04-10 18:55:22
7011,11066,332,2,BORROW,5,1203.375354,1581.9270063139,1203.375354,2025-04-10 19:04:29
7012,11067,711,1,REPAY,3,238.01791,,238.01791,2025-04-10 19:35:52
7013,11068,807,2,REPAY,1,0.038723,,0.038723,2025-04-10 19:41:46
7014,11069,309,3,REPAY,5,2.834133,,2.834133,2025-04-10 20:03:02
7015,11071,60,4,BORROW,1,4689.494891,10930.5263711788,4689.494891,2025-04-10 20:35:00
7016,11072,637,2,DEPOSIT,5,3141.168758,3141.168758,,2025-04-10 20:51:14
7017,11073,584,1,LIQUIDATION,1,4307.427989,4352.9932439721,4307.427989,2025-04-10 20:53:54
7018,11074,128,2,BORROW,3,565.353153,1392.8278696969,565.353153,2025-04-10 21:20:51
7019,11075,714,3,REPAY,5,365.722947,,365.722947,2025-04-10 21:25:21
7020,11076,219,3,BORROW,4,6909.743518,9757.219762825,6909.743518,2025-04-10 21:42:05
7021,11077,677,2,REPAY,2,555.046163,,555.046163,2025-04-10 21:56:10
7022,11080,723,3,WITHDRAW,3,2172.421595,,,2025-04-10 22:50:45
7023,11081,476,1,DEPOSIT,5,538.957591,538.957591,,2025-04-10 22:57:16
7024,11082,878,4,REPAY,5,107.234803,,107.234803,2025-04-10 23:35:26
7025,11083,674,4,LIQUIDATION,2,0.140915,0.1305916736,0.140915,2025-04-10 23:35:39
7026,11086,12,4,REPAY,4,7.3e-05,,7.3e-05,2025-04-10 23:58:52
7027,11088,74,4,REPAY,5,0.994912,,0.994912,2025-04-11 01:19:51
7028,11089,600,3,REPAY,1,0.013721,,0.013721,2025-04-11 01:22:54
7029,11090,437,4,WITHDRAW,4,4734.635087,,,2025-04-11 01:47:40
7030,11091,372,2,REPAY,5,2.647747,,2.647747,2025-04-11 01:51:31
7031,11092,462,3,REPAY,4,0.147859,,0.147859,2025-04-11 01:52:46
7032,11095,726,2,REPAY,1,0.263048,,0.263048,2025-04-11 02:32:21
7033,11099,148,4,WITHDRAW,1,8256.5132,,,2025-04-11 03:55:13
7034,11103,11,2,WITHDRAW,5,1521.872621,,,2025-04-11 05:27:28
7035,11104,722,1,REPAY,5,78.661266,,78.661266,2025-04-11 05:46:43
7036,11105,499,1,BORROW,5,9349.550136,20311.2256087367,9349.550136,2025-04-11 05:57:53
7037,11106,392,3,REPAY,2,17.199284,,17.199284,2025-04-11 06:08:09
7038,11109,664,2,REPAY,5,0.008931,,0.008931,2025-04-11 06:26:22
7039,11110,198,2,WITHDRAW,1,1628.553285,,,2025-04-11 06:28:00
7040,11114,404,3,REPAY,2,2.717892,,2.717892,2025-04-11 07:04:15
7041,11115,117,2,DEPOSIT,5,918.392507,918.392507,,2025-04-11 07:05:02
7042,11117,233,1,REPAY,4,1001.148736,,1001.148736,2025-04-11 07:43:12
7043,11118,961,2,REPAY,1,173.972227,,173.972227,2025-04-11 07:49:25
7044,11121,408,3,REPAY,1,1.666975,,1.666975,2025-04-11 08:46:43
7045,11122,222,3,LIQUIDATION,1,8862.741039,7390.6896860216,8862.741039,2025-04-11 08:56:56
7046,11126,36,3,BORROW,1,3947.620535,9799.9407486423,3947.620535,2025-04-11 09:25:37
7047,11127,335,1,REPAY,3,1089.457474,,1089.457474,2025-04-11 09:32:00
7048,11128,795,3,REPAY,4,3992.211131,,3992.211131,2025-04-11 10:23:12
7049,11129,191,2,REPAY,1,850.21198,,850.21198,2025-04-11 10:25:59
7050,11130,850,1,WITHDRAW,2,8474.078341,,,2025-04-11 10:32:42
7051,11131,124,2,DEPOSIT,3,330.336165,330.336165,,2025-04-11 10:35:30
7052,11132,444,3,REPAY,5,48.183162,,48.183162,2025-04-11 10:41:09
7053,11133,283,4,REPAY,5,0.165993,,0.165993,2025-04-11 10:45:46
7054,11134,658,1,REPAY,1,316.731056,,316.731056,2025-04-11 11:01:08
7055,11135,455,1,REPAY,4,3.413481,,3.413481,2025-04-11 11:01:10
7056,11136,188,2,BORROW,4,7228.372328,11346.1171254349,7228.372328,2025-04-11 11:04:20
7057,11137,303,4,REPAY,5,0.204431,,0.204431,2025-04-11 12:14:04
7058,11141,919,2,WITHDRAW,1,4417.867617,,,2025-04-11 12:52:04
7059,11142,698,1,REPAY,2,39.271787,,39.271787,2025-04-11 12:53:08
7060,11143,370,2,REPAY,5,0.024901,,0.024901,2025-04-11 12:56:07
7061,11145,751,4,REPAY,1,24.061542,,24.061542,2025-04-11 13:31:12
7062,11146,579,1,REPAY,5,44.16258,,44.16258,2025-04-11 14:01:52
7063,11147,900,1,DEPOSIT,2,1763.13513,1763.13513,,2025-04-11 14:05:36
7064,11148,316,3,WITHDRAW,5,7809.774212,,,2025-04-11 14:31:51
7065,11149,502,2,DEPOSIT,5,7128.782343,7128.782343,,2025-04-11 14:46:09
7066,11150,439,3,BORROW,2,2204.242763,4108.575234202,2204.242763,2025-04-11 14:51:02
7067,11151,914,2,REPAY,5,801.710096,,801.710096,2025-04-11 15:00:39
7068,11152,608,4,REPAY,2,222.594322,,222.594322,2025-04-11 15:25:51
7069,11154,517,1,WITHDRAW,4,480.341268,,,2025-04-11 16:31:58
7070,11155,266,3,DEPOSIT,4,1888.546045,1888.546045,,2025-04-11 16:33:27
7071,11156,472,4,REPAY,5,0.004817,,0.004817,2025-04-11 16:43:04
7072,11158,594,4,BORROW,4,958.966036,1467.8129212737,958.966036,2025-04-11 16:56:13
7073,11159,241,3,REPAY,4,1122.135017,,1122.135017,2025-04-11 16:57:13
7074,11160,203,1,REPAY,4,0.103452,,0.103452,2025-04-11 17:04:46
7075,11165,946,3,REPAY,3,2143.291827,,2143.291827,2025-04-11 18:12:49
7076,11168,373,1,BORROW,5,8963.898765,16689.1336971231,8963.898765,2025-04-11 18:18:33
7077,11169,876,3,REPAY,3,323.698972,,323.698972,2025-04-11 18:27:32
7078,11170,335,4,REPAY,2,59.78855,,59.78855,2025-04-11 18:32:38
7079,11171,532,4,DEPOSIT,3,144.197505,144.197505,,2025-04-11 18:33:37
7080,11172,597,4,DEPOSIT,2,7462.032471,7462.032471,,2025-04-11 19:03:18
7081,11175,922,4,DEPOSIT,2,6663.980808,6663.980808,,2025-04-11 20:09:17
7082,11177,42,3,REPAY,1,1.531674,,1.531674,2025-04-11 20:29:06
7083,11179,347,4,BORROW,2,9454.081219,15670.8688230307,9454.081219,2025-04-11 20:47:08
7084,11180,874,1,BORROW,2,8410.055884,16195.6056552718,8410.055884,2025-04-11 20:58:36
7085,11181,33,1,BORROW,2,8007.508045,9762.6920314374,8007.508045,2025-04-11 21:36:25
7086,11183,151,1,REPAY,5,1.155514,,1.155514,2025-04-11 21:51:40
7087,11184,121,1,DEPOSIT,4,4693.191005,4693.191005,,2025-04-11 21:55:20
7088,11186,88,2,REPAY,4,85.356331,,85.356331,2025-04-11 22:06:21
7089,11187,315,2,WITHDRAW,2,4618.201285,,,2025-04-11 22:13:01
7090,11188,104,3,DEPOSIT,5,5386.012552,5386.012552,,2025-04-11 22:15:12
7091,11190,797,1,REPAY,3,164.719598,,164.719598,2025-04-11 22:17:31
7092,11191,927,2,REPAY,3,1930.923644,,1930.923644,2025-04-11 22:20:33
7093,11193,946,1,REPAY,1,740.991731,,740.991731,2025-04-11 22:38:51
7094,11194,978,4,REPAY,1,0.496868,,0.496868,2025-04-11 22:59:18
7095,11195,339,2,REPAY,3,753.763775,,753.763775,2025-04-11 23:05:29
7096,11200,933,3,REPAY,1,830.349689,,830.349689,2025-04-11 23:44:16
7097,11201,793,3,REPAY,1,181.934751,,181.934751,2025-04-12 00:43:11
7098,11202,655,3,BORROW,5,2959.437356,3580.7983601436,2959.437356,2025-04-12 00:49:00
7099,11203,725,2,REPAY,5,0.001356,,0.001356,2025-04-12 00:56:29
7100,11204,50,1,WITHDRAW,4,3800.691659,,,2025-04-12 00:58:02
7101,11205,217,3,REPAY,2,336.734035,,336.734035,2025-04-12 01:33:52
7102,11206,531,2,REPAY,5,407.056356,,407.056356,2025-04-12 02:04:04
7103,11207,715,3,LIQUIDATION,1,2226.803631,2333.4234684646,2226.803631,2025-04-12 02:08:49
7104,11208,81,4,REPAY,4,107.155959,,107.155959,2025-04-12 02:12:04
7105,11209,100,4,REPAY,1,67.953812,,67.953812,2025-04-12 02:15:58
7106,11210,166,2,WITHDRAW,2,8704.929844,,,2025-04-12 02:20:54
7107,11211,43,2,DEPOSIT,4,1022.926421,1022.926421,,2025-04-12 02:24:02
7108,11213,732,2,REPAY,1,16.378809,,16.378809,2025-04-12 02:35:57
7109,11214,927,2,REPAY,2,923.40922,,923.40922,2025-04-12 02:43:15
7110,11215,129,4,REPAY,3,122.863567,,122.863567,2025-04-12 03:26:36
7111,11218,192,2,BORROW,2,3441.842489,8218.8927540088,3441.842489,2025-04-12 03:44:10
7112,11219,779,1,REPAY,1,620.670842,,620.670842,2025-04-12 04:00:44
7113,11221,846,3,REPAY,2,4787.078052,,4787.078052,2025-04-12 04:22:38
7114,11222,136,1,LIQUIDATION,5,6898.969021,7439.2390938069,6898.969021,2025-04-12 04:31:23
7115,11223,276,2,BORROW,3,3588.809463,5883.0305597342,3588.809463,2025-04-12 04:34:16
7116,11225,949,4,REPAY,1,452.707668,,452.707668,2025-04-12 05:12:21
7117,11227,936,4,REPAY,3,3501.352736,,3501.352736,2025-04-12 05:36:04
7118,11228,146,3,BORROW,1,6288.912831,13915.5302217789,6288.912831,2025-04-12 05:46:25
7119,11230,506,2,WITHDRAW,3,1004.184335,,,2025-04-12 06:22:15
7120,11231,734,3,WITHDRAW,3,6093.053049,,,2025-04-12 07:31:28
7121,11232,116,3,LIQUIDATION,5,59.755985,48.1162887837,59.755985,2025-04-12 07:31:28
7122,11233,897,3,DEPOSIT,1,8143.98322,8143.98322,,2025-04-12 07:32:56
7123,11234,943,1,REPAY,4,1667.042586,,1667.042586,2025-04-12 07:35:42
7124,11236,462,1,REPAY,2,0.000297,,0.000297,2025-04-12 07:40:03
7125,11238,420,3,LIQUIDATION,4,3170.772243,3759.6000696009,3170.772243,2025-04-12 08:37:36
7126,11239,643,2,BORROW,4,7893.139807,10362.5833780424,7893.139807,2025-04-12 08:37:46
7127,11240,430,2,REPAY,2,694.987482,,694.987482,2025-04-12 08:54:08
7128,11241,193,3,DEPOSIT,3,5979.458439,5979.458439,,2025-04-12 09:57:09
7129,11243,836,2,REPAY,2,1701.672527,,1701.672527,2025-04-12 10:15:19
7130,11244,533,4,REPAY,2,5.665845,,5.665845,2025-04-12 10:18:12
7131,11246,33,3,BORROW,3,4915.27454,6439.6517389746,4915.27454,2025-04-12 11:12:57
7132,11247,668,2,REPAY,5,680.771799,,680.771799,2025-04-12 11:17:43
7133,11248,124,1,WITHDRAW,3,7874.857594,,,2025-04-12 11:18:55
7134,11251,259,3,REPAY,1,93.687122,,93.687122,2025-04-12 11:48:04
7135,11252,418,2,REPAY,4,0.592419,,0.592419,2025-04-12 12:00:41
7136,11253,571,3,DEPOSIT,4,4202.161313,4202.161313,,2025-04-12 12:05:53
7137,11254,301,1,REPAY,1,1188.700272,,1188.700272,2025-04-12 12:15:47
7138,11257,250,2,WITHDRAW,5,4482.812221,,,2025-04-12 12:46:17
7139,11259,58,1,REPAY,3,1041.799267,,1041.799267,2025-04-12 13:22:53
7140,11260,73,4,LIQUIDATION,3,0.006917,0.0055472345,0.006917,2025-04-12 13:33:20
7141,11262,451,1,REPAY,2,720.634163,,720.634163,2025-04-12 13:45:41
7142,11263,588,4,BORROW,4,4471.508758,5759.4529233921,4471.508758,2025-04-12 13:47:08
7143,11264,377,2,REPAY,5,3856.029022,,3856.029022,2025-04-12 13:50:14
7144,11265,143,2,REPAY,4,90.491264,,90.491264,2025-04-12 13:54:51
7145,11266,917,1,REPAY,5,1e-06,,1e-06,2025-04-12 13:55:15
7146,11267,959,1,REPAY,4,41.564808,,41.564808,2025-04-12 14:02:15
7147,11268,683,3,DEPOSIT,3,6594.102538,6594.102538,,2025-04-12 14:08:53
7148,11269,862,3,REPAY,4,2193.427673,,2193.427673,2025-04-12 14:13:27
7149,11270,606,4,REPAY,1,8.559809,,8.559809,2025-04-12 14:17:28
7150,11273,221,4,LIQUIDATION,1,904.672612,974.2783667437,904.672612,2025-04-12 14:41:40
7151,11274,796,4,BORROW,4,314.732342,666.2767511241,314.732342,2025-04-12 14:49:49
7152,11275,379,3,DEPOSIT,3,8584.392396,8584.392396,,2025-04-12 14:55:44
7153,11276,870,3,WITHDRAW,1,5271.59088,,,2025-04-12 15:01:09
7154,11277,486,4,BORROW,3,2853.36251,3957.2036438802,2853.36251,2025-04-12 15:14:49
7155,11282,522,3,DEPOSIT,2,5627.837325,5627.837325,,2025-04-12 16:54:40
7156,11284,695,1,REPAY,1,885.59523,,885.59523,2025-04-12 17:09:56
7157,11285,311,2,LIQUIDATION,2,2296.056147,2131.6323111055,2296.056147,2025-04-12 17:20:15
7158,11286,667,1,REPAY,5,0.476342,,0.476342,2025-04-12 17:23:54
7159,11289,217,3,REPAY,3,59.679846,,59.679846,2025-04-12 18:20:31
7160,11290,195,1,REPAY,1,0.053748,,0.053748,2025-04-12 18:24:54
7161,11291,433,3,BORROW,1,1177.804365,2823.1612806442,1177.804365,2025-04-12 18:33:54
7162,11292,870,1,DEPOSIT,3,5676.050664,5676.050664,,2025-04-12 18:34:06
7163,11293,771,1,BORROW,1,183.670803,316.1139613884,183.670803,2025-04-12 19:05:59
7164,11295,29,4,DEPOSIT,1,1550.460641,1550.460641,,2025-04-12 19:10:18
7165,11296,444,2,REPAY,5,58.372716,,58.372716,2025-04-12 19:21:03
7166,11297,506,1,REPAY,5,0.07546,,0.07546,2025-04-12 19:30:05
7167,11299,301,4,DEPOSIT,2,8919.916068,8919.916068,,2025-04-12 19:48:12
7168,11300,698,4,DEPOSIT,5,3684.829251,3684.829251,,2025-04-12 19:48:47
7169,11301,348,2,REPAY,3,113.989421,,113.989421,2025-04-12 19:51:39
7170,11302,292,1,REPAY,1,6.483355,,6.483355,2025-04-12 20:06:18
7171,11304,977,2,BORROW,4,5097.337887,12007.0540774315,5097.337887,2025-04-12 20:45:44
7172,11306,397,2,BORROW,5,1844.7154,2898.4925481601,1844.7154,2025-04-12 21:10:32
7173,11307,57,2,DEPOSIT,4,4792.052649,4792.052649,,2025-04-12 21:38:32
7174,11308,640,2,REPAY,2,0.30884,,0.30884,2025-04-12 21:49:43
7175,11310,421,2,REPAY,5,3021.490367,,3021.490367,2025-04-12 22:32:34
7176,11311,291,4,REPAY,1,4332.306578,,4332.306578,2025-04-12 22:53:17
7177,11312,373,4,REPAY,1,1467.244994,,1467.244994,2025-04-12 22:56:12
7178,11314,283,3,REPAY,5,0.568423,,0.568423,2025-04-12 23:08:43
7179,11315,380,4,LIQUIDATION,1,9178.278292,10523.7321328284,9178.278292,2025-04-12 23:34:47
7180,11316,22,2,REPAY,5,44.22552,,44.22552,2025-04-12 23:37:51
7181,11317,881,1,LIQUIDATION,4,565.113098,482.4989386932,565.113098,2025-04-12 23:45:06
7182,11318,217,2,REPAY,4,30.088848,,30.088848,2025-04-12 23:46:52
7183,11319,292,4,REPAY,1,2.269944,,2.269944,2025-04-12 23:53:22
7184,11320,227,3,REPAY,1,445.802578,,445.802578,2025-04-12 23:54:32
7185,11321,317,2,WITHDRAW,3,1234.483181,,,2025-04-12 23:55:54
7186,11322,971,2,WITHDRAW,5,3731.83893,,,2025-04-13 00:04:49
7187,11323,777,3,BORROW,3,3477.521218,6987.3407838059,3477.521218,2025-04-13 00:30:02
7188,11324,714,4,REPAY,2,91.479093,,91.479093,2025-04-13 00:31:06
7189,11325,434,2,DEPOSIT,5,6515.526354,6515.526354,,2025-04-13 00:41:58
7190,11326,59,2,DEPOSIT,2,6748.287362,6748.287362,,2025-04-13 00:53:38
7191,11327,396,4,BORROW,3,2965.867257,3928.6365207486,2965.867257,2025-04-13 00:54:03
7192,11328,796,1,LIQUIDATION,4,2957.570268,3438.7203455736,2957.570268,2025-04-13 01:02:18
7193,11332,161,3,BORROW,3,3320.35416,6950.9966995379,3320.35416,2025-04-13 02:06:17
7194,11334,939,1,REPAY,4,0.512883,,0.512883,2025-04-13 02:30:18
7195,11335,374,3,LIQUIDATION,5,4859.832708,5669.7558393319,4859.832708,2025-04-13 02:34:52
7196,11336,932,1,REPAY,3,45.917942,,45.917942,2025-04-13 02:40:08
7197,11339,257,3,REPAY,2,1809.999838,,1809.999838,2025-04-13 04:13:57
7198,11340,286,1,BORROW,4,4270.054476,8243.5117523867,4270.054476,2025-04-13 04:31:43
7199,11341,939,2,WITHDRAW,4,6323.684319,,,2025-04-13 04:42:42
7200,11342,419,1,REPAY,4,3564.671126,,3564.671126,2025-04-13 05:14:21
7201,11344,447,2,REPAY,4,4103.342468,,4103.342468,2025-04-13 05:25:40
7202,11347,608,3,REPAY,4,58.956841,,58.956841,2025-04-13 05:55:33
7203,11348,339,1,REPAY,4,107.875488,,107.875488,2025-04-13 06:00:02
7204,11350,321,1,WITHDRAW,1,5313.73271,,,2025-04-13 06:47:49
7205,11352,633,4,REPAY,1,0.57098,,0.57098,2025-04-13 07:03:42
7206,11355,993,3,REPAY,5,40.09792,,40.09792,2025-04-13 07:39:23
7207,11356,996,3,REPAY,4,0.711144,,0.711144,2025-04-13 07:44:45
7208,11358,382,2,REPAY,4,1717.27507,,1717.27507,2025-04-13 09:13:14
7209,11361,857,2,DEPOSIT,4,9402.157826,9402.157826,,2025-04-13 09:48:36
7210,11362,764,4,DEPOSIT,3,6007.401813,6007.401813,,2025-04-13 10:05:43
7211,11363,846,2,WITHDRAW,4,5571.407307,,,2025-04-13 10:23:31
7212,11364,903,1,REPAY,5,0.394841,,0.394841,2025-04-13 10:44:33
7213,11365,685,1,BORROW,5,8613.49717,17843.9967713064,8613.49717,2025-04-13 11:00:08
7214,11366,109,3,REPAY,4,6.573631,,6.573631,2025-04-13 11:19:31
7215,11368,3,1,REPAY,1,0.30934,,0.30934,2025-04-13 11:31:23
7216,11369,8,2,REPAY,2,362.196289,,362.196289,2025-04-13 11:41:15
7217,11371,451,1,REPAY,4,1384.575559,,1384.575559,2025-04-13 12:12:01
7218,11372,178,4,REPAY,4,1.9e-05,,1.9e-05,2025-04-13 13:10:39
7219,11373,532,1,REPAY,2,521.812217,,521.812217,2025-04-13 13:22:42
7220,11375,382,3,REPAY,3,184.371453,,184.371453,2025-04-13 13:27:54
7221,11376,754,3,WITHDRAW,1,8395.151879,,,2025-04-13 13:59:36
7222,11378,656,3,WITHDRAW,5,2524.659578,,,2025-04-13 14:30:37
7223,11380,570,4,BORROW,3,1032.704412,1634.9880571606,1032.704412,2025-04-13 16:34:01
7224,11381,600,1,REPAY,5,0.01582,,0.01582,2025-04-13 16:35:05
7225,11382,773,3,REPAY,3,0.038663,,0.038663,2025-04-13 16:40:33
7226,11384,656,4,REPAY,2,503.336915,,503.336915,2025-04-13 17:07:58
7227,11385,262,4,REPAY,3,1717.899581,,1717.899581,2025-04-13 17:24:56
7228,11386,672,3,REPAY,2,31.031081,,31.031081,2025-04-13 17:46:07
7229,11387,55,3,REPAY,2,0.63199,,0.63199,2025-04-13 17:52:56
7230,11391,566,2,REPAY,1,6992.589055,,6992.589055,2025-04-13 19:15:54
7231,11393,191,4,REPAY,5,1596.280409,,1596.280409,2025-04-13 19:27:42
7232,11395,373,3,LIQUIDATION,5,7496.653771,6716.8622360997,7496.653771,2025-04-13 20:04:35
7233,11396,612,1,WITHDRAW,3,576.791418,,,2025-04-13 20:10:20
7234,11397,301,1,BORROW,4,7177.617652,8861.127534257,7177.617652,2025-04-13 20:20:57
7235,11398,702,1,DEPOSIT,1,8063.773993,8063.773993,,2025-04-13 20:54:58
7236,11399,826,2,REPAY,1,809.26876,,809.26876,2025-04-13 21:06:52
7237,11400,968,2,REPAY,4,1.406119,,1.406119,2025-04-13 21:07:26
7238,11401,237,4,REPAY,1,427.404697,,427.404697,2025-04-13 21:13:35
7239,11402,362,4,REPAY,3,0.064279,,0.064279,2025-04-13 21:56:27
7240,11404,370,3,REPAY,1,0.029107,,0.029107,2025-04-13 22:45:13
7241,11405,236,2,REPAY,4,0.130781,,0.130781,2025-04-13 22:54:23
7242,11406,596,4,REPAY,1,144.178651,,144.178651,2025-04-13 23:09:36
7243,11407,384,1,REPAY,2,484.873848,,484.873848,2025-04-13 23:40:37
7244,11408,633,2,REPAY,4,1.668147,,1.668147,2025-04-13 23:50:27
7245,11409,501,4,LIQUIDATION,2,5785.662401,6244.6119702008,5785.662401,2025-04-13 23:57:14
7246,11410,331,3,REPAY,4,2.494092,,2.494092,2025-04-14 00:02:22
7247,11411,386,4,WITHDRAW,1,1316.631832,,,2025-04-14 00:07:41
7248,11413,246,4,BORROW,1,3790.4144,7951.8702066311,3790.4144,2025-04-14 00:18:02
7249,11416,460,4,REPAY,2,0.063736,,0.063736,2025-04-14 00:35:45
7250,11418,960,1,REPAY,3,29.650536,,29.650536,2025-04-14 01:10:25
7251,11419,840,2,REPAY,1,29.598919,,29.598919,2025-04-14 02:02:01
7252,11420,416,2,REPAY,2,227.633916,,227.633916,2025-04-14 02:06:19
7253,11422,868,3,WITHDRAW,4,3586.446253,,,2025-04-14 02:46:02
7254,11423,98,3,REPAY,5,145.996498,,145.996498,2025-04-14 02:47:48
7255,11425,191,2,REPAY,5,296.028016,,296.028016,2025-04-14 02:56:09
7256,11426,682,1,DEPOSIT,4,9006.718613,9006.718613,,2025-04-14 03:12:23
7257,11427,594,3,REPAY,4,501.184406,,501.184406,2025-04-14 03:16:47
7258,11428,137,3,WITHDRAW,3,2991.645799,,,2025-04-14 03:49:53
7259,11429,554,2,REPAY,1,840.216414,,840.216414,2025-04-14 03:53:26
7260,11430,271,4,REPAY,2,11.431038,,11.431038,2025-04-14 04:00:23
7261,11433,497,4,REPAY,5,61.875712,,61.875712,2025-04-14 05:15:07
7262,11435,97,1,REPAY,5,984.952433,,984.952433,2025-04-14 05:49:06
7263,11436,363,4,BORROW,1,5188.133988,9547.9896101699,5188.133988,2025-04-14 05:57:20
7264,11437,239,4,REPAY,1,4522.971588,,4522.971588,2025-04-14 06:11:33
7265,11438,717,3,BORROW,4,2603.266724,4746.3099690093,2603.266724,2025-04-14 06:38:40
7266,11439,726,3,REPAY,2,0.161521,,0.161521,2025-04-14 06:51:16
7267,11440,887,4,REPAY,2,0.003439,,0.003439,2025-04-14 06:59:25
7268,11442,715,1,BORROW,4,5292.929084,8149.8642540495,5292.929084,2025-04-14 07:44:43
7269,11443,154,4,REPAY,1,753.477937,,753.477937,2025-04-14 07:54:48
7270,11444,293,1,REPAY,4,9685.052283,,9685.052283,2025-04-14 08:11:07
7271,11445,512,3,REPAY,2,33.133851,,33.133851,2025-04-14 08:17:23
7272,11446,363,1,REPAY,2,1918.563907,,1918.563907,2025-04-14 08:25:11
7273,11448,344,2,LIQUIDATION,3,8309.054848,9875.0867319516,8309.054848,2025-04-14 08:36:29
7274,11451,691,2,REPAY,3,160.373304,,160.373304,2025-04-14 08:59:50
7275,11453,966,1,REPAY,3,366.231874,,366.231874,2025-04-14 09:12:42
7276,11454,292,2,LIQUIDATION,1,0.555549,0.6510738947,0.555549,2025-04-14 09:29:21
7277,11456,197,1,BORROW,2,6310.885772,13452.2709909315,6310.885772,2025-04-14 09:35:32
7278,11457,659,1,WITHDRAW,2,967.239086,,,2025-04-14 09:40:08
7279,11458,968,3,REPAY,1,1.051185,,1.051185,2025-04-14 09:43:37
7280,11459,647,2,REPAY,2,0.524432,,0.524432,2025-04-14 09:53:05
7281,11460,563,2,BORROW,1,8435.252329,12218.5777699888,8435.252329,2025-04-14 10:24:07
7282,11461,969,4,DEPOSIT,1,3575.417082,3575.417082,,2025-04-14 10:39:07
7283,11463,144,1,DEPOSIT,2,4266.746562,4266.746562,,2025-04-14 11:09:26
7284,11465,641,2,REPAY,1,39.499403,,39.499403,2025-04-14 11:41:14
7285,11466,999,4,REPAY,3,1080.10718,,1080.10718,2025-04-14 11:46:50
7286,11467,33,2,LIQUIDATION,3,12922.782585,11771.0052079498,12922.782585,2025-04-14 12:33:07
7287,11469,497,1,WITHDRAW,2,231.018598,,,2025-04-14 12:53:53
7288,11470,637,2,WITHDRAW,5,7192.718358,,,2025-04-14 12:54:37
7289,11471,978,1,REPAY,1,0.064574,,0.064574,2025-04-14 12:55:09
7290,11472,795,4,REPAY,3,6634.654875,,6634.654875,2025-04-14 13:18:18
7291,11473,921,1,REPAY,3,138.667042,,138.667042,2025-04-14 13:55:36
7292,11474,281,4,LIQUIDATION,3,5243.726215,5630.2701841938,5243.726215,2025-04-14 14:08:11
7293,11480,134,4,BORROW,3,5452.119861,10648.74357136,5452.119861,2025-04-14 14:33:30
7294,11481,37,3,WITHDRAW,3,9105.774175,,,2025-04-14 14:35:48
7295,11484,547,2,BORROW,5,9487.915562,22683.2759221564,9487.915562,2025-04-14 15:10:25
7296,11485,568,4,REPAY,2,1716.303595,,1716.303595,2025-04-14 15:33:05
7297,11486,472,4,REPAY,2,0.00809,,0.00809,2025-04-14 15:36:26
7298,11488,515,4,REPAY,4,301.074349,,301.074349,2025-04-14 16:09:23
7299,11489,903,1,REPAY,4,0.202873,,0.202873,2025-04-14 16:10:02
7300,11490,633,4,DEPOSIT,3,4790.988659,4790.988659,,2025-04-14 16:20:27
7301,11491,77,3,REPAY,3,5021.216021,,5021.216021,2025-04-14 16:32:21
7302,11492,655,4,REPAY,4,2884.78129,,2884.78129,2025-04-14 17:02:11
7303,11493,755,4,BORROW,2,2912.571353,6385.8122988553,2912.571353,2025-04-14 17:05:51
7304,11494,188,1,REPAY,1,4593.236307,,4593.236307,2025-04-14 17:09:25
7305,11495,180,1,BORROW,1,5912.239836,14772.9632345565,5912.239836,2025-04-14 17:24:59
7306,11496,284,4,REPAY,4,9.728626,,9.728626,2025-04-14 17:29:11
7307,11499,685,2,REPAY,3,3583.632147,,3583.632147,2025-04-14 18:19:57
7308,11500,12,1,REPAY,1,4.8e-05,,4.8e-05,2025-04-14 18:22:21
7309,11501,916,1,BORROW,5,6228.227401,10172.7257316924,6228.227401,2025-04-14 18:34:45
7310,11502,324,4,WITHDRAW,3,9519.826654,,,2025-04-14 18:35:43
7311,11505,598,2,LIQUIDATION,1,659.405614,595.8739109385,659.405614,2025-04-14 19:09:08
7312,11506,260,1,REPAY,2,34.86613,,34.86613,2025-04-14 19:23:34
7313,11508,661,3,REPAY,4,0.107686,,0.107686,2025-04-14 19:34:48
7314,11510,203,4,REPAY,4,0.014171,,0.014171,2025-04-14 20:02:18
7315,11513,827,3,BORROW,4,727.855501,1641.200196626,727.855501,2025-04-14 20:30:31
7316,11514,890,4,REPAY,2,1.730013,,1.730013,2025-04-14 20:51:52
7317,11515,870,1,DEPOSIT,2,66.314527,66.314527,,2025-04-14 21:08:39
7318,11516,498,1,DEPOSIT,4,7561.285212,7561.285212,,2025-04-14 21:12:42
7319,11519,181,4,REPAY,4,9.833243,,9.833243,2025-04-14 21:44:29
7320,11520,266,2,WITHDRAW,1,8822.235221,,,2025-04-14 21:49:12
7321,11521,895,2,REPAY,1,321.303651,,321.303651,2025-04-14 21:59:25
7322,11523,827,2,BORROW,5,2951.939371,3622.8257225304,2951.939371,2025-04-14 22:41:52
7323,11524,414,1,WITHDRAW,2,8746.959203,,,2025-04-14 22:45:23
7324,11525,708,3,WITHDRAW,2,1855.04382,,,2025-04-14 22:57:28
7325,11526,629,1,DEPOSIT,5,2047.042161,2047.042161,,2025-04-14 23:13:30
7326,11527,710,4,REPAY,1,4.453618,,4.453618,2025-04-14 23:27:48
7327,11528,498,4,LIQUIDATION,1,151.581005,132.9873543579,151.581005,2025-04-14 23:29:00
7328,11529,675,2,BORROW,5,4019.114625,8837.7793767156,4019.114625,2025-04-14 23:38:24
7329,11530,583,1,DEPOSIT,2,2488.823925,2488.823925,,2025-04-14 23:40:40
7330,11531,613,4,REPAY,5,465.354962,,465.354962,2025-04-15 00:05:27
7331,11533,38,4,DEPOSIT,4,4600.078684,4600.078684,,2025-04-15 00:13:58
7332,11534,277,4,REPAY,5,44.977106,,44.977106,2025-04-15 00:14:33
7333,11537,261,3,REPAY,4,0.028665,,0.028665,2025-04-15 00:43:13
7334,11538,745,4,BORROW,1,9753.683336,24177.543455323,9753.683336,2025-04-15 01:10:03
7335,11539,934,2,DEPOSIT,5,3552.266235,3552.266235,,2025-04-15 01:24:26
7336,11542,873,3,REPAY,1,0.336347,,0.336347,2025-04-15 01:43:39
7337,11543,426,1,LIQUIDATION,5,17942.83084,21118.2486969583,17942.83084,2025-04-15 02:00:07
7338,11544,880,4,REPAY,4,3.490149,,3.490149,2025-04-15 02:25:47
7339,11545,252,3,BORROW,1,9497.04014,19834.2926626755,9497.04014,2025-04-15 02:41:01
7340,11546,527,4,REPAY,4,2.14707,,2.14707,2025-04-15 02:47:13
7341,11547,302,2,DEPOSIT,1,6728.094391,6728.094391,,2025-04-15 02:55:53
7342,11549,579,4,REPAY,3,12.993206,,12.993206,2025-04-15 03:35:15
7343,11550,320,4,WITHDRAW,2,8809.116603,,,2025-04-15 03:45:33
7344,11551,268,1,REPAY,3,2.6e-05,,2.6e-05,2025-04-15 03:53:00
7345,11552,584,3,BORROW,2,5831.967527,11206.5625535726,5831.967527,2025-04-15 03:55:58
7346,11553,718,2,REPAY,5,396.488183,,396.488183,2025-04-15 04:03:08
7347,11554,597,3,WITHDRAW,4,9051.965582,,,2025-04-15 04:33:26
7348,11555,991,2,REPAY,1,3.086036,,3.086036,2025-04-15 04:34:23
7349,11556,267,4,BORROW,3,3554.601786,6477.153537138,3554.601786,2025-04-15 05:01:03
7350,11558,953,1,REPAY,1,51.397091,,51.397091,2025-04-15 05:19:48
7351,11563,337,2,REPAY,1,1453.870672,,1453.870672,2025-04-15 06:46:08
7352,11564,314,2,REPAY,4,7.055913,,7.055913,2025-04-15 07:11:27
7353,11565,939,3,REPAY,3,0.114103,,0.114103,2025-04-15 07:18:35
7354,11567,948,3,REPAY,1,2.471502,,2.471502,2025-04-15 07:48:21
7355,11572,360,4,REPAY,3,327.005289,,327.005289,2025-04-15 08:37:17
7356,11573,522,3,DEPOSIT,1,1109.25086,1109.25086,,2025-04-15 08:58:59
7357,11574,273,1,REPAY,4,30.038109,,30.038109,2025-04-15 09:00:50
7358,11576,717,1,LIQUIDATION,2,2603.266724,2858.3998415526,2603.266724,2025-04-15 09:12:12
7359,11577,259,2,REPAY,1,552.686481,,552.686481,2025-04-15 09:21:00
7360,11578,462,3,REPAY,4,0.000106,,0.000106,2025-04-15 09:21:49
7361,11579,889,1,REPAY,5,2459.373223,,2459.373223,2025-04-15 09:24:58
7362,11581,997,1,REPAY,4,332.206979,,332.206979,2025-04-15 09:28:18
7363,11582,383,2,REPAY,3,2088.110227,,2088.110227,2025-04-15 09:39:20
7364,11583,70,1,DEPOSIT,5,1108.264851,1108.264851,,2025-04-15 09:59:57
7365,11584,980,1,REPAY,4,6178.086333,,6178.086333,2025-04-15 10:00:37
7366,11585,954,4,REPAY,4,1601.712124,,1601.712124,2025-04-15 10:02:18
7367,11586,945,2,REPAY,5,0.026254,,0.026254,2025-04-15 10:06:58
7368,11587,249,2,REPAY,1,2183.235339,,2183.235339,2025-04-15 10:39:06
7369,11592,366,3,REPAY,3,0.565233,,0.565233,2025-04-15 11:01:22
7370,11595,841,1,BORROW,4,1681.133085,2609.123470579,1681.133085,2025-04-15 11:52:27
7371,11596,50,1,BORROW,5,9666.184773,21038.1302866967,9666.184773,2025-04-15 12:14:16
7372,11598,691,1,REPAY,3,19.755662,,19.755662,2025-04-15 12:26:49
7373,11599,692,3,DEPOSIT,5,2185.946884,2185.946884,,2025-04-15 12:32:43
7374,11600,183,1,DEPOSIT,3,5754.576572,5754.576572,,2025-04-15 12:37:36
7375,11601,371,3,LIQUIDATION,4,0.533284,0.628622731,0.533284,2025-04-15 13:06:20
7376,11603,988,2,BORROW,2,251.126018,337.7353475278,251.126018,2025-04-15 13:12:15
7377,11604,264,2,REPAY,4,7602.969656,,7602.969656,2025-04-15 13:18:14
7378,11605,581,1,REPAY,4,1005.020357,,1005.020357,2025-04-15 13:57:18
7379,11606,211,2,BORROW,2,592.408095,1280.0310335377,592.408095,2025-04-15 13:58:35
7380,11608,391,1,LIQUIDATION,2,9004.260897,8749.9798926926,9004.260897,2025-04-15 14:08:31
7381,11609,847,3,REPAY,1,393.987302,,393.987302,2025-04-15 14:17:16
7382,11610,721,1,REPAY,5,1874.301068,,1874.301068,2025-04-15 14:44:38
7383,11611,532,3,REPAY,3,648.490841,,648.490841,2025-04-15 14:50:36
7384,11612,77,2,REPAY,4,122.49075,,122.49075,2025-04-15 15:02:01
7385,11614,612,3,WITHDRAW,3,7318.913154,,,2025-04-15 15:46:12
7386,11615,451,4,REPAY,5,203.189018,,203.189018,2025-04-15 15:50:13
7387,11616,443,1,REPAY,4,2.959685,,2.959685,2025-04-15 16:28:46
7388,11617,997,3,REPAY,5,227.629574,,227.629574,2025-04-15 16:39:23
7389,11618,750,2,REPAY,1,5541.409421,,5541.409421,2025-04-15 16:50:28
7390,11620,239,4,REPAY,4,45.851136,,45.851136,2025-04-15 17:15:44
7391,11623,225,3,WITHDRAW,5,9453.483675,,,2025-04-15 17:45:02
7392,11624,665,3,REPAY,2,44.882332,,44.882332,2025-04-15 18:03:10
7393,11626,980,1,LIQUIDATION,1,104.749409,109.8117606915,104.749409,2025-04-15 18:46:37
7394,11627,754,2,BORROW,4,7087.993018,10586.4172290326,7087.993018,2025-04-15 18:52:33
7395,11629,505,4,REPAY,3,3.405757,,3.405757,2025-04-15 19:04:39
7396,11630,543,3,REPAY,1,93.115838,,93.115838,2025-04-15 19:17:26
7397,11631,19,1,REPAY,5,925.511353,,925.511353,2025-04-15 19:27:46
7398,11632,946,2,LIQUIDATION,4,1191.561635,1121.6632223824,1191.561635,2025-04-15 19:29:52
7399,11633,513,2,LIQUIDATION,2,4370.914499,4665.6866222439,4370.914499,2025-04-15 19:47:20
7400,11634,299,4,REPAY,1,1.142037,,1.142037,2025-04-15 19:57:38
7401,11635,142,3,BORROW,3,2965.126516,3575.4724603464,2965.126516,2025-04-15 20:15:17
7402,11636,88,3,DEPOSIT,5,6284.43519,6284.43519,,2025-04-15 20:16:06
7403,11637,170,3,REPAY,2,391.741604,,391.741604,2025-04-15 20:20:17
7404,11638,847,4,BORROW,4,7544.233109,11122.8006166145,7544.233109,2025-04-15 20:31:03
7405,11641,278,3,REPAY,4,33.516496,,33.516496,2025-04-15 21:10:56
7406,11642,872,4,REPAY,4,41.005785,,41.005785,2025-04-15 21:41:18
7407,11644,252,2,LIQUIDATION,2,12636.28517,13502.0813975158,12636.28517,2025-04-15 22:37:54
7408,11645,126,3,REPAY,2,109.771015,,109.771015,2025-04-15 22:38:21
7409,11646,449,3,REPAY,3,0.000785,,0.000785,2025-04-15 23:02:51
7410,11647,264,1,BORROW,5,5017.255254,12368.7755679147,5017.255254,2025-04-15 23:05:23
7411,11648,784,3,REPAY,1,1736.866769,,1736.866769,2025-04-15 23:09:18
7412,11651,889,1,REPAY,2,278.160033,,278.160033,2025-04-15 23:18:17
7413,11653,86,2,REPAY,1,0.058007,,0.058007,2025-04-15 23:41:42
7414,11654,239,4,REPAY,1,0.959939,,0.959939,2025-04-16 00:09:40
7415,11655,232,4,REPAY,4,0.603784,,0.603784,2025-04-16 00:15:54
7416,11656,133,1,WITHDRAW,4,6056.968385,,,2025-04-16 00:24:40
7417,11657,59,3,REPAY,5,0.000526,,0.000526,2025-04-16 01:13:00
7418,11658,575,3,DEPOSIT,4,4376.033008,4376.033008,,2025-04-16 01:19:18
7419,11659,713,1,REPAY,1,103.792771,,103.792771,2025-04-16 01:54:44
7420,11660,882,2,REPAY,3,3745.247463,,3745.247463,2025-04-16 02:00:16
7421,11661,353,2,REPAY,4,1.189554,,1.189554,2025-04-16 02:02:41
7422,11662,8,4,REPAY,1,373.014501,,373.014501,2025-04-16 02:27:07
7423,11663,811,2,BORROW,3,1160.510498,2801.3560359895,1160.510498,2025-04-16 02:53:30
7424,11664,155,1,REPAY,3,802.862363,,802.862363,2025-04-16 03:11:46
7425,11667,267,3,REPAY,2,1257.431792,,1257.431792,2025-04-16 03:22:36
7426,11668,475,2,BORROW,5,7994.529992,10233.4666593881,7994.529992,2025-04-16 03:27:05
7427,11669,836,1,REPAY,2,41.579398,,41.579398,2025-04-16 03:47:00
7428,11671,567,3,BORROW,3,3457.120809,7206.9562355046,3457.120809,2025-04-16 03:53:21
7429,11672,292,1,WITHDRAW,3,1241.53531,,,2025-04-16 04:04:00
7430,11674,525,1,WITHDRAW,1,3196.285784,,,2025-04-16 04:31:02
7431,11675,596,2,REPAY,2,523.269323,,523.269323,2025-04-16 04:52:27
7432,11676,887,1,REPAY,4,0.002547,,0.002547,2025-04-16 05:07:51
7433,11678,109,2,REPAY,4,19.271592,,19.271592,2025-04-16 06:29:01
7434,11679,521,1,DEPOSIT,1,6759.608712,6759.608712,,2025-04-16 06:32:27
7435,11680,316,4,LIQUIDATION,2,2851.806138,2557.6477598753,2851.806138,2025-04-16 06:42:06
7436,11681,246,2,REPAY,4,1308.447524,,1308.447524,2025-04-16 06:59:32
7437,11682,267,3,BORROW,2,2899.418642,5495.5674463129,2899.418642,2025-04-16 07:37:19
7438,11684,855,4,BORROW,3,2397.461377,3549.0201994194,2397.461377,2025-04-16 07:55:50
7439,11685,762,3,REPAY,3,10.451969,,10.451969,2025-04-16 07:56:41
7440,11687,102,4,REPAY,3,96.091915,,96.091915,2025-04-16 08:11:36
7441,11688,662,4,WITHDRAW,5,1879.689136,,,2025-04-16 08:22:01
7442,11689,484,2,DEPOSIT,1,7970.833296,7970.833296,,2025-04-16 09:19:26
7443,11690,70,2,WITHDRAW,2,2804.759333,,,2025-04-16 09:23:28
7444,11691,461,3,DEPOSIT,3,7038.469403,7038.469403,,2025-04-16 09:27:30
7445,11693,243,1,REPAY,1,0.002875,,0.002875,2025-04-16 10:42:23
7446,11694,113,4,REPAY,1,5399.268027,,5399.268027,2025-04-16 10:56:13
7447,11695,967,1,REPAY,5,3.102064,,3.102064,2025-04-16 11:03:29
7448,11696,128,1,LIQUIDATION,5,565.353153,524.1467617588,565.353153,2025-04-16 11:08:56
7449,11697,938,3,REPAY,4,12.542576,,12.542576,2025-04-16 11:27:10
7450,11698,372,3,REPAY,1,0.330558,,0.330558,2025-04-16 11:27:28
7451,11699,636,4,BORROW,5,4262.383153,8506.3890303035,4262.383153,2025-04-16 11:49:10
7452,11700,748,1,DEPOSIT,5,2285.419761,2285.419761,,2025-04-16 11:57:49
7453,11701,220,1,REPAY,3,135.736879,,135.736879,2025-04-16 12:02:56
7454,11705,945,3,REPAY,4,0.022676,,0.022676,2025-04-16 13:01:00
7455,11707,829,1,BORROW,5,9136.00592,18798.6383380593,9136.00592,2025-04-16 13:27:19
7456,11709,486,1,REPAY,4,569.934661,,569.934661,2025-04-16 13:34:29
7457,11714,515,3,BORROW,1,624.199159,994.591276716,624.199159,2025-04-16 15:36:46
7458,11715,70,1,BORROW,3,2336.415953,4937.8729791334,2336.415953,2025-04-16 15:48:39
7459,11716,561,3,REPAY,1,6.755751,,6.755751,2025-04-16 16:51:18
7460,11717,633,3,REPAY,4,0.901685,,0.901685,2025-04-16 17:12:20
7461,11718,492,3,REPAY,4,3871.378429,,3871.378429,2025-04-16 17:12:51
7462,11720,88,2,REPAY,2,51.305963,,51.305963,2025-04-16 17:38:12
7463,11721,408,3,REPAY,2,0.311528,,0.311528,2025-04-16 17:40:45
7464,11722,671,2,DEPOSIT,2,7984.744169,7984.744169,,2025-04-16 18:12:58
7465,11723,563,2,LIQUIDATION,5,8435.252329,7920.4410750187,8435.252329,2025-04-16 18:38:35
7466,11724,84,1,REPAY,3,0.044228,,0.044228,2025-04-16 19:29:40
7467,11726,817,4,REPAY,4,0.024217,,0.024217,2025-04-16 20:26:15
7468,11727,316,1,DEPOSIT,4,6471.187317,6471.187317,,2025-04-16 22:34:31
7469,11728,59,3,REPAY,3,0.0,,0.0,2025-04-16 22:37:16
7470,11729,683,4,DEPOSIT,4,6479.535091,6479.535091,,2025-04-16 22:37:40
7471,11732,950,1,REPAY,5,367.881132,,367.881132,2025-04-16 23:12:59
7472,11733,997,4,REPAY,5,496.245838,,496.245838,2025-04-16 23:15:37
7473,11734,213,1,REPAY,1,458.65031,,458.65031,2025-04-16 23:21:22
7474,11735,452,1,REPAY,3,24.970756,,24.970756,2025-04-16 23:45:19
7475,11736,652,4,LIQUIDATION,5,3395.172255,3716.1275439878,3395.172255,2025-04-16 23:58:57
7476,11738,140,3,REPAY,1,2.012847,,2.012847,2025-04-17 00:16:20
7477,11740,590,1,REPAY,4,248.719242,,248.719242,2025-04-17 00:39:57
7478,11741,788,2,REPAY,2,268.448501,,268.448501,2025-04-17 00:56:46
7479,11742,838,2,DEPOSIT,3,2219.556698,2219.556698,,2025-04-17 01:13:22
7480,11744,942,4,REPAY,2,541.181451,,541.181451,2025-04-17 01:49:03
7481,11745,548,1,REPAY,2,1057.857967,,1057.857967,2025-04-17 02:11:26
7482,11746,167,4,WITHDRAW,4,8647.559613,,,2025-04-17 02:12:16
7483,11747,664,1,REPAY,4,0.008356,,0.008356,2025-04-17 02:26:30
7484,11750,275,3,REPAY,1,0.310601,,0.310601,2025-04-17 03:05:25
7485,11751,620,2,REPAY,5,0.266872,,0.266872,2025-04-17 03:09:02
7486,11752,958,4,DEPOSIT,3,8810.008749,8810.008749,,2025-04-17 03:14:34
7487,11753,673,4,REPAY,3,1731.742437,,1731.742437,2025-04-17 03:15:04
7488,11755,144,1,DEPOSIT,2,7990.402344,7990.402344,,2025-04-17 03:16:17
7489,11756,417,4,REPAY,4,21.007747,,21.007747,2025-04-17 03:24:40
7490,11757,47,1,DEPOSIT,1,1861.06541,1861.06541,,2025-04-17 03:26:02
7491,11758,653,2,REPAY,2,0.824801,,0.824801,2025-04-17 03:34:56
7492,11760,866,3,WITHDRAW,4,8362.895692,,,2025-04-17 03:53:46
7493,11761,893,1,REPAY,4,5.822735,,5.822735,2025-04-17 04:10:14
7494,11763,431,2,REPAY,4,0.002683,,0.002683,2025-04-17 05:36:04
7495,11765,551,4,BORROW,2,568.129253,898.2652322923,568.129253,2025-04-17 05:50:19
7496,11766,631,1,REPAY,1,30.198046,,30.198046,2025-04-17 05:55:58
7497,11767,581,3,REPAY,5,2631.595833,,2631.595833,2025-04-17 06:29:56
7498,11768,429,1,BORROW,4,6166.245496,15210.7750779839,6166.245496,2025-04-17 06:31:14
7499,11769,835,1,REPAY,5,70.328385,,70.328385,2025-04-17 06:39:07
7500,11770,640,3,REPAY,2,0.907324,,0.907324,2025-04-17 06:47:48
7501,11772,732,4,REPAY,2,21.925429,,21.925429,2025-04-17 07:42:31
7502,11774,592,3,REPAY,4,3.011585,,3.011585,2025-04-17 08:03:34
7503,11775,883,4,BORROW,5,3669.250169,8698.7580053825,3669.250169,2025-04-17 08:13:49
7504,11776,765,3,REPAY,4,4.6e-05,,4.6e-05,2025-04-17 08:25:23
7505,11777,428,1,WITHDRAW,5,3137.875066,,,2025-04-17 08:35:46
7506,11778,52,4,REPAY,1,4.411084,,4.411084,2025-04-17 08:57:39
7507,11779,84,3,DEPOSIT,3,9704.594104,9704.594104,,2025-04-17 09:35:56
7508,11781,958,4,REPAY,4,0.000462,,0.000462,2025-04-17 09:46:26
7509,11782,636,3,LIQUIDATION,3,13159.729725,13670.5247934386,13159.729725,2025-04-17 09:48:19
7510,11783,113,2,REPAY,5,4628.634296,,4628.634296,2025-04-17 09:54:42
7511,11785,589,3,LIQUIDATION,5,9831.107179,11495.972943957,9831.107179,2025-04-17 10:34:31
7512,11786,811,4,REPAY,2,971.180968,,971.180968,2025-04-17 10:51:14
7513,11787,300,2,DEPOSIT,3,6204.509761,6204.509761,,2025-04-17 10:57:03
7514,11788,68,4,WITHDRAW,2,1447.851388,,,2025-04-17 11:35:01
7515,11789,178,3,REPAY,4,8e-06,,8e-06,2025-04-17 11:51:44
7516,11790,752,2,REPAY,1,3167.932448,,3167.932448,2025-04-17 11:53:11
7517,11791,711,1,REPAY,1,9.534703,,9.534703,2025-04-17 12:02:58
7518,11792,751,2,REPAY,2,1.087908,,1.087908,2025-04-17 12:24:22
7519,11794,241,1,LIQUIDATION,5,4586.847086,5010.5476851198,4586.847086,2025-04-17 13:20:41
7520,11795,13,4,BORROW,4,3210.668126,4528.8525578079,3210.668126,2025-04-17 13:35:37
7521,11796,292,4,DEPOSIT,4,5803.90682,5803.90682,,2025-04-17 13:48:46
7522,11797,423,1,DEPOSIT,3,1019.462274,1019.462274,,2025-04-17 13:49:53
7523,11802,543,1,REPAY,3,244.14962,,244.14962,2025-04-17 15:48:26
7524,11803,939,1,REPAY,1,0.074366,,0.074366,2025-04-17 16:06:23
7525,11804,997,1,REPAY,1,59.99651,,59.99651,2025-04-17 16:13:46
7526,11805,769,3,WITHDRAW,5,8166.321797,,,2025-04-17 17:03:53
7527,11808,786,1,REPAY,3,9.950208,,9.950208,2025-04-17 17:36:48
7528,11809,827,2,BORROW,2,1385.623664,2872.8233495678,1385.623664,2025-04-17 17:37:21
7529,11810,471,1,DEPOSIT,2,7456.178591,7456.178591,,2025-04-17 17:54:34
7530,11811,533,2,REPAY,1,0.865152,,0.865152,2025-04-17 18:23:21
7531,11814,334,1,BORROW,4,6704.021021,14331.6211987928,6704.021021,2025-04-17 19:01:29
7532,11815,559,2,REPAY,5,64.352222,,64.352222,2025-04-17 19:09:21
7533,11817,707,2,REPAY,4,5.690636,,5.690636,2025-04-17 19:30:49
7534,11818,343,2,LIQUIDATION,2,61.757641,52.9762822116,61.757641,2025-04-17 19:33:53
7535,11819,224,4,REPAY,2,90.816551,,90.816551,2025-04-17 19:38:52
7536,11822,742,1,WITHDRAW,2,499.962579,,,2025-04-17 19:55:56
7537,11825,259,2,REPAY,2,13.085092,,13.085092,2025-04-17 20:47:51
7538,11827,262,4,BORROW,4,3796.787058,7977.178370275,3796.787058,2025-04-17 21:21:06
7539,11828,737,3,LIQUIDATION,3,3948.76542,4512.4209672385,3948.76542,2025-04-17 21:22:52
7540,11829,632,3,BORROW,1,8342.062176,18763.0770816245,8342.062176,2025-04-17 21:29:43
7541,11830,480,3,REPAY,1,773.350114,,773.350114,2025-04-17 21:29:44
7542,11833,959,3,REPAY,1,8.551883,,8.551883,2025-04-17 22:10:48
7543,11835,934,4,BORROW,5,5688.149165,9065.2974939061,5688.149165,2025-04-17 22:28:35
7544,11836,792,3,REPAY,4,1695.910346,,1695.910346,2025-04-17 23:06:25
7545,11837,951,3,LIQUIDATION,5,1.895147,1.8078868927,1.895147,2025-04-17 23:16:35
7546,11838,588,4,LIQUIDATION,2,6466.8939,5942.6947011281,6466.8939,2025-04-17 23:39:34
7547,11839,687,2,LIQUIDATION,2,522.168992,612.0990299713,522.168992,2025-04-17 23:49:10
7548,11840,126,4,REPAY,4,16.125582,,16.125582,2025-04-18 00:22:18
7549,11841,648,3,DEPOSIT,2,9928.098141,9928.098141,,2025-04-18 00:54:00
7550,11842,569,2,REPAY,2,46.82807,,46.82807,2025-04-18 01:15:36
7551,11844,541,3,LIQUIDATION,3,2348.080863,2321.7921076924,2348.080863,2025-04-18 01:44:14
7552,11845,600,3,REPAY,2,0.006482,,0.006482,2025-04-18 01:49:40
7553,11847,614,1,WITHDRAW,3,2133.407947,,,2025-04-18 02:01:34
7554,11849,249,2,REPAY,2,75.464237,,75.464237,2025-04-18 02:10:41
7555,11850,559,2,REPAY,2,336.669595,,336.669595,2025-04-18 02:22:23
7556,11852,224,2,REPAY,4,61.865784,,61.865784,2025-04-18 02:36:51
7557,11853,113,4,REPAY,3,1770.103811,,1770.103811,2025-04-18 02:41:40
7558,11854,761,4,DEPOSIT,3,8123.541057,8123.541057,,2025-04-18 02:50:43
7559,11855,114,3,WITHDRAW,1,542.986032,,,2025-04-18 02:51:39
7560,11856,383,4,REPAY,5,184.67193,,184.67193,2025-04-18 02:58:35
7561,11858,453,1,BORROW,5,3901.95254,8164.0397352282,3901.95254,2025-04-18 03:04:05
7562,11860,855,4,LIQUIDATION,2,2397.461377,2491.3610585722,2397.461377,2025-04-18 03:30:19
7563,11862,149,2,LIQUIDATION,1,564.195638,453.309621188,564.195638,2025-04-18 04:05:18
7564,11863,809,3,DEPOSIT,1,8879.405773,8879.405773,,2025-04-18 04:23:34
7565,11864,751,4,DEPOSIT,2,3028.264432,3028.264432,,2025-04-18 04:44:22
7566,11865,21,2,REPAY,3,0.061162,,0.061162,2025-04-18 04:45:32
7567,11867,626,1,REPAY,3,18.951788,,18.951788,2025-04-18 04:50:08
7568,11868,811,2,REPAY,5,31.497236,,31.497236,2025-04-18 04:52:33
7569,11869,264,4,LIQUIDATION,5,6200.280389,6713.7928760919,6200.280389,2025-04-18 04:59:43
7570,11871,627,1,REPAY,5,1.049921,,1.049921,2025-04-18 05:12:35
7571,11873,469,1,WITHDRAW,1,9938.587921,,,2025-04-18 06:49:04
7572,11875,41,4,REPAY,5,0.021124,,0.021124,2025-04-18 07:46:31
7573,11876,677,3,REPAY,5,1290.022046,,1290.022046,2025-04-18 07:53:55
7574,11877,184,4,REPAY,2,1946.124001,,1946.124001,2025-04-18 08:01:06
7575,11878,125,1,DEPOSIT,2,3354.017222,3354.017222,,2025-04-18 08:01:40
7576,11879,275,4,REPAY,4,0.031975,,0.031975,2025-04-18 08:20:45
7577,11881,145,4,REPAY,4,1669.868155,,1669.868155,2025-04-18 08:32:11
7578,11883,381,4,BORROW,4,5136.163564,11027.5721070586,5136.163564,2025-04-18 08:43:35
7579,11884,244,3,REPAY,5,935.107201,,935.107201,2025-04-18 08:43:56
7580,11886,483,3,REPAY,2,7.6e-05,,7.6e-05,2025-04-18 09:00:24
7581,11896,188,4,REPAY,1,1025.385713,,1025.385713,2025-04-18 10:37:07
7582,11897,265,4,REPAY,1,46.667382,,46.667382,2025-04-18 11:00:54
7583,11898,499,4,REPAY,3,8178.846046,,8178.846046,2025-04-18 11:04:00
7584,11899,405,1,REPAY,2,42.272634,,42.272634,2025-04-18 11:04:01
7585,11900,702,3,DEPOSIT,4,1763.658239,1763.658239,,2025-04-18 11:36:34
7586,11901,397,3,LIQUIDATION,3,8838.202377,9661.7846705363,8838.202377,2025-04-18 11:52:37
7587,11903,667,3,REPAY,3,0.058867,,0.058867,2025-04-18 12:00:41
7588,11904,418,2,REPAY,1,1.290204,,1.290204,2025-04-18 12:15:26
7589,11905,690,4,BORROW,5,3506.337431,5768.2084293735,3506.337431,2025-04-18 12:49:12
7590,11906,881,4,BORROW,1,1856.378167,4404.0723293526,1856.378167,2025-04-18 13:12:25
7591,11907,595,4,DEPOSIT,5,3731.864054,3731.864054,,2025-04-18 13:26:06
7592,11908,605,4,REPAY,4,668.265306,,668.265306,2025-04-18 13:55:37
7593,11909,474,4,BORROW,5,5501.254238,11628.7730236782,5501.254238,2025-04-18 14:09:59
7594,11910,546,1,REPAY,2,8.295253,,8.295253,2025-04-18 14:10:40
7595,11911,282,1,REPAY,2,215.333349,,215.333349,2025-04-18 14:21:03
7596,11913,424,2,REPAY,3,0.000441,,0.000441,2025-04-18 14:34:18
7597,11914,282,3,REPAY,2,1150.702017,,1150.702017,2025-04-18 14:51:05
7598,11915,738,4,LIQUIDATION,4,2519.470694,2835.1352935383,2519.470694,2025-04-18 15:08:58
7599,11916,234,4,WITHDRAW,4,2151.337886,,,2025-04-18 15:14:46
7600,11917,759,4,LIQUIDATION,2,6933.858987,7228.2620131649,6933.858987,2025-04-18 15:58:46
7601,11918,339,4,REPAY,4,26.692245,,26.692245,2025-04-18 16:02:34
7602,11919,86,1,REPAY,2,0.056838,,0.056838,2025-04-18 16:10:49
7603,11920,159,2,REPAY,4,0.000444,,0.000444,2025-04-18 16:15:07
7604,11921,705,3,WITHDRAW,1,6384.452858,,,2025-04-18 16:23:50
7605,11923,917,3,WITHDRAW,5,3378.211789,,,2025-04-18 17:03:00
7606,11924,255,3,DEPOSIT,4,9945.889035,9945.889035,,2025-04-18 17:07:26
7607,11925,304,1,WITHDRAW,1,565.91192,,,2025-04-18 17:11:26
7608,11926,346,3,REPAY,4,0.020925,,0.020925,2025-04-18 17:16:32
7609,11929,765,2,REPAY,5,0.00021,,0.00021,2025-04-18 18:04:48
7610,11930,222,2,BORROW,2,6306.630478,11689.1814825256,6306.630478,2025-04-18 18:12:17
7611,11931,155,4,REPAY,3,1898.59748,,1898.59748,2025-04-18 18:48:45
7612,11932,587,4,REPAY,5,274.667104,,274.667104,2025-04-18 18:53:46
7613,11933,218,4,REPAY,4,4980.577507,,4980.577507,2025-04-18 19:11:49
7614,11934,200,2,DEPOSIT,1,4301.458798,4301.458798,,2025-04-18 19:18:47
7615,11935,949,1,REPAY,1,1.844056,,1.844056,2025-04-18 20:04:19
7616,11937,366,2,REPAY,1,0.257204,,0.257204,2025-04-18 20:27:07
7617,11940,766,3,REPAY,2,2259.209002,,2259.209002,2025-04-18 22:01:01
7618,11941,425,4,BORROW,4,7552.302793,11083.3269528175,7552.302793,2025-04-18 22:10:19
7619,11943,590,3,LIQUIDATION,3,80.935194,87.871463506,80.935194,2025-04-18 22:27:06
7620,11944,221,1,BORROW,2,4664.680436,8038.6197002994,4664.680436,2025-04-18 22:55:56
7621,11946,944,2,BORROW,1,5267.922057,9151.9125397797,5267.922057,2025-04-18 23:50:46
7622,11948,867,1,REPAY,2,132.373037,,132.373037,2025-04-19 00:39:12
7623,11950,828,4,BORROW,1,3864.231678,8235.8727200274,3864.231678,2025-04-19 01:11:45
7624,11952,300,4,WITHDRAW,5,9379.853085,,,2025-04-19 01:19:47
7625,11953,377,4,REPAY,2,131.264925,,131.264925,2025-04-19 01:22:49
7626,11955,826,3,LIQUIDATION,1,383.039842,423.6874781771,383.039842,2025-04-19 01:58:59
7627,11956,195,2,REPAY,4,0.002624,,0.002624,2025-04-19 02:15:14
7628,11957,835,1,REPAY,5,10.449,,10.449,2025-04-19 02:17:27
7629,11958,961,2,REPAY,4,462.551465,,462.551465,2025-04-19 02:29:40
7630,11960,113,4,DEPOSIT,3,3677.679696,3677.679696,,2025-04-19 03:31:55
7631,11962,731,1,DEPOSIT,5,8770.173629,8770.173629,,2025-04-19 03:48:28
7632,11968,661,3,REPAY,1,1.3e-05,,1.3e-05,2025-04-19 05:23:38
7633,11972,671,1,DEPOSIT,2,6771.000745,6771.000745,,2025-04-19 06:52:14
7634,11973,359,2,REPAY,2,1063.483131,,1063.483131,2025-04-19 07:04:29
7635,11974,410,4,WITHDRAW,3,4817.208172,,,2025-04-19 07:07:07
7636,11975,180,4,REPAY,1,3833.594157,,3833.594157,2025-04-19 07:14:36
7637,11978,815,4,REPAY,5,0.276727,,0.276727,2025-04-19 08:26:16
7638,11979,980,2,DEPOSIT,2,2590.620362,2590.620362,,2025-04-19 08:33:40
7639,11980,941,3,REPAY,5,20.683131,,20.683131,2025-04-19 08:47:10
7640,11981,22,3,REPAY,5,5.858493,,5.858493,2025-04-19 08:51:39
7641,11982,46,3,REPAY,2,2965.69978,,2965.69978,2025-04-19 08:52:20
7642,11983,787,2,REPAY,2,2561.979201,,2561.979201,2025-04-19 09:07:29
7643,11987,490,4,REPAY,4,0.029728,,0.029728,2025-04-19 09:49:22
7644,11989,753,2,WITHDRAW,3,8214.554324,,,2025-04-19 10:06:05
7645,11990,311,1,BORROW,3,7667.391508,13740.3855034827,7667.391508,2025-04-19 10:12:49
7646,11991,697,1,REPAY,3,80.91913,,80.91913,2025-04-19 10:26:31
7647,11992,560,1,DEPOSIT,2,939.8536,939.8536,,2025-04-19 10:33:02
7648,11994,208,2,REPAY,2,1004.827065,,1004.827065,2025-04-19 10:44:16
7649,11996,534,4,REPAY,3,642.709895,,642.709895,2025-04-19 10:56:18
7650,11999,997,3,DEPOSIT,3,2154.918031,2154.918031,,2025-04-19 11:43:05
7651,12001,672,3,REPAY,3,9.982417,,9.982417,2025-04-19 12:11:01
7652,12002,754,4,WITHDRAW,2,5732.090845,,,2025-04-19 12:25:55
7653,12004,192,4,REPAY,5,2791.537388,,2791.537388,2025-04-19 12:58:54
7654,12008,613,3,REPAY,3,403.551832,,403.551832,2025-04-19 13:16:34
7655,12009,580,2,WITHDRAW,4,4766.724764,,,2025-04-19 13:33:57
7656,12010,417,4,REPAY,2,106.918549,,106.918549,2025-04-19 13:39:34
7657,12011,504,3,WITHDRAW,4,8512.870039,,,2025-04-19 13:51:22
7658,12012,467,3,REPAY,4,3858.113097,,3858.113097,2025-04-19 14:19:53
7659,12014,756,4,BORROW,4,5500.453092,9576.983825598,5500.453092,2025-04-19 14:30:01
7660,12016,996,1,REPAY,1,0.111606,,0.111606,2025-04-19 14:46:23
7661,12017,852,1,LIQUIDATION,2,63.288734,73.0745669697,63.288734,2025-04-19 15:13:32
7662,12018,539,1,WITHDRAW,3,1755.077476,,,2025-04-19 15:37:45
7663,12019,418,3,WITHDRAW,4,1780.441367,,,2025-04-19 15:44:25
7664,12021,344,1,DEPOSIT,2,9969.012612,9969.012612,,2025-04-19 16:49:45
7665,12022,605,3,REPAY,5,362.061989,,362.061989,2025-04-19 16:58:25
7666,12023,273,4,REPAY,3,6.740145,,6.740145,2025-04-19 17:05:06
7667,12024,393,2,BORROW,4,4538.93075,11110.4068811618,4538.93075,2025-04-19 17:25:19
7668,12027,632,2,BORROW,3,4087.857908,9612.0500428366,4087.857908,2025-04-19 17:55:48
7669,12028,965,1,WITHDRAW,2,5314.720922,,,2025-04-19 18:19:46
7670,12029,887,2,REPAY,5,0.002355,,0.002355,2025-04-19 18:27:55
7671,12030,725,3,REPAY,3,0.000126,,0.000126,2025-04-19 18:29:31
7672,12031,896,1,BORROW,2,9045.772609,20164.2022222971,9045.772609,2025-04-19 19:24:06
7673,12032,604,4,WITHDRAW,5,876.902211,,,2025-04-19 19:25:13
7674,12033,511,2,WITHDRAW,4,445.346818,,,2025-04-19 19:43:31
7675,12034,996,4,REPAY,4,0.053741,,0.053741,2025-04-19 19:55:10
7676,12036,414,3,BORROW,1,3530.501147,7936.1362873379,3530.501147,2025-04-19 20:03:12
7677,12037,594,4,REPAY,1,180.874174,,180.874174,2025-04-19 20:03:41
7678,12038,508,1,REPAY,3,2187.325448,,2187.325448,2025-04-19 20:22:21
7679,12039,472,1,REPAY,5,0.000239,,0.000239,2025-04-19 20:23:45
7680,12040,161,4,LIQUIDATION,4,3320.35416,2872.9307140817,3320.35416,2025-04-19 20:54:54
7681,12041,958,2,REPAY,5,3e-06,,3e-06,2025-04-19 20:59:35
7682,12042,82,3,REPAY,4,95.650848,,95.650848,2025-04-19 21:16:49
7683,12043,891,2,REPAY,4,1448.302082,,1448.302082,2025-04-19 21:19:21
7684,12044,413,4,REPAY,5,28.493745,,28.493745,2025-04-19 21:31:09
7685,12045,992,3,BORROW,2,1266.183771,2640.2744250897,1266.183771,2025-04-19 21:46:17
7686,12046,263,4,REPAY,4,31.724813,,31.724813,2025-04-19 21:54:55
7687,12047,928,2,LIQUIDATION,5,561.211619,570.4203650783,561.211619,2025-04-19 21:55:18
7688,12048,176,4,DEPOSIT,3,76.501645,76.501645,,2025-04-19 22:01:22
7689,12049,762,2,REPAY,2,7.553718,,7.553718,2025-04-19 22:15:25
7690,12051,744,2,REPAY,1,7.326449,,7.326449,2025-04-19 22:36:12
7691,12052,89,4,REPAY,4,4.238659,,4.238659,2025-04-19 22:39:22
7692,12054,81,1,REPAY,1,170.619513,,170.619513,2025-04-19 23:13:50
7693,12055,71,2,BORROW,5,3778.248741,8482.3996930843,3778.248741,2025-04-19 23:40:52
7694,12056,263,4,REPAY,1,113.560684,,113.560684,2025-04-19 23:42:37
7695,12057,821,2,LIQUIDATION,3,6005.899261,5925.2658950388,6005.899261,2025-04-19 23:58:03
7696,12058,595,1,DEPOSIT,5,8842.433507,8842.433507,,2025-04-20 00:00:33
7697,12059,155,1,REPAY,4,162.056304,,162.056304,2025-04-20 00:34:47
7698,12060,645,3,REPAY,2,248.375568,,248.375568,2025-04-20 01:09:43
7699,12061,264,3,BORROW,3,2638.181061,4353.9863137774,2638.181061,2025-04-20 01:26:05
7700,12062,237,4,REPAY,2,1274.68392,,1274.68392,2025-04-20 01:29:03
7701,12067,248,4,WITHDRAW,5,2941.911924,,,2025-04-20 02:38:36
7702,12069,734,4,REPAY,2,1815.599965,,1815.599965,2025-04-20 03:01:24
7703,12070,439,1,REPAY,5,1060.490241,,1060.490241,2025-04-20 03:11:37
7704,12071,365,4,REPAY,2,38.035067,,38.035067,2025-04-20 03:20:21
7705,12072,24,1,REPAY,2,0.017136,,0.017136,2025-04-20 03:21:43
7706,12073,148,1,DEPOSIT,5,7360.620094,7360.620094,,2025-04-20 03:45:18
7707,12074,746,4,BORROW,5,386.639664,962.1430195789,386.639664,2025-04-20 03:46:19
7708,12075,218,4,REPAY,4,1537.447025,,1537.447025,2025-04-20 03:56:08
7709,12076,593,2,DEPOSIT,4,7828.691286,7828.691286,,2025-04-20 04:18:00
7710,12077,336,2,BORROW,4,4292.712432,7963.0237346408,4292.712432,2025-04-20 04:18:32
7711,12081,575,4,REPAY,4,436.410597,,436.410597,2025-04-20 05:01:05
7712,12082,185,2,WITHDRAW,4,5413.97083,,,2025-04-20 05:18:48
7713,12083,330,1,REPAY,5,0.075784,,0.075784,2025-04-20 05:22:49
7714,12084,698,3,REPAY,5,59.918248,,59.918248,2025-04-20 05:25:20
7715,12085,54,1,LIQUIDATION,3,8184.912315,9566.3585580228,8184.912315,2025-04-20 05:26:00
7716,12086,698,3,REPAY,5,1.6341,,1.6341,2025-04-20 05:33:18
7717,12088,847,2,REPAY,1,5178.664171,,5178.664171,2025-04-20 06:17:46
7718,12089,873,4,BORROW,3,2853.314534,4076.769987094,2853.314534,2025-04-20 07:04:36
7719,12090,32,1,REPAY,2,48.30397,,48.30397,2025-04-20 07:13:29
7720,12091,184,3,REPAY,1,1774.784098,,1774.784098,2025-04-20 07:25:01
7721,12092,776,4,BORROW,4,734.033376,1492.9084951618,734.033376,2025-04-20 07:45:17
7722,12093,465,2,REPAY,4,1080.357946,,1080.357946,2025-04-20 08:02:10
7723,12095,5,1,DEPOSIT,1,450.379573,450.379573,,2025-04-20 08:16:39
7724,12097,768,4,REPAY,4,2.797439,,2.797439,2025-04-20 08:27:31
7725,12098,895,4,LIQUIDATION,1,311.87794,295.1606854217,311.87794,2025-04-20 08:29:04
7726,12099,337,3,REPAY,5,3358.92873,,3358.92873,2025-04-20 08:33:21
7727,12100,457,3,REPAY,3,119.365843,,119.365843,2025-04-20 08:47:48
7728,12101,226,2,BORROW,4,3849.967683,9617.9171338427,3849.967683,2025-04-20 08:55:23
7729,12102,696,3,WITHDRAW,3,7418.910026,,,2025-04-20 09:06:17
7730,12103,701,3,REPAY,2,634.984696,,634.984696,2025-04-20 09:07:38
7731,12104,22,4,REPAY,1,8.899611,,8.899611,2025-04-20 09:28:11
7732,12105,231,1,REPAY,2,141.163901,,141.163901,2025-04-20 10:08:46
7733,12106,96,3,REPAY,3,0.006768,,0.006768,2025-04-20 10:17:02
7734,12107,248,1,DEPOSIT,2,3248.510496,3248.510496,,2025-04-20 10:35:17
7735,12108,311,2,LIQUIDATION,1,7667.391508,8708.5470126209,7667.391508,2025-04-20 10:35:47
7736,12109,421,4,REPAY,2,1753.962285,,1753.962285,2025-04-20 10:39:01
7737,12110,132,4,WITHDRAW,1,4671.952453,,,2025-04-20 10:45:46
7738,12112,667,2,REPAY,1,0.133589,,0.133589,2025-04-20 11:03:41
7739,12115,809,2,WITHDRAW,2,8753.215581,,,2025-04-20 11:31:47
7740,12118,759,4,WITHDRAW,4,2502.352279,,,2025-04-20 11:45:37
7741,12119,691,1,REPAY,3,57.937786,,57.937786,2025-04-20 11:59:59
7742,12120,506,1,DEPOSIT,3,7153.769012,7153.769012,,2025-04-20 12:00:59
7743,12121,761,4,REPAY,3,1.677921,,1.677921,2025-04-20 12:14:08
7744,12122,871,2,BORROW,5,4179.000905,6331.104253843,4179.000905,2025-04-20 12:21:29
7745,12126,8,3,REPAY,1,12.352779,,12.352779,2025-04-20 13:34:46
7746,12127,633,2,REPAY,2,0.597911,,0.597911,2025-04-20 15:07:48
7747,12128,797,2,REPAY,5,53.704017,,53.704017,2025-04-20 15:33:14
7748,12131,51,2,REPAY,4,17.766984,,17.766984,2025-04-20 16:35:22
7749,12133,485,4,BORROW,1,6592.317607,13158.5141578839,6592.317607,2025-04-20 16:49:24
7750,12134,775,2,REPAY,1,908.674691,,908.674691,2025-04-20 17:06:03
7751,12135,621,2,WITHDRAW,2,6216.009719,,,2025-04-20 17:08:52
7752,12136,950,4,REPAY,4,882.27712,,882.27712,2025-04-20 17:16:37
7753,12138,97,4,REPAY,2,23.077001,,23.077001,2025-04-20 18:10:11
7754,12139,711,1,REPAY,1,46.880324,,46.880324,2025-04-20 18:31:14
7755,12141,961,2,REPAY,1,165.793779,,165.793779,2025-04-20 18:56:41
7756,12142,106,3,DEPOSIT,4,6701.715317,6701.715317,,2025-04-20 18:57:57
7757,12143,517,2,DEPOSIT,5,84.391825,84.391825,,2025-04-20 19:09:26
7758,12145,327,2,REPAY,5,389.555828,,389.555828,2025-04-20 19:39:18
7759,12147,787,1,REPAY,1,149.973961,,149.973961,2025-04-20 19:46:07
7760,12148,418,4,REPAY,1,1.130953,,1.130953,2025-04-20 19:46:07
7761,12149,650,4,REPAY,4,0.008449,,0.008449,2025-04-20 19:52:26
7762,12150,371,3,WITHDRAW,5,3138.671303,,,2025-04-20 19:55:37
7763,12151,506,4,REPAY,5,0.215189,,0.215189,2025-04-20 19:58:50
7764,12152,650,4,REPAY,5,0.0105,,0.0105,2025-04-20 20:07:19
7765,12153,653,3,REPAY,4,0.518389,,0.518389,2025-04-20 20:07:30
7766,12154,832,3,DEPOSIT,5,73.939638,73.939638,,2025-04-20 20:23:09
7767,12155,872,4,WITHDRAW,5,9736.650828,,,2025-04-20 20:25:15
7768,12156,788,4,REPAY,3,175.101375,,175.101375,2025-04-20 20:39:04
7769,12157,977,2,DEPOSIT,3,6752.437689,6752.437689,,2025-04-20 20:52:39
7770,12158,526,2,WITHDRAW,3,3570.608455,,,2025-04-20 21:04:58
7771,12159,761,1,WITHDRAW,3,6689.296967,,,2025-04-20 22:04:18
7772,12160,710,1,REPAY,4,1.176347,,1.176347,2025-04-20 22:12:10
7773,12161,630,1,REPAY,5,0.02125,,0.02125,2025-04-20 22:17:37
7774,12162,622,4,WITHDRAW,4,5450.794089,,,2025-04-20 22:24:48
7775,12163,75,2,REPAY,4,1.239242,,1.239242,2025-04-20 22:33:56
7776,12164,647,1,REPAY,4,0.037516,,0.037516,2025-04-20 22:37:59
7777,12165,646,2,REPAY,3,588.317949,,588.317949,2025-04-20 23:24:57
7778,12166,753,3,WITHDRAW,2,4833.39894,,,2025-04-20 23:44:49
7779,12167,329,2,DEPOSIT,2,8393.47825,8393.47825,,2025-04-21 00:31:08
7780,12168,829,4,REPAY,1,1339.597186,,1339.597186,2025-04-21 00:43:48
7781,12170,956,2,WITHDRAW,2,402.530743,,,2025-04-21 00:51:02
7782,12171,252,2,BORROW,3,7518.637993,15714.4377435789,7518.637993,2025-04-21 00:59:39
7783,12172,219,3,LIQUIDATION,5,6909.743518,6293.8857711471,6909.743518,2025-04-21 01:01:17
7784,12173,620,2,REPAY,3,0.453877,,0.453877,2025-04-21 01:01:24
7785,12174,944,1,REPAY,1,2691.278351,,2691.278351,2025-04-21 01:24:20
7786,12175,891,4,REPAY,5,7370.587147,,7370.587147,2025-04-21 01:46:04
7787,12176,923,1,REPAY,1,1210.169195,,1210.169195,2025-04-21 01:52:51
7788,12177,554,3,REPAY,4,1879.869565,,1879.869565,2025-04-21 01:56:58
7789,12179,952,3,WITHDRAW,2,8905.974159,,,2025-04-21 02:36:44
7790,12180,430,2,REPAY,4,997.401275,,997.401275,2025-04-21 02:50:27
7791,12181,875,4,REPAY,4,1995.448544,,1995.448544,2025-04-21 03:04:24
7792,12183,964,4,WITHDRAW,5,2794.65748,,,2025-04-21 03:32:36
7793,12184,140,1,REPAY,3,0.053296,,0.053296,2025-04-21 03:32:53
7794,12186,15,1,REPAY,3,0.325335,,0.325335,2025-04-21 03:39:16
7795,12187,587,4,REPAY,4,21.686654,,21.686654,2025-04-21 03:46:31
7796,12188,414,3,REPAY,3,3170.803831,,3170.803831,2025-04-21 03:46:51
7797,12190,51,1,REPAY,4,2.384066,,2.384066,2025-04-21 04:39:40
7798,12191,482,3,WITHDRAW,3,1673.390001,,,2025-04-21 05:01:29
7799,12192,399,3,REPAY,2,668.84544,,668.84544,2025-04-21 05:06:09
7800,12193,261,3,REPAY,5,0.003382,,0.003382,2025-04-21 05:23:37
7801,12194,224,2,REPAY,5,0.898451,,0.898451,2025-04-21 05:26:49
7802,12195,652,4,BORROW,3,8891.110814,13209.4057887373,8891.110814,2025-04-21 06:03:08
7803,12196,360,4,REPAY,3,107.368926,,107.368926,2025-04-21 06:05:23
7804,12198,492,2,LIQUIDATION,4,14028.17708,16384.0855974464,14028.17708,2025-04-21 06:18:02
7805,12199,831,4,REPAY,2,0.012091,,0.012091,2025-04-21 06:40:54
7806,12200,499,2,REPAY,1,514.617178,,514.617178,2025-04-21 06:53:38
7807,12201,203,2,BORROW,4,4522.403052,5739.2875681008,4522.403052,2025-04-21 07:01:01
7808,12202,369,4,REPAY,2,4741.099255,,4741.099255,2025-04-21 07:17:54
7809,12203,277,1,REPAY,4,14.212806,,14.212806,2025-04-21 07:18:07
7810,12205,519,1,WITHDRAW,5,5329.481511,,,2025-04-21 07:28:16
7811,12207,190,1,WITHDRAW,1,2733.714912,,,2025-04-21 07:52:45
7812,12208,599,3,LIQUIDATION,1,231.046781,230.8294634238,231.046781,2025-04-21 07:57:41
7813,12209,320,2,DEPOSIT,3,754.818605,754.818605,,2025-04-21 08:02:04
7814,12210,157,1,REPAY,2,264.160405,,264.160405,2025-04-21 08:08:57
7815,12211,98,2,REPAY,1,10.737854,,10.737854,2025-04-21 08:12:59
7816,12212,215,1,WITHDRAW,2,9532.291475,,,2025-04-21 08:26:48
7817,12213,148,3,DEPOSIT,2,1679.467825,1679.467825,,2025-04-21 08:29:03
7818,12216,401,3,WITHDRAW,2,2990.362247,,,2025-04-21 09:18:01
7819,12219,443,3,REPAY,3,10.57007,,10.57007,2025-04-21 10:10:29
7820,12220,271,1,REPAY,2,1.563567,,1.563567,2025-04-21 10:12:18
7821,12221,996,3,REPAY,3,0.146456,,0.146456,2025-04-21 10:23:12
7822,12223,701,4,REPAY,3,542.014798,,542.014798,2025-04-21 10:59:44
7823,12224,119,1,REPAY,1,3.109344,,3.109344,2025-04-21 11:03:26
7824,12225,925,4,REPAY,2,51.858019,,51.858019,2025-04-21 11:21:59
7825,12227,194,4,REPAY,4,495.21866,,495.21866,2025-04-21 12:02:05
7826,12228,110,2,BORROW,1,9682.929526,18852.9787215617,9682.929526,2025-04-21 12:03:01
7827,12229,39,3,WITHDRAW,4,9667.122822,,,2025-04-21 12:12:31
7828,12230,862,2,REPAY,1,5.379393,,5.379393,2025-04-21 12:26:33
7829,12231,51,3,REPAY,2,1.517414,,1.517414,2025-04-21 12:28:14
7830,12234,441,1,REPAY,5,143.242114,,143.242114,2025-04-21 12:47:59
7831,12235,194,1,REPAY,2,1022.067174,,1022.067174,2025-04-21 13:09:32
7832,12238,903,3,BORROW,3,9106.830181,13927.8251458915,9106.830181,2025-04-21 13:36:46
7833,12240,761,1,REPAY,5,0.843876,,0.843876,2025-04-21 13:44:17
7834,12241,707,2,DEPOSIT,4,5347.498788,5347.498788,,2025-04-21 14:07:56
7835,12246,363,3,REPAY,3,3190.911854,,3190.911854,2025-04-21 15:56:30
7836,12247,656,3,REPAY,3,33.281448,,33.281448,2025-04-21 16:31:17
7837,12248,586,2,REPAY,5,2.65568,,2.65568,2025-04-21 16:44:20
7838,12249,64,1,BORROW,5,211.833786,500.1775238857,211.833786,2025-04-21 16:53:24
7839,12251,965,3,DEPOSIT,3,4911.425379,4911.425379,,2025-04-21 17:00:56
7840,12253,580,2,LIQUIDATION,4,2169.602566,2372.8494419562,2169.602566,2025-04-21 17:29:21
7841,12254,788,1,BORROW,2,4055.010353,6639.8381034822,4055.010353,2025-04-21 17:31:53
7842,12255,784,1,REPAY,1,80.227386,,80.227386,2025-04-21 17:40:50
7843,12257,212,2,WITHDRAW,2,3976.07093,,,2025-04-21 17:52:09
7844,12258,931,3,WITHDRAW,5,20.703283,,,2025-04-21 18:02:24
7845,12259,533,3,REPAY,2,0.499557,,0.499557,2025-04-21 18:05:51
7846,12262,615,4,REPAY,4,0.021441,,0.021441,2025-04-21 18:12:45
7847,12265,829,1,REPAY,4,5202.203457,,5202.203457,2025-04-21 19:22:00
7848,12266,366,2,REPAY,1,0.690576,,0.690576,2025-04-21 19:30:23
7849,12268,430,3,REPAY,3,504.666766,,504.666766,2025-04-21 20:03:50
7850,12269,758,2,DEPOSIT,4,5657.322625,5657.322625,,2025-04-21 20:33:50
7851,12271,273,3,REPAY,5,6.935535,,6.935535,2025-04-21 20:58:02
7852,12272,430,4,REPAY,4,2.426462,,2.426462,2025-04-21 21:05:31
7853,12273,786,4,REPAY,5,0.89518,,0.89518,2025-04-21 21:06:34
7854,12274,669,2,DEPOSIT,3,6022.91417,6022.91417,,2025-04-21 21:26:16
7855,12275,630,4,REPAY,4,0.109669,,0.109669,2025-04-21 21:49:21
7856,12276,772,4,REPAY,1,148.060072,,148.060072,2025-04-21 22:04:40
7857,12277,267,4,REPAY,2,4535.381394,,4535.381394,2025-04-21 22:10:09
7858,12278,17,2,WITHDRAW,5,8473.661225,,,2025-04-21 22:30:46
7859,12279,443,4,DEPOSIT,3,6650.573525,6650.573525,,2025-04-21 22:35:38
7860,12280,773,1,REPAY,4,0.004757,,0.004757,2025-04-21 22:39:31
7861,12281,113,1,REPAY,3,761.669085,,761.669085,2025-04-21 22:45:48
7862,12282,111,4,REPAY,1,83.740406,,83.740406,2025-04-21 22:46:44
7863,12283,737,4,WITHDRAW,5,788.400173,,,2025-04-21 22:57:44
7864,12284,53,4,WITHDRAW,3,9119.26199,,,2025-04-21 23:01:28
7865,12285,38,1,DEPOSIT,4,1516.744145,1516.744145,,2025-04-21 23:06:22
7866,12286,857,3,BORROW,4,6754.232479,16826.9042502794,6754.232479,2025-04-21 23:18:54
7867,12287,946,3,BORROW,4,2048.336475,4098.4976783947,2048.336475,2025-04-21 23:33:02
7868,12289,325,1,WITHDRAW,5,7475.018336,,,2025-04-22 00:01:27
7869,12290,865,3,BORROW,5,212.877196,410.3040035954,212.877196,2025-04-22 00:37:00
7870,12291,559,1,REPAY,1,55.322381,,55.322381,2025-04-22 00:38:25
7871,12292,417,4,REPAY,5,0.00659,,0.00659,2025-04-22 00:45:08
7872,12293,822,3,REPAY,4,0.398751,,0.398751,2025-04-22 00:52:21
7873,12294,941,2,REPAY,2,5.895406,,5.895406,2025-04-22 01:12:46
7874,12297,352,1,BORROW,3,8485.102688,12311.6362048507,8485.102688,2025-04-22 01:31:43
7875,12298,502,4,BORROW,4,5709.287825,13651.2905039976,5709.287825,2025-04-22 01:41:20
7876,12299,178,1,REPAY,2,7e-06,,7e-06,2025-04-22 01:49:17
7877,12300,216,1,DEPOSIT,3,9853.399528,9853.399528,,2025-04-22 01:54:39
7878,12301,423,2,WITHDRAW,4,6593.472573,,,2025-04-22 02:01:00
7879,12302,197,4,REPAY,1,4186.347117,,4186.347117,2025-04-22 02:07:02
7880,12303,693,4,REPAY,4,68.757294,,68.757294,2025-04-22 02:21:09
7881,12305,436,2,REPAY,3,3817.394323,,3817.394323,2025-04-22 02:33:22
7882,12306,526,1,REPAY,4,36.334883,,36.334883,2025-04-22 02:35:12
7883,12308,943,1,REPAY,4,3043.363237,,3043.363237,2025-04-22 02:54:57
7884,12309,661,1,REPAY,3,1.1e-05,,1.1e-05,2025-04-22 02:58:05
7885,12312,495,1,REPAY,2,48.546327,,48.546327,2025-04-22 03:44:30
7886,12315,95,2,REPAY,4,202.375637,,202.375637,2025-04-22 04:22:15
7887,12316,243,3,REPAY,1,0.00072,,0.00072,2025-04-22 04:31:16
7888,12319,201,4,REPAY,5,0.938875,,0.938875,2025-04-22 04:52:05
7889,12321,380,3,BORROW,4,8667.786356,20912.5962127385,8667.786356,2025-04-22 05:02:27
7890,12324,791,1,BORROW,2,5820.293701,9895.2032376626,5820.293701,2025-04-22 05:07:48
7891,12325,242,2,WITHDRAW,5,3506.080133,,,2025-04-22 05:08:28
7892,12327,120,1,REPAY,5,1770.832707,,1770.832707,2025-04-22 05:36:13
7893,12328,908,4,DEPOSIT,1,5922.600267,5922.600267,,2025-04-22 05:37:23
7894,12329,173,2,DEPOSIT,3,7958.463647,7958.463647,,2025-04-22 05:43:15
7895,12331,256,2,REPAY,2,384.569126,,384.569126,2025-04-22 05:54:02
7896,12333,559,1,REPAY,2,25.510092,,25.510092,2025-04-22 06:32:10
7897,12334,256,1,REPAY,3,1055.733106,,1055.733106,2025-04-22 06:38:56
7898,12335,435,4,REPAY,2,0.415695,,0.415695,2025-04-22 07:21:43
7899,12336,59,4,REPAY,1,0.0,,0.0,2025-04-22 07:56:22
7900,12337,784,4,REPAY,4,23.07087,,23.07087,2025-04-22 07:58:51
7901,12338,854,2,WITHDRAW,1,3293.443873,,,2025-04-22 08:35:44
7902,12340,510,1,WITHDRAW,3,4027.984637,,,2025-04-22 08:48:00
7903,12341,314,2,REPAY,5,0.486478,,0.486478,2025-04-22 09:38:21
7904,12342,66,1,REPAY,1,2.980777,,2.980777,2025-04-22 09:41:40
7905,12344,504,2,DEPOSIT,3,1921.285011,1921.285011,,2025-04-22 10:00:25
7906,12345,755,2,REPAY,1,1489.016732,,1489.016732,2025-04-22 10:28:07
7907,12347,534,3,REPAY,4,173.61784,,173.61784,2025-04-22 10:37:30
7908,12348,968,1,REPAY,2,0.281946,,0.281946,2025-04-22 10:40:09
7909,12351,317,1,WITHDRAW,1,6726.949744,,,2025-04-22 10:52:19
7910,12352,182,1,REPAY,5,417.084168,,417.084168,2025-04-22 10:54:11
7911,12353,290,1,BORROW,5,5181.842045,11797.7741621647,5181.842045,2025-04-22 10:57:50
7912,12355,232,4,REPAY,5,0.177779,,0.177779,2025-04-22 11:25:13
7913,12356,32,2,REPAY,3,10.169696,,10.169696,2025-04-22 11:26:40
7914,12357,448,1,REPAY,4,3.619835,,3.619835,2025-04-22 11:39:19
7915,12358,779,1,REPAY,2,315.084302,,315.084302,2025-04-22 11:44:44
7916,12360,379,3,WITHDRAW,3,7940.488439,,,2025-04-22 12:14:29
7917,12363,589,2,BORROW,5,4878.752728,10818.7783066399,4878.752728,2025-04-22 13:27:15
7918,12367,860,3,WITHDRAW,2,9098.221023,,,2025-04-22 14:11:41
7919,12369,450,4,REPAY,5,3316.835711,,3316.835711,2025-04-22 14:28:20
7920,12370,230,4,BORROW,5,1625.920114,2354.3197652776,1625.920114,2025-04-22 14:47:25
7921,12371,803,2,BORROW,3,9676.402328,13021.9718416978,9676.402328,2025-04-22 14:50:03
7922,12372,592,2,REPAY,4,2.715008,,2.715008,2025-04-22 15:11:58
7923,12375,607,3,REPAY,2,4134.574723,,4134.574723,2025-04-22 15:31:06
7924,12376,982,2,REPAY,4,814.085118,,814.085118,2025-04-22 16:04:18
7925,12377,613,1,WITHDRAW,1,4077.54121,,,2025-04-22 16:05:55
7926,12378,102,4,REPAY,1,50.811414,,50.811414,2025-04-22 16:07:12
7927,12379,474,4,REPAY,2,3540.926382,,3540.926382,2025-04-22 16:20:11
7928,12380,98,3,LIQUIDATION,4,16.883395,14.6070532698,16.883395,2025-04-22 16:21:33
7929,12381,276,3,REPAY,2,2985.921575,,2985.921575,2025-04-22 16:44:13
7930,12383,500,3,REPAY,3,20.309327,,20.309327,2025-04-22 16:46:06
7931,12385,170,3,REPAY,2,815.104214,,815.104214,2025-04-22 16:49:48
7932,12388,265,4,REPAY,4,0.981406,,0.981406,2025-04-22 17:10:12
7933,12389,922,2,WITHDRAW,5,2049.895178,,,2025-04-22 17:21:09
7934,12390,395,3,REPAY,4,124.631343,,124.631343,2025-04-22 17:49:24
7935,12392,991,2,REPAY,2,0.81418,,0.81418,2025-04-22 18:45:00
7936,12393,656,1,REPAY,4,37.237344,,37.237344,2025-04-22 18:52:22
7937,12394,366,1,REPAY,3,0.332732,,0.332732,2025-04-22 18:55:10
7938,12395,686,2,REPAY,3,47.685952,,47.685952,2025-04-22 19:13:48
7939,12396,192,1,DEPOSIT,2,6068.478461,6068.478461,,2025-04-22 19:27:57
7940,12397,109,3,DEPOSIT,4,1873.754094,1873.754094,,2025-04-22 19:47:31
7941,12398,695,4,REPAY,5,0.764251,,0.764251,2025-04-22 19:51:16
7942,12399,47,1,WITHDRAW,1,2670.867482,,,2025-04-22 19:51:45
7943,12400,448,2,BORROW,3,4202.14052,10124.8646220065,4202.14052,2025-04-22 20:11:32
7944,12401,391,1,BORROW,3,9928.482075,19795.0248355417,9928.482075,2025-04-22 20:12:02
7945,12402,134,4,REPAY,1,4742.776584,,4742.776584,2025-04-22 20:13:28
7946,12404,211,2,LIQUIDATION,1,592.408095,489.7418816072,592.408095,2025-04-22 20:26:22
7947,12405,341,3,REPAY,1,23.608373,,23.608373,2025-04-22 20:32:09
7948,12406,396,1,WITHDRAW,2,3746.640519,,,2025-04-22 20:52:07
7949,12409,788,3,BORROW,1,2659.632899,4503.3282187208,2659.632899,2025-04-22 21:17:31
7950,12410,775,3,REPAY,1,27.635548,,27.635548,2025-04-22 21:26:16
7951,12411,313,3,BORROW,1,4383.916723,7778.6826790792,4383.916723,2025-04-22 21:39:15
7952,12414,353,1,DEPOSIT,5,8327.376099,8327.376099,,2025-04-22 22:14:03
7953,12415,404,4,LIQUIDATION,2,0.663766,0.7926228093,0.663766,2025-04-22 22:16:59
7954,12416,576,4,REPAY,1,0.019816,,0.019816,2025-04-22 22:19:13
7955,12417,591,3,WITHDRAW,1,9028.530922,,,2025-04-22 22:44:20
7956,12418,348,2,REPAY,2,360.432689,,360.432689,2025-04-22 22:58:53
7957,12419,459,2,WITHDRAW,4,1250.728772,,,2025-04-22 23:22:44
7958,12420,826,1,DEPOSIT,1,9105.210707,9105.210707,,2025-04-22 23:23:29
7959,12422,169,1,REPAY,5,52.763047,,52.763047,2025-04-22 23:56:55
7960,12424,259,3,REPAY,2,39.332074,,39.332074,2025-04-23 00:17:04
7961,12426,139,2,BORROW,4,8687.778284,18983.0191710983,8687.778284,2025-04-23 00:20:30
7962,12427,118,1,LIQUIDATION,3,3779.380469,3561.7129463025,3779.380469,2025-04-23 00:20:39
7963,12428,814,2,REPAY,1,39.417895,,39.417895,2025-04-23 00:37:38
7964,12429,405,4,BORROW,3,1549.143563,3759.4405780428,1549.143563,2025-04-23 00:42:22
7965,12431,191,3,REPAY,4,864.413921,,864.413921,2025-04-23 01:44:54
7966,12432,353,2,BORROW,1,7597.833138,16149.4477985578,7597.833138,2025-04-23 01:47:37
7967,12433,204,2,REPAY,1,4.060733,,4.060733,2025-04-23 01:57:13
7968,12434,861,3,REPAY,3,1.722595,,1.722595,2025-04-23 02:08:38
7969,12435,523,4,WITHDRAW,4,7207.836255,,,2025-04-23 02:38:10
7970,12436,817,1,REPAY,3,0.000486,,0.000486,2025-04-23 02:52:04
7971,12440,371,1,WITHDRAW,5,3842.162603,,,2025-04-23 03:23:03
7972,12442,387,2,REPAY,4,1739.543053,,1739.543053,2025-04-23 03:44:14
7973,12443,360,1,REPAY,2,6.083866,,6.083866,2025-04-23 03:49:17
7974,12444,898,1,REPAY,3,0.092432,,0.092432,2025-04-23 03:58:17
7975,12445,988,2,REPAY,5,359.758887,,359.758887,2025-04-23 04:02:58
7976,12446,85,2,REPAY,3,0.14922,,0.14922,2025-04-23 04:13:00
7977,12447,74,3,REPAY,4,0.204787,,0.204787,2025-04-23 04:32:40
7978,12448,943,1,REPAY,1,1517.172524,,1517.172524,2025-04-23 04:56:34
7979,12449,642,2,REPAY,3,0.380378,,0.380378,2025-04-23 04:59:34
7980,12450,348,3,REPAY,4,157.543828,,157.543828,2025-04-23 05:05:57
7981,12451,685,3,LIQUIDATION,3,5029.865023,4471.9641514125,5029.865023,2025-04-23 05:06:48
7982,12452,926,2,REPAY,5,0.178644,,0.178644,2025-04-23 05:08:16
7983,12453,401,2,REPAY,5,242.896272,,242.896272,2025-04-23 05:21:20
7984,12454,889,4,REPAY,1,203.949199,,203.949199,2025-04-23 05:21:57
7985,12455,925,1,REPAY,2,17.375133,,17.375133,2025-04-23 05:23:19
7986,12456,789,3,REPAY,2,2914.373776,,2914.373776,2025-04-23 05:36:55
7987,12457,251,2,WITHDRAW,3,8123.331723,,,2025-04-23 05:56:01
7988,12458,725,3,REPAY,1,2.7e-05,,2.7e-05,2025-04-23 06:06:26
7989,12459,785,1,BORROW,4,2482.39299,3436.616472622,2482.39299,2025-04-23 06:14:28
7990,12460,276,4,REPAY,3,370.198235,,370.198235,2025-04-23 06:17:53
7991,12461,600,2,REPAY,4,0.001261,,0.001261,2025-04-23 06:19:57
7992,12464,483,4,LIQUIDATION,2,4.1e-05,3.8992e-05,4.1e-05,2025-04-23 07:05:23
7993,12465,4,4,REPAY,4,62.389159,,62.389159,2025-04-23 07:07:33
7994,12466,230,3,REPAY,1,1172.974006,,1172.974006,2025-04-23 07:16:05
7995,12467,364,1,REPAY,3,5.369242,,5.369242,2025-04-23 07:25:56
7996,12469,924,2,DEPOSIT,4,6524.867862,6524.867862,,2025-04-23 07:53:08
7997,12470,235,4,REPAY,3,0.001204,,0.001204,2025-04-23 07:57:20
7998,12471,651,1,BORROW,2,1356.075833,1787.6274516311,1356.075833,2025-04-23 08:15:31
7999,12472,38,3,REPAY,2,52.393345,,52.393345,2025-04-23 08:37:04
8000,12473,292,3,WITHDRAW,2,326.469703,,,2025-04-23 08:45:25
8001,12476,51,2,REPAY,4,6.842634,,6.842634,2025-04-23 09:52:23
8002,12478,415,2,REPAY,5,98.139526,,98.139526,2025-04-23 10:08:31
8003,12479,444,1,REPAY,5,23.619687,,23.619687,2025-04-23 10:10:42
8004,12482,463,4,REPAY,4,0.273488,,0.273488,2025-04-23 11:59:16
8005,12483,196,4,REPAY,2,308.553529,,308.553529,2025-04-23 12:03:11
8006,12484,554,3,REPAY,1,680.671513,,680.671513,2025-04-23 12:30:43
8007,12485,383,1,REPAY,1,348.41076,,348.41076,2025-04-23 12:44:39
8008,12487,651,3,REPAY,4,1341.7385,,1341.7385,2025-04-23 12:59:36
8009,12488,576,3,REPAY,5,0.032243,,0.032243,2025-04-23 13:15:51
8010,12489,727,3,BORROW,2,9266.002537,15436.0893564494,9266.002537,2025-04-23 13:50:13
8011,12492,117,3,DEPOSIT,3,6040.750366,6040.750366,,2025-04-23 14:11:43
8012,12495,712,3,REPAY,5,11.601823,,11.601823,2025-04-23 15:12:47
8013,12496,930,3,WITHDRAW,2,8771.758711,,,2025-04-23 15:33:08
8014,12498,170,1,REPAY,1,139.092964,,139.092964,2025-04-23 15:43:53
8015,12499,449,2,REPAY,1,0.000771,,0.000771,2025-04-23 16:14:54
8016,12500,442,3,DEPOSIT,5,6536.237667,6536.237667,,2025-04-23 16:27:18
8017,12501,740,3,WITHDRAW,5,9088.340069,,,2025-04-23 16:29:54
8018,12502,139,1,DEPOSIT,3,4760.298025,4760.298025,,2025-04-23 16:47:02
8019,12503,261,1,REPAY,4,0.001962,,0.001962,2025-04-23 16:57:07
8020,12504,883,3,DEPOSIT,1,7103.17743,7103.17743,,2025-04-23 17:15:54
8021,12505,283,1,REPAY,2,0.010655,,0.010655,2025-04-23 17:24:40
8022,12506,907,3,BORROW,3,796.167752,1180.1459308402,796.167752,2025-04-23 17:30:12
8023,12508,842,3,WITHDRAW,1,3682.130956,,,2025-04-23 18:00:31
8024,12509,881,2,DEPOSIT,3,2798.216071,2798.216071,,2025-04-23 18:22:24
8025,12510,569,4,REPAY,5,16.023358,,16.023358,2025-04-23 18:34:28
8026,12511,230,2,REPAY,4,389.848873,,389.848873,2025-04-23 18:35:14
8027,12512,768,2,REPAY,2,2.417756,,2.417756,2025-04-23 19:10:11
8028,12513,979,1,DEPOSIT,5,1670.925457,1670.925457,,2025-04-23 19:29:17
8029,12514,854,2,DEPOSIT,5,6479.849266,6479.849266,,2025-04-23 19:41:40
8030,12515,592,3,REPAY,1,2.379906,,2.379906,2025-04-23 19:47:57
8031,12516,826,3,DEPOSIT,1,3283.154968,3283.154968,,2025-04-23 19:57:45
8032,12517,961,3,REPAY,3,357.024448,,357.024448,2025-04-23 20:00:54
8033,12520,945,3,REPAY,1,0.002393,,0.002393,2025-04-23 20:54:59
8034,12521,803,3,REPAY,3,6670.511727,,6670.511727,2025-04-23 21:55:24
8035,12523,405,4,REPAY,5,954.501824,,954.501824,2025-04-23 22:29:07
8036,12524,613,3,REPAY,3,113.429805,,113.429805,2025-04-23 22:42:23
8037,12525,698,4,REPAY,3,1.871522,,1.871522,2025-04-23 22:44:59
8038,12527,314,1,REPAY,5,0.937225,,0.937225,2025-04-23 23:36:10
8039,12529,819,1,REPAY,5,3.370441,,3.370441,2025-04-23 23:56:14
8040,12530,751,3,REPAY,2,1.481053,,1.481053,2025-04-24 00:06:33
8041,12531,867,3,REPAY,2,81.64574,,81.64574,2025-04-24 00:15:01
8042,12534,23,3,BORROW,2,6241.097448,12191.8936054316,6241.097448,2025-04-24 01:27:13
8043,12535,163,2,REPAY,3,0.005817,,0.005817,2025-04-24 01:49:32
8044,12536,779,3,WITHDRAW,5,511.137403,,,2025-04-24 02:02:11
8045,12537,736,3,BORROW,1,476.637175,709.0880356022,476.637175,2025-04-24 02:23:33
8046,12538,451,2,REPAY,1,102.32331,,102.32331,2025-04-24 02:27:49
8047,12539,552,2,REPAY,5,3.512375,,3.512375,2025-04-24 03:19:40
8048,12540,116,1,WITHDRAW,5,225.877055,,,2025-04-24 03:28:19
8049,12542,445,4,REPAY,1,491.088769,,491.088769,2025-04-24 03:42:16
8050,12543,919,4,BORROW,5,5391.900315,9370.4718751473,5391.900315,2025-04-24 03:55:00
8051,12544,457,1,REPAY,2,46.573003,,46.573003,2025-04-24 04:04:26
8052,12546,170,2,DEPOSIT,3,5066.31805,5066.31805,,2025-04-24 04:39:43
8053,12547,189,1,REPAY,1,207.566566,,207.566566,2025-04-24 04:59:59
8054,12548,684,2,REPAY,1,19.148644,,19.148644,2025-04-24 05:05:14
8055,12549,137,2,WITHDRAW,3,7302.155519,,,2025-04-24 05:39:54
8056,12550,63,4,REPAY,5,1657.707872,,1657.707872,2025-04-24 05:43:02
8057,12551,499,3,REPAY,2,641.349675,,641.349675,2025-04-24 06:03:01
8058,12552,139,1,REPAY,2,2951.341981,,2951.341981,2025-04-24 06:11:39
8059,12553,619,2,REPAY,5,7.761679,,7.761679,2025-04-24 06:34:50
8060,12554,125,3,WITHDRAW,2,7653.002018,,,2025-04-24 06:59:15
8061,12555,543,1,REPAY,1,3.592746,,3.592746,2025-04-24 07:05:20
8062,12556,364,2,REPAY,2,1.279649,,1.279649,2025-04-24 07:24:56
8063,12557,216,3,WITHDRAW,4,300.748447,,,2025-04-24 07:31:40
8064,12558,815,1,REPAY,2,0.05675,,0.05675,2025-04-24 07:39:17
8065,12559,254,1,DEPOSIT,4,804.031638,804.031638,,2025-04-24 07:59:52
8066,12560,253,2,REPAY,3,2935.876285,,2935.876285,2025-04-24 08:03:11
8067,12561,984,4,REPAY,5,470.769076,,470.769076,2025-04-24 08:04:49
8068,12562,809,3,BORROW,2,123.27789,278.8023549294,123.27789,2025-04-24 08:14:56
8069,12565,443,2,REPAY,4,3.666302,,3.666302,2025-04-24 09:29:00
8070,12571,87,3,WITHDRAW,3,9923.31845,,,2025-04-24 10:14:40
8071,12574,238,2,BORROW,4,7479.02011,13304.4017501725,7479.02011,2025-04-24 10:43:53
8072,12575,534,1,REPAY,1,141.831629,,141.831629,2025-04-24 11:03:10
8073,12577,818,2,REPAY,1,0.125426,,0.125426,2025-04-24 11:09:43
8074,12578,377,1,REPAY,3,133.969656,,133.969656,2025-04-24 11:23:30
8075,12579,16,2,LIQUIDATION,1,3.851408,4.2553996373,3.851408,2025-04-24 11:49:12
8076,12580,926,1,REPAY,5,0.07312,,0.07312,2025-04-24 11:54:27
8077,12583,518,1,WITHDRAW,2,2525.188262,,,2025-04-24 12:30:53
8078,12584,816,2,REPAY,2,4030.378161,,4030.378161,2025-04-24 12:53:05
8079,12586,907,4,REPAY,1,726.134668,,726.134668,2025-04-24 12:59:59
8080,12587,253,2,REPAY,4,284.683624,,284.683624,2025-04-24 13:09:26
8081,12588,168,2,REPAY,5,0.570718,,0.570718,2025-04-24 14:00:12
8082,12590,301,3,REPAY,5,2634.367744,,2634.367744,2025-04-24 14:28:10
8083,12591,145,1,REPAY,3,688.131548,,688.131548,2025-04-24 14:43:39
8084,12592,912,2,REPAY,5,0.020426,,0.020426,2025-04-24 14:51:36
8085,12594,561,4,WITHDRAW,1,8732.718739,,,2025-04-24 15:16:05
8086,12595,337,2,LIQUIDATION,2,466.796789,435.6340178923,466.796789,2025-04-24 15:20:12
8087,12597,249,3,REPAY,1,32.806836,,32.806836,2025-04-24 15:21:07
8088,12598,878,4,REPAY,5,97.417272,,97.417272,2025-04-24 16:01:22
8089,12599,616,1,BORROW,2,1027.081348,1433.3807784049,1027.081348,2025-04-24 16:23:02
8090,12601,597,4,DEPOSIT,2,5464.833504,5464.833504,,2025-04-24 16:57:26
8091,12602,208,2,BORROW,4,856.795303,1292.1592219783,856.795303,2025-04-24 17:07:52
8092,12603,151,2,WITHDRAW,5,3554.038322,,,2025-04-24 17:18:36
8093,12604,479,1,LIQUIDATION,4,175.788511,185.5583711041,175.788511,2025-04-24 17:27:16
8094,12606,16,3,WITHDRAW,4,9773.346717,,,2025-04-24 17:29:47
8095,12607,667,1,REPAY,4,0.001038,,0.001038,2025-04-24 17:57:06
8096,12610,402,1,DEPOSIT,4,9125.438921,9125.438921,,2025-04-24 19:02:08
8097,12612,804,2,DEPOSIT,3,8449.122948,8449.122948,,2025-04-24 19:19:46
8098,12613,631,1,REPAY,5,14.817038,,14.817038,2025-04-24 19:19:53
8099,12614,910,4,DEPOSIT,1,7727.869768,7727.869768,,2025-04-24 19:29:27
8100,12616,123,1,LIQUIDATION,5,859.862689,1031.5978280892,859.862689,2025-04-24 19:42:20
8101,12618,594,2,REPAY,3,151.787399,,151.787399,2025-04-24 19:50:09
8102,12619,894,1,REPAY,4,2722.889838,,2722.889838,2025-04-24 20:33:29
8103,12620,502,1,REPAY,2,5112.665918,,5112.665918,2025-04-24 20:37:38
8104,12621,268,4,REPAY,2,7e-06,,7e-06,2025-04-24 20:57:25
8105,12622,957,2,REPAY,1,27.594172,,27.594172,2025-04-24 20:59:42
8106,12623,460,3,REPAY,1,0.018546,,0.018546,2025-04-24 21:00:29
8107,12624,75,4,REPAY,1,2.978448,,2.978448,2025-04-24 21:34:28
8108,12625,259,3,REPAY,4,0.575784,,0.575784,2025-04-24 21:47:48
8109,12626,244,4,LIQUIDATION,3,373.043856,411.3119986697,373.043856,2025-04-24 22:46:58
8110,12627,551,1,REPAY,3,3318.623627,,3318.623627,2025-04-24 22:48:35
8111,12628,240,4,REPAY,2,0.170853,,0.170853,2025-04-24 22:49:42
8112,12629,54,2,BORROW,3,5729.321971,12209.3306180107,5729.321971,2025-04-24 22:54:27
8113,12630,171,3,REPAY,4,9.738096,,9.738096,2025-04-24 22:55:17
8114,12631,407,1,REPAY,3,5.587823,,5.587823,2025-04-24 23:00:32
8115,12632,898,4,REPAY,2,0.00775,,0.00775,2025-04-24 23:01:26
8116,12633,363,4,REPAY,4,11.129133,,11.129133,2025-04-24 23:03:36
8117,12634,50,3,REPAY,3,1300.109652,,1300.109652,2025-04-24 23:14:39
8118,12637,230,3,REPAY,3,6.732798,,6.732798,2025-04-24 23:38:24
8119,12639,687,2,BORROW,3,9131.449237,16965.7726115905,9131.449237,2025-04-25 00:14:57
8120,12640,517,1,WITHDRAW,1,7555.604996,,,2025-04-25 00:26:10
8121,12641,749,2,REPAY,5,865.66408,,865.66408,2025-04-25 00:27:26
8122,12643,572,1,REPAY,4,1.250885,,1.250885,2025-04-25 01:05:45
8123,12644,240,3,REPAY,2,0.014465,,0.014465,2025-04-25 01:08:13
8124,12645,918,4,REPAY,4,0.004027,,0.004027,2025-04-25 01:18:44
8125,12647,473,4,REPAY,4,3.729855,,3.729855,2025-04-25 01:48:06
8126,12648,227,2,REPAY,3,106.727501,,106.727501,2025-04-25 01:54:39
8127,12649,123,3,BORROW,5,7579.570555,17965.9059531691,7579.570555,2025-04-25 02:18:10
8128,12651,944,2,REPAY,3,2288.920084,,2288.920084,2025-04-25 02:20:18
8129,12653,628,2,WITHDRAW,2,9817.200289,,,2025-04-25 02:41:17
8130,12654,918,3,DEPOSIT,5,8330.742318,8330.742318,,2025-04-25 02:46:54
8131,12657,567,2,REPAY,2,1755.607406,,1755.607406,2025-04-25 03:52:42
8132,12660,20,1,BORROW,5,9203.705306,16266.5284429387,9203.705306,2025-04-25 04:13:42
8133,12661,890,4,REPAY,1,1.176551,,1.176551,2025-04-25 04:39:19
8134,12663,611,1,REPAY,1,0.000257,,0.000257,2025-04-25 05:11:27
8135,12664,657,3,BORROW,5,7477.241385,14472.4259819829,7477.241385,2025-04-25 05:23:40
8136,12665,722,4,REPAY,2,17.470092,,17.470092,2025-04-25 05:23:52
8137,12668,896,1,REPAY,4,1871.255957,,1871.255957,2025-04-25 06:05:59
8138,12670,172,3,BORROW,5,3905.444803,8315.1134305789,3905.444803,2025-04-25 07:09:22
8139,12671,894,1,REPAY,4,2680.350742,,2680.350742,2025-04-25 07:24:15
8140,12672,142,2,REPAY,4,1079.046163,,1079.046163,2025-04-25 07:39:14
8141,12673,276,1,REPAY,5,199.75439,,199.75439,2025-04-25 07:50:17
8142,12674,472,2,DEPOSIT,1,303.856792,303.856792,,2025-04-25 08:03:31
8143,12675,838,3,BORROW,2,6266.326477,14403.1111378838,6266.326477,2025-04-25 08:07:58
8144,12676,756,4,REPAY,2,3462.273458,,3462.273458,2025-04-25 08:14:58
8145,12677,940,1,REPAY,2,1552.461654,,1552.461654,2025-04-25 08:17:50
8146,12678,850,2,WITHDRAW,4,3501.475426,,,2025-04-25 08:26:25
8147,12680,495,1,REPAY,5,2.509021,,2.509021,2025-04-25 08:38:52
8148,12681,422,4,DEPOSIT,5,2803.455225,2803.455225,,2025-04-25 08:42:23
8149,12682,242,3,REPAY,4,2.750196,,2.750196,2025-04-25 09:09:46
8150,12683,289,1,REPAY,5,0.756718,,0.756718,2025-04-25 09:37:40
8151,12684,860,4,DEPOSIT,3,7886.088949,7886.088949,,2025-04-25 10:24:44
8152,12685,548,4,REPAY,5,178.880563,,178.880563,2025-04-25 10:41:26
8153,12686,751,1,WITHDRAW,3,9011.810559,,,2025-04-25 10:42:45
8154,12688,469,2,WITHDRAW,1,3701.513489,,,2025-04-25 11:32:24
8155,12690,753,3,DEPOSIT,5,1779.386566,1779.386566,,2025-04-25 11:44:19
8156,12691,257,3,REPAY,3,3532.476212,,3532.476212,2025-04-25 11:50:53
8157,12692,256,1,REPAY,1,529.284292,,529.284292,2025-04-25 12:10:04
8158,12693,393,1,LIQUIDATION,4,4538.93075,3641.4568121322,4538.93075,2025-04-25 12:19:27
8159,12694,94,4,REPAY,1,1.266255,,1.266255,2025-04-25 12:42:21
8160,12695,389,2,REPAY,2,75.17284,,75.17284,2025-04-25 13:46:06
8161,12696,539,2,BORROW,2,1507.488844,2619.6181293921,1507.488844,2025-04-25 13:52:40
8162,12698,921,1,REPAY,4,7.43998,,7.43998,2025-04-25 14:18:44
8163,12699,815,3,REPAY,2,0.047212,,0.047212,2025-04-25 14:21:46
8164,12701,456,4,REPAY,1,24.024214,,24.024214,2025-04-25 14:36:41
8165,12703,334,4,BORROW,4,9589.408524,16663.081726274,9589.408524,2025-04-25 15:04:10
8166,12704,809,3,BORROW,4,1672.935905,2646.7578395857,1672.935905,2025-04-25 15:10:36
8167,12706,972,1,REPAY,1,26.18049,,26.18049,2025-04-25 15:45:32
8168,12707,805,3,REPAY,1,913.390578,,913.390578,2025-04-25 16:02:13
8169,12708,659,3,DEPOSIT,2,6854.486484,6854.486484,,2025-04-25 16:05:49
8170,12709,942,1,REPAY,5,1683.715008,,1683.715008,2025-04-25 16:11:46
8171,12710,946,3,LIQUIDATION,5,2048.336475,2002.26681284,2048.336475,2025-04-25 16:22:36
8172,12711,151,2,REPAY,3,0.379763,,0.379763,2025-04-25 16:45:47
8173,12712,516,4,BORROW,4,7789.758892,9354.0652234816,7789.758892,2025-04-25 17:05:45
8174,12713,157,4,REPAY,1,51.413963,,51.413963,2025-04-25 17:12:56
8175,12714,774,2,DEPOSIT,1,8124.221455,8124.221455,,2025-04-25 17:15:21
8176,12715,796,3,BORROW,1,2539.390589,4021.5044661613,2539.390589,2025-04-25 17:17:06
8177,12716,127,4,DEPOSIT,3,2156.40024,2156.40024,,2025-04-25 17:28:18
8178,12717,608,4,DEPOSIT,1,3647.679854,3647.679854,,2025-04-25 18:04:00
8179,12718,80,4,DEPOSIT,3,3915.068989,3915.068989,,2025-04-25 18:07:14
8180,12719,460,4,REPAY,3,0.028231,,0.028231,2025-04-25 18:26:33
8181,12720,431,2,REPAY,3,0.000994,,0.000994,2025-04-25 18:27:27
8182,12721,334,3,WITHDRAW,1,1139.845238,,,2025-04-25 18:28:11
8183,12722,718,3,REPAY,3,127.83094,,127.83094,2025-04-25 18:33:10
8184,12723,226,3,REPAY,5,509.540378,,509.540378,2025-04-25 18:39:11
8185,12724,34,3,WITHDRAW,3,7792.283666,,,2025-04-25 18:52:49
8186,12725,70,4,DEPOSIT,5,5721.854179,5721.854179,,2025-04-25 18:57:06
8187,12728,824,2,REPAY,5,0.012509,,0.012509,2025-04-25 19:19:10
8188,12729,369,2,WITHDRAW,4,7907.850359,,,2025-04-25 20:12:00
8189,12733,455,3,REPAY,5,0.675318,,0.675318,2025-04-25 21:22:07
8190,12734,209,1,BORROW,2,1746.904677,4347.501589845,1746.904677,2025-04-25 21:28:46
8191,12737,635,1,REPAY,3,10.380811,,10.380811,2025-04-25 21:54:33
8192,12738,884,2,REPAY,1,16.770734,,16.770734,2025-04-25 22:01:38
8193,12739,826,2,DEPOSIT,2,7658.053584,7658.053584,,2025-04-25 22:17:21
8194,12740,332,3,LIQUIDATION,5,1203.375354,1212.1419425624,1203.375354,2025-04-25 22:26:03
8195,12741,598,1,BORROW,5,1595.978292,2746.315147663,1595.978292,2025-04-25 23:26:43
8196,12742,787,2,REPAY,5,107.168427,,107.168427,2025-04-25 23:40:48
8197,12743,277,4,REPAY,4,1.934433,,1.934433,2025-04-25 23:42:43
8198,12744,831,2,REPAY,1,0.004601,,0.004601,2025-04-25 23:51:15
8199,12745,357,2,REPAY,1,75.006408,,75.006408,2025-04-25 23:52:00
8200,12746,310,3,WITHDRAW,3,2529.78537,,,2025-04-25 23:58:40
8201,12747,577,3,REPAY,2,13.216154,,13.216154,2025-04-26 00:21:54
8202,12748,242,3,REPAY,3,17.30546,,17.30546,2025-04-26 00:32:24
8203,12754,727,2,REPAY,1,7734.228859,,7734.228859,2025-04-26 01:53:54
8204,12756,630,1,REPAY,4,0.043227,,0.043227,2025-04-26 02:26:39
8205,12757,819,2,REPAY,1,2.004388,,2.004388,2025-04-26 03:00:59
8206,12758,945,4,LIQUIDATION,5,0.001804,0.0018574091,0.001804,2025-04-26 03:03:04
8207,12759,706,2,WITHDRAW,1,6915.088535,,,2025-04-26 03:18:06
8208,12760,711,1,REPAY,1,26.594471,,26.594471,2025-04-26 03:19:33
8209,12762,756,1,REPAY,4,1849.838583,,1849.838583,2025-04-26 03:48:19
8210,12763,758,3,REPAY,3,1.474824,,1.474824,2025-04-26 03:54:50
8211,12764,726,2,REPAY,1,0.154737,,0.154737,2025-04-26 03:56:05
8212,12766,676,3,DEPOSIT,1,9637.948905,9637.948905,,2025-04-26 04:24:04
8213,12769,346,4,REPAY,3,0.000757,,0.000757,2025-04-26 05:24:32
8214,12770,71,1,REPAY,5,1360.765913,,1360.765913,2025-04-26 05:29:19
8215,12771,572,1,REPAY,2,1.02285,,1.02285,2025-04-26 06:09:31
8216,12772,241,1,DEPOSIT,1,8417.764142,8417.764142,,2025-04-26 06:15:31
8217,12773,630,4,BORROW,5,3182.115842,5269.2412446956,3182.115842,2025-04-26 06:36:33
8218,12775,342,3,REPAY,1,1.611956,,1.611956,2025-04-26 06:57:26
8219,12779,92,3,REPAY,2,331.370859,,331.370859,2025-04-26 07:20:18
8220,12780,726,2,REPAY,2,0.069089,,0.069089,2025-04-26 07:24:05
8221,12781,275,3,REPAY,4,5.3e-05,,5.3e-05,2025-04-26 07:40:05
8222,12783,633,4,REPAY,5,0.161491,,0.161491,2025-04-26 07:53:38
8223,12785,78,2,REPAY,4,0.776435,,0.776435,2025-04-26 07:58:49
8224,12786,755,4,LIQUIDATION,3,1423.554621,1616.265185796,1423.554621,2025-04-26 08:10:13
8225,12787,594,2,REPAY,2,51.444871,,51.444871,2025-04-26 08:15:52
8226,12788,357,2,REPAY,2,11.909452,,11.909452,2025-04-26 08:18:56
8227,12789,850,4,DEPOSIT,3,8379.920011,8379.920011,,2025-04-26 08:22:58
8228,12790,734,1,REPAY,1,119.254483,,119.254483,2025-04-26 08:26:37
8306,12901,283,1,REPAY,3,0.039129,,0.039129,2025-04-27 11:35:00
8229,12791,906,2,REPAY,1,11.462786,,11.462786,2025-04-26 08:28:11
8230,12792,80,4,BORROW,1,1400.385644,2476.896737102,1400.385644,2025-04-26 08:53:11
8231,12793,881,1,REPAY,3,1506.387541,,1506.387541,2025-04-26 09:11:33
8232,12794,730,2,WITHDRAW,1,783.128363,,,2025-04-26 09:34:51
8233,12795,341,2,REPAY,4,79.357829,,79.357829,2025-04-26 09:49:25
8234,12796,951,3,BORROW,4,5595.84416,12103.1254335563,5595.84416,2025-04-26 10:04:18
8235,12798,16,1,WITHDRAW,4,7700.550947,,,2025-04-26 10:21:30
8236,12801,421,2,REPAY,4,178.27531,,178.27531,2025-04-26 12:43:06
8237,12802,35,3,WITHDRAW,5,3502.425712,,,2025-04-26 12:45:23
8238,12803,517,1,DEPOSIT,4,2555.641447,2555.641447,,2025-04-26 12:47:44
8239,12807,954,1,REPAY,2,74.422898,,74.422898,2025-04-26 13:45:19
8240,12809,154,3,REPAY,1,199.006694,,199.006694,2025-04-26 13:58:16
8241,12810,850,3,WITHDRAW,3,3527.173562,,,2025-04-26 13:58:35
8242,12812,372,3,REPAY,2,0.179635,,0.179635,2025-04-26 15:26:11
8243,12813,708,2,WITHDRAW,1,4129.095114,,,2025-04-26 15:27:32
8244,12814,75,3,LIQUIDATION,3,5.272721,4.4382293965,5.272721,2025-04-26 15:44:15
8245,12815,77,1,REPAY,1,333.021182,,333.021182,2025-04-26 16:21:58
8246,12816,335,2,REPAY,3,28.983449,,28.983449,2025-04-26 16:27:21
8247,12817,346,4,REPAY,1,0.000415,,0.000415,2025-04-26 16:31:51
8248,12818,818,1,REPAY,2,0.012054,,0.012054,2025-04-26 16:41:47
8249,12819,682,3,WITHDRAW,3,813.116908,,,2025-04-26 16:48:48
8250,12820,978,4,REPAY,2,0.002237,,0.002237,2025-04-26 17:04:09
8251,12821,438,1,WITHDRAW,4,9287.678165,,,2025-04-26 17:54:47
8252,12822,626,2,REPAY,5,11.280312,,11.280312,2025-04-26 18:07:36
8253,12824,735,2,BORROW,2,143.825929,341.2050788047,143.825929,2025-04-26 18:30:51
8254,12825,285,1,DEPOSIT,5,2826.68782,2826.68782,,2025-04-26 18:33:02
8255,12826,633,2,REPAY,4,0.008702,,0.008702,2025-04-26 18:49:43
8256,12827,553,2,REPAY,3,31.337953,,31.337953,2025-04-26 19:01:18
8257,12830,83,2,REPAY,1,0.056867,,0.056867,2025-04-26 19:17:06
8258,12831,244,1,DEPOSIT,2,1913.722278,1913.722278,,2025-04-26 19:27:02
8259,12833,89,2,REPAY,3,2.018167,,2.018167,2025-04-26 20:02:49
8260,12834,637,3,DEPOSIT,1,2263.222985,2263.222985,,2025-04-26 20:36:47
8261,12835,735,3,REPAY,3,1862.584253,,1862.584253,2025-04-26 21:31:40
8262,12836,616,1,REPAY,2,663.964365,,663.964365,2025-04-26 21:33:30
8263,12837,640,2,REPAY,1,0.023874,,0.023874,2025-04-26 21:39:50
8264,12838,538,4,REPAY,3,1.477682,,1.477682,2025-04-26 21:48:01
8265,12840,656,3,REPAY,4,59.570325,,59.570325,2025-04-26 21:56:12
8266,12841,179,1,WITHDRAW,3,5585.12624,,,2025-04-26 22:05:08
8267,12845,761,4,REPAY,5,0.930065,,0.930065,2025-04-26 22:37:34
8268,12846,16,4,WITHDRAW,4,5983.896279,,,2025-04-26 22:43:03
8269,12847,639,4,REPAY,3,21.615929,,21.615929,2025-04-26 22:44:16
8270,12849,388,3,REPAY,4,2193.864394,,2193.864394,2025-04-26 22:49:16
8271,12852,294,4,WITHDRAW,4,1608.550793,,,2025-04-27 00:38:21
8272,12853,392,3,REPAY,4,2.017433,,2.017433,2025-04-27 00:56:39
8273,12855,988,4,REPAY,3,154.630305,,154.630305,2025-04-27 01:14:40
8274,12856,141,1,DEPOSIT,3,2812.208871,2812.208871,,2025-04-27 01:39:48
8275,12858,851,2,REPAY,3,2.528122,,2.528122,2025-04-27 02:08:46
8276,12859,532,1,REPAY,1,100.340538,,100.340538,2025-04-27 02:15:56
8277,12861,398,4,DEPOSIT,1,2540.025002,2540.025002,,2025-04-27 02:34:25
8278,12862,163,3,REPAY,4,0.009554,,0.009554,2025-04-27 02:34:56
8279,12863,835,1,REPAY,1,44.412155,,44.412155,2025-04-27 02:44:21
8280,12865,479,3,BORROW,5,6948.429513,8667.0418813666,6948.429513,2025-04-27 03:13:56
8281,12866,297,1,BORROW,2,8371.305422,20736.2902024143,8371.305422,2025-04-27 03:34:11
8282,12867,811,3,WITHDRAW,3,3033.684446,,,2025-04-27 03:50:20
8283,12868,550,2,REPAY,1,367.117403,,367.117403,2025-04-27 03:57:48
8284,12869,920,4,BORROW,3,7033.046476,14794.1854737523,7033.046476,2025-04-27 04:05:23
8285,12870,784,2,REPAY,2,1.147514,,1.147514,2025-04-27 04:14:39
8286,12872,686,4,REPAY,3,10.231064,,10.231064,2025-04-27 04:42:24
8287,12873,942,3,REPAY,1,627.524518,,627.524518,2025-04-27 04:57:46
8288,12875,961,2,REPAY,4,28.570796,,28.570796,2025-04-27 06:03:02
8289,12876,331,1,REPAY,5,0.824808,,0.824808,2025-04-27 06:17:04
8290,12877,8,1,REPAY,1,17.811297,,17.811297,2025-04-27 06:26:07
8291,12879,927,4,LIQUIDATION,2,868.512425,891.7643934949,868.512425,2025-04-27 06:59:04
8292,12882,431,3,REPAY,1,0.000262,,0.000262,2025-04-27 07:54:45
8293,12883,811,4,REPAY,5,80.049597,,80.049597,2025-04-27 08:01:13
8294,12884,664,3,REPAY,5,0.000141,,0.000141,2025-04-27 08:15:30
8295,12886,909,2,REPAY,1,4.920762,,4.920762,2025-04-27 08:42:02
8296,12887,781,3,REPAY,2,9941.482235,,9941.482235,2025-04-27 09:04:19
8297,12888,106,2,REPAY,3,1.85615,,1.85615,2025-04-27 09:12:30
8298,12890,255,1,WITHDRAW,3,5069.208252,,,2025-04-27 09:56:10
8299,12892,730,3,DEPOSIT,3,6903.527943,6903.527943,,2025-04-27 10:06:05
8300,12894,940,3,REPAY,2,79.507192,,79.507192,2025-04-27 10:13:33
8301,12895,969,3,DEPOSIT,4,6887.642689,6887.642689,,2025-04-27 10:23:31
8302,12896,130,3,REPAY,5,10.95571,,10.95571,2025-04-27 10:30:42
8303,12897,921,2,BORROW,3,2987.501616,5715.047028441,2987.501616,2025-04-27 10:53:23
8304,12898,187,2,DEPOSIT,5,4478.084241,4478.084241,,2025-04-27 11:05:41
8305,12900,600,1,REPAY,5,0.003434,,0.003434,2025-04-27 11:22:11
8307,12902,923,1,REPAY,4,128.300288,,128.300288,2025-04-27 11:48:35
8308,12904,144,4,DEPOSIT,2,8385.498554,8385.498554,,2025-04-27 11:58:30
8309,12906,605,1,REPAY,5,362.378149,,362.378149,2025-04-27 12:10:09
8310,12907,428,4,DEPOSIT,1,7792.256522,7792.256522,,2025-04-27 12:14:21
8311,12908,326,3,REPAY,3,0.355871,,0.355871,2025-04-27 12:21:28
8312,12909,979,1,BORROW,1,4420.7858,6636.4285287803,4420.7858,2025-04-27 12:35:18
8313,12910,679,1,BORROW,3,6881.671092,13133.8723510126,6881.671092,2025-04-27 12:40:42
8314,12911,85,1,REPAY,1,0.05425,,0.05425,2025-04-27 13:12:25
8315,12913,795,2,REPAY,3,922.563557,,922.563557,2025-04-27 13:47:26
8316,12914,98,1,BORROW,5,107.404932,150.1553629491,107.404932,2025-04-27 14:01:04
8317,12915,50,3,WITHDRAW,4,7799.790195,,,2025-04-27 14:01:58
8318,12917,632,1,REPAY,3,5532.81893,,5532.81893,2025-04-27 14:54:00
8319,12918,229,3,REPAY,1,1766.477639,,1766.477639,2025-04-27 15:22:08
8320,12919,257,2,REPAY,3,1048.843926,,1048.843926,2025-04-27 16:06:40
8321,12921,432,4,WITHDRAW,4,8200.586836,,,2025-04-27 16:35:32
8322,12923,895,3,DEPOSIT,1,4139.568988,4139.568988,,2025-04-27 16:51:31
8323,12924,696,2,BORROW,2,5542.492155,11706.4579631834,5542.492155,2025-04-27 17:08:13
8324,12925,275,1,REPAY,5,0.000111,,0.000111,2025-04-27 17:13:25
8325,12926,239,3,LIQUIDATION,2,7.204357,6.9526196808,7.204357,2025-04-27 17:31:28
8326,12927,369,4,REPAY,3,116.604309,,116.604309,2025-04-27 17:52:20
8327,12929,71,1,BORROW,4,6375.835011,12883.9848986654,6375.835011,2025-04-27 18:18:42
8328,12930,112,1,REPAY,5,14.672976,,14.672976,2025-04-27 18:27:34
8329,12932,414,1,WITHDRAW,3,3448.000614,,,2025-04-27 18:52:12
8330,12933,679,3,LIQUIDATION,2,6881.671092,7133.3104591452,6881.671092,2025-04-27 19:01:55
8331,12934,346,1,REPAY,2,0.000304,,0.000304,2025-04-27 19:08:40
8332,12935,66,1,REPAY,3,3.826603,,3.826603,2025-04-27 19:18:42
8333,12937,430,4,REPAY,1,1.530025,,1.530025,2025-04-27 19:39:36
8334,12938,381,2,REPAY,3,2684.792218,,2684.792218,2025-04-27 19:44:29
8335,12940,630,3,REPAY,4,1545.783898,,1545.783898,2025-04-27 19:57:06
8336,12941,45,3,REPAY,4,177.145275,,177.145275,2025-04-27 20:19:34
8337,12944,300,4,BORROW,3,2254.671075,4118.205092174,2254.671075,2025-04-27 20:45:17
8338,12946,60,1,WITHDRAW,4,9501.610835,,,2025-04-27 21:06:00
8339,12948,565,1,WITHDRAW,4,3934.233795,,,2025-04-27 21:37:04
8340,12949,130,4,REPAY,1,15.235338,,15.235338,2025-04-27 21:59:23
8341,12950,268,1,REPAY,2,8e-06,,8e-06,2025-04-27 22:03:49
8342,12951,139,2,REPAY,3,3315.117126,,3315.117126,2025-04-27 22:11:46
8343,12953,169,1,REPAY,4,29.47065,,29.47065,2025-04-27 22:52:55
8344,12954,415,4,LIQUIDATION,1,141.763785,144.0171338036,141.763785,2025-04-27 22:55:44
8345,12955,187,3,WITHDRAW,4,4407.98333,,,2025-04-27 23:20:04
8346,12959,119,2,REPAY,5,0.716774,,0.716774,2025-04-28 01:10:20
8347,12960,801,4,DEPOSIT,4,6221.323856,6221.323856,,2025-04-28 01:49:13
8348,12961,344,2,DEPOSIT,4,9565.403208,9565.403208,,2025-04-28 02:03:20
8349,12963,120,4,REPAY,3,2511.58884,,2511.58884,2025-04-28 02:11:47
8350,12965,978,1,REPAY,4,0.001922,,0.001922,2025-04-28 02:59:04
8351,12966,78,2,REPAY,3,0.442742,,0.442742,2025-04-28 03:04:11
8352,12967,17,4,BORROW,4,9114.752051,12012.8648510092,9114.752051,2025-04-28 03:10:05
8353,12968,813,3,REPAY,4,372.891961,,372.891961,2025-04-28 03:20:38
8354,12969,501,1,BORROW,5,1168.115937,2914.3159041251,1168.115937,2025-04-28 03:26:49
8355,12970,641,3,REPAY,3,37.627824,,37.627824,2025-04-28 03:30:50
8356,12971,704,2,REPAY,3,39.375026,,39.375026,2025-04-28 03:33:05
8357,12973,465,1,REPAY,3,235.416598,,235.416598,2025-04-28 03:39:23
8358,12975,536,2,DEPOSIT,3,2800.690838,2800.690838,,2025-04-28 03:52:46
8359,12976,118,3,BORROW,4,5255.676508,7650.4747751471,5255.676508,2025-04-28 03:59:13
8360,12977,112,4,WITHDRAW,4,2610.841019,,,2025-04-28 04:23:44
8361,12978,3,3,REPAY,1,0.459385,,0.459385,2025-04-28 04:31:46
8362,12979,325,3,REPAY,5,0.023579,,0.023579,2025-04-28 04:34:38
8363,12980,406,3,REPAY,5,0.630936,,0.630936,2025-04-28 05:00:49
8364,12981,877,4,LIQUIDATION,3,4875.128245,5839.9200023885,4875.128245,2025-04-28 05:03:30
8365,12983,961,2,REPAY,1,1.883427,,1.883427,2025-04-28 05:08:52
8366,12984,448,2,REPAY,2,1529.369091,,1529.369091,2025-04-28 05:29:23
8367,12985,993,3,REPAY,3,3.132112,,3.132112,2025-04-28 05:52:06
8368,12986,401,4,REPAY,5,248.759447,,248.759447,2025-04-28 05:56:19
8369,12987,244,2,DEPOSIT,2,6787.928686,6787.928686,,2025-04-28 06:00:44
8370,12989,226,3,REPAY,5,1534.135821,,1534.135821,2025-04-28 06:52:32
8371,12990,232,3,REPAY,4,0.048067,,0.048067,2025-04-28 07:00:09
8372,12993,731,4,BORROW,1,2824.409705,3940.8666623115,2824.409705,2025-04-28 07:39:10
8373,12994,289,2,WITHDRAW,5,1089.799027,,,2025-04-28 07:47:28
8374,12995,555,1,REPAY,1,4054.400014,,4054.400014,2025-04-28 07:49:38
8375,12996,932,3,REPAY,4,21.737057,,21.737057,2025-04-28 08:11:35
8376,12998,997,4,REPAY,2,1.030584,,1.030584,2025-04-28 08:33:56
8377,12999,762,1,REPAY,1,4.917898,,4.917898,2025-04-28 08:34:32
8378,13001,199,2,REPAY,3,1514.435694,,1514.435694,2025-04-28 08:50:44
8379,13002,451,1,DEPOSIT,1,2151.573813,2151.573813,,2025-04-28 08:53:44
8380,13004,998,2,WITHDRAW,5,203.808959,,,2025-04-28 09:15:25
8381,13005,256,3,BORROW,3,8917.083511,17749.1017746182,8917.083511,2025-04-28 09:30:56
8382,13006,709,4,WITHDRAW,5,3625.060296,,,2025-04-28 09:33:55
8383,13007,503,4,WITHDRAW,1,2435.36549,,,2025-04-28 09:44:43
8384,13008,787,3,REPAY,4,57.276386,,57.276386,2025-04-28 10:02:24
8385,13009,903,1,REPAY,5,7057.006216,,7057.006216,2025-04-28 10:09:39
8386,13010,231,2,REPAY,1,203.983565,,203.983565,2025-04-28 10:10:14
8387,13011,90,2,WITHDRAW,4,791.605898,,,2025-04-28 10:27:24
8388,13012,295,2,REPAY,5,31.290405,,31.290405,2025-04-28 10:28:11
8389,13013,896,2,LIQUIDATION,4,7174.516652,7873.3275880639,7174.516652,2025-04-28 10:47:52
8390,13014,302,2,DEPOSIT,3,6122.649355,6122.649355,,2025-04-28 10:47:55
8391,13016,991,1,REPAY,4,0.065223,,0.065223,2025-04-28 11:14:47
8392,13017,15,3,REPAY,3,0.222587,,0.222587,2025-04-28 11:19:24
8393,13018,102,2,REPAY,1,55.785677,,55.785677,2025-04-28 11:21:43
8394,13019,338,3,WITHDRAW,2,6101.590883,,,2025-04-28 11:24:25
8395,13020,120,2,REPAY,1,139.611027,,139.611027,2025-04-28 11:52:01
8396,13022,360,2,REPAY,5,7.543763,,7.543763,2025-04-28 12:09:06
8397,13023,645,2,REPAY,2,386.101761,,386.101761,2025-04-28 12:14:52
8398,13024,373,1,BORROW,2,2871.394969,6979.7472008645,2871.394969,2025-04-28 12:17:26
8399,13025,759,1,BORROW,2,3703.136618,8944.3478641218,3703.136618,2025-04-28 12:31:22
8400,13026,720,1,DEPOSIT,5,2858.030883,2858.030883,,2025-04-28 13:13:24
8401,13027,855,4,BORROW,4,5223.007833,10441.4925582489,5223.007833,2025-04-28 13:16:47
8402,13028,296,2,BORROW,2,4203.491001,5962.9518195284,4203.491001,2025-04-28 13:17:54
8403,13029,129,3,LIQUIDATION,5,138.329067,123.0775420492,138.329067,2025-04-28 13:32:04
8404,13030,592,2,REPAY,2,1.091315,,1.091315,2025-04-28 13:53:09
8405,13031,806,4,BORROW,4,6091.070166,11383.2688063431,6091.070166,2025-04-28 14:02:50
8406,13032,25,3,DEPOSIT,3,1054.085288,1054.085288,,2025-04-28 14:11:19
8407,13033,193,1,REPAY,2,81.715354,,81.715354,2025-04-28 14:19:17
8408,13034,327,4,REPAY,5,1722.100671,,1722.100671,2025-04-28 14:27:38
8409,13035,641,1,REPAY,3,8.357987,,8.357987,2025-04-28 14:42:56
8410,13036,594,2,REPAY,4,36.822608,,36.822608,2025-04-28 14:43:38
8411,13037,156,2,WITHDRAW,4,9750.726431,,,2025-04-28 14:48:42
8412,13039,689,4,WITHDRAW,2,5497.920937,,,2025-04-28 14:59:41
8413,13040,110,1,LIQUIDATION,2,9682.929526,10207.6288421392,9682.929526,2025-04-28 15:18:04
8414,13042,725,3,REPAY,3,0.000103,,0.000103,2025-04-28 15:28:17
8415,13043,197,4,REPAY,2,631.617993,,631.617993,2025-04-28 15:56:54
8416,13045,894,3,REPAY,2,1274.053625,,1274.053625,2025-04-28 16:17:25
8417,13046,367,4,DEPOSIT,5,2032.284646,2032.284646,,2025-04-28 16:40:51
8418,13047,146,1,LIQUIDATION,1,6710.872299,6604.6901855644,6710.872299,2025-04-28 16:44:30
8419,13048,870,3,DEPOSIT,3,5132.972411,5132.972411,,2025-04-28 16:54:27
8420,13049,862,4,REPAY,4,15.577516,,15.577516,2025-04-28 16:54:50
8421,13051,214,4,WITHDRAW,5,2046.160918,,,2025-04-28 16:58:00
8422,13052,720,1,DEPOSIT,5,1981.947145,1981.947145,,2025-04-28 17:22:43
8423,13053,499,4,REPAY,3,4.80188,,4.80188,2025-04-28 17:51:29
8424,13054,607,4,REPAY,2,2202.57547,,2202.57547,2025-04-28 17:54:35
8425,13055,438,3,WITHDRAW,1,8337.203965,,,2025-04-28 18:35:47
8426,13056,906,1,REPAY,3,16.275655,,16.275655,2025-04-28 18:36:55
8427,13058,589,2,REPAY,3,1244.412965,,1244.412965,2025-04-28 18:48:06
8428,13059,541,4,BORROW,2,8998.211916,14131.2100870357,8998.211916,2025-04-28 19:05:23
8429,13060,797,2,WITHDRAW,3,9500.459305,,,2025-04-28 19:05:26
8430,13061,878,4,REPAY,1,40.135985,,40.135985,2025-04-28 19:09:00
8431,13062,962,1,REPAY,5,1e-06,,1e-06,2025-04-28 19:12:59
8432,13063,787,4,WITHDRAW,1,4158.648805,,,2025-04-28 19:14:30
8433,13064,323,2,BORROW,2,5589.785765,8907.1749413405,5589.785765,2025-04-28 19:26:58
8434,13066,340,2,REPAY,5,1732.209444,,1732.209444,2025-04-28 19:46:25
8435,13067,932,4,REPAY,2,2.360744,,2.360744,2025-04-28 20:08:54
8436,13068,212,4,REPAY,5,0.845546,,0.845546,2025-04-28 20:15:07
8437,13069,4,3,REPAY,5,165.096109,,165.096109,2025-04-28 20:29:03
8438,13070,800,3,BORROW,3,7816.965182,11711.2099292269,7816.965182,2025-04-28 20:40:12
8439,13071,343,2,BORROW,4,3374.380851,5464.6941431584,3374.380851,2025-04-28 20:43:02
8440,13072,431,4,REPAY,1,0.000318,,0.000318,2025-04-28 20:46:18
8441,13073,525,1,DEPOSIT,2,3759.181957,3759.181957,,2025-04-28 21:18:01
8442,13074,162,4,REPAY,1,1441.951777,,1441.951777,2025-04-28 21:23:32
8443,13075,80,2,REPAY,1,1264.354846,,1264.354846,2025-04-28 21:38:06
8444,13076,135,1,REPAY,1,10.901493,,10.901493,2025-04-28 21:50:33
8445,13077,340,1,REPAY,2,970.926775,,970.926775,2025-04-28 22:12:10
8446,13078,712,4,REPAY,1,1.141889,,1.141889,2025-04-28 22:18:18
8447,13079,552,4,DEPOSIT,4,9300.717491,9300.717491,,2025-04-28 22:33:57
8448,13080,981,4,REPAY,2,0.011845,,0.011845,2025-04-28 22:54:48
8449,13081,13,1,DEPOSIT,2,1836.712269,1836.712269,,2025-04-28 22:55:10
8450,13082,891,4,REPAY,5,532.710363,,532.710363,2025-04-28 23:00:04
8451,13083,855,1,LIQUIDATION,4,5223.007833,4561.1775585012,5223.007833,2025-04-28 23:22:14
8452,13084,395,1,DEPOSIT,1,1131.905469,1131.905469,,2025-04-28 23:35:20
8453,13086,224,1,REPAY,1,6.400566,,6.400566,2025-04-29 00:43:37
8454,13087,106,2,REPAY,1,2.569352,,2.569352,2025-04-29 01:02:22
8455,13088,179,2,WITHDRAW,1,4028.395752,,,2025-04-29 01:09:32
8456,13089,914,3,REPAY,1,866.476108,,866.476108,2025-04-29 01:24:37
8457,13091,136,2,BORROW,5,3886.172061,5312.7237134669,3886.172061,2025-04-29 01:46:47
8458,13092,100,1,REPAY,2,12.823311,,12.823311,2025-04-29 02:07:57
8459,13094,338,2,DEPOSIT,4,1942.336674,1942.336674,,2025-04-29 03:05:16
8460,13095,431,4,REPAY,3,7.1e-05,,7.1e-05,2025-04-29 03:24:42
8461,13096,34,1,WITHDRAW,2,5375.517141,,,2025-04-29 03:55:10
8462,13097,156,3,DEPOSIT,3,5291.361294,5291.361294,,2025-04-29 03:57:02
8463,13099,808,3,REPAY,5,2246.632326,,2246.632326,2025-04-29 04:28:25
8464,13100,46,2,REPAY,1,633.516679,,633.516679,2025-04-29 04:32:20
8465,13101,872,1,REPAY,1,196.038093,,196.038093,2025-04-29 04:45:41
8466,13102,4,2,REPAY,4,5.799166,,5.799166,2025-04-29 04:55:44
8467,13103,293,2,REPAY,3,4031.387225,,4031.387225,2025-04-29 04:55:50
8468,13105,15,1,REPAY,1,0.323784,,0.323784,2025-04-29 05:09:06
8469,13106,179,4,DEPOSIT,4,9412.243495,9412.243495,,2025-04-29 05:21:52
8470,13107,48,3,REPAY,3,0.138491,,0.138491,2025-04-29 05:25:17
8471,13108,253,3,REPAY,3,149.38519,,149.38519,2025-04-29 05:58:09
8472,13109,754,1,REPAY,4,3198.872232,,3198.872232,2025-04-29 06:06:58
8473,13110,652,2,BORROW,1,7845.277568,19511.2622150501,7845.277568,2025-04-29 06:09:14
8474,13111,602,2,BORROW,5,5940.431273,13401.2801353535,5940.431273,2025-04-29 06:16:48
8475,13112,216,2,BORROW,3,4068.090309,5592.7876393088,4068.090309,2025-04-29 06:19:24
8476,13113,10,2,REPAY,4,0.028715,,0.028715,2025-04-29 06:22:45
8477,13114,426,1,BORROW,5,9167.133868,14436.9186939116,9167.133868,2025-04-29 06:47:14
8478,13117,236,2,REPAY,1,0.004532,,0.004532,2025-04-29 07:47:35
8479,13119,71,1,BORROW,3,4347.258818,8208.6476837832,4347.258818,2025-04-29 08:02:12
8480,13121,923,1,REPAY,1,552.883125,,552.883125,2025-04-29 08:36:00
8481,13122,400,1,REPAY,1,1221.153374,,1221.153374,2025-04-29 08:54:57
8482,13123,77,4,DEPOSIT,2,2279.735803,2279.735803,,2025-04-29 09:12:07
8483,13124,150,1,REPAY,4,1120.124907,,1120.124907,2025-04-29 09:14:50
8484,13126,209,4,REPAY,1,1464.958313,,1464.958313,2025-04-29 09:37:49
8485,13128,606,1,REPAY,2,1.545833,,1.545833,2025-04-29 10:48:50
8486,13130,361,2,BORROW,2,2864.061887,3709.4477825165,2864.061887,2025-04-29 10:58:20
8487,13132,555,4,REPAY,5,235.858416,,235.858416,2025-04-29 11:09:46
8488,13133,502,1,REPAY,3,433.691083,,433.691083,2025-04-29 11:22:49
8489,13135,762,1,REPAY,2,1.159763,,1.159763,2025-04-29 12:12:46
8490,13136,440,2,REPAY,1,0.074722,,0.074722,2025-04-29 12:17:37
8491,13137,300,3,WITHDRAW,5,6181.444778,,,2025-04-29 12:20:13
8492,13138,25,1,REPAY,2,369.010051,,369.010051,2025-04-29 12:36:38
8493,13139,66,3,WITHDRAW,3,75.808005,,,2025-04-29 12:40:30
8494,13141,556,4,DEPOSIT,5,644.282202,644.282202,,2025-04-29 13:04:08
8495,13143,764,2,BORROW,4,1538.791916,3555.2324618309,1538.791916,2025-04-29 13:26:46
8496,13144,977,4,REPAY,3,2334.46245,,2334.46245,2025-04-29 13:28:27
8497,13146,126,4,REPAY,3,9.285766,,9.285766,2025-04-29 14:18:28
8498,13147,584,2,BORROW,1,9914.114233,20140.0715301074,9914.114233,2025-04-29 14:34:35
8499,13148,502,3,REPAY,1,44.305104,,44.305104,2025-04-29 14:46:32
8500,13149,268,4,REPAY,4,0.0,,0.0,2025-04-29 15:15:15
8501,13150,145,3,LIQUIDATION,4,261.627271,286.6666750636,261.627271,2025-04-29 15:40:02
8502,13153,887,3,REPAY,3,0.001373,,0.001373,2025-04-29 16:28:42
8503,13155,426,2,LIQUIDATION,3,9167.133868,10574.2865168976,9167.133868,2025-04-29 16:37:08
8504,13156,701,3,REPAY,3,27.244906,,27.244906,2025-04-29 16:54:13
8505,13159,729,4,WITHDRAW,2,8105.229573,,,2025-04-29 17:14:33
8506,13160,560,3,BORROW,2,9180.387168,16131.8793131417,9180.387168,2025-04-29 17:15:59
8507,13161,776,3,LIQUIDATION,4,734.033376,588.6444553653,734.033376,2025-04-29 17:41:39
8508,13163,574,1,DEPOSIT,1,9984.447777,9984.447777,,2025-04-29 17:45:12
8509,13164,1000,3,REPAY,3,0.013723,,0.013723,2025-04-29 17:46:28
8510,13167,196,4,BORROW,4,2155.106119,5010.019810798,2155.106119,2025-04-29 19:33:15
8511,13168,287,1,BORROW,3,4184.258111,5955.1435888087,4184.258111,2025-04-29 19:34:14
8512,13170,331,3,REPAY,4,0.011322,,0.011322,2025-04-29 19:53:09
8513,13172,119,4,REPAY,4,0.004375,,0.004375,2025-04-29 20:08:29
8514,13174,627,2,REPAY,3,3.708965,,3.708965,2025-04-29 20:22:37
8515,13175,940,4,REPAY,5,32.13605,,32.13605,2025-04-29 20:27:53
8516,13176,643,1,REPAY,2,2526.840648,,2526.840648,2025-04-29 21:09:15
8517,13177,645,2,REPAY,3,50.882954,,50.882954,2025-04-29 21:30:35
8518,13178,792,4,REPAY,1,49.22469,,49.22469,2025-04-29 21:34:19
8519,13180,98,4,REPAY,5,81.199572,,81.199572,2025-04-29 21:48:49
8520,13181,486,3,BORROW,3,8205.885045,11945.9667412667,8205.885045,2025-04-29 21:50:20
8521,13182,921,3,WITHDRAW,5,4523.494589,,,2025-04-29 22:08:34
8522,13184,712,3,WITHDRAW,4,7980.23506,,,2025-04-29 22:12:58
8523,13185,249,3,REPAY,1,3.515043,,3.515043,2025-04-29 22:27:45
8524,13186,816,2,REPAY,4,1822.269071,,1822.269071,2025-04-29 22:53:14
8525,13187,501,2,LIQUIDATION,2,1168.115937,1214.4136097251,1168.115937,2025-04-29 23:17:09
8526,13188,275,1,DEPOSIT,3,8756.515566,8756.515566,,2025-04-29 23:37:29
8527,13190,398,3,BORROW,3,8306.25336,20216.2104777887,8306.25336,2025-04-29 23:45:10
8528,13191,518,3,REPAY,4,8.948549,,8.948549,2025-04-30 00:23:10
8529,13193,92,4,BORROW,4,1452.569224,3556.1584534994,1452.569224,2025-04-30 00:28:05
8530,13195,547,1,WITHDRAW,2,1065.37705,,,2025-04-30 00:54:54
8531,13197,155,2,LIQUIDATION,5,164.25073,170.0764939014,164.25073,2025-04-30 00:58:11
8532,13199,112,2,REPAY,1,6.173134,,6.173134,2025-04-30 01:10:43
8533,13201,499,4,REPAY,1,2.679639,,2.679639,2025-04-30 01:24:46
8534,13205,166,4,WITHDRAW,5,938.466259,,,2025-04-30 02:12:13
8535,13206,160,1,DEPOSIT,4,8026.159063,8026.159063,,2025-04-30 02:32:58
8536,13207,291,1,REPAY,1,3621.575254,,3621.575254,2025-04-30 02:44:40
8537,13208,223,3,REPAY,4,51.722862,,51.722862,2025-04-30 02:47:00
8538,13209,235,1,REPAY,5,0.000551,,0.000551,2025-04-30 02:51:00
8539,13210,919,3,REPAY,4,4959.699526,,4959.699526,2025-04-30 03:37:40
8540,13211,581,3,REPAY,3,294.242187,,294.242187,2025-04-30 03:47:30
8541,13214,373,1,LIQUIDATION,5,2871.394969,3318.4140567849,2871.394969,2025-04-30 04:05:28
8542,13215,735,1,REPAY,2,3.483981,,3.483981,2025-04-30 04:38:27
8543,13216,288,2,WITHDRAW,4,9888.983998,,,2025-04-30 04:45:01
8544,13217,627,4,REPAY,5,0.217275,,0.217275,2025-04-30 04:49:09
8545,13218,600,2,REPAY,5,0.000526,,0.000526,2025-04-30 04:49:52
8546,13219,435,4,REPAY,5,0.027372,,0.027372,2025-04-30 05:17:13
8547,13220,818,1,REPAY,1,0.029582,,0.029582,2025-04-30 05:17:25
8548,13221,130,2,REPAY,1,1.979574,,1.979574,2025-04-30 05:26:47
8549,13224,567,3,REPAY,3,1024.455656,,1024.455656,2025-04-30 05:33:56
8550,13225,498,2,WITHDRAW,5,4279.92816,,,2025-04-30 05:36:54
8551,13227,273,4,REPAY,2,26.768649,,26.768649,2025-04-30 05:56:44
8552,13228,385,1,BORROW,3,4113.817076,5135.8212119414,4113.817076,2025-04-30 06:04:31
8553,13230,961,2,REPAY,5,0.019407,,0.019407,2025-04-30 07:22:24
8554,13232,949,4,REPAY,3,7.517123,,7.517123,2025-04-30 07:26:35
8555,13233,883,1,REPAY,5,1416.881632,,1416.881632,2025-04-30 07:34:30
8556,13234,40,2,WITHDRAW,5,4447.352736,,,2025-04-30 07:39:46
8557,13236,342,3,REPAY,2,7.166927,,7.166927,2025-04-30 07:42:19
8558,13237,63,3,REPAY,4,41.234343,,41.234343,2025-04-30 07:52:16
8559,13238,766,1,REPAY,5,1021.51238,,1021.51238,2025-04-30 08:21:43
8560,13239,733,1,BORROW,4,3952.837844,8124.2206320981,3952.837844,2025-04-30 08:56:02
8561,13241,366,4,REPAY,1,0.275283,,0.275283,2025-04-30 09:34:42
8562,13243,985,4,REPAY,1,2022.525111,,2022.525111,2025-04-30 09:45:07
8563,13245,221,1,REPAY,2,976.809223,,976.809223,2025-04-30 10:34:33
8564,13246,623,2,DEPOSIT,3,8613.516924,8613.516924,,2025-04-30 10:59:35
8565,13247,878,2,REPAY,2,7.697285,,7.697285,2025-04-30 11:04:46
8566,13248,533,4,REPAY,4,0.110523,,0.110523,2025-04-30 11:32:35
8567,13250,729,2,DEPOSIT,5,7895.239988,7895.239988,,2025-04-30 12:19:58
8568,13251,972,1,REPAY,5,1.044716,,1.044716,2025-04-30 12:34:43
8569,13254,975,2,LIQUIDATION,4,1792.116444,1942.2791997845,1792.116444,2025-04-30 12:49:03
8570,13255,275,1,REPAY,1,5.8e-05,,5.8e-05,2025-04-30 12:56:39
8571,13256,980,4,BORROW,5,9496.198553,23464.0319673435,9496.198553,2025-04-30 13:02:12
8572,13257,742,3,WITHDRAW,5,8153.052551,,,2025-04-30 13:09:06
8573,13258,363,3,WITHDRAW,2,4140.514375,,,2025-04-30 13:15:46
8574,13259,695,2,REPAY,3,0.296348,,0.296348,2025-04-30 13:21:17
8575,13260,285,4,DEPOSIT,3,8991.255049,8991.255049,,2025-04-30 13:49:32
8576,13261,376,4,BORROW,2,6276.039497,8139.6364297356,6276.039497,2025-04-30 14:14:32
8577,13262,92,1,LIQUIDATION,3,2851.661147,2457.6334828519,2851.661147,2025-04-30 14:44:13
8578,13263,831,1,REPAY,2,0.000748,,0.000748,2025-04-30 14:45:11
8579,13265,823,2,REPAY,5,34.573662,,34.573662,2025-04-30 14:59:14
8580,13266,752,2,WITHDRAW,4,3424.144823,,,2025-04-30 15:07:20
8581,13267,697,3,REPAY,2,20.217602,,20.217602,2025-04-30 15:14:55
8582,13268,777,1,REPAY,3,1978.253574,,1978.253574,2025-04-30 15:16:30
8583,13269,88,3,REPAY,2,155.439928,,155.439928,2025-04-30 15:28:21
8584,13272,783,2,REPAY,4,328.607324,,328.607324,2025-04-30 16:00:59
8585,13275,849,3,DEPOSIT,3,425.93757,425.93757,,2025-04-30 16:21:50
8586,13276,713,4,REPAY,4,154.486636,,154.486636,2025-04-30 16:23:34
8587,13278,718,1,REPAY,1,20.058063,,20.058063,2025-04-30 16:56:46
8588,13280,258,1,WITHDRAW,2,6662.214125,,,2025-04-30 17:06:01
8589,13281,560,2,REPAY,1,1749.935418,,1749.935418,2025-04-30 17:09:21
8590,13282,961,4,REPAY,2,0.009436,,0.009436,2025-04-30 17:11:18
8591,13283,226,1,REPAY,3,1540.727951,,1540.727951,2025-04-30 17:37:18
8592,13285,568,3,REPAY,1,3159.871545,,3159.871545,2025-04-30 17:53:05
8593,13286,831,1,REPAY,4,0.001071,,0.001071,2025-04-30 18:14:21
8594,13289,357,4,REPAY,1,0.439492,,0.439492,2025-04-30 19:07:03
8595,13290,10,3,REPAY,3,0.011864,,0.011864,2025-04-30 19:08:50
8596,13291,605,3,REPAY,2,68.647354,,68.647354,2025-04-30 19:09:30
8597,13292,954,3,BORROW,3,1456.642017,2992.2045944823,1456.642017,2025-04-30 19:10:44
8598,13294,842,1,WITHDRAW,2,9911.414414,,,2025-04-30 19:19:19
8599,13296,8,3,REPAY,4,2.535697,,2.535697,2025-04-30 20:10:01
8600,13299,298,4,LIQUIDATION,3,800.041089,775.3105926641,800.041089,2025-04-30 21:07:07
8601,13301,891,4,REPAY,2,150.478828,,150.478828,2025-04-30 21:51:39
8602,13303,166,2,WITHDRAW,2,3587.027929,,,2025-04-30 22:01:07
8603,13304,800,4,LIQUIDATION,1,7816.965182,6530.3497205112,7816.965182,2025-04-30 22:03:06
8604,13305,818,4,REPAY,3,0.014936,,0.014936,2025-04-30 22:17:09
8605,13306,447,2,REPAY,5,1256.146399,,1256.146399,2025-04-30 22:35:54
8606,13307,255,2,DEPOSIT,3,3607.634984,3607.634984,,2025-04-30 22:40:52
8607,13308,454,2,WITHDRAW,5,3990.433841,,,2025-04-30 22:49:39
8608,13309,695,1,REPAY,5,0.10701,,0.10701,2025-04-30 22:51:38
8609,13311,765,1,REPAY,2,1.2e-05,,1.2e-05,2025-04-30 23:19:15
8610,13313,669,1,DEPOSIT,2,8559.494244,8559.494244,,2025-04-30 23:55:28
8611,13314,996,2,REPAY,1,0.017715,,0.017715,2025-04-30 23:58:53
8612,13315,365,1,REPAY,5,0.611374,,0.611374,2025-05-01 00:06:27
8613,13316,137,4,WITHDRAW,4,4056.764841,,,2025-05-01 00:33:11
8614,13319,528,3,DEPOSIT,2,5150.902738,5150.902738,,2025-05-01 00:56:50
8615,13323,132,1,WITHDRAW,1,8881.559945,,,2025-05-01 01:23:47
8616,13324,787,1,REPAY,5,84.025364,,84.025364,2025-05-01 01:43:00
8617,13325,835,1,REPAY,3,1.09753,,1.09753,2025-05-01 01:43:39
8618,13326,178,1,DEPOSIT,5,1776.169052,1776.169052,,2025-05-01 01:49:22
8619,13327,129,4,WITHDRAW,3,1589.64452,,,2025-05-01 02:13:56
8620,13329,866,2,BORROW,3,3072.867713,5599.7298754354,3072.867713,2025-05-01 02:19:13
8621,13331,844,1,BORROW,5,1357.224621,2196.6872167001,1357.224621,2025-05-01 02:52:13
8622,13332,813,4,REPAY,3,230.83699,,230.83699,2025-05-01 02:57:32
8623,13334,887,2,REPAY,1,0.001679,,0.001679,2025-05-01 03:05:38
8624,13335,374,4,WITHDRAW,5,8251.856193,,,2025-05-01 03:05:39
8625,13336,30,2,BORROW,2,5681.60633,11478.5987391091,5681.60633,2025-05-01 03:22:11
8626,13337,620,4,REPAY,3,0.630621,,0.630621,2025-05-01 03:50:40
8627,13338,515,4,REPAY,1,596.131219,,596.131219,2025-05-01 04:10:15
8628,13340,184,3,REPAY,3,332.44683,,332.44683,2025-05-01 04:47:50
8629,13341,277,4,BORROW,5,3299.262347,7420.2428467596,3299.262347,2025-05-01 04:57:10
8630,13343,25,3,REPAY,1,427.411628,,427.411628,2025-05-01 05:22:15
8631,13344,371,1,DEPOSIT,2,2171.408796,2171.408796,,2025-05-01 05:34:18
8632,13345,273,4,REPAY,2,2.012427,,2.012427,2025-05-01 05:49:24
8633,13346,476,2,REPAY,3,69.282289,,69.282289,2025-05-01 06:36:01
8634,13347,840,4,BORROW,1,3435.277528,6018.0429064491,3435.277528,2025-05-01 06:39:35
8635,13349,776,2,BORROW,3,7235.321349,14500.0137687905,7235.321349,2025-05-01 07:23:21
8636,13350,684,3,DEPOSIT,2,4122.657374,4122.657374,,2025-05-01 07:48:54
8637,13352,887,2,REPAY,1,0.000438,,0.000438,2025-05-01 08:10:21
8638,13353,513,2,BORROW,4,4636.924241,11449.4144170211,4636.924241,2025-05-01 08:10:41
8639,13354,819,2,REPAY,3,3.101781,,3.101781,2025-05-01 08:16:53
8640,13355,443,1,REPAY,4,0.38309,,0.38309,2025-05-01 08:19:08
8641,13356,800,2,DEPOSIT,1,4861.926364,4861.926364,,2025-05-01 08:19:11
8642,13357,686,3,REPAY,2,2.957764,,2.957764,2025-05-01 08:23:17
8643,13358,350,3,BORROW,4,9803.166365,12745.7259960547,9803.166365,2025-05-01 08:50:01
8644,13359,590,3,BORROW,3,3581.978406,6919.8844888623,3581.978406,2025-05-01 09:02:16
8645,13360,132,2,DEPOSIT,2,9426.330758,9426.330758,,2025-05-01 10:18:18
8646,13361,875,1,REPAY,2,1280.997185,,1280.997185,2025-05-01 10:19:44
8647,13362,92,1,WITHDRAW,2,8248.458824,,,2025-05-01 10:23:28
8648,13364,620,2,REPAY,5,0.125403,,0.125403,2025-05-01 10:40:56
8649,13365,303,3,REPAY,4,0.067359,,0.067359,2025-05-01 11:09:50
8650,13366,487,4,REPAY,1,2138.298938,,2138.298938,2025-05-01 11:31:51
8651,13367,219,3,BORROW,1,4415.203468,8443.4867780284,4415.203468,2025-05-01 11:38:14
8652,13370,253,4,REPAY,1,228.181525,,228.181525,2025-05-01 12:27:37
8653,13371,199,3,WITHDRAW,4,1309.678344,,,2025-05-01 12:31:12
8654,13372,61,4,LIQUIDATION,3,1876.552418,2059.4233246873,1876.552418,2025-05-01 12:48:39
8655,13374,592,4,REPAY,3,0.923506,,0.923506,2025-05-01 13:28:30
8656,13375,166,4,WITHDRAW,5,164.706409,,,2025-05-01 13:29:11
8657,13376,470,3,BORROW,2,7562.827852,16309.5973262412,7562.827852,2025-05-01 13:33:21
8658,13377,123,3,WITHDRAW,3,865.587958,,,2025-05-01 13:50:33
8659,13378,246,1,REPAY,4,2059.06485,,2059.06485,2025-05-01 14:04:52
8660,13380,33,1,WITHDRAW,1,176.490525,,,2025-05-01 14:41:00
8661,13381,199,3,BORROW,2,2669.342854,5919.9956805918,2669.342854,2025-05-01 15:31:35
8662,13382,819,1,REPAY,1,0.090656,,0.090656,2025-05-01 16:32:31
8663,13383,436,1,REPAY,3,1148.983289,,1148.983289,2025-05-01 17:47:48
8664,13384,446,4,BORROW,2,178.094774,244.1917797415,178.094774,2025-05-01 17:49:50
8665,13385,712,1,REPAY,2,1.840661,,1.840661,2025-05-01 17:59:43
8666,13386,499,3,REPAY,3,1.025171,,1.025171,2025-05-01 18:07:57
8667,13387,465,4,REPAY,2,4.392623,,4.392623,2025-05-01 18:19:38
8668,13388,394,1,LIQUIDATION,3,7349.743234,6235.5066739444,7349.743234,2025-05-01 18:20:25
8669,13389,372,4,REPAY,3,0.001837,,0.001837,2025-05-01 18:34:30
8670,13390,350,4,REPAY,2,5437.924544,,5437.924544,2025-05-01 19:06:54
8671,13391,284,1,REPAY,2,3.208382,,3.208382,2025-05-01 19:16:53
8672,13392,8,1,REPAY,1,0.704177,,0.704177,2025-05-01 20:11:15
8673,13394,476,3,REPAY,3,2.29619,,2.29619,2025-05-01 21:20:29
8674,13396,448,3,REPAY,2,547.198288,,547.198288,2025-05-01 22:04:26
8675,13397,864,3,WITHDRAW,2,5441.105881,,,2025-05-01 22:14:34
8676,13400,123,1,REPAY,5,4122.549969,,4122.549969,2025-05-01 23:08:02
8677,13401,776,3,REPAY,5,1466.877939,,1466.877939,2025-05-01 23:35:10
8678,13402,980,1,LIQUIDATION,3,9496.198553,11343.9024006725,9496.198553,2025-05-01 23:39:37
8679,13403,751,1,REPAY,1,0.008323,,0.008323,2025-05-02 00:01:06
8680,13404,161,4,DEPOSIT,2,8632.324332,8632.324332,,2025-05-02 00:14:21
8681,13405,878,4,REPAY,3,1.136329,,1.136329,2025-05-02 00:20:24
8682,13406,15,2,REPAY,4,0.04035,,0.04035,2025-05-02 00:22:37
8683,13409,967,3,REPAY,4,1.376275,,1.376275,2025-05-02 00:31:41
8684,13413,610,3,BORROW,2,6121.260673,11747.5984707139,6121.260673,2025-05-02 02:12:54
8685,13415,862,3,REPAY,5,3.163283,,3.163283,2025-05-02 02:36:17
8686,13416,916,3,REPAY,1,1012.065355,,1012.065355,2025-05-02 03:05:45
8687,13417,198,4,WITHDRAW,1,8344.585408,,,2025-05-02 03:10:01
8688,13418,378,1,BORROW,1,574.668529,853.3605419373,574.668529,2025-05-02 03:14:18
8689,13421,845,1,BORROW,5,6176.717646,13065.0491042366,6176.717646,2025-05-02 03:54:47
8690,13423,668,2,REPAY,3,423.22239,,423.22239,2025-05-02 04:49:54
8691,13425,283,1,REPAY,2,0.002852,,0.002852,2025-05-02 05:31:41
8692,13426,513,2,BORROW,4,6589.711152,16357.0986746488,6589.711152,2025-05-02 05:43:37
8693,13427,273,2,REPAY,4,1.51871,,1.51871,2025-05-02 06:00:53
8694,13428,911,3,WITHDRAW,1,8842.666734,,,2025-05-02 06:17:02
8695,13429,169,2,REPAY,1,190.979301,,190.979301,2025-05-02 06:23:07
8696,13430,968,4,REPAY,3,0.154796,,0.154796,2025-05-02 06:43:04
8697,13431,180,3,WITHDRAW,4,6534.595182,,,2025-05-02 06:59:44
8698,13433,751,2,REPAY,5,0.021662,,0.021662,2025-05-02 07:35:04
8699,13434,775,2,REPAY,3,22.430677,,22.430677,2025-05-02 07:38:28
8700,13436,53,3,REPAY,4,14.49265,,14.49265,2025-05-02 08:32:33
8701,13437,865,2,REPAY,2,76.065651,,76.065651,2025-05-02 08:35:03
8702,13438,327,3,REPAY,3,97.94983,,97.94983,2025-05-02 08:48:55
8703,13439,508,2,REPAY,1,54.070754,,54.070754,2025-05-02 08:52:05
8704,13441,853,4,REPAY,3,198.966402,,198.966402,2025-05-02 09:19:40
8705,13442,406,1,REPAY,1,0.406508,,0.406508,2025-05-02 09:25:26
8706,13444,570,4,REPAY,2,1023.111082,,1023.111082,2025-05-02 09:47:15
8707,13445,833,3,REPAY,5,0.050005,,0.050005,2025-05-02 09:48:48
8708,13446,752,4,REPAY,2,277.01729,,277.01729,2025-05-02 09:58:16
8709,13447,832,4,BORROW,1,6885.032006,17003.6548645897,6885.032006,2025-05-02 10:02:46
8710,13448,94,3,REPAY,2,0.733499,,0.733499,2025-05-02 10:05:04
8711,13449,626,3,BORROW,1,6305.253614,14430.4112898439,6305.253614,2025-05-02 10:10:02
8712,13452,115,1,BORROW,4,6770.064732,16770.7501165078,6770.064732,2025-05-02 10:20:11
8713,13453,441,4,REPAY,5,32.651259,,32.651259,2025-05-02 10:25:11
8714,13454,397,2,BORROW,1,4437.848914,8109.3546464501,4437.848914,2025-05-02 10:51:29
8715,13455,165,4,DEPOSIT,1,1430.983273,1430.983273,,2025-05-02 10:54:17
8716,13456,137,3,WITHDRAW,5,7176.110009,,,2025-05-02 11:01:06
8717,13458,24,1,WITHDRAW,4,9707.03938,,,2025-05-02 11:31:38
8718,13461,504,4,DEPOSIT,5,6646.34346,6646.34346,,2025-05-02 13:00:23
8719,13463,731,4,REPAY,3,822.537685,,822.537685,2025-05-02 13:09:47
8720,13464,684,3,REPAY,4,5.01423,,5.01423,2025-05-02 13:20:22
8721,13465,1000,2,WITHDRAW,1,5326.895898,,,2025-05-02 13:20:48
8722,13466,126,1,REPAY,3,0.676974,,0.676974,2025-05-02 13:38:49
8723,13470,686,1,REPAY,5,0.558075,,0.558075,2025-05-02 14:14:04
8724,13471,301,2,LIQUIDATION,1,4859.477375,5380.2929511224,4859.477375,2025-05-02 14:26:29
8725,13472,842,4,WITHDRAW,4,4607.956679,,,2025-05-02 14:45:21
8726,13474,263,4,REPAY,1,65.102389,,65.102389,2025-05-02 15:28:54
8727,13475,517,3,BORROW,4,5823.536129,9814.580347548,5823.536129,2025-05-02 15:32:05
8728,13478,500,3,REPAY,4,2.460434,,2.460434,2025-05-02 16:15:20
8729,13479,896,1,DEPOSIT,4,8980.854793,8980.854793,,2025-05-02 16:17:01
8730,13480,47,4,DEPOSIT,1,7245.565419,7245.565419,,2025-05-02 16:17:42
8731,13481,432,3,DEPOSIT,5,3128.843027,3128.843027,,2025-05-02 16:34:21
8732,13482,101,4,LIQUIDATION,4,1381.958275,1650.1770068681,1381.958275,2025-05-02 16:54:22
8733,13483,291,4,REPAY,1,263.03807,,263.03807,2025-05-02 17:02:11
8734,13484,243,2,REPAY,5,0.000661,,0.000661,2025-05-02 17:09:02
8735,13487,94,2,REPAY,5,0.12093,,0.12093,2025-05-02 17:33:28
8736,13488,415,4,BORROW,5,5938.644404,7297.9651355887,5938.644404,2025-05-02 17:43:11
8737,13489,207,1,REPAY,1,0.100266,,0.100266,2025-05-02 17:54:13
8738,13490,771,1,LIQUIDATION,3,8465.877329,8928.8893669854,8465.877329,2025-05-02 17:58:58
8739,13492,857,1,LIQUIDATION,2,12981.886454,12884.0253310053,12981.886454,2025-05-02 18:55:29
8740,13493,242,2,LIQUIDATION,2,5.403527,4.7865704457,5.403527,2025-05-02 18:57:58
8741,13494,389,1,REPAY,2,62.982018,,62.982018,2025-05-02 19:05:09
8742,13496,111,2,REPAY,2,268.955494,,268.955494,2025-05-02 19:19:08
8743,13498,74,4,REPAY,2,0.92006,,0.92006,2025-05-02 19:27:11
8744,13499,53,3,BORROW,1,6743.963747,12480.9479295598,6743.963747,2025-05-02 19:30:55
8745,13500,712,2,REPAY,1,0.465312,,0.465312,2025-05-02 19:49:23
8746,13501,506,3,REPAY,5,0.033675,,0.033675,2025-05-02 20:04:23
8747,13502,287,1,WITHDRAW,2,1454.885319,,,2025-05-02 20:17:45
8748,13503,647,1,REPAY,5,0.062791,,0.062791,2025-05-02 20:30:53
8749,13505,228,1,DEPOSIT,3,2546.848693,2546.848693,,2025-05-02 21:42:42
8750,13506,551,4,DEPOSIT,3,6595.151167,6595.151167,,2025-05-02 21:49:11
8751,13507,317,3,BORROW,3,3099.649025,7412.5408392695,3099.649025,2025-05-02 21:57:53
8752,13508,229,1,REPAY,2,154.675076,,154.675076,2025-05-02 22:40:25
8753,13509,127,1,DEPOSIT,1,3057.010098,3057.010098,,2025-05-02 22:49:54
8754,13510,842,3,WITHDRAW,5,945.081045,,,2025-05-02 23:03:54
8755,13512,917,4,WITHDRAW,4,3204.957429,,,2025-05-02 23:14:37
8756,13514,54,2,DEPOSIT,4,5287.539994,5287.539994,,2025-05-03 00:04:22
8757,13515,912,2,REPAY,4,0.007593,,0.007593,2025-05-03 00:10:40
8758,13517,651,1,REPAY,4,10.231024,,10.231024,2025-05-03 00:25:16
8759,13518,128,3,BORROW,2,7005.154745,15020.2334840226,7005.154745,2025-05-03 01:14:07
8760,13520,468,4,REPAY,2,951.480488,,951.480488,2025-05-03 01:39:12
8761,13521,109,2,REPAY,3,1.635775,,1.635775,2025-05-03 02:00:52
8762,13523,754,3,REPAY,3,1627.447019,,1627.447019,2025-05-03 02:51:32
8763,13527,230,1,REPAY,5,18.404424,,18.404424,2025-05-03 03:53:29
8764,13528,476,4,REPAY,4,0.232451,,0.232451,2025-05-03 04:07:04
8765,13529,577,1,REPAY,3,1.723081,,1.723081,2025-05-03 04:33:59
8766,13530,729,2,BORROW,4,3894.17677,4997.939199389,3894.17677,2025-05-03 04:36:08
8767,13532,502,2,REPAY,3,91.407841,,91.407841,2025-05-03 05:24:17
8768,13534,586,3,REPAY,2,1.185785,,1.185785,2025-05-03 05:32:45
8769,13535,259,1,REPAY,1,0.86543,,0.86543,2025-05-03 05:33:09
8770,13536,643,1,REPAY,1,4263.774414,,4263.774414,2025-05-03 05:45:00
8771,13538,556,2,DEPOSIT,2,8078.230799,8078.230799,,2025-05-03 05:57:21
8772,13540,189,4,REPAY,1,27.262957,,27.262957,2025-05-03 06:00:01
8773,13541,787,3,REPAY,4,51.6147,,51.6147,2025-05-03 06:53:44
8774,13542,256,4,REPAY,2,7730.040617,,7730.040617,2025-05-03 06:59:57
8775,13544,447,2,REPAY,3,2662.47614,,2662.47614,2025-05-03 07:15:50
8776,13545,126,1,REPAY,4,0.943715,,0.943715,2025-05-03 07:22:14
8777,13546,438,2,DEPOSIT,2,6435.649755,6435.649755,,2025-05-03 07:22:55
8778,13548,23,2,LIQUIDATION,2,6241.097448,6868.1870809245,6241.097448,2025-05-03 07:40:06
8779,13549,496,2,WITHDRAW,3,3769.244295,,,2025-05-03 08:08:27
8780,13551,486,4,LIQUIDATION,3,10489.312894,8848.3740594495,10489.312894,2025-05-03 08:44:29
8781,13552,491,3,WITHDRAW,1,5256.972465,,,2025-05-03 09:01:31
8782,13553,679,1,WITHDRAW,5,2801.134207,,,2025-05-03 09:17:50
8783,13554,715,4,LIQUIDATION,2,5292.929084,5352.4213045773,5292.929084,2025-05-03 09:23:58
8784,13555,921,1,REPAY,2,1518.01846,,1518.01846,2025-05-03 09:27:49
8785,13556,729,3,REPAY,3,698.267382,,698.267382,2025-05-03 09:31:28
8786,13557,620,1,WITHDRAW,5,6331.568773,,,2025-05-03 09:35:19
8787,13559,853,2,REPAY,4,31.079153,,31.079153,2025-05-03 10:26:31
8788,13562,256,2,WITHDRAW,4,4237.307817,,,2025-05-03 11:02:06
8789,13563,380,3,LIQUIDATION,4,8667.786356,8177.1642700238,8667.786356,2025-05-03 11:03:04
8790,13564,41,2,BORROW,2,4755.082082,9175.1598746196,4755.082082,2025-05-03 11:06:06
8791,13567,296,3,BORROW,3,543.464007,1215.8037819313,543.464007,2025-05-03 11:31:42
8792,13569,674,3,DEPOSIT,4,9320.992891,9320.992891,,2025-05-03 12:05:08
8793,13570,432,3,WITHDRAW,4,9091.661885,,,2025-05-03 12:27:09
8794,13571,604,2,WITHDRAW,3,9879.272538,,,2025-05-03 12:47:45
8795,13572,216,3,REPAY,5,2639.202266,,2639.202266,2025-05-03 12:47:46
8796,13573,149,1,BORROW,3,9988.490986,23802.115764201,9988.490986,2025-05-03 12:49:33
8797,13574,268,4,REPAY,3,0.0,,0.0,2025-05-03 12:53:40
8798,13575,305,2,BORROW,2,9597.648091,18888.8476864508,9597.648091,2025-05-03 13:01:56
8799,13576,558,2,REPAY,3,222.971414,,222.971414,2025-05-03 13:12:10
8800,13578,908,3,WITHDRAW,4,1995.437004,,,2025-05-03 13:29:43
8801,13580,740,4,DEPOSIT,4,8921.500757,8921.500757,,2025-05-03 13:56:50
8802,13581,576,2,REPAY,2,0.007799,,0.007799,2025-05-03 14:02:36
8803,13582,250,2,WITHDRAW,5,9033.009427,,,2025-05-03 14:13:56
8804,13583,581,4,REPAY,2,38.022328,,38.022328,2025-05-03 14:19:00
8805,13584,724,1,REPAY,2,0.003785,,0.003785,2025-05-03 14:27:46
8806,13585,890,4,REPAY,4,0.493003,,0.493003,2025-05-03 14:43:43
8807,13586,464,3,BORROW,2,2348.82742,3135.9513838795,2348.82742,2025-05-03 15:00:41
8808,13587,152,3,WITHDRAW,3,1940.344226,,,2025-05-03 15:15:43
8809,13588,639,4,REPAY,3,39.764911,,39.764911,2025-05-03 15:30:16
8810,13589,259,4,REPAY,4,0.917203,,0.917203,2025-05-03 15:35:34
8811,13590,880,1,REPAY,4,5.641436,,5.641436,2025-05-03 15:59:31
8812,13591,561,2,REPAY,4,5.511468,,5.511468,2025-05-03 16:40:11
8813,13592,350,2,REPAY,1,2282.093402,,2282.093402,2025-05-03 16:46:31
8814,13593,957,4,LIQUIDATION,2,56.520571,48.1752433925,56.520571,2025-05-03 17:25:54
8815,13594,15,2,REPAY,1,0.00918,,0.00918,2025-05-03 18:14:08
8816,13595,371,3,DEPOSIT,2,8110.768391,8110.768391,,2025-05-03 18:14:25
8817,13596,967,2,REPAY,1,1.192942,,1.192942,2025-05-03 18:17:52
8818,13597,481,4,REPAY,5,117.087496,,117.087496,2025-05-03 18:27:08
8819,13598,660,1,DEPOSIT,4,6776.706308,6776.706308,,2025-05-03 18:36:12
8820,13599,614,2,WITHDRAW,2,8377.351497,,,2025-05-03 18:53:15
8821,13603,348,1,REPAY,4,26.532127,,26.532127,2025-05-03 20:24:57
8822,13604,349,3,REPAY,4,5545.650593,,5545.650593,2025-05-03 20:30:57
8823,13605,785,3,LIQUIDATION,1,10799.595585,10931.9835630573,10799.595585,2025-05-03 20:35:18
8824,13606,841,3,LIQUIDATION,4,1681.133085,1990.8225323633,1681.133085,2025-05-03 20:55:29
8825,13607,454,4,DEPOSIT,5,8501.447354,8501.447354,,2025-05-03 21:01:15
8826,13608,544,1,WITHDRAW,2,9988.838502,,,2025-05-03 21:32:21
8827,13609,775,4,REPAY,2,2.721917,,2.721917,2025-05-03 21:34:10
8828,13610,851,2,REPAY,5,1.688763,,1.688763,2025-05-03 21:37:15
8829,13611,107,2,BORROW,4,855.252388,1836.1474255656,855.252388,2025-05-03 22:01:40
8830,13612,531,4,REPAY,4,47.253116,,47.253116,2025-05-03 22:33:08
8831,13613,23,2,DEPOSIT,4,7965.759884,7965.759884,,2025-05-03 22:33:54
8832,13614,710,4,REPAY,1,0.364637,,0.364637,2025-05-03 23:06:52
8833,13615,819,2,REPAY,2,0.036874,,0.036874,2025-05-03 23:06:58
8834,13616,891,1,REPAY,5,58.551451,,58.551451,2025-05-03 23:26:18
8835,13617,905,3,LIQUIDATION,2,5476.100476,6532.84825511,5476.100476,2025-05-03 23:33:35
8836,13618,602,2,REPAY,2,2802.324083,,2802.324083,2025-05-03 23:52:07
8837,13619,189,2,REPAY,5,25.93003,,25.93003,2025-05-04 00:15:57
8838,13620,457,4,REPAY,3,56.68309,,56.68309,2025-05-04 00:26:28
8839,13621,310,4,DEPOSIT,1,6198.354721,6198.354721,,2025-05-04 00:30:59
8840,13624,53,4,REPAY,5,3666.038624,,3666.038624,2025-05-04 00:38:10
8841,13625,964,1,LIQUIDATION,1,1791.753528,1506.9149862352,1791.753528,2025-05-04 00:55:09
8842,13626,385,1,REPAY,4,2387.345422,,2387.345422,2025-05-04 01:04:30
8843,13628,876,4,REPAY,2,405.786084,,405.786084,2025-05-04 01:11:54
8844,13629,236,1,REPAY,3,0.007855,,0.007855,2025-05-04 01:34:54
8845,13630,879,3,DEPOSIT,5,5823.792376,5823.792376,,2025-05-04 01:36:58
8846,13631,4,1,REPAY,1,4.07539,,4.07539,2025-05-04 01:40:06
8847,13632,140,2,REPAY,2,0.00996,,0.00996,2025-05-04 02:07:40
8848,13633,283,4,REPAY,3,0.005924,,0.005924,2025-05-04 02:09:46
8849,13637,971,3,WITHDRAW,2,51.739909,,,2025-05-04 02:52:01
8850,13638,294,4,DEPOSIT,2,2965.144644,2965.144644,,2025-05-04 02:59:29
8851,13639,433,2,REPAY,2,2257.818383,,2257.818383,2025-05-04 03:09:14
8852,13640,744,4,WITHDRAW,3,1477.949289,,,2025-05-04 03:12:00
8853,13641,697,3,DEPOSIT,2,1222.538077,1222.538077,,2025-05-04 03:13:37
8854,13642,681,2,LIQUIDATION,4,8500.072099,7682.8929928335,8500.072099,2025-05-04 04:01:11
8855,13643,21,1,REPAY,4,0.021742,,0.021742,2025-05-04 04:01:31
8856,13644,668,4,REPAY,2,1.385001,,1.385001,2025-05-04 04:04:41
8857,13646,880,4,REPAY,5,3.337422,,3.337422,2025-05-04 04:21:51
8858,13648,865,4,REPAY,2,112.032238,,112.032238,2025-05-04 04:30:11
8859,13649,22,2,REPAY,5,3.196388,,3.196388,2025-05-04 04:48:45
8860,13650,203,3,WITHDRAW,1,7072.252896,,,2025-05-04 04:52:40
8861,13651,675,3,REPAY,1,3566.063913,,3566.063913,2025-05-04 04:58:15
8862,13652,245,4,LIQUIDATION,3,20.137117,20.6468707576,20.137117,2025-05-04 04:58:46
8863,13653,577,4,REPAY,5,3.814145,,3.814145,2025-05-04 05:35:35
8864,13654,340,4,REPAY,5,118.1641,,118.1641,2025-05-04 05:48:27
8865,13655,363,4,REPAY,2,26.444798,,26.444798,2025-05-04 06:15:18
8866,13657,399,3,REPAY,1,238.364034,,238.364034,2025-05-04 06:20:15
8867,13658,435,3,REPAY,3,0.013076,,0.013076,2025-05-04 06:24:59
8868,13659,894,4,REPAY,1,2915.584411,,2915.584411,2025-05-04 06:34:16
8869,13660,590,1,REPAY,5,1147.308922,,1147.308922,2025-05-04 06:38:47
8870,13661,735,2,REPAY,2,0.632445,,0.632445,2025-05-04 06:52:57
8871,13664,911,1,WITHDRAW,1,6283.507335,,,2025-05-04 07:34:49
8872,13665,824,4,REPAY,1,0.00914,,0.00914,2025-05-04 08:06:22
8873,13666,785,2,WITHDRAW,5,1893.248511,,,2025-05-04 08:42:40
8874,13668,725,2,REPAY,3,0.000109,,0.000109,2025-05-04 09:13:27
8875,13671,788,4,BORROW,5,6797.471343,8699.5045130446,6797.471343,2025-05-04 10:07:41
8876,13672,956,1,DEPOSIT,3,1159.338024,1159.338024,,2025-05-04 10:16:29
8877,13674,289,3,REPAY,2,1.075577,,1.075577,2025-05-04 10:31:03
8878,13675,222,1,BORROW,1,8586.796109,20859.0514746212,8586.796109,2025-05-04 11:02:17
8879,13676,651,4,REPAY,1,3.907692,,3.907692,2025-05-04 11:16:51
8880,13678,94,2,REPAY,4,0.168362,,0.168362,2025-05-04 11:42:13
8881,13680,368,3,WITHDRAW,4,1221.969321,,,2025-05-04 12:35:37
8882,13682,176,4,REPAY,3,4478.833986,,4478.833986,2025-05-04 12:48:53
8883,13683,487,1,REPAY,5,4351.619458,,4351.619458,2025-05-04 12:50:42
8884,13684,908,3,BORROW,4,6569.707851,9693.2163244723,6569.707851,2025-05-04 12:53:37
8885,13685,296,2,LIQUIDATION,3,4746.955008,5602.0157414253,4746.955008,2025-05-04 12:57:53
8886,13688,436,4,REPAY,4,601.719249,,601.719249,2025-05-04 13:14:57
8887,13689,306,3,DEPOSIT,2,8023.989781,8023.989781,,2025-05-04 13:34:32
8888,13690,237,2,REPAY,4,785.471521,,785.471521,2025-05-04 13:55:03
8889,13691,68,1,DEPOSIT,1,117.66021,117.66021,,2025-05-04 13:59:44
8890,13693,620,3,REPAY,3,0.074237,,0.074237,2025-05-04 14:07:26
8891,13695,696,1,REPAY,3,2364.805121,,2364.805121,2025-05-04 14:35:18
8892,13696,604,3,DEPOSIT,4,1736.906027,1736.906027,,2025-05-04 14:47:25
8893,13699,121,3,DEPOSIT,2,1375.484176,1375.484176,,2025-05-04 15:27:40
8894,13701,230,3,REPAY,2,13.88965,,13.88965,2025-05-04 15:31:39
8895,13702,455,3,REPAY,2,1.647891,,1.647891,2025-05-04 15:55:26
8896,13703,393,1,WITHDRAW,4,1092.810683,,,2025-05-04 15:57:37
8897,13704,904,2,REPAY,4,0.007423,,0.007423,2025-05-04 16:03:50
8898,13705,411,1,WITHDRAW,4,3238.528347,,,2025-05-04 16:08:06
8899,13706,405,2,REPAY,3,259.889591,,259.889591,2025-05-04 16:09:55
8900,13707,973,2,REPAY,1,0.045959,,0.045959,2025-05-04 16:11:10
8901,13709,114,3,WITHDRAW,1,9374.255808,,,2025-05-04 17:38:25
8902,13711,510,2,LIQUIDATION,3,89.96905,96.1336655081,89.96905,2025-05-04 18:28:46
8903,13712,344,1,BORROW,3,1233.897929,2283.6344944478,1233.897929,2025-05-04 18:36:42
8904,13713,195,1,REPAY,4,0.013748,,0.013748,2025-05-04 18:51:48
8905,13715,345,4,BORROW,2,8390.897287,14747.3994871915,8390.897287,2025-05-04 19:08:34
8906,13716,637,3,DEPOSIT,4,80.865115,80.865115,,2025-05-04 19:18:47
8907,13717,536,2,BORROW,3,2741.618169,3337.1600928251,2741.618169,2025-05-04 19:32:13
8908,13718,841,3,BORROW,5,7248.145822,15725.1301942931,7248.145822,2025-05-04 19:53:51
8909,13719,6,1,LIQUIDATION,2,17955.857602,17568.6563824396,17955.857602,2025-05-04 19:57:56
8910,13720,729,3,REPAY,2,2075.71963,,2075.71963,2025-05-04 20:01:50
8911,13721,142,4,REPAY,2,1558.326053,,1558.326053,2025-05-04 20:05:53
8912,13722,133,4,DEPOSIT,4,386.04179,386.04179,,2025-05-04 20:25:51
8913,13724,429,3,BORROW,4,7115.9832,15235.6745194519,7115.9832,2025-05-04 20:57:08
8914,13725,814,1,REPAY,1,49.287054,,49.287054,2025-05-04 21:02:13
8915,13726,552,1,REPAY,4,0.188512,,0.188512,2025-05-04 21:02:31
8916,13727,312,1,WITHDRAW,4,1843.014109,,,2025-05-04 21:17:30
8917,13728,661,4,REPAY,1,1.5e-05,,1.5e-05,2025-05-04 21:25:01
8918,13729,418,2,REPAY,4,0.220206,,0.220206,2025-05-04 21:34:28
8919,13730,516,3,REPAY,3,5539.064867,,5539.064867,2025-05-04 21:38:12
8920,13732,493,3,BORROW,2,2964.711519,3584.8419186972,2964.711519,2025-05-04 21:40:54
8921,13734,458,4,REPAY,3,92.806068,,92.806068,2025-05-04 22:08:09
8922,13735,433,2,REPAY,1,100.796659,,100.796659,2025-05-04 22:11:02
8923,13736,62,3,REPAY,1,7.000527,,7.000527,2025-05-04 22:45:24
8924,13737,113,1,REPAY,1,701.464033,,701.464033,2025-05-04 23:05:49
8925,13738,24,2,REPAY,2,0.009277,,0.009277,2025-05-04 23:06:29
8926,13739,109,2,REPAY,5,0.743641,,0.743641,2025-05-04 23:19:40
8927,13740,444,4,REPAY,4,10.388028,,10.388028,2025-05-04 23:43:08
8928,13741,181,2,REPAY,4,5.301559,,5.301559,2025-05-05 00:12:17
8929,13743,538,2,REPAY,3,0.234259,,0.234259,2025-05-05 00:36:37
8930,13745,843,4,REPAY,3,158.574609,,158.574609,2025-05-05 00:42:54
8931,13746,302,3,BORROW,1,4206.246542,10458.551606905,4206.246542,2025-05-05 00:52:12
8932,13748,642,1,DEPOSIT,4,1335.905768,1335.905768,,2025-05-05 01:03:06
8933,13749,392,2,REPAY,4,0.614072,,0.614072,2025-05-05 01:15:38
8934,13750,589,2,DEPOSIT,5,2694.418988,2694.418988,,2025-05-05 01:20:03
8935,13751,866,1,REPAY,5,400.253002,,400.253002,2025-05-05 01:33:58
8936,13754,725,3,REPAY,2,2.5e-05,,2.5e-05,2025-05-05 01:43:06
8937,13755,966,4,REPAY,3,744.044165,,744.044165,2025-05-05 01:54:53
8938,13756,246,3,REPAY,1,244.353627,,244.353627,2025-05-05 01:58:16
8939,13758,561,1,WITHDRAW,4,1120.805224,,,2025-05-05 02:27:42
8940,13759,120,3,REPAY,5,198.616637,,198.616637,2025-05-05 02:51:27
8941,13762,256,1,REPAY,5,309.072194,,309.072194,2025-05-05 04:10:10
8942,13763,497,4,REPAY,2,20.030562,,20.030562,2025-05-05 04:25:03
8943,13764,392,4,WITHDRAW,3,6941.825378,,,2025-05-05 04:49:24
8944,13765,24,3,REPAY,2,0.001504,,0.001504,2025-05-05 04:53:08
8945,13770,51,3,REPAY,1,1.835817,,1.835817,2025-05-05 05:41:08
8946,13772,267,3,BORROW,5,4751.558879,9416.2272880332,4751.558879,2025-05-05 07:26:36
8947,13774,975,4,BORROW,1,3155.639062,4481.3988937461,3155.639062,2025-05-05 07:51:11
8948,13776,390,1,DEPOSIT,4,194.46507,194.46507,,2025-05-05 08:06:45
8949,13778,1,1,REPAY,5,3339.653135,,3339.653135,2025-05-05 08:50:52
8950,13780,889,4,BORROW,5,4638.198964,8551.4932527652,4638.198964,2025-05-05 09:12:06
8951,13781,765,2,REPAY,5,4e-05,,4e-05,2025-05-05 09:12:13
8952,13782,527,2,REPAY,2,0.165902,,0.165902,2025-05-05 09:19:19
8953,13784,91,1,BORROW,5,2803.304174,5484.6238423779,2803.304174,2025-05-05 09:23:16
8954,13785,821,2,WITHDRAW,5,5478.720098,,,2025-05-05 09:29:51
8955,13786,517,2,REPAY,2,3224.759305,,3224.759305,2025-05-05 10:31:26
8956,13787,551,3,REPAY,2,628.044035,,628.044035,2025-05-05 10:49:43
8957,13790,992,2,REPAY,5,598.124301,,598.124301,2025-05-05 11:19:59
8958,13791,569,1,REPAY,1,101.181163,,101.181163,2025-05-05 11:30:12
8959,13792,554,2,REPAY,3,107.931622,,107.931622,2025-05-05 11:43:45
8960,13795,922,1,BORROW,4,5572.596545,13611.1004263429,5572.596545,2025-05-05 12:44:00
8961,13797,376,3,BORROW,2,7384.081592,14186.9102565899,7384.081592,2025-05-05 13:02:38
8962,13798,342,2,REPAY,3,1.838673,,1.838673,2025-05-05 13:06:42
8963,13799,316,4,DEPOSIT,1,3208.477315,3208.477315,,2025-05-05 13:09:41
8964,13800,445,4,REPAY,4,41.000343,,41.000343,2025-05-05 13:11:02
8965,13801,838,2,REPAY,5,4379.833002,,4379.833002,2025-05-05 13:14:47
8966,13802,812,2,DEPOSIT,5,9807.509011,9807.509011,,2025-05-05 13:23:27
8967,13803,372,1,REPAY,2,0.004791,,0.004791,2025-05-05 13:26:49
8968,13804,934,4,REPAY,2,1296.833989,,1296.833989,2025-05-05 13:43:23
8969,13807,863,3,WITHDRAW,2,8527.400037,,,2025-05-05 14:04:10
8970,13808,910,4,REPAY,2,3583.404388,,3583.404388,2025-05-05 14:25:04
8971,13809,867,2,REPAY,2,1.261549,,1.261549,2025-05-05 14:30:46
8972,13810,94,4,REPAY,5,0.157352,,0.157352,2025-05-05 14:46:46
8973,13811,406,3,DEPOSIT,4,9368.952379,9368.952379,,2025-05-05 15:02:55
8974,13812,832,4,REPAY,2,3820.263679,,3820.263679,2025-05-05 15:07:31
8975,13813,437,3,REPAY,1,0.008803,,0.008803,2025-05-05 15:18:50
8976,13814,453,3,LIQUIDATION,4,3901.95254,4613.7950970693,3901.95254,2025-05-05 15:24:37
8977,13816,680,1,WITHDRAW,1,5299.109373,,,2025-05-05 15:30:17
8978,13817,106,2,REPAY,4,0.157179,,0.157179,2025-05-05 16:06:09
8979,13818,835,2,REPAY,5,0.753323,,0.753323,2025-05-05 16:07:05
8980,13819,663,1,REPAY,3,3082.312286,,3082.312286,2025-05-05 16:24:47
8981,13820,293,2,REPAY,3,658.677812,,658.677812,2025-05-05 17:01:11
8982,13822,889,1,REPAY,5,2994.356542,,2994.356542,2025-05-05 17:04:07
8983,13824,631,3,REPAY,1,0.785189,,0.785189,2025-05-05 17:09:13
8984,13825,476,3,REPAY,4,0.393646,,0.393646,2025-05-05 17:10:07
8985,13826,684,2,REPAY,5,0.405828,,0.405828,2025-05-05 17:18:03
8986,13828,969,3,DEPOSIT,1,3078.200506,3078.200506,,2025-05-05 17:24:57
8987,13829,709,3,BORROW,3,3090.462439,7149.0848915778,3090.462439,2025-05-05 17:30:53
8988,13830,168,4,REPAY,5,0.302146,,0.302146,2025-05-05 17:51:43
8989,13831,171,3,REPAY,4,8.576947,,8.576947,2025-05-05 18:03:14
8990,13832,96,3,DEPOSIT,1,6127.344749,6127.344749,,2025-05-05 18:11:40
8991,13833,161,2,BORROW,1,4280.224263,5453.4130195805,4280.224263,2025-05-05 18:51:37
8992,13834,427,3,REPAY,2,1745.801602,,1745.801602,2025-05-05 18:58:40
8993,13836,707,1,REPAY,1,14.747496,,14.747496,2025-05-05 19:23:13
8994,13838,739,4,REPAY,1,0.049909,,0.049909,2025-05-05 20:28:27
8995,13840,715,1,BORROW,5,4440.68009,10501.3782802389,4440.68009,2025-05-05 22:02:15
8996,13842,212,4,REPAY,2,0.009578,,0.009578,2025-05-05 22:04:33
8997,13843,171,1,REPAY,1,4.015172,,4.015172,2025-05-05 22:10:23
8998,13844,893,1,REPAY,4,0.163859,,0.163859,2025-05-05 22:27:19
8999,13845,872,4,REPAY,2,103.92647,,103.92647,2025-05-05 22:29:48
9000,13846,499,2,REPAY,3,2.531865,,2.531865,2025-05-05 22:49:12
9001,13847,872,1,REPAY,2,1.264215,,1.264215,2025-05-05 23:18:33
9002,13848,815,3,REPAY,4,0.019622,,0.019622,2025-05-05 23:24:10
9003,13849,409,4,REPAY,4,926.763161,,926.763161,2025-05-05 23:35:54
9004,13851,356,1,LIQUIDATION,3,5696.562238,5567.2490747432,5696.562238,2025-05-05 23:42:13
9005,13853,527,2,REPAY,5,0.069332,,0.069332,2025-05-06 00:33:56
9006,13854,751,4,REPAY,1,0.005123,,0.005123,2025-05-06 00:38:12
9007,13855,45,2,REPAY,4,30.28174,,30.28174,2025-05-06 00:39:59
9008,13856,88,3,LIQUIDATION,5,51.403073,53.4398414375,51.403073,2025-05-06 00:41:42
9009,13857,703,2,WITHDRAW,3,981.22694,,,2025-05-06 00:51:27
9010,13858,4,1,REPAY,2,7.766662,,7.766662,2025-05-06 01:11:41
9011,13859,189,2,REPAY,4,0.575766,,0.575766,2025-05-06 02:37:36
9012,13860,162,3,REPAY,2,1282.977966,,1282.977966,2025-05-06 02:49:37
9013,13862,160,1,BORROW,1,199.327678,481.7150801503,199.327678,2025-05-06 03:12:30
9014,13863,663,4,REPAY,3,461.166593,,461.166593,2025-05-06 03:15:32
9015,13864,412,1,DEPOSIT,5,5006.451873,5006.451873,,2025-05-06 03:16:54
9016,13867,938,4,LIQUIDATION,5,3.391739,3.9450872254,3.391739,2025-05-06 04:02:17
9017,13868,23,2,BORROW,1,2409.390466,3347.5838496801,2409.390466,2025-05-06 04:08:58
9018,13869,570,3,WITHDRAW,4,8573.878198,,,2025-05-06 04:15:36
9019,13870,83,4,REPAY,1,0.032595,,0.032595,2025-05-06 04:16:04
9020,13871,752,4,REPAY,3,423.570867,,423.570867,2025-05-06 04:23:21
9021,13874,362,4,DEPOSIT,1,6034.763151,6034.763151,,2025-05-06 04:26:59
9022,13875,396,2,WITHDRAW,1,4911.595225,,,2025-05-06 04:52:20
9023,13876,687,4,REPAY,1,6883.907602,,6883.907602,2025-05-06 04:55:11
9024,13878,722,4,WITHDRAW,4,9233.525529,,,2025-05-06 05:12:19
9025,13880,456,3,BORROW,1,5762.207772,9370.3998526515,5762.207772,2025-05-06 05:16:09
9026,13881,437,3,DEPOSIT,3,588.700145,588.700145,,2025-05-06 05:29:08
9027,13882,817,2,REPAY,4,0.001229,,0.001229,2025-05-06 05:45:33
9028,13883,229,4,REPAY,1,375.239777,,375.239777,2025-05-06 05:52:01
9029,13885,354,3,DEPOSIT,2,1241.876531,1241.876531,,2025-05-06 06:15:04
9030,13886,253,3,REPAY,3,60.192338,,60.192338,2025-05-06 06:22:27
9031,13887,633,4,REPAY,3,0.029365,,0.029365,2025-05-06 06:25:32
9032,13888,93,1,WITHDRAW,1,6717.156517,,,2025-05-06 06:28:16
9033,13890,227,3,REPAY,5,283.757997,,283.757997,2025-05-06 06:39:43
9034,13891,741,3,REPAY,3,449.417176,,449.417176,2025-05-06 07:07:47
9035,13893,99,4,REPAY,1,1610.918761,,1610.918761,2025-05-06 07:28:20
9036,13894,608,3,REPAY,1,2.727705,,2.727705,2025-05-06 07:34:17
9037,13895,287,1,REPAY,2,1825.746557,,1825.746557,2025-05-06 07:46:14
9038,13896,548,3,REPAY,4,58.12415,,58.12415,2025-05-06 08:10:10
9039,13897,560,4,REPAY,4,2563.647807,,2563.647807,2025-05-06 08:29:18
9040,13898,729,3,REPAY,5,414.111219,,414.111219,2025-05-06 08:30:12
9041,13899,897,2,WITHDRAW,5,8193.132284,,,2025-05-06 08:34:47
9042,13903,478,2,WITHDRAW,1,7010.992824,,,2025-05-06 10:01:21
9043,13904,300,4,BORROW,3,2294.3891,5049.9173912269,2294.3891,2025-05-06 10:06:08
9044,13905,485,3,REPAY,5,5687.453432,,5687.453432,2025-05-06 10:11:21
9045,13906,195,3,REPAY,5,0.003717,,0.003717,2025-05-06 10:15:32
9046,13907,507,2,DEPOSIT,5,1432.212703,1432.212703,,2025-05-06 10:31:01
9047,13908,693,2,REPAY,2,21.426988,,21.426988,2025-05-06 10:32:07
9048,13909,814,1,REPAY,1,2.199218,,2.199218,2025-05-06 10:36:55
9049,13910,545,2,REPAY,5,160.746797,,160.746797,2025-05-06 10:46:37
9050,13911,552,4,REPAY,3,0.219282,,0.219282,2025-05-06 10:49:00
9051,13912,686,1,REPAY,2,0.029889,,0.029889,2025-05-06 10:58:21
9052,13913,705,1,WITHDRAW,3,2916.855307,,,2025-05-06 11:03:04
9053,13915,690,1,REPAY,1,746.817164,,746.817164,2025-05-06 11:24:58
9054,13916,30,3,REPAY,4,2718.0875,,2718.0875,2025-05-06 11:50:13
9055,13917,376,3,BORROW,3,3146.598956,4076.9545042693,3146.598956,2025-05-06 11:58:20
9056,13918,526,2,REPAY,5,17.019832,,17.019832,2025-05-06 12:11:07
9057,13919,564,1,BORROW,3,2859.293352,4488.6570948685,2859.293352,2025-05-06 12:38:38
9058,13920,239,3,DEPOSIT,2,8201.495682,8201.495682,,2025-05-06 13:11:36
9059,13921,396,4,REPAY,4,398.8116,,398.8116,2025-05-06 13:35:39
9060,13922,219,1,LIQUIDATION,3,4415.203468,5289.9595846051,4415.203468,2025-05-06 13:52:03
9061,13925,993,2,LIQUIDATION,2,0.309959,0.2829000704,0.309959,2025-05-06 15:14:16
9062,13926,452,3,REPAY,1,14.686785,,14.686785,2025-05-06 15:35:07
9063,13933,1000,4,REPAY,4,0.001323,,0.001323,2025-05-06 16:01:17
9064,13934,312,3,BORROW,4,7773.020591,18781.7950086412,7773.020591,2025-05-06 16:09:51
9065,13935,497,2,WITHDRAW,1,4792.195238,,,2025-05-06 16:15:18
9066,13937,793,4,REPAY,1,1.909284,,1.909284,2025-05-06 16:17:20
9067,13938,346,2,REPAY,3,0.001086,,0.001086,2025-05-06 16:20:10
9068,13939,489,3,REPAY,2,3.520742,,3.520742,2025-05-06 16:22:31
9069,13940,261,2,REPAY,3,0.000463,,0.000463,2025-05-06 16:26:47
9070,13941,810,1,REPAY,1,305.012455,,305.012455,2025-05-06 16:32:09
9071,13943,13,1,REPAY,5,3101.068757,,3101.068757,2025-05-06 16:54:52
9072,13944,500,1,REPAY,5,1.576049,,1.576049,2025-05-06 16:58:12
9073,13945,207,3,REPAY,2,0.010097,,0.010097,2025-05-06 17:00:32
9074,13946,246,1,REPAY,5,37.089397,,37.089397,2025-05-06 17:47:40
9075,13948,414,3,REPAY,2,65.642206,,65.642206,2025-05-06 18:05:03
9076,13949,192,4,REPAY,5,206.109796,,206.109796,2025-05-06 18:11:08
9077,13952,785,1,BORROW,2,5608.326337,11913.9716708326,5608.326337,2025-05-06 18:55:55
9078,13954,140,3,WITHDRAW,5,9447.593444,,,2025-05-06 19:20:44
9079,13955,949,3,REPAY,1,0.382707,,0.382707,2025-05-06 19:24:35
9080,13956,38,4,REPAY,3,18.262747,,18.262747,2025-05-06 19:27:36
9081,13958,319,2,DEPOSIT,2,8502.381343,8502.381343,,2025-05-06 19:45:31
9082,13959,389,1,REPAY,2,2.331395,,2.331395,2025-05-06 20:06:54
9083,13960,821,4,BORROW,4,903.498971,1222.4192967896,903.498971,2025-05-06 20:17:05
9084,13961,691,1,REPAY,3,1.912387,,1.912387,2025-05-06 20:42:12
9085,13962,73,2,WITHDRAW,3,523.632284,,,2025-05-06 21:13:43
9086,13963,64,3,REPAY,1,921.528493,,921.528493,2025-05-06 21:14:09
9087,13964,158,4,REPAY,4,5.806441,,5.806441,2025-05-06 21:17:53
9088,13966,343,3,LIQUIDATION,3,3374.380851,3992.6852425844,3374.380851,2025-05-06 21:41:01
9089,13967,427,3,LIQUIDATION,5,4991.306554,5933.2950443425,4991.306554,2025-05-06 21:42:46
9090,13968,752,1,WITHDRAW,5,2674.917219,,,2025-05-06 22:01:43
9091,13970,57,3,WITHDRAW,3,8415.626732,,,2025-05-06 22:35:06
9092,13971,714,3,BORROW,1,6538.82571,9146.5176104098,6538.82571,2025-05-06 22:47:47
9093,13974,443,3,REPAY,1,0.078792,,0.078792,2025-05-06 23:15:38
9094,13975,21,4,REPAY,4,0.001421,,0.001421,2025-05-06 23:25:36
9095,13976,785,4,DEPOSIT,3,5973.088864,5973.088864,,2025-05-06 23:33:49
9096,13977,566,2,BORROW,1,4711.689337,6651.4859326248,4711.689337,2025-05-06 23:50:37
9097,13979,754,3,REPAY,4,947.524903,,947.524903,2025-05-07 00:08:51
9098,13980,961,2,REPAY,3,0.037,,0.037,2025-05-07 00:44:17
9099,13981,460,2,REPAY,4,0.002227,,0.002227,2025-05-07 01:00:45
9100,13982,787,4,WITHDRAW,3,3686.58934,,,2025-05-07 01:10:10
9101,13983,431,4,REPAY,1,1.3e-05,,1.3e-05,2025-05-07 01:23:57
9102,13987,831,3,DEPOSIT,2,4223.885717,4223.885717,,2025-05-07 01:57:28
9103,13989,707,3,REPAY,4,1.448422,,1.448422,2025-05-07 02:27:21
9104,13991,187,1,WITHDRAW,2,1484.281699,,,2025-05-07 02:39:46
9105,13992,409,3,WITHDRAW,3,5107.265194,,,2025-05-07 03:10:20
9106,13993,495,1,REPAY,1,7.121097,,7.121097,2025-05-07 03:12:31
9107,13995,615,1,REPAY,2,0.005965,,0.005965,2025-05-07 03:29:39
9108,13996,463,2,REPAY,3,0.171057,,0.171057,2025-05-07 03:59:42
9109,13997,223,3,REPAY,2,76.909995,,76.909995,2025-05-07 04:00:25
9110,13998,422,3,REPAY,5,97.372523,,97.372523,2025-05-07 04:08:33
9111,13999,977,4,LIQUIDATION,1,6118.623681,7322.9376460966,6118.623681,2025-05-07 04:28:18
9112,14001,736,3,REPAY,1,417.953383,,417.953383,2025-05-07 04:39:36
9113,14002,171,4,REPAY,1,9.011785,,9.011785,2025-05-07 04:43:39
9114,14003,845,3,LIQUIDATION,4,7192.823796,6505.0220181901,7192.823796,2025-05-07 04:47:28
9115,14004,723,2,DEPOSIT,3,9175.207887,9175.207887,,2025-05-07 04:57:47
9116,14005,861,4,BORROW,1,148.778804,189.8244567244,148.778804,2025-05-07 05:12:14
9117,14006,551,2,DEPOSIT,1,9318.370804,9318.370804,,2025-05-07 05:12:23
9118,14007,614,2,DEPOSIT,1,938.396334,938.396334,,2025-05-07 05:18:49
9119,14008,884,3,REPAY,2,2.798455,,2.798455,2025-05-07 05:21:34
9120,14009,505,3,REPAY,3,5.096387,,5.096387,2025-05-07 05:37:19
9121,14010,590,4,REPAY,4,1641.266923,,1641.266923,2025-05-07 05:40:31
9122,14011,260,1,REPAY,1,32.91644,,32.91644,2025-05-07 06:01:49
9123,14012,384,4,REPAY,4,0.450579,,0.450579,2025-05-07 06:14:53
9124,14013,397,2,LIQUIDATION,4,4437.848914,5205.9507561258,4437.848914,2025-05-07 06:22:36
9125,14014,67,1,DEPOSIT,2,1121.12967,1121.12967,,2025-05-07 06:30:47
9126,14015,120,2,REPAY,2,512.303784,,512.303784,2025-05-07 06:34:50
9127,14016,895,4,DEPOSIT,2,1412.078036,1412.078036,,2025-05-07 06:40:07
9128,14017,693,2,REPAY,2,10.799639,,10.799639,2025-05-07 06:47:23
9129,14018,10,1,REPAY,5,0.005337,,0.005337,2025-05-07 07:11:15
9130,14019,620,1,REPAY,1,0.004704,,0.004704,2025-05-07 07:14:08
9131,14020,39,4,BORROW,4,8156.236967,11360.0689522362,8156.236967,2025-05-07 07:17:14
9132,14021,178,2,REPAY,3,8e-06,,8e-06,2025-05-07 07:43:48
9133,14022,622,1,DEPOSIT,4,6863.380717,6863.380717,,2025-05-07 07:44:16
9134,14023,513,3,LIQUIDATION,4,11226.635393,11591.395319143,11226.635393,2025-05-07 08:58:53
9135,14024,571,4,REPAY,1,48.63456,,48.63456,2025-05-07 09:26:36
9136,14025,187,4,WITHDRAW,3,9428.302082,,,2025-05-07 09:30:49
9137,14026,958,2,REPAY,5,1.3e-05,,1.3e-05,2025-05-07 09:42:17
9138,14027,302,3,REPAY,4,692.633477,,692.633477,2025-05-07 09:44:16
9139,14029,451,1,REPAY,4,5.195121,,5.195121,2025-05-07 10:29:08
9140,14030,912,4,REPAY,4,0.006886,,0.006886,2025-05-07 10:59:20
9141,14033,939,1,LIQUIDATION,2,0.090756,0.0793030972,0.090756,2025-05-07 12:03:13
9142,14034,430,2,REPAY,3,1.705982,,1.705982,2025-05-07 12:20:29
9143,14035,840,4,LIQUIDATION,1,3504.058086,3073.1633798308,3504.058086,2025-05-07 12:22:53
9144,14036,600,4,REPAY,4,3.1e-05,,3.1e-05,2025-05-07 12:26:50
9145,14038,830,4,WITHDRAW,5,4916.846209,,,2025-05-07 12:37:01
9146,14040,260,3,BORROW,3,6713.770595,12441.5327029,6713.770595,2025-05-07 13:09:55
9147,14041,862,2,REPAY,1,0.158212,,0.158212,2025-05-07 13:24:07
9148,14044,369,1,REPAY,2,39.979361,,39.979361,2025-05-07 14:32:55
9149,14046,843,2,REPAY,3,7.22492,,7.22492,2025-05-07 14:42:47
9915,15109,563,3,WITHDRAW,5,4754.415245,,,2025-05-16 16:03:56
9150,14049,679,2,DEPOSIT,4,7345.564473,7345.564473,,2025-05-07 15:41:52
9151,14050,571,4,REPAY,5,45.068932,,45.068932,2025-05-07 15:55:56
9152,14051,594,2,REPAY,4,9.378316,,9.378316,2025-05-07 16:44:34
9153,14053,315,1,WITHDRAW,1,857.056677,,,2025-05-07 16:58:34
9154,14054,639,3,REPAY,2,3.224408,,3.224408,2025-05-07 17:31:30
9155,14055,189,4,REPAY,5,0.183589,,0.183589,2025-05-07 17:48:08
9156,14060,189,4,REPAY,5,0.057737,,0.057737,2025-05-07 18:42:47
9157,14061,130,1,REPAY,4,7.486126,,7.486126,2025-05-07 19:15:41
9158,14062,289,2,REPAY,2,0.500885,,0.500885,2025-05-07 19:20:43
9159,14063,274,3,DEPOSIT,3,2404.998902,2404.998902,,2025-05-07 19:28:29
9160,14064,203,1,REPAY,3,3300.313635,,3300.313635,2025-05-07 19:31:32
9161,14065,677,2,REPAY,2,162.139024,,162.139024,2025-05-07 19:41:10
9162,14066,419,2,REPAY,5,2347.724886,,2347.724886,2025-05-07 20:06:41
9163,14067,232,1,DEPOSIT,3,3743.458489,3743.458489,,2025-05-07 20:16:54
9164,14068,833,4,BORROW,5,3282.264613,5448.1445268799,3282.264613,2025-05-07 20:29:27
9165,14070,913,1,DEPOSIT,1,2921.489656,2921.489656,,2025-05-07 20:46:08
9166,14073,734,2,REPAY,5,72.04291,,72.04291,2025-05-07 21:41:22
9167,14076,280,3,REPAY,4,2.115861,,2.115861,2025-05-07 22:09:38
9168,14080,690,3,LIQUIDATION,2,2759.520267,2456.7071158172,2759.520267,2025-05-07 22:23:07
9169,14081,325,2,REPAY,2,0.005612,,0.005612,2025-05-07 22:37:45
9170,14083,670,3,REPAY,1,9579.589974,,9579.589974,2025-05-07 23:00:32
9171,14085,308,4,BORROW,3,6054.266285,10912.0896920705,6054.266285,2025-05-07 23:04:32
9172,14086,657,3,REPAY,2,1714.052399,,1714.052399,2025-05-07 23:09:41
9173,14087,886,3,DEPOSIT,1,4597.555678,4597.555678,,2025-05-07 23:25:58
9174,14088,741,1,REPAY,4,13.712198,,13.712198,2025-05-07 23:29:11
9175,14089,816,1,DEPOSIT,2,3431.410398,3431.410398,,2025-05-07 23:38:51
9176,14090,237,4,DEPOSIT,4,3772.474589,3772.474589,,2025-05-07 23:49:37
9177,14091,528,4,BORROW,3,1088.275722,1690.2564333772,1088.275722,2025-05-08 00:04:13
9178,14093,294,3,DEPOSIT,3,2485.169299,2485.169299,,2025-05-08 00:17:06
9179,14094,414,3,REPAY,5,238.809715,,238.809715,2025-05-08 00:24:06
9180,14095,364,2,REPAY,3,1.151534,,1.151534,2025-05-08 00:53:12
9181,14096,37,4,WITHDRAW,5,9429.542773,,,2025-05-08 01:04:21
9182,14097,565,1,WITHDRAW,5,5212.620095,,,2025-05-08 01:27:38
9183,14098,997,4,REPAY,5,0.491486,,0.491486,2025-05-08 01:30:57
9184,14099,302,1,REPAY,2,3312.470601,,3312.470601,2025-05-08 01:53:11
9185,14100,760,3,REPAY,2,576.783125,,576.783125,2025-05-08 02:17:23
9186,14101,283,1,REPAY,5,0.00034,,0.00034,2025-05-08 02:24:21
9187,14102,495,1,REPAY,5,0.861302,,0.861302,2025-05-08 02:36:03
9188,14103,481,2,REPAY,2,146.049595,,146.049595,2025-05-08 02:38:18
9189,14104,238,4,BORROW,5,1825.362977,2786.8502695972,1825.362977,2025-05-08 02:39:39
9190,14105,556,2,WITHDRAW,1,7772.003924,,,2025-05-08 02:41:39
9191,14107,32,3,REPAY,4,3.535759,,3.535759,2025-05-08 03:23:34
9192,14108,306,1,BORROW,1,2955.386896,4112.9460062072,2955.386896,2025-05-08 03:31:54
9193,14109,592,3,REPAY,1,0.226459,,0.226459,2025-05-08 03:36:30
9194,14110,895,2,BORROW,1,9103.296105,11722.9986116849,9103.296105,2025-05-08 03:44:29
9195,14112,261,4,REPAY,3,0.002149,,0.002149,2025-05-08 04:12:08
9196,14114,791,4,REPAY,2,1901.319322,,1901.319322,2025-05-08 04:36:37
9197,14115,380,3,BORROW,1,6107.208072,15149.694502171,6107.208072,2025-05-08 05:00:41
9198,14117,707,2,LIQUIDATION,2,2.162842,1.8867465776,2.162842,2025-05-08 05:48:26
9199,14120,679,3,BORROW,4,4248.422719,5752.864983058,4248.422719,2025-05-08 06:13:13
9200,14121,984,4,REPAY,4,91.109491,,91.109491,2025-05-08 06:23:16
9201,14125,269,3,BORROW,3,4887.073358,11512.1572757827,4887.073358,2025-05-08 06:46:57
9202,14127,947,3,DEPOSIT,5,7813.139574,7813.139574,,2025-05-08 07:47:55
9203,14128,87,3,DEPOSIT,4,3939.510329,3939.510329,,2025-05-08 08:00:48
9204,14129,372,3,REPAY,2,0.000284,,0.000284,2025-05-08 08:03:55
9205,14130,199,4,REPAY,2,4969.249901,,4969.249901,2025-05-08 08:15:14
9206,14131,810,3,REPAY,2,92.749693,,92.749693,2025-05-08 08:30:06
9207,14132,304,1,WITHDRAW,1,7752.524911,,,2025-05-08 08:34:09
9208,14134,536,3,REPAY,1,1598.066466,,1598.066466,2025-05-08 08:48:18
9209,14135,893,3,REPAY,2,0.052217,,0.052217,2025-05-08 08:52:16
9210,14138,948,2,REPAY,2,0.632385,,0.632385,2025-05-08 09:25:04
9211,14140,972,2,REPAY,1,2.15996,,2.15996,2025-05-08 09:59:12
9212,14141,555,1,DEPOSIT,1,3904.009009,3904.009009,,2025-05-08 09:59:53
9213,14142,954,1,BORROW,4,5837.204148,11192.1117518289,5837.204148,2025-05-08 10:04:11
9214,14143,23,2,LIQUIDATION,5,2409.390466,2786.4088539377,2409.390466,2025-05-08 10:15:41
9215,14144,322,2,DEPOSIT,2,2581.363889,2581.363889,,2025-05-08 10:29:05
9216,14145,948,4,REPAY,1,2.691819,,2.691819,2025-05-08 10:40:20
9217,14146,983,2,REPAY,5,50.937649,,50.937649,2025-05-08 10:55:32
9218,14147,19,2,REPAY,4,284.481968,,284.481968,2025-05-08 11:01:14
9219,14148,279,1,WITHDRAW,4,1997.791636,,,2025-05-08 11:41:03
9220,14150,641,1,REPAY,5,1.21857,,1.21857,2025-05-08 12:00:12
9221,14151,615,1,REPAY,3,0.001491,,0.001491,2025-05-08 12:08:01
9222,14152,821,4,LIQUIDATION,4,903.498971,985.43251769,903.498971,2025-05-08 13:12:36
9223,14153,384,4,REPAY,3,0.105512,,0.105512,2025-05-08 13:15:59
9224,14154,979,1,REPAY,5,3119.327564,,3119.327564,2025-05-08 13:18:08
9225,14155,324,2,DEPOSIT,3,9858.91431,9858.91431,,2025-05-08 13:31:26
9226,14156,324,1,BORROW,3,9913.508567,15200.088526241,9913.508567,2025-05-08 13:34:00
9227,14157,524,4,REPAY,4,0.30088,,0.30088,2025-05-08 13:37:49
9228,14158,664,3,REPAY,4,0.000359,,0.000359,2025-05-08 13:38:48
9229,14159,31,4,BORROW,3,141.168603,237.1096355085,141.168603,2025-05-08 13:56:50
9230,14161,480,4,REPAY,2,178.034385,,178.034385,2025-05-08 14:37:16
9231,14162,952,3,WITHDRAW,1,88.278103,,,2025-05-08 14:44:02
9232,14163,627,2,BORROW,4,1496.274144,2069.419465034,1496.274144,2025-05-08 14:50:00
9233,14165,292,2,BORROW,5,3487.896827,6360.507629052,3487.896827,2025-05-08 15:16:36
9234,14166,804,2,REPAY,4,0.530887,,0.530887,2025-05-08 15:19:19
9235,14168,417,4,REPAY,5,0.0095,,0.0095,2025-05-08 15:47:48
9236,14170,209,4,REPAY,1,173.227956,,173.227956,2025-05-08 16:00:38
9237,14171,158,1,LIQUIDATION,2,8.107086,9.6785128362,8.107086,2025-05-08 16:16:25
9238,14173,84,4,REPAY,1,0.005058,,0.005058,2025-05-08 16:27:55
9239,14174,791,4,REPAY,1,482.201754,,482.201754,2025-05-08 16:33:29
9240,14176,673,3,REPAY,1,48.356979,,48.356979,2025-05-08 16:42:23
9241,14178,107,4,REPAY,4,1352.950619,,1352.950619,2025-05-08 17:11:01
9242,14180,32,4,REPAY,3,2.801987,,2.801987,2025-05-08 18:08:07
9243,14181,537,1,REPAY,3,40.791762,,40.791762,2025-05-08 18:09:38
9244,14182,547,3,BORROW,2,1422.128137,3479.7749106827,1422.128137,2025-05-08 18:19:25
9245,14183,423,4,WITHDRAW,5,9747.977519,,,2025-05-08 18:31:53
9246,14184,185,2,DEPOSIT,5,7902.003174,7902.003174,,2025-05-08 18:44:46
9247,14185,345,1,REPAY,2,4415.556337,,4415.556337,2025-05-08 19:00:40
9248,14187,650,1,REPAY,4,0.015833,,0.015833,2025-05-08 19:14:41
9249,14188,207,3,REPAY,2,0.008374,,0.008374,2025-05-08 19:16:50
9250,14189,953,1,REPAY,5,64.028763,,64.028763,2025-05-08 19:41:16
9251,14190,661,1,WITHDRAW,1,1706.225772,,,2025-05-08 19:51:03
9252,14192,874,2,WITHDRAW,4,7575.650527,,,2025-05-08 20:03:01
9253,14196,99,3,REPAY,3,129.621458,,129.621458,2025-05-08 20:37:50
9254,14197,584,1,REPAY,1,4794.540875,,4794.540875,2025-05-08 20:46:02
9255,14198,656,4,REPAY,3,2.908458,,2.908458,2025-05-08 20:46:35
9256,14199,338,2,WITHDRAW,1,579.70575,,,2025-05-08 20:55:13
9257,14200,378,1,REPAY,1,250.981029,,250.981029,2025-05-08 21:03:26
9258,14202,169,2,REPAY,4,13.768844,,13.768844,2025-05-08 21:20:18
9259,14203,256,2,REPAY,1,261.924159,,261.924159,2025-05-08 21:35:30
9260,14207,783,1,BORROW,5,4372.915351,5986.4737271394,4372.915351,2025-05-08 22:27:17
9261,14209,465,2,REPAY,2,10.934184,,10.934184,2025-05-08 22:39:17
9262,14210,964,4,BORROW,1,3850.418622,5240.7220974856,3850.418622,2025-05-08 22:43:13
9263,14211,644,4,WITHDRAW,3,1528.860816,,,2025-05-08 22:44:39
9264,14213,160,3,REPAY,1,80.056622,,80.056622,2025-05-08 23:05:21
9265,14215,884,1,BORROW,5,5225.084165,10671.5339255134,5225.084165,2025-05-08 23:53:16
9266,14216,924,2,BORROW,5,3825.312515,9468.6130552553,3825.312515,2025-05-08 23:53:49
9267,14217,224,1,REPAY,4,0.291034,,0.291034,2025-05-09 00:05:03
9268,14218,261,3,REPAY,5,0.00011,,0.00011,2025-05-09 00:08:27
9269,14219,775,1,REPAY,3,5.109163,,5.109163,2025-05-09 00:14:03
9270,14220,182,1,REPAY,4,72.120342,,72.120342,2025-05-09 00:19:44
9271,14221,722,2,REPAY,3,33.56817,,33.56817,2025-05-09 00:21:48
9272,14222,902,3,BORROW,4,2722.553235,5508.3212217192,2722.553235,2025-05-09 00:28:50
9273,14223,176,4,REPAY,3,68.037946,,68.037946,2025-05-09 00:29:15
9274,14224,106,1,REPAY,5,0.134128,,0.134128,2025-05-09 00:41:14
9275,14226,876,3,REPAY,1,61.609054,,61.609054,2025-05-09 00:52:32
9276,14227,937,4,LIQUIDATION,3,11501.721269,12141.351986292,11501.721269,2025-05-09 00:53:02
9277,14229,815,3,REPAY,1,0.084697,,0.084697,2025-05-09 01:04:41
9278,14230,119,3,BORROW,2,1844.330872,4461.7710963772,1844.330872,2025-05-09 01:05:19
9279,14232,377,2,REPAY,4,66.087182,,66.087182,2025-05-09 01:07:49
9280,14233,686,2,REPAY,5,0.104222,,0.104222,2025-05-09 01:21:21
9281,14234,208,4,REPAY,3,1828.13774,,1828.13774,2025-05-09 01:24:11
9282,14235,501,2,WITHDRAW,2,6702.736639,,,2025-05-09 01:38:02
9283,14236,441,1,REPAY,1,40.256098,,40.256098,2025-05-09 01:40:33
9284,14240,24,4,LIQUIDATION,2,0.002723,0.0024966789,0.002723,2025-05-09 02:14:18
9285,14242,39,2,REPAY,2,4201.280931,,4201.280931,2025-05-09 02:32:12
9286,14243,89,1,REPAY,3,1.11953,,1.11953,2025-05-09 02:38:06
9287,14247,364,4,REPAY,3,0.172098,,0.172098,2025-05-09 04:00:40
9288,14248,889,4,REPAY,3,260.354349,,260.354349,2025-05-09 04:11:21
9289,14249,400,3,REPAY,5,1519.208094,,1519.208094,2025-05-09 04:17:26
9290,14250,302,2,REPAY,5,75.945289,,75.945289,2025-05-09 04:35:26
9291,14252,988,4,BORROW,1,8107.038127,11541.1133351032,8107.038127,2025-05-09 04:44:39
9292,14253,615,4,REPAY,5,0.000936,,0.000936,2025-05-09 04:48:46
9293,14255,267,1,LIQUIDATION,2,5412.766121,5128.665127329,5412.766121,2025-05-09 05:00:12
9294,14256,4,2,REPAY,1,6.311616,,6.311616,2025-05-09 05:30:29
9295,14257,13,3,REPAY,5,188.425229,,188.425229,2025-05-09 05:33:37
9296,14258,495,4,REPAY,4,0.082238,,0.082238,2025-05-09 05:41:54
9297,14260,359,1,REPAY,4,99.253481,,99.253481,2025-05-09 05:49:49
9298,14262,906,3,REPAY,4,0.092319,,0.092319,2025-05-09 06:17:39
9299,14263,713,1,REPAY,4,10.582765,,10.582765,2025-05-09 06:36:33
9300,14264,344,3,REPAY,3,1094.752095,,1094.752095,2025-05-09 06:40:44
9301,14265,690,2,WITHDRAW,5,6106.972316,,,2025-05-09 06:55:57
9302,14266,368,3,DEPOSIT,5,3676.854763,3676.854763,,2025-05-09 06:57:15
9303,14269,407,1,REPAY,4,5.500493,,5.500493,2025-05-09 07:11:35
9304,14270,699,2,REPAY,1,4735.897233,,4735.897233,2025-05-09 07:14:38
9305,14271,656,4,REPAY,2,4.260552,,4.260552,2025-05-09 07:26:29
9306,14273,398,4,REPAY,4,5710.901788,,5710.901788,2025-05-09 07:48:31
9307,14274,932,1,REPAY,5,13.769922,,13.769922,2025-05-09 07:55:49
9308,14275,484,2,DEPOSIT,5,7330.950503,7330.950503,,2025-05-09 08:03:28
9309,14279,715,1,BORROW,4,3949.305518,6916.4060681266,3949.305518,2025-05-09 08:51:32
9310,14280,58,2,WITHDRAW,3,4252.718674,,,2025-05-09 08:59:39
9311,14281,645,1,REPAY,1,5.435312,,5.435312,2025-05-09 09:05:27
9312,14282,418,2,REPAY,1,0.106975,,0.106975,2025-05-09 09:17:40
9313,14283,250,3,WITHDRAW,2,5809.422092,,,2025-05-09 09:25:25
9314,14284,505,1,REPAY,5,1.947689,,1.947689,2025-05-09 09:36:06
9315,14285,421,1,REPAY,4,311.481569,,311.481569,2025-05-09 09:44:12
9316,14286,571,1,REPAY,3,28.659909,,28.659909,2025-05-09 11:10:42
9317,14288,950,3,REPAY,4,637.300638,,637.300638,2025-05-09 11:48:26
9318,14289,343,4,BORROW,4,8515.818258,15122.0621299937,8515.818258,2025-05-09 11:53:35
9319,14291,80,1,REPAY,4,119.985241,,119.985241,2025-05-09 12:10:36
9320,14292,850,3,BORROW,1,879.396292,1488.5884728419,879.396292,2025-05-09 12:12:55
9321,14294,722,4,REPAY,4,4.682097,,4.682097,2025-05-09 12:37:55
9322,14295,76,1,BORROW,4,8413.817883,17936.2539778861,8413.817883,2025-05-09 13:00:12
9323,14296,201,2,REPAY,2,0.234771,,0.234771,2025-05-09 13:14:16
9324,14297,909,4,REPAY,3,1.516699,,1.516699,2025-05-09 13:14:55
9325,14298,1000,1,WITHDRAW,4,6190.268685,,,2025-05-09 13:23:53
9326,14300,409,1,REPAY,3,251.96742,,251.96742,2025-05-09 13:47:38
9327,14301,34,1,WITHDRAW,1,3305.821339,,,2025-05-09 14:11:05
9328,14302,683,3,DEPOSIT,2,946.148144,946.148144,,2025-05-09 14:12:02
9329,14303,525,1,WITHDRAW,2,4354.01869,,,2025-05-09 14:26:04
9330,14304,963,4,REPAY,4,2.541495,,2.541495,2025-05-09 14:48:00
9331,14305,894,2,REPAY,2,14.19063,,14.19063,2025-05-09 15:05:33
9332,14306,779,2,REPAY,2,25.990916,,25.990916,2025-05-09 15:12:44
9333,14307,490,1,REPAY,4,0.009991,,0.009991,2025-05-09 15:23:39
9334,14308,930,1,DEPOSIT,4,3168.802608,3168.802608,,2025-05-09 15:24:56
9335,14309,81,2,REPAY,5,63.683539,,63.683539,2025-05-09 15:39:35
9336,14310,499,1,REPAY,4,3.651702,,3.651702,2025-05-09 15:53:48
9337,14311,635,4,REPAY,1,29.58219,,29.58219,2025-05-09 15:57:41
9338,14312,793,2,REPAY,5,0.809071,,0.809071,2025-05-09 15:59:48
9339,14313,252,3,LIQUIDATION,1,7518.637993,6823.6080133323,7518.637993,2025-05-09 16:01:08
9340,14314,100,3,REPAY,4,10.865767,,10.865767,2025-05-09 16:08:09
9341,14316,129,1,WITHDRAW,5,3626.230907,,,2025-05-09 16:37:34
9342,14317,177,1,DEPOSIT,3,6482.313744,6482.313744,,2025-05-09 17:43:06
9343,14318,269,3,DEPOSIT,5,2994.267475,2994.267475,,2025-05-09 18:26:44
9344,14321,124,1,DEPOSIT,3,8486.939398,8486.939398,,2025-05-09 19:21:45
9345,14323,571,1,REPAY,5,1.181246,,1.181246,2025-05-09 19:27:30
9346,14324,130,1,REPAY,3,0.642218,,0.642218,2025-05-09 19:41:52
9347,14325,440,2,REPAY,4,0.215478,,0.215478,2025-05-09 19:42:28
9348,14326,36,3,DEPOSIT,5,6031.987686,6031.987686,,2025-05-09 19:46:49
9349,14327,261,3,REPAY,4,4e-05,,4e-05,2025-05-09 19:55:56
9350,14328,28,2,REPAY,2,43.549916,,43.549916,2025-05-09 20:08:39
9351,14329,181,2,REPAY,4,0.14154,,0.14154,2025-05-09 20:11:34
9352,14332,714,2,REPAY,2,4640.26019,,4640.26019,2025-05-09 21:06:56
9353,14333,552,2,REPAY,5,0.139048,,0.139048,2025-05-09 21:14:17
9354,14335,770,1,BORROW,1,6731.853363,14381.9631182094,6731.853363,2025-05-09 22:10:14
9355,14336,220,3,REPAY,4,98.018083,,98.018083,2025-05-09 22:45:27
9356,14337,984,4,REPAY,5,159.489559,,159.489559,2025-05-09 22:54:15
9357,14343,505,1,REPAY,3,2.106214,,2.106214,2025-05-09 23:57:25
9358,14344,45,2,REPAY,4,30.127845,,30.127845,2025-05-10 00:45:52
9359,14345,813,2,REPAY,5,6.866545,,6.866545,2025-05-10 00:46:21
9360,14346,280,2,REPAY,5,0.577457,,0.577457,2025-05-10 00:48:18
9361,14347,940,3,REPAY,2,8.888416,,8.888416,2025-05-10 00:50:07
9362,14349,625,1,WITHDRAW,3,4544.935784,,,2025-05-10 01:41:52
9363,14350,873,1,REPAY,3,1862.925637,,1862.925637,2025-05-10 02:09:29
9364,14351,711,1,REPAY,2,0.216071,,0.216071,2025-05-10 02:23:21
9365,14352,66,3,REPAY,5,1.001022,,1.001022,2025-05-10 02:42:28
9366,14353,906,3,REPAY,3,0.194358,,0.194358,2025-05-10 03:06:09
9367,14354,95,3,REPAY,3,19.876878,,19.876878,2025-05-10 03:09:09
9368,14356,631,1,REPAY,1,1.808536,,1.808536,2025-05-10 03:57:58
9369,14357,682,2,DEPOSIT,4,5869.406601,5869.406601,,2025-05-10 04:15:14
9370,14358,342,3,REPAY,5,0.459486,,0.459486,2025-05-10 04:15:23
9371,14359,804,2,REPAY,5,2.809608,,2.809608,2025-05-10 04:20:27
9372,14360,670,4,REPAY,5,1047.913504,,1047.913504,2025-05-10 04:37:35
9373,14361,323,3,REPAY,3,1882.883311,,1882.883311,2025-05-10 04:38:37
9374,14362,600,3,LIQUIDATION,4,1.2e-05,1.19108e-05,1.2e-05,2025-05-10 04:45:32
9375,14363,860,2,BORROW,4,3495.831104,7993.5000187788,3495.831104,2025-05-10 04:59:50
9376,14365,371,1,DEPOSIT,5,5070.460195,5070.460195,,2025-05-10 05:32:57
9377,14366,608,2,REPAY,4,3.429198,,3.429198,2025-05-10 05:33:01
9378,14367,49,4,DEPOSIT,5,26.885982,26.885982,,2025-05-10 05:36:08
9379,14368,541,1,LIQUIDATION,2,8998.211916,8252.6952075649,8998.211916,2025-05-10 05:42:11
9380,14370,683,3,DEPOSIT,2,4320.182637,4320.182637,,2025-05-10 06:16:23
9381,14371,240,4,REPAY,2,0.111727,,0.111727,2025-05-10 07:06:38
9382,14372,138,1,BORROW,5,2845.115639,6336.355861241,2845.115639,2025-05-10 07:19:52
9383,14373,948,3,REPAY,1,0.024013,,0.024013,2025-05-10 07:22:53
9384,14374,569,3,REPAY,3,0.827997,,0.827997,2025-05-10 07:28:16
9385,14375,918,3,REPAY,4,0.029496,,0.029496,2025-05-10 07:49:18
9386,14377,346,3,REPAY,2,0.000656,,0.000656,2025-05-10 08:09:20
9387,14379,427,1,BORROW,1,292.566457,575.3526994465,292.566457,2025-05-10 09:19:29
9388,14381,154,4,REPAY,5,52.575593,,52.575593,2025-05-10 09:30:43
9389,14382,328,3,REPAY,3,3.810522,,3.810522,2025-05-10 09:48:20
9390,14383,448,3,REPAY,4,1062.907456,,1062.907456,2025-05-10 10:50:47
9391,14384,592,1,REPAY,3,0.093886,,0.093886,2025-05-10 10:56:24
9392,14386,547,4,BORROW,2,7687.487216,12488.7606657835,7687.487216,2025-05-10 11:18:08
9393,14388,968,2,REPAY,1,0.209493,,0.209493,2025-05-10 11:55:19
9394,14389,739,4,REPAY,3,0.080153,,0.080153,2025-05-10 12:05:00
9395,14390,821,2,BORROW,3,7199.17002,9033.7967523794,7199.17002,2025-05-10 12:20:42
9396,14391,781,3,REPAY,1,5128.265273,,5128.265273,2025-05-10 12:25:45
9397,14392,650,4,REPAY,3,0.009897,,0.009897,2025-05-10 12:42:30
9398,14394,681,3,BORROW,4,8302.668384,9971.7657420762,8302.668384,2025-05-10 13:28:26
9399,14395,786,2,REPAY,2,0.12378,,0.12378,2025-05-10 13:43:09
9400,14396,959,4,REPAY,2,4.509921,,4.509921,2025-05-10 13:55:11
9401,14397,135,3,REPAY,5,2.395231,,2.395231,2025-05-10 14:15:05
9402,14398,310,1,WITHDRAW,2,8718.190981,,,2025-05-10 14:37:42
9403,14399,491,2,BORROW,5,8563.348812,17347.4033342288,8563.348812,2025-05-10 14:52:29
9404,14400,656,4,LIQUIDATION,5,0.192835,0.1895451137,0.192835,2025-05-10 14:56:27
9405,14401,51,1,REPAY,4,0.326947,,0.326947,2025-05-10 15:02:28
9406,14403,261,4,REPAY,4,2.8e-05,,2.8e-05,2025-05-10 15:10:41
9407,14405,620,1,REPAY,1,0.001372,,0.001372,2025-05-10 15:45:17
9408,14406,626,1,REPAY,5,4156.22968,,4156.22968,2025-05-10 15:48:43
9409,14407,849,2,WITHDRAW,3,6873.791125,,,2025-05-10 16:06:31
9410,14409,299,2,REPAY,4,0.176446,,0.176446,2025-05-10 16:27:13
9411,14411,999,4,REPAY,3,2443.788116,,2443.788116,2025-05-10 16:59:34
9412,14412,109,2,BORROW,3,6641.766046,15211.2637600339,6641.766046,2025-05-10 17:09:53
9413,14414,683,3,BORROW,5,1702.255283,3231.4604309518,1702.255283,2025-05-10 17:45:48
9414,14415,860,4,REPAY,2,2765.494021,,2765.494021,2025-05-10 18:06:36
9415,14416,220,2,REPAY,5,6.979272,,6.979272,2025-05-10 18:12:07
9416,14417,724,4,REPAY,2,0.000808,,0.000808,2025-05-10 18:19:12
9417,14419,465,4,REPAY,4,0.201405,,0.201405,2025-05-10 19:07:07
9418,14420,157,1,REPAY,3,5.372374,,5.372374,2025-05-10 19:08:29
9419,14421,652,1,DEPOSIT,1,3215.968571,3215.968571,,2025-05-10 19:25:17
9420,14422,346,4,REPAY,3,0.000268,,0.000268,2025-05-10 19:50:05
9421,14425,41,1,REPAY,1,2321.167529,,2321.167529,2025-05-10 20:23:29
9422,14426,295,1,REPAY,3,8.250547,,8.250547,2025-05-10 20:26:25
9423,14428,203,2,REPAY,3,904.739211,,904.739211,2025-05-10 20:34:36
9424,14429,13,1,REPAY,5,596.615903,,596.615903,2025-05-10 20:47:51
9425,14430,783,3,REPAY,4,3992.383912,,3992.383912,2025-05-10 21:28:45
9426,14431,17,3,REPAY,2,1926.360741,,1926.360741,2025-05-10 21:31:17
9427,14432,137,2,WITHDRAW,2,1864.330601,,,2025-05-10 21:31:49
9428,14433,79,3,REPAY,5,129.665275,,129.665275,2025-05-10 21:52:05
9429,14434,850,4,REPAY,1,386.421333,,386.421333,2025-05-10 21:55:54
9430,14435,656,4,DEPOSIT,1,4650.810576,4650.810576,,2025-05-10 22:05:04
9431,14436,21,3,REPAY,5,0.000817,,0.000817,2025-05-10 22:28:03
9432,14438,518,4,BORROW,4,5696.438724,7477.2235495205,5696.438724,2025-05-11 00:01:49
9433,14439,641,1,REPAY,4,1.551051,,1.551051,2025-05-11 00:35:11
9434,14441,387,3,REPAY,3,1262.813308,,1262.813308,2025-05-11 00:46:08
9435,14442,533,4,REPAY,4,0.090959,,0.090959,2025-05-11 00:51:04
9436,14443,792,3,REPAY,4,48.437936,,48.437936,2025-05-11 01:39:09
9437,14444,840,2,DEPOSIT,1,1574.30446,1574.30446,,2025-05-11 01:42:03
9438,14446,405,3,REPAY,2,70.608365,,70.608365,2025-05-11 02:32:26
9439,14447,706,1,DEPOSIT,2,1800.020618,1800.020618,,2025-05-11 02:36:30
9440,14448,763,3,DEPOSIT,1,794.2975,794.2975,,2025-05-11 02:44:03
9441,14450,98,2,REPAY,4,9.062435,,9.062435,2025-05-11 03:05:27
9442,14451,790,1,BORROW,5,2633.88927,4177.6041442638,2633.88927,2025-05-11 03:20:05
9443,14452,594,1,WITHDRAW,1,1184.709236,,,2025-05-11 03:36:39
9444,14453,661,3,REPAY,5,2.1e-05,,2.1e-05,2025-05-11 03:38:14
9445,14454,191,1,REPAY,5,18.613898,,18.613898,2025-05-11 03:48:13
9446,14455,568,3,DEPOSIT,1,7617.924807,7617.924807,,2025-05-11 03:59:17
9447,14456,776,3,REPAY,3,3038.270268,,3038.270268,2025-05-11 04:29:41
9448,14457,647,4,REPAY,2,0.071993,,0.071993,2025-05-11 04:45:05
9449,14459,796,1,BORROW,1,3329.143141,4892.4467054593,3329.143141,2025-05-11 05:13:42
9450,14460,76,1,REPAY,1,4433.104404,,4433.104404,2025-05-11 05:41:42
9451,14461,864,1,WITHDRAW,2,6845.349594,,,2025-05-11 05:51:20
9452,14462,340,1,REPAY,4,175.914368,,175.914368,2025-05-11 06:06:54
9453,14465,892,1,REPAY,1,2182.155158,,2182.155158,2025-05-11 07:39:53
9454,14466,992,3,REPAY,5,402.974358,,402.974358,2025-05-11 08:18:27
9455,14467,275,4,WITHDRAW,4,6910.112524,,,2025-05-11 08:27:50
9456,14468,752,2,REPAY,5,641.111397,,641.111397,2025-05-11 08:40:00
9457,14469,137,4,BORROW,5,2554.952715,4531.846626332,2554.952715,2025-05-11 08:40:58
9458,14470,470,1,LIQUIDATION,5,7562.827852,8876.6949515037,7562.827852,2025-05-11 08:41:39
9459,14472,41,3,REPAY,1,918.34578,,918.34578,2025-05-11 09:08:07
9460,14474,162,2,REPAY,4,1.778008,,1.778008,2025-05-11 09:17:50
9461,14475,847,1,WITHDRAW,4,2614.213947,,,2025-05-11 09:41:09
9462,14476,150,4,WITHDRAW,3,6813.562964,,,2025-05-11 09:41:51
9463,14477,247,4,REPAY,2,1454.993021,,1454.993021,2025-05-11 09:52:34
9464,14478,410,2,WITHDRAW,4,5176.057095,,,2025-05-11 09:56:37
9465,14479,641,2,REPAY,3,4.427259,,4.427259,2025-05-11 10:02:14
9466,14480,979,4,REPAY,3,351.23505,,351.23505,2025-05-11 10:13:07
9467,14481,664,3,REPAY,4,0.000469,,0.000469,2025-05-11 10:16:48
9468,14482,13,2,REPAY,1,45.368603,,45.368603,2025-05-11 10:34:13
9469,14484,729,2,REPAY,2,691.753569,,691.753569,2025-05-11 11:13:17
9470,14486,479,1,LIQUIDATION,1,6948.429513,6305.2795499123,6948.429513,2025-05-11 11:42:16
9471,14487,330,4,REPAY,3,0.227296,,0.227296,2025-05-11 11:51:25
9472,14488,30,2,REPAY,1,979.69873,,979.69873,2025-05-11 12:07:36
9473,14489,21,3,DEPOSIT,5,3067.071555,3067.071555,,2025-05-11 12:10:07
9474,14490,817,2,DEPOSIT,2,6947.293633,6947.293633,,2025-05-11 12:11:31
9475,14491,776,4,LIQUIDATION,3,2730.173142,2249.9933295985,2730.173142,2025-05-11 12:15:36
9476,14493,206,3,REPAY,5,0.794018,,0.794018,2025-05-11 12:33:54
9477,14494,620,3,REPAY,2,0.005471,,0.005471,2025-05-11 12:51:23
9478,14495,373,2,WITHDRAW,3,6405.769886,,,2025-05-11 12:53:34
9479,14497,672,4,REPAY,3,1.279569,,1.279569,2025-05-11 13:29:19
9480,14500,424,1,REPAY,2,1.9e-05,,1.9e-05,2025-05-11 14:10:23
9481,14502,153,4,REPAY,1,116.099398,,116.099398,2025-05-11 14:35:13
9482,14504,333,4,REPAY,4,27.979136,,27.979136,2025-05-11 15:19:29
9483,14505,880,4,REPAY,5,1.216961,,1.216961,2025-05-11 15:29:02
9484,14506,477,2,REPAY,1,53.202748,,53.202748,2025-05-11 15:29:47
9485,14508,479,2,WITHDRAW,4,2057.285203,,,2025-05-11 16:18:11
9486,14509,321,4,LIQUIDATION,3,1978.676797,2286.6168455007,1978.676797,2025-05-11 16:20:30
9487,14511,659,1,WITHDRAW,5,9173.107522,,,2025-05-11 16:52:20
9488,14512,624,1,BORROW,5,7671.361342,13642.0812111042,7671.361342,2025-05-11 16:54:26
9489,14513,762,1,REPAY,2,0.119344,,0.119344,2025-05-11 17:18:21
9490,14514,210,1,DEPOSIT,3,6693.47366,6693.47366,,2025-05-11 17:42:22
9491,14516,996,2,REPAY,1,0.013839,,0.013839,2025-05-11 17:48:33
9492,14517,720,4,DEPOSIT,3,7937.502883,7937.502883,,2025-05-11 17:50:08
9493,14518,325,3,REPAY,5,0.00091,,0.00091,2025-05-11 17:55:30
9494,14519,508,4,REPAY,2,108.274933,,108.274933,2025-05-11 18:01:38
9495,14520,221,3,BORROW,5,3526.65653,4414.7496057223,3526.65653,2025-05-11 18:18:44
9496,14523,389,2,REPAY,1,6.268136,,6.268136,2025-05-11 19:09:05
9497,14525,447,4,REPAY,2,43.707066,,43.707066,2025-05-11 19:22:03
9498,14526,284,3,REPAY,4,1.469494,,1.469494,2025-05-11 19:32:19
9499,14527,50,3,REPAY,2,5020.182581,,5020.182581,2025-05-11 19:39:35
9500,14528,583,3,DEPOSIT,1,4057.501362,4057.501362,,2025-05-11 20:09:00
9501,14529,452,1,REPAY,3,14.236037,,14.236037,2025-05-11 20:09:55
9502,14531,281,1,BORROW,3,5084.365928,6673.2558570946,5084.365928,2025-05-11 20:48:46
9503,14532,525,1,DEPOSIT,3,7854.599637,7854.599637,,2025-05-11 21:10:52
9504,14535,663,1,REPAY,1,265.888335,,265.888335,2025-05-11 21:33:27
9505,14537,225,4,REPAY,5,0.00075,,0.00075,2025-05-11 21:48:29
9506,14538,79,4,REPAY,2,49.436012,,49.436012,2025-05-11 22:12:08
9507,14539,420,3,BORROW,3,8730.12896,11911.409872206,8730.12896,2025-05-11 22:56:13
9508,14540,85,2,REPAY,3,0.028007,,0.028007,2025-05-11 22:59:32
9509,14541,405,2,REPAY,5,47.492767,,47.492767,2025-05-11 23:21:47
9510,14542,849,1,WITHDRAW,1,4374.985051,,,2025-05-11 23:24:15
9511,14544,550,2,REPAY,1,103.93956,,103.93956,2025-05-11 23:34:34
9512,14545,975,1,REPAY,3,678.302517,,678.302517,2025-05-12 00:06:38
9513,14547,417,3,REPAY,5,0.001011,,0.001011,2025-05-12 00:15:59
9514,14550,427,1,DEPOSIT,1,87.930047,87.930047,,2025-05-12 01:11:40
9515,14551,72,2,DEPOSIT,5,5518.343275,5518.343275,,2025-05-12 01:40:37
9516,14552,450,3,REPAY,1,208.046223,,208.046223,2025-05-12 01:42:38
9517,14553,658,2,REPAY,3,130.487361,,130.487361,2025-05-12 01:50:33
9518,14554,227,4,REPAY,3,244.443469,,244.443469,2025-05-12 01:56:01
9519,14555,766,3,REPAY,5,1535.349766,,1535.349766,2025-05-12 02:10:55
9520,14556,579,2,REPAY,4,48.529048,,48.529048,2025-05-12 02:12:16
9521,14557,184,4,REPAY,3,874.922914,,874.922914,2025-05-12 02:13:41
9522,14559,4,3,REPAY,4,0.046344,,0.046344,2025-05-12 02:47:49
9523,14561,102,2,REPAY,3,2.412378,,2.412378,2025-05-12 03:05:04
9524,14562,408,1,REPAY,5,0.001113,,0.001113,2025-05-12 04:02:21
9525,14565,774,4,WITHDRAW,3,2074.175753,,,2025-05-12 04:54:02
9526,14566,436,3,REPAY,2,40.327343,,40.327343,2025-05-12 05:20:41
9527,14567,979,1,REPAY,4,259.779916,,259.779916,2025-05-12 05:30:45
9528,14568,495,3,REPAY,3,0.018707,,0.018707,2025-05-12 05:46:33
9529,14569,122,1,REPAY,3,274.229084,,274.229084,2025-05-12 07:28:53
9530,14570,430,4,REPAY,2,0.307182,,0.307182,2025-05-12 07:45:56
9531,14571,687,3,REPAY,5,1377.683322,,1377.683322,2025-05-12 08:22:18
9532,14572,990,4,REPAY,1,29.978023,,29.978023,2025-05-12 08:26:20
9533,14573,150,3,REPAY,2,29.972086,,29.972086,2025-05-12 08:39:41
9534,14574,738,3,BORROW,5,1396.165227,2188.2485985062,1396.165227,2025-05-12 08:48:19
9535,14575,498,1,BORROW,3,225.606666,388.0627635133,225.606666,2025-05-12 08:50:17
9536,14576,62,1,REPAY,2,20.265659,,20.265659,2025-05-12 09:17:17
9537,14577,480,1,REPAY,1,130.972116,,130.972116,2025-05-12 09:34:19
9538,14581,884,1,REPAY,5,1565.264426,,1565.264426,2025-05-12 09:59:46
9539,14582,602,1,REPAY,1,2355.928681,,2355.928681,2025-05-12 10:13:16
9540,14583,607,1,REPAY,3,692.407041,,692.407041,2025-05-12 10:21:41
9541,14585,435,4,BORROW,3,6607.034239,13246.3722575254,6607.034239,2025-05-12 10:37:20
9542,14586,105,3,REPAY,5,0.784066,,0.784066,2025-05-12 10:38:35
9543,14587,396,1,REPAY,4,1590.891042,,1590.891042,2025-05-12 10:42:44
9544,14588,828,3,REPAY,1,1629.827995,,1629.827995,2025-05-12 11:12:09
9545,14589,10,2,REPAY,4,0.000469,,0.000469,2025-05-12 11:12:41
9546,14590,726,1,REPAY,3,0.065019,,0.065019,2025-05-12 11:20:38
9547,14591,299,1,REPAY,2,0.052596,,0.052596,2025-05-12 11:41:15
9548,14592,578,3,REPAY,1,10.284166,,10.284166,2025-05-12 11:41:52
9549,14593,195,2,REPAY,5,0.000552,,0.000552,2025-05-12 11:54:11
9550,14594,441,1,REPAY,5,11.524481,,11.524481,2025-05-12 11:55:40
9551,14595,102,3,REPAY,5,4.484116,,4.484116,2025-05-12 11:57:46
9552,14596,139,3,REPAY,2,2270.99274,,2270.99274,2025-05-12 12:23:44
9553,14597,285,1,WITHDRAW,3,6962.327911,,,2025-05-12 12:50:03
9554,14599,670,4,DEPOSIT,5,3374.720654,3374.720654,,2025-05-12 13:14:52
9555,14600,120,1,REPAY,2,8.7182,,8.7182,2025-05-12 13:32:29
9556,14601,84,2,REPAY,5,0.001399,,0.001399,2025-05-12 13:40:45
9557,14602,82,4,REPAY,3,41.943137,,41.943137,2025-05-12 14:09:55
9558,14604,387,1,REPAY,5,28.45177,,28.45177,2025-05-12 14:23:43
9559,14606,213,2,REPAY,2,76.563544,,76.563544,2025-05-12 14:49:56
9560,14607,81,4,BORROW,5,2549.355992,4215.1725315574,2549.355992,2025-05-12 14:58:30
9561,14609,53,4,REPAY,1,1243.392405,,1243.392405,2025-05-12 15:14:43
9562,14611,980,4,DEPOSIT,1,4872.906068,4872.906068,,2025-05-12 15:22:48
9563,14612,855,4,BORROW,5,9347.708301,18060.7690671901,9347.708301,2025-05-12 15:34:01
9564,14614,804,2,REPAY,3,0.040531,,0.040531,2025-05-12 15:41:06
9565,14615,16,3,DEPOSIT,4,7977.940527,7977.940527,,2025-05-12 15:44:52
9566,14616,208,4,LIQUIDATION,5,1465.128549,1342.687054679,1465.128549,2025-05-12 16:04:18
9567,14617,550,4,REPAY,5,56.948874,,56.948874,2025-05-12 16:12:35
9568,14618,747,1,WITHDRAW,2,4767.976178,,,2025-05-12 16:37:48
9569,14619,722,1,REPAY,5,3.320796,,3.320796,2025-05-12 16:40:46
9570,14620,844,1,REPAY,2,1275.094374,,1275.094374,2025-05-12 16:42:43
9571,14622,389,2,REPAY,5,3.459968,,3.459968,2025-05-12 17:08:44
9572,14625,184,4,REPAY,2,93.555709,,93.555709,2025-05-12 17:30:58
9573,14628,752,3,REPAY,3,269.374658,,269.374658,2025-05-12 18:00:30
9574,14629,614,4,DEPOSIT,3,7156.619142,7156.619142,,2025-05-12 18:02:25
9575,14630,178,2,REPAY,4,3.5e-05,,3.5e-05,2025-05-12 18:17:57
9576,14631,741,4,LIQUIDATION,1,5.512981,4.5820923228,5.512981,2025-05-12 18:18:56
9577,14633,685,1,WITHDRAW,5,2412.673181,,,2025-05-12 18:49:18
9578,14634,261,3,REPAY,5,2e-06,,2e-06,2025-05-12 19:12:17
9579,14635,29,2,REPAY,2,2137.178124,,2137.178124,2025-05-12 19:26:39
9580,14636,564,4,REPAY,4,2677.693864,,2677.693864,2025-05-12 19:39:56
9581,14637,982,3,REPAY,3,1787.193631,,1787.193631,2025-05-12 20:00:41
9582,14638,743,1,WITHDRAW,1,1922.916748,,,2025-05-12 20:39:49
9583,14639,421,2,BORROW,5,7693.283254,11701.5336108967,7693.283254,2025-05-12 20:40:43
9584,14640,590,3,REPAY,1,178.284648,,178.284648,2025-05-12 20:58:49
9585,14641,701,3,REPAY,5,64.884893,,64.884893,2025-05-12 21:18:54
9586,14642,876,4,REPAY,5,8.51096,,8.51096,2025-05-12 21:19:18
9587,14643,846,1,REPAY,5,2186.939377,,2186.939377,2025-05-12 21:45:51
9588,14644,455,2,REPAY,2,0.401589,,0.401589,2025-05-12 21:46:39
9589,14645,308,2,WITHDRAW,2,5067.587575,,,2025-05-12 21:52:16
9590,14647,965,1,DEPOSIT,2,4826.159663,4826.159663,,2025-05-12 22:26:39
9591,14648,537,4,REPAY,1,12.535364,,12.535364,2025-05-12 22:57:29
9592,14649,165,2,DEPOSIT,4,926.992037,926.992037,,2025-05-12 22:58:26
9593,14650,122,2,REPAY,3,196.75737,,196.75737,2025-05-12 23:04:23
9594,14651,81,2,REPAY,4,981.475059,,981.475059,2025-05-12 23:05:58
9595,14652,801,4,WITHDRAW,4,6588.74507,,,2025-05-12 23:17:49
9596,14653,698,2,DEPOSIT,5,6186.237961,6186.237961,,2025-05-12 23:36:27
9597,14654,420,1,REPAY,3,8569.742216,,8569.742216,2025-05-12 23:41:21
9598,14657,604,3,BORROW,5,676.641153,1410.584049553,676.641153,2025-05-13 00:56:26
9599,14658,271,2,REPAY,5,0.767624,,0.767624,2025-05-13 00:56:57
9600,14660,988,4,BORROW,1,8092.715335,10298.2956216625,8092.715335,2025-05-13 01:14:42
9601,14661,754,2,BORROW,5,3753.646184,4892.5503129859,3753.646184,2025-05-13 01:32:15
9602,14662,685,4,DEPOSIT,5,2222.665949,2222.665949,,2025-05-13 01:50:17
9603,14663,1000,4,REPAY,4,0.00011,,0.00011,2025-05-13 02:05:10
9604,14664,974,1,DEPOSIT,1,5022.215281,5022.215281,,2025-05-13 02:20:35
9605,14666,709,4,DEPOSIT,1,2809.157094,2809.157094,,2025-05-13 02:37:23
9606,14667,704,4,BORROW,4,8904.294327,16780.9542815941,8904.294327,2025-05-13 02:52:45
9607,14668,841,4,LIQUIDATION,2,7248.145822,5837.9595362744,7248.145822,2025-05-13 02:53:14
9608,14669,789,4,LIQUIDATION,2,3574.038662,3675.6205492192,3574.038662,2025-05-13 03:36:47
9609,14670,811,1,REPAY,3,63.830415,,63.830415,2025-05-13 03:42:23
9610,14672,18,2,DEPOSIT,2,6835.969369,6835.969369,,2025-05-13 03:51:08
9611,14673,735,4,DEPOSIT,3,3036.11224,3036.11224,,2025-05-13 04:00:34
9612,14674,899,3,REPAY,1,428.025525,,428.025525,2025-05-13 04:12:01
9613,14676,740,2,DEPOSIT,5,5377.647369,5377.647369,,2025-05-13 04:25:02
9614,14678,844,3,BORROW,3,240.03472,540.1392627224,240.03472,2025-05-13 04:33:06
9615,14679,818,3,REPAY,2,0.002224,,0.002224,2025-05-13 04:49:04
9616,14682,528,2,LIQUIDATION,4,1088.275722,919.6628548815,1088.275722,2025-05-13 05:19:53
9617,14683,217,4,REPAY,2,72.419518,,72.419518,2025-05-13 05:45:56
9618,14684,631,2,REPAY,2,0.126022,,0.126022,2025-05-13 05:56:58
9619,14685,311,3,BORROW,5,9062.430906,16636.8488722828,9062.430906,2025-05-13 05:59:59
9620,14686,689,3,WITHDRAW,1,4762.675676,,,2025-05-13 06:26:17
9621,14687,872,2,REPAY,2,3.256918,,3.256918,2025-05-13 06:30:09
9622,14688,26,3,WITHDRAW,5,9637.759313,,,2025-05-13 06:35:05
9623,14689,588,2,BORROW,5,4145.845864,10218.7266756506,4145.845864,2025-05-13 07:08:44
9624,14690,64,3,REPAY,3,1935.599277,,1935.599277,2025-05-13 07:11:00
9625,14691,830,4,WITHDRAW,3,3972.787916,,,2025-05-13 07:11:21
9626,14692,734,4,REPAY,5,42.734013,,42.734013,2025-05-13 07:45:04
9627,14693,652,2,DEPOSIT,2,9325.666974,9325.666974,,2025-05-13 07:45:07
9628,14694,962,1,REPAY,3,2e-06,,2e-06,2025-05-13 07:49:57
9629,14695,831,4,REPAY,1,8e-05,,8e-05,2025-05-13 08:05:54
9630,14696,150,1,DEPOSIT,2,9684.699631,9684.699631,,2025-05-13 08:27:41
9631,14697,437,1,REPAY,5,0.00693,,0.00693,2025-05-13 09:00:40
9632,14699,513,1,BORROW,1,404.412927,928.0523611775,404.412927,2025-05-13 09:35:05
9633,14700,164,3,WITHDRAW,3,8435.557231,,,2025-05-13 09:41:52
9634,14702,34,4,DEPOSIT,2,8101.641582,8101.641582,,2025-05-13 10:04:35
9635,14703,98,2,REPAY,3,2.298048,,2.298048,2025-05-13 10:22:58
9636,14704,889,2,REPAY,5,1360.121697,,1360.121697,2025-05-13 10:25:59
9637,14705,161,3,BORROW,4,3225.621667,6566.6739850975,3225.621667,2025-05-13 10:27:37
9638,14706,998,4,WITHDRAW,5,4885.928686,,,2025-05-13 10:49:15
9639,14708,343,3,LIQUIDATION,4,8515.818258,7411.909055992,8515.818258,2025-05-13 11:16:33
9640,14711,814,2,REPAY,1,0.058849,,0.058849,2025-05-13 11:56:01
9641,14713,598,1,BORROW,3,2793.065539,4902.2865387429,2793.065539,2025-05-13 12:05:35
9642,14715,142,3,DEPOSIT,2,3952.279926,3952.279926,,2025-05-13 12:13:48
9643,14716,162,3,REPAY,3,1.272208,,1.272208,2025-05-13 12:55:11
9644,14717,807,1,LIQUIDATION,2,0.009699,0.0081452811,0.009699,2025-05-13 12:55:21
9645,14718,242,3,BORROW,1,4569.392479,11013.0936437188,4569.392479,2025-05-13 12:56:22
9646,14719,613,4,LIQUIDATION,5,4.383746,3.5906344492,4.383746,2025-05-13 13:08:26
9647,14720,398,3,REPAY,5,1017.150377,,1017.150377,2025-05-13 13:25:15
9648,14721,726,4,REPAY,1,0.014027,,0.014027,2025-05-13 13:39:34
9649,14722,799,3,REPAY,5,5.051565,,5.051565,2025-05-13 13:45:14
9650,14723,963,1,BORROW,1,5190.24102,6743.8386867444,5190.24102,2025-05-13 13:47:30
9651,14725,247,3,WITHDRAW,2,1219.45196,,,2025-05-13 14:26:03
9652,14726,918,3,REPAY,3,0.0002,,0.0002,2025-05-13 14:44:26
9653,14727,182,1,REPAY,2,1.938795,,1.938795,2025-05-13 14:49:52
9654,14728,231,3,REPAY,3,86.32077,,86.32077,2025-05-13 15:03:54
9655,14729,475,1,LIQUIDATION,3,7994.529992,6554.4687797149,7994.529992,2025-05-13 15:09:36
9656,14730,198,2,WITHDRAW,3,843.147203,,,2025-05-13 15:30:38
9657,14731,97,2,DEPOSIT,3,884.2003,884.2003,,2025-05-13 15:35:43
9658,14735,48,2,REPAY,5,0.120943,,0.120943,2025-05-13 16:30:27
9659,14737,841,1,BORROW,4,5019.49709,9926.5619045997,5019.49709,2025-05-13 16:49:47
9660,14738,302,1,REPAY,2,118.203978,,118.203978,2025-05-13 17:23:14
9661,14739,867,2,REPAY,5,0.090523,,0.090523,2025-05-13 17:31:26
9662,14740,526,2,REPAY,2,43.2332,,43.2332,2025-05-13 17:47:02
9663,14743,252,3,WITHDRAW,5,2821.769385,,,2025-05-13 19:27:09
9664,14744,223,2,REPAY,5,14.091904,,14.091904,2025-05-13 19:34:27
9665,14745,919,1,REPAY,1,68.408886,,68.408886,2025-05-13 19:51:54
9666,14746,307,3,BORROW,3,7148.494932,17598.5611731413,7148.494932,2025-05-13 19:53:51
9667,14750,7,4,REPAY,4,845.161903,,845.161903,2025-05-13 20:25:27
9668,14752,289,4,REPAY,4,0.440477,,0.440477,2025-05-13 21:07:19
9669,14753,439,2,REPAY,2,986.399295,,986.399295,2025-05-13 21:08:02
9670,14754,96,3,WITHDRAW,2,4688.131265,,,2025-05-13 21:21:46
9671,14755,752,2,REPAY,4,7.751007,,7.751007,2025-05-13 21:23:06
9672,14757,907,1,REPAY,4,28.725399,,28.725399,2025-05-13 21:36:59
9673,14758,195,4,REPAY,5,0.001408,,0.001408,2025-05-13 21:40:08
9674,14759,391,2,LIQUIDATION,4,9928.482075,8320.5759522145,9928.482075,2025-05-13 21:42:38
9675,14761,552,3,REPAY,5,0.177462,,0.177462,2025-05-13 21:50:02
9676,14764,618,4,DEPOSIT,4,7031.925171,7031.925171,,2025-05-13 22:39:18
9677,14765,723,4,BORROW,5,5004.910323,12123.3019021534,5004.910323,2025-05-13 22:46:15
9678,14766,372,1,REPAY,3,0.00027,,0.00027,2025-05-13 22:54:23
9679,14767,249,3,REPAY,3,5.359852,,5.359852,2025-05-13 22:55:03
9680,14769,110,2,BORROW,2,2617.221527,3641.9868483362,2617.221527,2025-05-13 23:06:36
9681,14772,193,3,REPAY,4,8.825478,,8.825478,2025-05-13 23:36:59
9682,14773,443,3,REPAY,4,0.01515,,0.01515,2025-05-13 23:38:30
9683,14777,160,3,REPAY,2,107.987491,,107.987491,2025-05-14 00:17:19
9684,14778,590,1,REPAY,1,177.865737,,177.865737,2025-05-14 00:26:33
9685,14780,560,1,REPAY,5,3802.846568,,3802.846568,2025-05-14 01:01:28
9686,14781,801,3,BORROW,1,4117.288857,7213.2179089816,4117.288857,2025-05-14 01:05:32
9687,14783,955,1,REPAY,3,198.444784,,198.444784,2025-05-14 01:29:19
9688,14785,81,3,REPAY,1,488.761764,,488.761764,2025-05-14 01:48:14
9689,14786,710,3,REPAY,4,0.038462,,0.038462,2025-05-14 01:58:36
9690,14787,539,1,REPAY,4,1111.175141,,1111.175141,2025-05-14 02:00:19
9691,14788,712,3,BORROW,1,5019.518003,8598.3923313698,5019.518003,2025-05-14 02:02:40
9692,14791,247,2,REPAY,5,1250.945908,,1250.945908,2025-05-14 02:23:57
9693,14792,393,1,BORROW,1,8551.206518,21207.6535299732,8551.206518,2025-05-14 02:37:49
9694,14794,995,2,REPAY,1,2798.077598,,2798.077598,2025-05-14 02:42:07
9695,14795,348,3,REPAY,2,0.608595,,0.608595,2025-05-14 02:47:09
9696,14797,282,2,REPAY,2,47.042569,,47.042569,2025-05-14 03:46:48
9697,14799,547,4,LIQUIDATION,2,18597.530915,21266.2299883655,18597.530915,2025-05-14 03:53:10
9698,14802,207,4,REPAY,1,0.008465,,0.008465,2025-05-14 04:25:34
9699,14804,773,2,REPAY,2,0.003484,,0.003484,2025-05-14 04:44:01
9700,14806,239,3,WITHDRAW,4,2852.999951,,,2025-05-14 05:11:40
9701,14808,712,2,REPAY,1,4995.966751,,4995.966751,2025-05-14 05:17:51
9702,14810,904,1,REPAY,2,0.020823,,0.020823,2025-05-14 05:51:12
9703,14811,744,2,REPAY,3,0.26122,,0.26122,2025-05-14 06:05:38
9704,14814,502,4,BORROW,3,2232.718955,4569.905313816,2232.718955,2025-05-14 06:23:00
9705,14815,100,4,REPAY,1,0.017621,,0.017621,2025-05-14 06:28:27
9706,14816,490,2,REPAY,1,0.001147,,0.001147,2025-05-14 06:34:11
9707,14817,89,3,REPAY,3,0.087675,,0.087675,2025-05-14 06:47:53
9708,14818,695,3,REPAY,4,0.113239,,0.113239,2025-05-14 07:25:49
9709,14819,464,1,LIQUIDATION,1,2348.82742,2603.4154459708,2348.82742,2025-05-14 07:37:48
9710,14823,591,3,BORROW,2,9399.465518,18459.3364065222,9399.465518,2025-05-14 08:37:38
9711,14824,518,4,BORROW,4,7287.720417,16816.903355282,7287.720417,2025-05-14 08:39:24
9712,14825,709,1,LIQUIDATION,2,3090.462439,3111.3093780774,3090.462439,2025-05-14 08:55:28
9713,14826,874,4,REPAY,4,5712.641728,,5712.641728,2025-05-14 08:57:51
9714,14827,980,4,BORROW,1,9778.28213,13483.1918380471,9778.28213,2025-05-14 08:58:33
9715,14829,778,4,BORROW,4,7641.305094,15409.8848934885,7641.305094,2025-05-14 09:50:16
9716,14830,17,3,REPAY,1,5525.834114,,5525.834114,2025-05-14 09:52:08
9717,14831,352,1,REPAY,1,5577.272455,,5577.272455,2025-05-14 09:53:45
9718,14833,684,3,DEPOSIT,2,4009.537218,4009.537218,,2025-05-14 09:58:07
9719,14837,630,1,REPAY,5,694.605065,,694.605065,2025-05-14 11:13:11
9720,14839,28,3,REPAY,5,5.204927,,5.204927,2025-05-14 11:21:41
9721,14840,738,4,REPAY,5,477.445536,,477.445536,2025-05-14 11:24:47
9722,14842,320,1,WITHDRAW,4,7450.07419,,,2025-05-14 12:26:35
9723,14843,889,3,REPAY,5,407.275287,,407.275287,2025-05-14 12:33:54
9724,14844,775,3,REPAY,5,6.386275,,6.386275,2025-05-14 12:44:54
9725,14845,542,2,DEPOSIT,1,1285.617416,1285.617416,,2025-05-14 13:13:31
9726,14846,806,3,REPAY,5,6846.929254,,6846.929254,2025-05-14 13:14:25
9727,14848,894,2,REPAY,1,5.779503,,5.779503,2025-05-14 13:23:05
9728,14849,331,1,REPAY,5,0.043732,,0.043732,2025-05-14 13:34:53
9729,14850,126,3,REPAY,5,1.176642,,1.176642,2025-05-14 13:40:21
9730,14851,570,1,REPAY,1,4.039914,,4.039914,2025-05-14 13:56:49
9731,14852,897,3,DEPOSIT,1,8161.849212,8161.849212,,2025-05-14 13:59:15
9732,14853,290,2,LIQUIDATION,4,5181.842045,5726.6399230392,5181.842045,2025-05-14 14:00:49
9733,14854,779,2,REPAY,1,13.861754,,13.861754,2025-05-14 14:01:17
9734,14855,59,2,REPAY,2,1e-06,,1e-06,2025-05-14 14:13:36
9735,14856,908,1,REPAY,1,4798.607947,,4798.607947,2025-05-14 14:14:17
9736,14857,882,4,REPAY,3,631.670451,,631.670451,2025-05-14 14:16:18
9737,14859,233,1,WITHDRAW,4,3657.303722,,,2025-05-14 14:31:55
9738,14860,500,2,REPAY,2,9.905475,,9.905475,2025-05-14 14:38:19
9739,14861,923,1,REPAY,5,26.609271,,26.609271,2025-05-14 14:51:00
9740,14862,398,4,WITHDRAW,4,9429.490657,,,2025-05-14 14:58:14
9741,14864,126,3,REPAY,1,0.295893,,0.295893,2025-05-14 15:26:12
9742,14865,616,3,REPAY,3,133.708893,,133.708893,2025-05-14 15:26:18
9743,14866,278,2,REPAY,1,50.340474,,50.340474,2025-05-14 15:40:30
9744,14867,747,2,REPAY,2,288.786948,,288.786948,2025-05-14 15:55:40
9745,14868,755,1,BORROW,5,7584.738827,11869.1220012795,7584.738827,2025-05-14 16:12:25
9746,14869,727,4,REPAY,2,2461.880752,,2461.880752,2025-05-14 16:35:35
9747,14870,984,1,WITHDRAW,5,8612.03082,,,2025-05-14 16:38:07
9748,14871,595,1,WITHDRAW,1,4659.183005,,,2025-05-14 16:47:31
9749,14872,438,3,REPAY,2,11.97426,,11.97426,2025-05-14 16:52:43
9750,14873,992,2,REPAY,3,35.364937,,35.364937,2025-05-14 17:04:14
9751,14874,493,1,BORROW,4,7075.036817,8733.5015156531,7075.036817,2025-05-14 17:06:30
9752,14876,940,3,REPAY,3,8.799067,,8.799067,2025-05-14 17:21:41
9753,14877,515,1,WITHDRAW,5,728.299615,,,2025-05-14 17:39:08
9754,14878,640,1,REPAY,3,0.061379,,0.061379,2025-05-14 18:10:57
9755,14879,214,3,REPAY,4,4010.991033,,4010.991033,2025-05-14 18:14:20
9756,14880,823,4,DEPOSIT,4,78.734312,78.734312,,2025-05-14 18:16:34
9757,14881,408,1,REPAY,5,0.00555,,0.00555,2025-05-14 18:20:08
9758,14884,910,1,REPAY,1,4.395165,,4.395165,2025-05-14 19:03:21
9759,14887,943,2,REPAY,4,640.362796,,640.362796,2025-05-14 19:39:27
9760,14888,821,3,LIQUIDATION,3,7199.17002,7417.6653556301,7199.17002,2025-05-14 19:52:38
9761,14889,182,1,LIQUIDATION,1,7.915147,6.7227995735,7.915147,2025-05-14 19:57:14
9762,14890,588,4,REPAY,4,3245.920517,,3245.920517,2025-05-14 20:08:15
9763,14891,341,4,REPAY,5,4.356755,,4.356755,2025-05-14 20:11:25
9764,14893,155,3,DEPOSIT,4,8213.259278,8213.259278,,2025-05-14 21:31:51
9765,14894,293,1,REPAY,1,224.727924,,224.727924,2025-05-14 21:37:47
9766,14895,232,1,REPAY,3,0.012256,,0.012256,2025-05-14 21:44:45
9767,14897,855,4,WITHDRAW,2,5080.166348,,,2025-05-14 22:00:54
9768,14898,456,2,REPAY,3,957.607825,,957.607825,2025-05-14 22:13:49
9769,14902,387,4,REPAY,1,83.309403,,83.309403,2025-05-14 23:24:49
9770,14904,475,4,DEPOSIT,5,4126.31226,4126.31226,,2025-05-14 23:51:00
9771,14905,792,1,REPAY,4,26.451981,,26.451981,2025-05-15 00:12:54
9772,14906,822,1,REPAY,4,0.235215,,0.235215,2025-05-15 00:15:53
9773,14907,309,3,REPAY,2,0.09974,,0.09974,2025-05-15 00:45:04
9774,14909,526,3,WITHDRAW,3,8616.72391,,,2025-05-15 00:59:10
9775,14910,76,2,REPAY,1,1843.198785,,1843.198785,2025-05-15 01:00:00
9776,14911,53,2,REPAY,1,1352.866675,,1352.866675,2025-05-15 01:14:55
9777,14912,883,4,BORROW,3,8390.552418,18443.6240285457,8390.552418,2025-05-15 01:29:05
9778,14914,369,3,DEPOSIT,4,8685.78103,8685.78103,,2025-05-15 01:51:06
9779,14915,241,1,BORROW,2,2934.700397,5939.5247843552,2934.700397,2025-05-15 01:57:01
9780,14917,979,1,REPAY,1,603.729651,,603.729651,2025-05-15 02:01:38
9781,14918,629,2,WITHDRAW,3,551.268202,,,2025-05-15 02:02:59
9782,14920,260,4,REPAY,2,1260.019457,,1260.019457,2025-05-15 02:23:46
9783,14921,330,2,REPAY,4,0.286196,,0.286196,2025-05-15 02:24:18
9784,14922,425,4,LIQUIDATION,5,23952.624376,21651.0971525382,23952.624376,2025-05-15 02:43:10
9785,14924,360,3,REPAY,2,1.717687,,1.717687,2025-05-15 02:53:01
9786,14925,213,1,REPAY,3,405.456376,,405.456376,2025-05-15 03:07:52
9787,14926,832,1,WITHDRAW,5,3962.451861,,,2025-05-15 03:08:05
9788,14927,679,2,LIQUIDATION,5,4248.422719,4905.1613390138,4248.422719,2025-05-15 03:26:45
9789,14928,876,4,REPAY,1,30.19496,,30.19496,2025-05-15 03:39:33
9790,14929,431,2,REPAY,2,2e-06,,2e-06,2025-05-15 04:31:46
9791,14930,962,4,REPAY,5,1e-06,,1e-06,2025-05-15 06:19:46
9792,14931,965,1,DEPOSIT,1,8236.094669,8236.094669,,2025-05-15 06:41:13
9793,14933,272,3,DEPOSIT,5,9744.366119,9744.366119,,2025-05-15 07:25:56
9794,14934,205,3,REPAY,1,850.314018,,850.314018,2025-05-15 07:28:48
9795,14936,855,3,BORROW,3,437.396709,1083.8909302464,437.396709,2025-05-15 07:38:12
9796,14938,196,3,WITHDRAW,3,2923.548876,,,2025-05-15 07:59:51
9797,14939,947,1,DEPOSIT,3,3381.176408,3381.176408,,2025-05-15 08:03:02
9798,14940,754,1,REPAY,3,1281.659332,,1281.659332,2025-05-15 08:06:15
9799,14943,738,1,REPAY,1,125.219636,,125.219636,2025-05-15 08:13:54
9800,14944,221,2,REPAY,5,1927.997983,,1927.997983,2025-05-15 09:08:44
9801,14945,481,4,REPAY,5,11.169786,,11.169786,2025-05-15 09:56:05
9802,14948,176,4,LIQUIDATION,1,78.655052,88.1396358354,78.655052,2025-05-15 10:37:25
9803,14949,955,4,REPAY,1,83.740292,,83.740292,2025-05-15 10:52:56
9804,14950,701,1,REPAY,3,3.478341,,3.478341,2025-05-15 10:56:30
9805,14951,9,1,BORROW,5,1483.686223,2171.0277204141,1483.686223,2025-05-15 11:21:22
9806,14952,480,4,REPAY,4,474.758996,,474.758996,2025-05-15 11:41:07
9807,14953,463,4,REPAY,1,0.03005,,0.03005,2025-05-15 12:32:08
9808,14954,523,1,WITHDRAW,4,5474.564779,,,2025-05-15 12:50:47
9809,14955,474,1,REPAY,5,410.947482,,410.947482,2025-05-15 12:57:29
9810,14957,216,2,REPAY,5,824.218569,,824.218569,2025-05-15 13:18:58
9811,14958,227,4,REPAY,2,67.346551,,67.346551,2025-05-15 13:32:52
9812,14960,467,2,REPAY,3,649.858559,,649.858559,2025-05-15 13:57:17
9813,14961,590,1,REPAY,1,113.319255,,113.319255,2025-05-15 14:21:32
9814,14962,461,3,WITHDRAW,1,2700.073909,,,2025-05-15 14:26:04
9815,14964,847,4,LIQUIDATION,5,2727.371242,3012.2776604584,2727.371242,2025-05-15 14:38:31
9816,14965,670,3,DEPOSIT,5,6566.430923,6566.430923,,2025-05-15 14:39:13
9817,14967,922,3,REPAY,5,1533.634803,,1533.634803,2025-05-15 15:04:27
9818,14970,120,3,REPAY,3,1.254989,,1.254989,2025-05-15 15:37:53
9819,14971,164,4,WITHDRAW,5,1293.64324,,,2025-05-15 15:38:54
9820,14973,954,4,LIQUIDATION,3,7537.767524,7966.327621737,7537.767524,2025-05-15 15:45:41
9821,14975,859,1,BORROW,2,9749.707449,23167.1055051707,9749.707449,2025-05-15 15:57:38
9822,14976,961,2,REPAY,3,0.009415,,0.009415,2025-05-15 16:03:34
9823,14978,283,2,WITHDRAW,4,1762.017992,,,2025-05-15 16:41:44
9824,14979,476,3,REPAY,5,0.116576,,0.116576,2025-05-15 16:51:06
9825,14980,459,3,BORROW,2,2457.311246,4818.6796084956,2457.311246,2025-05-15 16:57:04
9826,14981,125,4,WITHDRAW,2,6374.935207,,,2025-05-15 16:58:22
9827,14982,908,3,DEPOSIT,3,5676.623832,5676.623832,,2025-05-15 16:59:48
9828,14983,464,1,BORROW,4,9876.673284,18699.4951078771,9876.673284,2025-05-15 17:19:12
9829,14984,334,2,LIQUIDATION,2,16293.429545,13072.4831685148,16293.429545,2025-05-15 17:21:28
9830,14985,238,1,DEPOSIT,4,4123.347864,4123.347864,,2025-05-15 17:55:22
9831,14986,795,4,REPAY,1,466.124003,,466.124003,2025-05-15 18:11:03
9832,14987,340,4,REPAY,1,0.147758,,0.147758,2025-05-15 18:25:08
9833,14989,651,4,REPAY,5,0.124283,,0.124283,2025-05-15 18:33:12
9834,14990,209,3,LIQUIDATION,1,108.718408,126.941893018,108.718408,2025-05-15 18:53:41
9835,14991,248,3,BORROW,2,4662.975043,10315.8262775926,4662.975043,2025-05-15 18:53:45
9836,14993,709,3,BORROW,1,7089.273731,12014.9920930898,7089.273731,2025-05-15 19:24:45
9837,14994,766,3,REPAY,2,2853.583569,,2853.583569,2025-05-15 19:24:59
9838,14995,739,4,REPAY,3,0.016376,,0.016376,2025-05-15 19:28:21
9839,14997,528,1,BORROW,5,9990.2641,22382.8266751153,9990.2641,2025-05-15 19:55:25
9840,14998,398,3,REPAY,2,202.624429,,202.624429,2025-05-15 20:28:05
9841,14999,413,2,REPAY,5,3.183638,,3.183638,2025-05-15 20:32:16
9842,15001,197,4,REPAY,2,645.911365,,645.911365,2025-05-15 20:38:58
9843,15002,65,4,REPAY,2,1.283203,,1.283203,2025-05-15 20:40:34
9844,15003,518,3,LIQUIDATION,1,12988.742396,10804.3306714196,12988.742396,2025-05-15 21:09:40
9845,15004,141,4,DEPOSIT,5,9997.604077,9997.604077,,2025-05-15 21:33:12
9846,15005,632,1,BORROW,5,2522.207251,3735.0884708631,2522.207251,2025-05-15 21:55:00
9847,15006,415,1,BORROW,4,2826.276281,3393.525220493,2826.276281,2025-05-15 22:44:16
9848,15008,543,2,REPAY,4,1.474415,,1.474415,2025-05-15 23:06:27
9849,15009,910,1,REPAY,2,12.883812,,12.883812,2025-05-15 23:10:23
9850,15010,974,2,BORROW,3,2253.291812,3273.0098824884,2253.291812,2025-05-15 23:15:43
9851,15011,617,3,DEPOSIT,3,7711.42804,7711.42804,,2025-05-15 23:15:58
9852,15012,847,3,WITHDRAW,4,522.330632,,,2025-05-15 23:18:12
9853,15013,849,4,DEPOSIT,4,2091.821255,2091.821255,,2025-05-15 23:19:09
9854,15014,229,1,REPAY,2,62.29527,,62.29527,2025-05-15 23:23:58
9855,15016,932,1,REPAY,4,3.35971,,3.35971,2025-05-15 23:49:46
9856,15019,917,1,DEPOSIT,3,1553.00198,1553.00198,,2025-05-16 00:05:09
9857,15022,228,3,WITHDRAW,2,2231.604818,,,2025-05-16 00:59:16
9858,15024,761,3,REPAY,2,1.407298,,1.407298,2025-05-16 01:43:02
9859,15026,467,3,REPAY,2,382.291962,,382.291962,2025-05-16 01:53:56
9860,15027,296,1,BORROW,4,6266.896484,8545.1541187042,6266.896484,2025-05-16 01:58:51
9861,15028,18,2,BORROW,4,4836.92085,9605.9766295406,4836.92085,2025-05-16 02:34:23
9862,15030,899,4,REPAY,3,19.192523,,19.192523,2025-05-16 02:48:01
9863,15031,498,4,LIQUIDATION,1,225.606666,244.7378559327,225.606666,2025-05-16 03:02:47
9864,15032,810,3,REPAY,3,131.583351,,131.583351,2025-05-16 03:23:16
9865,15033,346,4,REPAY,2,4.8e-05,,4.8e-05,2025-05-16 03:24:05
9866,15034,321,3,BORROW,3,3802.968278,9361.0911708267,3802.968278,2025-05-16 03:44:46
9867,15035,271,3,REPAY,1,0.052439,,0.052439,2025-05-16 04:07:37
9868,15037,517,4,REPAY,3,1028.76365,,1028.76365,2025-05-16 04:11:38
9869,15038,973,2,DEPOSIT,1,9166.856175,9166.856175,,2025-05-16 04:23:12
9870,15039,603,4,REPAY,2,57.329196,,57.329196,2025-05-16 04:23:36
9871,15040,376,4,LIQUIDATION,5,16806.720045,14964.7396225802,16806.720045,2025-05-16 04:26:49
9872,15041,546,1,REPAY,5,7.122404,,7.122404,2025-05-16 04:53:27
9873,15042,25,2,LIQUIDATION,1,427.99993,344.9570466897,427.99993,2025-05-16 04:57:24
9874,15044,819,4,DEPOSIT,3,3031.554559,3031.554559,,2025-05-16 05:01:56
9875,15047,463,3,REPAY,3,0.06209,,0.06209,2025-05-16 05:20:55
9876,15048,491,2,REPAY,3,2885.998764,,2885.998764,2025-05-16 05:31:45
9877,15050,81,3,REPAY,5,1049.596833,,1049.596833,2025-05-16 05:43:02
9878,15051,645,3,REPAY,4,2.266121,,2.266121,2025-05-16 05:43:28
9879,15052,236,4,REPAY,4,0.00241,,0.00241,2025-05-16 05:47:23
9880,15054,850,3,REPAY,5,248.152102,,248.152102,2025-05-16 06:02:58
9881,15055,182,2,BORROW,4,129.361515,237.1445427484,129.361515,2025-05-16 06:38:26
9882,15056,217,1,REPAY,4,14.520325,,14.520325,2025-05-16 06:48:40
9883,15057,342,4,REPAY,2,0.455217,,0.455217,2025-05-16 06:53:10
9884,15058,208,4,BORROW,3,8646.307778,10880.0168411023,8646.307778,2025-05-16 06:53:33
9885,15059,50,1,REPAY,2,1258.519685,,1258.519685,2025-05-16 06:57:31
9886,15061,327,2,REPAY,4,112.461504,,112.461504,2025-05-16 07:09:07
9887,15063,839,2,DEPOSIT,3,3346.628452,3346.628452,,2025-05-16 07:37:10
9888,15064,657,4,BORROW,2,1198.66216,1930.0237079281,1198.66216,2025-05-16 07:41:12
9889,15065,610,2,LIQUIDATION,4,6121.260673,5305.8102908697,6121.260673,2025-05-16 07:55:23
9890,15066,971,3,REPAY,2,2187.887304,,2187.887304,2025-05-16 07:57:05
9891,15067,305,2,LIQUIDATION,1,14297.256439,14411.9415316027,14297.256439,2025-05-16 08:06:32
9892,15068,576,1,REPAY,3,0.010947,,0.010947,2025-05-16 08:23:45
9893,15072,663,3,LIQUIDATION,1,6.907492,7.1587619418,6.907492,2025-05-16 09:10:19
9894,15073,396,3,REPAY,1,595.713367,,595.713367,2025-05-16 09:12:55
9895,15074,389,1,REPAY,5,8.323449,,8.323449,2025-05-16 09:21:24
9896,15077,714,2,REPAY,4,1406.234611,,1406.234611,2025-05-16 10:27:08
9897,15078,626,2,REPAY,4,1341.231324,,1341.231324,2025-05-16 10:39:10
9898,15079,119,4,REPAY,5,1652.936092,,1652.936092,2025-05-16 10:40:08
9899,15082,741,3,BORROW,1,3201.491096,5967.6881445281,3201.491096,2025-05-16 11:10:31
9900,15084,605,2,REPAY,2,468.413516,,468.413516,2025-05-16 11:15:04
9901,15085,978,2,REPAY,4,0.00099,,0.00099,2025-05-16 11:17:50
9902,15086,424,2,REPAY,4,0.000151,,0.000151,2025-05-16 11:38:09
9903,15087,829,4,LIQUIDATION,5,3000.823544,2625.6903771588,3000.823544,2025-05-16 11:50:15
9904,15088,796,4,BORROW,3,3914.183056,9743.0849650007,3914.183056,2025-05-16 11:50:16
9905,15089,155,1,BORROW,5,4012.113647,5937.9194800661,4012.113647,2025-05-16 11:51:06
9906,15090,112,4,REPAY,3,3.605111,,3.605111,2025-05-16 12:15:32
9907,15092,15,4,REPAY,5,0.000883,,0.000883,2025-05-16 12:21:56
9908,15097,668,4,REPAY,4,0.142065,,0.142065,2025-05-16 13:32:06
9909,15098,952,2,DEPOSIT,4,4143.923524,4143.923524,,2025-05-16 14:03:19
9910,15099,538,4,REPAY,3,0.027961,,0.027961,2025-05-16 14:21:08
9911,15100,634,4,BORROW,5,3072.244954,6772.2102945102,3072.244954,2025-05-16 14:30:33
9912,15101,24,3,BORROW,4,4224.925452,9671.6089592491,4224.925452,2025-05-16 14:54:59
9913,15105,974,4,REPAY,2,490.247919,,490.247919,2025-05-16 15:32:37
9914,15106,461,2,WITHDRAW,3,6436.867467,,,2025-05-16 15:42:33
9916,15110,775,2,REPAY,2,3.454279,,3.454279,2025-05-16 16:17:52
9917,15111,1,3,WITHDRAW,2,5559.309595,,,2025-05-16 16:26:07
9918,15112,582,4,WITHDRAW,1,238.06009,,,2025-05-16 16:32:58
9919,15113,994,2,REPAY,4,0.499723,,0.499723,2025-05-16 17:37:04
9920,15114,996,1,REPAY,2,0.000152,,0.000152,2025-05-16 18:03:45
9921,15115,41,4,REPAY,2,1301.197222,,1301.197222,2025-05-16 18:44:50
9922,15116,656,4,DEPOSIT,1,5840.618079,5840.618079,,2025-05-16 18:46:01
9923,15117,424,1,REPAY,3,4e-06,,4e-06,2025-05-16 18:48:33
9924,15119,961,3,REPAY,3,0.001039,,0.001039,2025-05-16 19:03:14
9925,15122,748,2,REPAY,4,34.158739,,34.158739,2025-05-16 19:54:18
9926,15124,3,3,REPAY,5,0.718003,,0.718003,2025-05-16 20:11:37
9927,15127,979,3,REPAY,3,27.232581,,27.232581,2025-05-16 20:30:21
9928,15128,204,3,WITHDRAW,3,8958.286135,,,2025-05-16 20:37:23
9929,15130,538,4,REPAY,4,0.020577,,0.020577,2025-05-16 21:31:21
9930,15132,967,3,REPAY,1,0.130903,,0.130903,2025-05-16 22:18:10
9931,15133,253,2,REPAY,2,209.197056,,209.197056,2025-05-16 22:29:37
9932,15134,190,3,BORROW,2,3353.603865,6873.392388241,3353.603865,2025-05-16 22:45:58
9933,15135,342,4,REPAY,1,0.039873,,0.039873,2025-05-16 22:58:36
9934,15136,259,4,REPAY,1,0.303132,,0.303132,2025-05-16 23:15:29
9935,15137,822,2,REPAY,1,0.142067,,0.142067,2025-05-16 23:18:01
9936,15138,935,2,DEPOSIT,1,9461.881784,9461.881784,,2025-05-16 23:36:41
9937,15140,22,3,REPAY,1,0.189069,,0.189069,2025-05-17 00:01:48
9938,15143,843,4,REPAY,2,5.844769,,5.844769,2025-05-17 00:21:33
9939,15144,434,3,WITHDRAW,4,7389.253739,,,2025-05-17 00:25:57
9940,15145,348,3,REPAY,2,1.803729,,1.803729,2025-05-17 00:26:20
9941,15146,936,3,LIQUIDATION,1,1702.187925,1894.1884833774,1702.187925,2025-05-17 00:39:50
9942,15147,425,3,WITHDRAW,2,1590.414576,,,2025-05-17 00:50:59
9943,15148,747,3,REPAY,1,53.704894,,53.704894,2025-05-17 00:56:25
9944,15151,832,4,REPAY,2,1237.64723,,1237.64723,2025-05-17 01:33:27
9945,15152,722,2,REPAY,4,1.383222,,1.383222,2025-05-17 01:37:04
9946,15153,385,2,REPAY,2,1523.917559,,1523.917559,2025-05-17 01:37:17
9947,15154,732,2,REPAY,5,5.467246,,5.467246,2025-05-17 01:41:38
9948,15156,680,1,DEPOSIT,2,6861.337322,6861.337322,,2025-05-17 01:55:11
9949,15158,883,3,REPAY,3,1028.841571,,1028.841571,2025-05-17 02:10:59
9950,15159,380,3,LIQUIDATION,4,6107.208072,5067.6571722387,6107.208072,2025-05-17 02:20:49
9951,15160,506,1,REPAY,2,0.015829,,0.015829,2025-05-17 02:33:50
9952,15161,825,4,BORROW,5,8307.264841,18100.4948235664,8307.264841,2025-05-17 02:41:26
9953,15162,756,4,REPAY,3,129.463714,,129.463714,2025-05-17 03:24:11
9954,15163,714,1,REPAY,3,59.055671,,59.055671,2025-05-17 03:34:20
9955,15164,3,1,REPAY,4,0.205243,,0.205243,2025-05-17 03:43:02
9956,15165,645,3,REPAY,4,0.078264,,0.078264,2025-05-17 03:53:37
9957,15166,934,1,REPAY,3,546.659469,,546.659469,2025-05-17 04:06:49
9958,15167,719,4,LIQUIDATION,2,1624.437448,1365.8287397641,1624.437448,2025-05-17 04:14:25
9959,15170,761,4,DEPOSIT,4,7271.791992,7271.791992,,2025-05-17 04:25:33
9960,15171,916,1,REPAY,2,4230.764804,,4230.764804,2025-05-17 04:28:15
9961,15172,176,2,BORROW,2,1309.450392,2473.0498241654,1309.450392,2025-05-17 04:46:08
9962,15173,341,1,REPAY,4,16.555021,,16.555021,2025-05-17 04:53:04
9963,15175,670,1,REPAY,5,474.878541,,474.878541,2025-05-17 05:12:01
9964,15176,260,2,REPAY,4,4619.566073,,4619.566073,2025-05-17 05:13:30
9965,15177,801,3,REPAY,4,2992.419086,,2992.419086,2025-05-17 05:33:56
9966,15179,365,3,REPAY,4,0.152993,,0.152993,2025-05-17 05:51:09
9967,15180,918,3,REPAY,1,0.000346,,0.000346,2025-05-17 06:40:28
9968,15181,275,1,DEPOSIT,2,8519.492107,8519.492107,,2025-05-17 06:47:28
9969,15182,961,3,REPAY,2,0.000538,,0.000538,2025-05-17 06:56:34
9970,15184,780,1,REPAY,2,104.629186,,104.629186,2025-05-17 07:35:47
9971,15185,902,4,REPAY,5,1214.094009,,1214.094009,2025-05-17 07:59:19
9972,15186,340,3,REPAY,3,0.090396,,0.090396,2025-05-17 08:00:17
9973,15187,369,2,REPAY,5,32.871697,,32.871697,2025-05-17 08:13:49
9974,15189,874,2,REPAY,2,2266.514473,,2266.514473,2025-05-17 08:31:00
9975,15190,33,1,BORROW,5,8147.8957,17766.0915369551,8147.8957,2025-05-17 08:35:28
9976,15191,212,4,REPAY,2,0.028169,,0.028169,2025-05-17 08:47:29
9977,15193,292,1,LIQUIDATION,1,3487.896827,3672.5201366338,3487.896827,2025-05-17 09:35:00
9978,15194,438,1,REPAY,3,8.176053,,8.176053,2025-05-17 10:07:20
9979,15195,494,4,DEPOSIT,1,4705.477099,4705.477099,,2025-05-17 10:18:52
9980,15198,331,4,DEPOSIT,3,5346.096996,5346.096996,,2025-05-17 10:59:30
9981,15199,280,1,BORROW,4,9103.126032,20841.0197987823,9103.126032,2025-05-17 11:01:08
9982,15200,934,1,REPAY,5,2710.728923,,2710.728923,2025-05-17 11:29:19
9983,15201,178,2,REPAY,4,7e-06,,7e-06,2025-05-17 11:29:44
9984,15202,993,1,DEPOSIT,4,5387.899725,5387.899725,,2025-05-17 11:30:30
9985,15203,457,2,REPAY,4,51.290214,,51.290214,2025-05-17 11:39:20
9986,15205,433,2,REPAY,1,12.594902,,12.594902,2025-05-17 12:38:26
9987,15206,810,1,REPAY,3,7.100295,,7.100295,2025-05-17 12:39:08
9988,15208,946,1,WITHDRAW,2,5530.328476,,,2025-05-17 13:29:28
9989,15209,634,4,REPAY,4,2055.430569,,2055.430569,2025-05-17 13:33:05
9990,15210,91,1,REPAY,1,359.921687,,359.921687,2025-05-17 13:36:50
9991,15211,58,2,REPAY,3,492.779934,,492.779934,2025-05-17 13:38:11
9992,15212,892,1,REPAY,5,2101.049299,,2101.049299,2025-05-17 13:45:46
9993,15214,168,3,REPAY,5,0.076324,,0.076324,2025-05-17 14:15:10
9994,15216,265,1,REPAY,5,1.116401,,1.116401,2025-05-17 14:29:50
9995,15217,852,2,BORROW,3,8813.377068,19587.7666374338,8813.377068,2025-05-17 14:48:48
9996,15218,537,1,REPAY,2,16.129065,,16.129065,2025-05-17 15:06:57
9997,15220,101,2,BORROW,5,4885.72527,10164.662265231,4885.72527,2025-05-17 15:38:55
9998,15222,378,1,DEPOSIT,5,7574.953527,7574.953527,,2025-05-17 15:47:16
9999,15223,823,2,LIQUIDATION,4,6.314626,6.097793289,6.314626,2025-05-17 15:47:57
10000,15224,697,4,REPAY,2,3.81233,,3.81233,2025-05-17 16:06:31
10001,15225,8,1,REPAY,3,1.738565,,1.738565,2025-05-17 16:25:16
10002,15226,50,2,REPAY,2,949.063421,,949.063421,2025-05-17 16:42:16
10003,15227,199,1,REPAY,5,406.762244,,406.762244,2025-05-17 17:03:14
10004,15231,545,2,BORROW,3,1895.028261,2478.555733368,1895.028261,2025-05-17 17:09:31
10005,15232,556,3,DEPOSIT,2,4896.565898,4896.565898,,2025-05-17 17:24:08
10006,15233,98,4,REPAY,5,11.468136,,11.468136,2025-05-17 17:31:56
10007,15234,500,2,REPAY,2,0.140926,,0.140926,2025-05-17 17:53:34
10008,15235,746,3,LIQUIDATION,4,386.639664,453.6742896625,386.639664,2025-05-17 18:06:37
10009,15236,37,2,DEPOSIT,4,4940.182076,4940.182076,,2025-05-17 18:27:26
10010,15237,576,2,REPAY,3,0.020842,,0.020842,2025-05-17 18:31:34
10011,15238,786,2,REPAY,3,0.005145,,0.005145,2025-05-17 18:38:31
10012,15239,298,4,BORROW,1,104.522101,191.287124287,104.522101,2025-05-17 19:13:46
10013,15241,528,1,REPAY,3,8376.504175,,8376.504175,2025-05-17 19:23:06
10014,15242,372,2,REPAY,1,6.2e-05,,6.2e-05,2025-05-17 19:31:32
10015,15243,807,4,BORROW,1,3939.41859,7191.8343403134,3939.41859,2025-05-17 19:48:34
10016,15244,907,1,BORROW,5,7659.971397,18590.619625232,7659.971397,2025-05-17 19:48:35
10017,15245,699,2,REPAY,3,1608.652464,,1608.652464,2025-05-17 19:49:55
10018,15246,506,1,REPAY,1,0.006861,,0.006861,2025-05-17 19:57:13
10019,15247,111,2,REPAY,1,51.489827,,51.489827,2025-05-17 20:02:08
10020,15248,649,2,WITHDRAW,1,6536.021907,,,2025-05-17 20:07:22
10021,15249,433,1,REPAY,2,1.09814,,1.09814,2025-05-17 20:09:44
10022,15251,536,2,REPAY,1,890.745907,,890.745907,2025-05-17 20:17:02
10023,15252,727,2,REPAY,3,203.737385,,203.737385,2025-05-17 20:18:21
10024,15255,932,1,REPAY,1,0.447901,,0.447901,2025-05-17 20:59:26
10025,15260,1,1,REPAY,1,146.486659,,146.486659,2025-05-17 22:43:38
10026,15261,727,2,REPAY,4,307.800805,,307.800805,2025-05-17 22:46:43
10027,15262,334,1,BORROW,4,2805.74733,5077.863087415,2805.74733,2025-05-17 23:38:29
10028,15263,469,2,DEPOSIT,3,4540.768719,4540.768719,,2025-05-17 23:41:23
10029,15264,507,4,BORROW,4,7327.980146,15949.9385068468,7327.980146,2025-05-17 23:50:35
10030,15265,319,4,WITHDRAW,5,4837.335134,,,2025-05-17 23:52:33
10031,15266,240,3,WITHDRAW,1,6040.628206,,,2025-05-18 00:22:14
10032,15267,340,2,REPAY,1,0.037912,,0.037912,2025-05-18 00:25:00
10033,15268,29,2,REPAY,1,1357.233644,,1357.233644,2025-05-18 00:31:07
10034,15269,96,3,REPAY,4,0.000614,,0.000614,2025-05-18 00:31:58
10035,15270,885,4,DEPOSIT,2,4073.727872,4073.727872,,2025-05-18 01:09:03
10036,15271,449,4,REPAY,3,6e-06,,6e-06,2025-05-18 01:30:54
10037,15272,983,2,DEPOSIT,1,3545.263166,3545.263166,,2025-05-18 01:47:51
10038,15275,480,4,REPAY,5,49.015971,,49.015971,2025-05-18 02:28:27
10039,15276,33,4,LIQUIDATION,3,8147.8957,7967.3495545744,8147.8957,2025-05-18 02:31:25
10040,15277,852,3,REPAY,5,2928.781125,,2928.781125,2025-05-18 03:14:34
10041,15278,770,3,LIQUIDATION,1,8572.893592,7622.5133208101,8572.893592,2025-05-18 03:14:42
10042,15280,237,4,WITHDRAW,3,9701.637287,,,2025-05-18 03:20:18
10043,15282,364,1,REPAY,4,0.188523,,0.188523,2025-05-18 03:42:00
10044,15284,691,4,BORROW,2,928.86147,1664.1568866816,928.86147,2025-05-18 04:05:07
10045,15286,469,2,DEPOSIT,4,5901.454394,5901.454394,,2025-05-18 04:28:32
10046,15287,729,3,REPAY,2,2.942476,,2.942476,2025-05-18 04:37:56
10047,15291,807,2,REPAY,3,3755.366118,,3755.366118,2025-05-18 05:40:29
10048,15293,930,2,DEPOSIT,3,6028.616218,6028.616218,,2025-05-18 05:52:47
10049,15294,538,4,REPAY,4,0.023387,,0.023387,2025-05-18 05:57:10
10050,15297,674,4,BORROW,2,2194.884261,2959.6754557905,2194.884261,2025-05-18 07:29:06
10051,15298,182,3,REPAY,2,26.652727,,26.652727,2025-05-18 07:38:56
10052,15299,576,3,REPAY,4,0.006608,,0.006608,2025-05-18 07:42:40
10053,15300,169,3,REPAY,2,4.72879,,4.72879,2025-05-18 07:49:51
10054,15302,345,4,DEPOSIT,2,7980.969653,7980.969653,,2025-05-18 08:09:34
10055,15303,32,1,REPAY,2,0.993796,,0.993796,2025-05-18 08:42:16
10056,15304,303,1,REPAY,4,0.192831,,0.192831,2025-05-18 08:43:03
10057,15305,341,1,REPAY,5,10.357252,,10.357252,2025-05-18 08:58:58
10058,15306,164,1,WITHDRAW,1,547.278242,,,2025-05-18 09:12:00
10059,15307,407,3,REPAY,3,1.342808,,1.342808,2025-05-18 09:29:26
10060,15309,836,1,WITHDRAW,5,4354.057215,,,2025-05-18 09:32:48
10061,15310,191,4,REPAY,2,12.785975,,12.785975,2025-05-18 09:40:52
10062,15311,581,2,LIQUIDATION,3,25.702259,22.7273335065,25.702259,2025-05-18 09:49:46
10063,15312,868,4,BORROW,4,3814.707593,5298.0472938741,3814.707593,2025-05-18 10:02:06
10064,15314,624,1,LIQUIDATION,5,9155.124315,9474.6433563795,9155.124315,2025-05-18 10:22:22
10065,15317,359,4,REPAY,1,18.457589,,18.457589,2025-05-18 11:03:21
10066,15318,593,4,DEPOSIT,1,9148.623003,9148.623003,,2025-05-18 11:50:25
10067,15319,270,4,DEPOSIT,2,1870.710435,1870.710435,,2025-05-18 11:52:08
10068,15321,552,3,REPAY,2,0.003827,,0.003827,2025-05-18 12:02:13
10069,15322,728,4,REPAY,3,85.89865,,85.89865,2025-05-18 12:16:49
10070,15323,284,2,REPAY,1,2.934961,,2.934961,2025-05-18 12:42:22
10071,15324,192,4,BORROW,2,7185.861192,17851.5733233574,7185.861192,2025-05-18 13:06:30
10072,15325,159,4,REPAY,1,0.000403,,0.000403,2025-05-18 13:10:06
10073,15326,82,4,BORROW,2,1766.965744,2495.1238953127,1766.965744,2025-05-18 13:13:47
10074,15329,429,1,LIQUIDATION,1,13282.228696,15468.6427048608,13282.228696,2025-05-18 13:51:00
10075,15330,74,1,REPAY,2,0.340651,,0.340651,2025-05-18 13:54:24
10076,15331,873,4,REPAY,5,707.97387,,707.97387,2025-05-18 13:59:05
10077,15332,325,1,REPAY,3,0.000122,,0.000122,2025-05-18 14:15:18
10078,15333,89,1,REPAY,3,0.067722,,0.067722,2025-05-18 14:58:00
10079,15334,185,2,WITHDRAW,4,983.735363,,,2025-05-18 15:33:54
10080,15335,225,2,REPAY,1,8.9e-05,,8.9e-05,2025-05-18 16:01:12
10081,15336,196,1,REPAY,1,2396.527986,,2396.527986,2025-05-18 16:13:08
10082,15337,679,1,WITHDRAW,3,8456.732681,,,2025-05-18 16:18:55
10083,15338,534,4,REPAY,2,9.058007,,9.058007,2025-05-18 16:33:56
10084,15339,48,2,DEPOSIT,1,8912.747699,8912.747699,,2025-05-18 16:38:37
10085,15341,574,2,BORROW,3,573.679165,1317.6257334306,573.679165,2025-05-18 16:52:23
10086,15343,959,1,WITHDRAW,4,3004.92225,,,2025-05-18 17:12:07
10087,15344,995,4,REPAY,5,1717.54107,,1717.54107,2025-05-18 17:36:08
10088,15345,567,4,BORROW,3,6402.978316,9465.6962361729,6402.978316,2025-05-18 17:37:09
10089,15346,290,1,BORROW,3,6033.627664,12355.942679848,6033.627664,2025-05-18 17:43:38
10090,15347,129,3,WITHDRAW,3,7141.026572,,,2025-05-18 17:45:02
10091,15349,691,4,REPAY,2,645.76881,,645.76881,2025-05-18 17:53:43
10092,15351,712,3,REPAY,4,8.650232,,8.650232,2025-05-18 18:43:17
10093,15352,520,1,REPAY,1,4706.579681,,4706.579681,2025-05-18 18:48:24
10094,15353,863,1,WITHDRAW,1,2818.087932,,,2025-05-18 18:49:01
10095,15354,495,2,REPAY,5,0.018103,,0.018103,2025-05-18 18:49:59
10096,15356,311,1,LIQUIDATION,4,9062.430906,8966.6907262526,9062.430906,2025-05-18 19:18:33
10097,15357,410,2,WITHDRAW,1,6341.073744,,,2025-05-18 19:23:22
10098,15358,661,2,REPAY,3,0.0,,0.0,2025-05-18 19:23:30
10099,15360,427,2,BORROW,2,1413.242189,2267.734003895,1413.242189,2025-05-18 20:01:32
10100,15361,10,2,REPAY,3,0.000603,,0.000603,2025-05-18 20:05:39
10101,15362,103,3,REPAY,3,35.514453,,35.514453,2025-05-18 20:20:59
10102,15363,181,3,REPAY,4,0.078419,,0.078419,2025-05-18 20:47:44
10103,15364,91,1,REPAY,5,1237.982993,,1237.982993,2025-05-18 20:57:20
10104,15365,468,3,REPAY,1,757.768698,,757.768698,2025-05-18 21:24:57
10105,15367,999,4,REPAY,4,892.490054,,892.490054,2025-05-18 21:34:19
10106,15368,448,3,REPAY,1,398.142015,,398.142015,2025-05-18 21:50:45
10107,15370,868,2,REPAY,2,3370.714082,,3370.714082,2025-05-18 22:01:51
10108,15371,779,4,REPAY,1,1.923189,,1.923189,2025-05-18 22:29:01
10109,15372,339,1,REPAY,2,25.76189,,25.76189,2025-05-18 22:41:14
10110,15373,262,1,REPAY,4,2157.139637,,2157.139637,2025-05-18 22:51:36
10111,15375,493,3,LIQUIDATION,4,10039.748336,11224.7765579349,10039.748336,2025-05-18 23:35:36
10112,15376,574,4,REPAY,5,269.050368,,269.050368,2025-05-18 23:53:32
10113,15378,507,2,REPAY,4,5578.856636,,5578.856636,2025-05-19 00:28:12
10114,15380,879,3,WITHDRAW,1,7786.76579,,,2025-05-19 01:56:13
10115,15381,809,3,BORROW,5,8515.427044,15213.1646836311,8515.427044,2025-05-19 02:00:47
10116,15384,24,3,REPAY,3,2507.342828,,2507.342828,2025-05-19 02:55:45
10117,15385,543,2,REPAY,3,0.337659,,0.337659,2025-05-19 03:07:13
10118,15387,126,2,REPAY,2,0.063081,,0.063081,2025-05-19 03:16:47
10119,15388,749,4,DEPOSIT,3,7265.457159,7265.457159,,2025-05-19 03:17:42
10120,15389,91,1,BORROW,4,6507.915703,11850.1440385133,6507.915703,2025-05-19 03:20:25
10121,15390,688,4,DEPOSIT,4,5105.731324,5105.731324,,2025-05-19 03:22:36
10122,15392,626,4,REPAY,2,354.145078,,354.145078,2025-05-19 03:41:21
10123,15393,867,4,REPAY,2,0.160685,,0.160685,2025-05-19 04:13:45
10124,15395,547,4,BORROW,2,874.139641,2076.359237197,874.139641,2025-05-19 04:19:24
10125,15396,559,1,REPAY,3,7.007916,,7.007916,2025-05-19 04:20:25
10126,15398,787,4,REPAY,3,3.096815,,3.096815,2025-05-19 04:31:11
10127,15400,584,2,LIQUIDATION,4,10951.540885,9467.7002509805,10951.540885,2025-05-19 04:36:06
10128,15401,109,4,REPAY,5,6007.934237,,6007.934237,2025-05-19 04:39:21
10129,15402,287,2,REPAY,3,1439.391155,,1439.391155,2025-05-19 05:06:20
10130,15403,126,2,REPAY,4,0.107944,,0.107944,2025-05-19 05:16:15
10131,15405,786,3,REPAY,2,0.01545,,0.01545,2025-05-19 05:34:29
10132,15406,264,3,LIQUIDATION,2,2638.181061,2929.5438747577,2638.181061,2025-05-19 05:44:08
10133,15407,966,2,REPAY,2,411.793665,,411.793665,2025-05-19 05:53:24
10134,15409,495,3,REPAY,1,0.001246,,0.001246,2025-05-19 06:14:58
10135,15410,934,1,REPAY,2,146.064555,,146.064555,2025-05-19 06:16:11
10136,15411,334,1,REPAY,1,394.481916,,394.481916,2025-05-19 06:19:01
10137,15414,874,2,REPAY,5,194.454031,,194.454031,2025-05-19 06:45:58
10138,15415,240,3,REPAY,3,0.003105,,0.003105,2025-05-19 07:05:18
10139,15417,750,3,REPAY,5,867.226796,,867.226796,2025-05-19 07:40:00
10140,15418,7,1,REPAY,1,1935.362732,,1935.362732,2025-05-19 08:20:49
10141,15419,889,3,REPAY,3,223.741215,,223.741215,2025-05-19 08:25:46
10142,15420,752,2,REPAY,4,1.8087,,1.8087,2025-05-19 08:38:08
10143,15421,256,3,REPAY,4,154.883126,,154.883126,2025-05-19 08:42:37
10144,15423,362,4,REPAY,3,0.010998,,0.010998,2025-05-19 09:05:31
10145,15424,440,2,REPAY,2,0.100543,,0.100543,2025-05-19 09:07:01
10146,15425,186,4,WITHDRAW,1,6198.889826,,,2025-05-19 09:24:03
10147,15427,73,2,BORROW,1,712.601354,1160.0034626953,712.601354,2025-05-19 09:36:41
10148,15428,201,1,REPAY,4,0.885048,,0.885048,2025-05-19 09:42:50
10149,15429,1000,3,REPAY,1,0.00022,,0.00022,2025-05-19 09:51:14
10150,15430,964,3,LIQUIDATION,2,3850.418622,3122.9266177187,3850.418622,2025-05-19 10:04:34
10151,15435,449,4,REPAY,2,2e-06,,2e-06,2025-05-19 11:19:35
10152,15436,644,2,DEPOSIT,3,2588.838361,2588.838361,,2025-05-19 11:26:40
10153,15437,171,3,REPAY,2,4.691714,,4.691714,2025-05-19 11:44:21
10154,15438,601,3,DEPOSIT,3,4391.757724,4391.757724,,2025-05-19 11:51:30
10155,15440,632,1,BORROW,3,2655.354532,4849.6955953398,2655.354532,2025-05-19 12:13:18
10156,15442,326,3,REPAY,4,0.078601,,0.078601,2025-05-19 12:23:11
10157,15444,314,2,REPAY,4,0.299887,,0.299887,2025-05-19 12:32:34
10158,15445,364,4,REPAY,5,0.045984,,0.045984,2025-05-19 12:32:40
10159,15446,308,3,REPAY,5,5882.23083,,5882.23083,2025-05-19 12:32:53
10160,15447,961,4,REPAY,5,6.3e-05,,6.3e-05,2025-05-19 13:07:19
10161,15448,431,3,REPAY,4,1e-06,,1e-06,2025-05-19 13:26:52
10162,15449,993,4,WITHDRAW,3,4776.528827,,,2025-05-19 13:26:56
10163,15450,721,3,REPAY,4,201.115128,,201.115128,2025-05-19 13:31:51
10164,15451,159,3,REPAY,1,0.000181,,0.000181,2025-05-19 13:34:44
10165,15452,194,1,REPAY,4,227.635726,,227.635726,2025-05-19 13:40:25
10166,15453,334,3,REPAY,3,1302.610227,,1302.610227,2025-05-19 13:46:56
10167,15454,468,2,REPAY,1,262.602562,,262.602562,2025-05-19 13:58:39
10168,15455,352,2,REPAY,1,2202.836806,,2202.836806,2025-05-19 14:18:43
10169,15456,583,4,WITHDRAW,4,3384.942228,,,2025-05-19 14:24:02
10170,15457,875,4,DEPOSIT,5,6612.397183,6612.397183,,2025-05-19 14:33:49
10171,15458,907,4,WITHDRAW,5,2471.015003,,,2025-05-19 15:34:41
10172,15459,387,3,REPAY,2,13.736304,,13.736304,2025-05-19 16:08:22
10173,15460,654,2,BORROW,5,5019.711485,10884.7552851702,5019.711485,2025-05-19 16:13:37
10174,15461,680,3,WITHDRAW,4,3649.455315,,,2025-05-19 16:45:13
10175,15463,129,2,WITHDRAW,5,1586.742405,,,2025-05-19 16:54:21
10176,15464,107,4,REPAY,1,976.40099,,976.40099,2025-05-19 16:58:37
10177,15465,890,1,REPAY,2,0.800493,,0.800493,2025-05-19 17:07:00
10178,15466,285,2,DEPOSIT,5,8633.309218,8633.309218,,2025-05-19 17:16:23
10179,15467,9,3,BORROW,1,1699.639191,3989.957335963,1699.639191,2025-05-19 17:24:09
10180,15468,238,1,LIQUIDATION,1,9304.383087,9322.1497174156,9304.383087,2025-05-19 17:33:17
10181,15469,926,4,DEPOSIT,2,8148.91137,8148.91137,,2025-05-19 17:41:38
10182,15471,249,3,REPAY,5,11.414526,,11.414526,2025-05-19 18:10:41
10183,15472,409,3,REPAY,3,224.62113,,224.62113,2025-05-19 18:29:49
10184,15473,819,4,REPAY,5,0.095702,,0.095702,2025-05-19 18:39:43
10185,15474,639,4,REPAY,5,2.076738,,2.076738,2025-05-19 19:02:33
10186,15475,180,3,REPAY,4,3163.439446,,3163.439446,2025-05-19 19:26:52
10187,15476,67,3,WITHDRAW,3,5537.310102,,,2025-05-19 19:27:47
10188,15477,39,2,REPAY,2,3330.776837,,3330.776837,2025-05-19 19:30:17
10189,15479,189,2,REPAY,3,0.02419,,0.02419,2025-05-19 19:46:24
10190,15480,846,4,REPAY,5,13.614138,,13.614138,2025-05-19 19:51:08
10191,15481,160,3,REPAY,2,6.90119,,6.90119,2025-05-19 20:31:15
10192,15482,216,1,BORROW,2,3779.203978,7342.2906396334,3779.203978,2025-05-19 20:59:28
10193,15483,656,2,DEPOSIT,3,539.962379,539.962379,,2025-05-19 21:03:16
10194,15484,63,3,LIQUIDATION,5,364.701896,428.9726799482,364.701896,2025-05-19 21:04:10
10195,15485,933,4,REPAY,1,1448.081341,,1448.081341,2025-05-19 21:04:20
10196,15487,555,3,REPAY,1,52.194673,,52.194673,2025-05-19 22:00:25
10197,15489,67,4,WITHDRAW,4,8657.452033,,,2025-05-19 23:15:24
10198,15490,897,4,DEPOSIT,1,8270.210562,8270.210562,,2025-05-19 23:16:10
10199,15493,275,3,DEPOSIT,3,9519.181817,9519.181817,,2025-05-19 23:43:13
10200,15494,152,4,DEPOSIT,4,3007.272338,3007.272338,,2025-05-19 23:50:44
10201,15495,358,3,BORROW,5,2020.725601,4041.7379895525,2020.725601,2025-05-19 23:55:26
10202,15496,534,2,REPAY,1,4.616039,,4.616039,2025-05-19 23:58:42
10203,15498,245,4,DEPOSIT,2,6544.658713,6544.658713,,2025-05-20 00:16:49
10204,15500,395,1,REPAY,4,587.912813,,587.912813,2025-05-20 00:37:58
10205,15501,29,4,LIQUIDATION,3,188.291217,160.6229187269,188.291217,2025-05-20 00:41:33
10206,15502,724,1,LIQUIDATION,1,0.004206,0.0038011175,0.004206,2025-05-20 01:12:08
10207,15504,850,2,REPAY,1,81.546214,,81.546214,2025-05-20 01:58:16
10208,15505,248,2,REPAY,5,3212.501355,,3212.501355,2025-05-20 02:02:23
10209,15506,454,4,BORROW,5,7403.404798,14284.9708823994,7403.404798,2025-05-20 02:16:16
10210,15507,145,2,DEPOSIT,4,7258.533086,7258.533086,,2025-05-20 02:42:52
10211,15512,297,3,BORROW,3,7522.012879,10967.6774978162,7522.012879,2025-05-20 04:22:23
10212,15514,800,2,BORROW,4,2682.031071,6525.3238859537,2682.031071,2025-05-20 04:28:25
10213,15515,222,2,LIQUIDATION,3,14893.426587,15783.4349223876,14893.426587,2025-05-20 04:32:32
10214,15516,101,3,LIQUIDATION,2,4885.72527,4519.9699715765,4885.72527,2025-05-20 04:47:29
10215,15517,600,1,DEPOSIT,4,9346.629512,9346.629512,,2025-05-20 04:50:54
10216,15519,334,2,BORROW,1,436.586556,754.8772684023,436.586556,2025-05-20 05:09:09
10217,15520,892,1,REPAY,2,784.625693,,784.625693,2025-05-20 05:10:17
10218,15523,768,2,REPAY,5,1.657753,,1.657753,2025-05-20 06:42:41
10219,15527,499,1,REPAY,2,0.036845,,0.036845,2025-05-20 07:07:51
10220,15528,253,2,REPAY,2,17.660262,,17.660262,2025-05-20 07:14:04
10221,15530,944,4,REPAY,2,155.047066,,155.047066,2025-05-20 07:18:29
10222,15531,62,1,REPAY,5,9.014076,,9.014076,2025-05-20 07:31:31
10223,15533,955,4,REPAY,5,28.180954,,28.180954,2025-05-20 08:22:41
10224,15534,199,1,LIQUIDATION,4,93.678099,95.4014081474,93.678099,2025-05-20 08:45:22
10225,15536,84,4,REPAY,5,0.000966,,0.000966,2025-05-20 09:14:05
10226,15539,23,4,BORROW,2,1588.734309,3707.2470633874,1588.734309,2025-05-20 10:15:36
10227,15540,258,2,DEPOSIT,1,8953.979025,8953.979025,,2025-05-20 11:28:09
10228,15541,182,1,REPAY,5,51.953872,,51.953872,2025-05-20 11:36:38
10229,15542,620,3,REPAY,4,0.002264,,0.002264,2025-05-20 11:48:49
10230,15543,811,4,REPAY,5,10.70873,,10.70873,2025-05-20 11:52:07
10231,15546,602,3,REPAY,1,378.421943,,378.421943,2025-05-20 12:42:24
10232,15547,376,4,WITHDRAW,3,6660.305632,,,2025-05-20 12:50:29
10233,15548,79,1,REPAY,5,108.911758,,108.911758,2025-05-20 12:54:36
10234,15549,531,1,REPAY,4,0.622527,,0.622527,2025-05-20 13:41:36
10235,15550,896,3,BORROW,2,8177.776835,18263.8552836391,8177.776835,2025-05-20 14:01:18
10236,15553,598,2,REPAY,1,663.864286,,663.864286,2025-05-20 14:13:34
10237,15554,126,4,REPAY,4,0.052601,,0.052601,2025-05-20 14:41:26
10238,15555,273,2,REPAY,2,0.401981,,0.401981,2025-05-20 15:13:14
10239,15557,27,1,DEPOSIT,2,8670.083366,8670.083366,,2025-05-20 15:35:54
10240,15559,358,2,REPAY,2,417.036829,,417.036829,2025-05-20 15:48:32
10241,15560,248,4,REPAY,3,824.873203,,824.873203,2025-05-20 16:50:08
10242,15561,920,1,REPAY,5,1510.27051,,1510.27051,2025-05-20 17:07:24
10243,15562,530,2,REPAY,1,1301.326619,,1301.326619,2025-05-20 17:20:00
10244,15563,66,1,REPAY,3,0.110099,,0.110099,2025-05-20 18:13:37
10245,15564,598,2,REPAY,4,3334.506578,,3334.506578,2025-05-20 18:20:35
10246,15565,953,1,REPAY,2,14.069464,,14.069464,2025-05-20 18:36:36
10247,15566,867,3,REPAY,2,0.124622,,0.124622,2025-05-20 18:38:10
10248,15568,529,2,REPAY,1,0.008431,,0.008431,2025-05-20 19:21:24
10249,15570,203,3,DEPOSIT,1,9996.542917,9996.542917,,2025-05-20 19:29:55
10250,15571,904,4,REPAY,5,0.016647,,0.016647,2025-05-20 19:35:57
10251,15572,337,2,DEPOSIT,1,6020.69732,6020.69732,,2025-05-20 19:56:18
10252,15573,16,2,DEPOSIT,4,7269.983194,7269.983194,,2025-05-20 20:03:00
10253,15574,219,3,BORROW,3,386.702746,473.2232991992,386.702746,2025-05-20 20:22:46
10254,15576,668,4,REPAY,5,0.033795,,0.033795,2025-05-20 20:46:28
10255,15577,213,1,REPAY,4,21.128093,,21.128093,2025-05-20 20:47:06
10256,15578,247,4,REPAY,5,2275.97898,,2275.97898,2025-05-20 20:53:16
10257,15579,271,3,REPAY,5,0.059322,,0.059322,2025-05-20 20:54:15
10258,15580,640,2,REPAY,3,0.025671,,0.025671,2025-05-20 21:22:14
10259,15582,372,2,REPAY,3,3.5e-05,,3.5e-05,2025-05-20 22:08:32
10260,15583,136,1,BORROW,1,9147.819269,11690.0079928812,9147.819269,2025-05-20 22:23:31
10261,15585,633,3,REPAY,5,0.009407,,0.009407,2025-05-20 23:01:45
10262,15586,903,1,REPAY,1,929.731857,,929.731857,2025-05-20 23:14:36
10263,15587,149,1,REPAY,3,2642.181843,,2642.181843,2025-05-20 23:38:05
10264,15588,3,2,REPAY,1,0.002974,,0.002974,2025-05-20 23:45:07
10265,15590,4,1,REPAY,5,0.005821,,0.005821,2025-05-21 00:09:33
10266,15591,757,3,WITHDRAW,5,4074.685348,,,2025-05-21 00:42:07
10267,15592,607,1,REPAY,3,1555.16653,,1555.16653,2025-05-21 00:45:10
10268,15593,7,2,REPAY,3,837.672644,,837.672644,2025-05-21 00:56:26
10269,15594,480,1,DEPOSIT,4,2627.743272,2627.743272,,2025-05-21 00:57:20
10270,15595,815,1,REPAY,1,0.000446,,0.000446,2025-05-21 01:07:48
10271,15596,250,2,DEPOSIT,2,1268.663787,1268.663787,,2025-05-21 01:20:01
10272,15598,363,3,WITHDRAW,4,551.652123,,,2025-05-21 01:29:15
10273,15599,222,3,BORROW,5,7578.759359,15582.0558364289,7578.759359,2025-05-21 01:41:04
10274,15600,615,1,REPAY,5,0.000217,,0.000217,2025-05-21 01:42:15
10275,15601,313,1,BORROW,3,1015.378593,1803.8392965877,1015.378593,2025-05-21 01:58:05
10276,15602,291,1,REPAY,4,1.659903,,1.659903,2025-05-21 01:58:55
10277,15603,220,2,REPAY,1,4.483303,,4.483303,2025-05-21 02:39:20
10278,15604,976,3,WITHDRAW,3,2783.8327,,,2025-05-21 02:40:17
10279,15605,696,3,REPAY,4,1920.060465,,1920.060465,2025-05-21 02:42:32
10280,15606,841,2,REPAY,2,1957.074022,,1957.074022,2025-05-21 02:52:17
10281,15607,143,1,WITHDRAW,3,9956.136184,,,2025-05-21 03:11:59
10282,15608,807,3,REPAY,4,105.867215,,105.867215,2025-05-21 03:14:36
10283,15609,807,2,BORROW,1,7403.66106,9337.5687584935,7403.66106,2025-05-21 04:29:14
10284,15610,684,3,REPAY,2,0.841013,,0.841013,2025-05-21 04:44:08
10285,15611,747,4,REPAY,4,59.214214,,59.214214,2025-05-21 04:44:12
10286,15612,773,3,REPAY,5,0.000641,,0.000641,2025-05-21 04:56:29
10287,15613,229,2,REPAY,5,2.269089,,2.269089,2025-05-21 04:58:46
10288,15614,874,2,LIQUIDATION,3,236.445652,265.2473691294,236.445652,2025-05-21 05:02:42
10289,15615,977,3,DEPOSIT,2,6259.544873,6259.544873,,2025-05-21 05:08:05
10290,15616,302,1,REPAY,1,5.884469,,5.884469,2025-05-21 05:17:23
10291,15618,712,2,REPAY,4,11.620979,,11.620979,2025-05-21 05:24:01
10292,15619,753,1,DEPOSIT,2,74.398796,74.398796,,2025-05-21 05:36:02
10293,15621,202,4,BORROW,1,9356.073215,19873.5548714539,9356.073215,2025-05-21 05:49:47
10294,15622,135,1,REPAY,5,0.646451,,0.646451,2025-05-21 05:54:25
10295,15624,707,2,WITHDRAW,3,7300.803614,,,2025-05-21 06:40:18
10296,15625,485,1,REPAY,5,245.614925,,245.614925,2025-05-21 06:41:28
10297,15626,160,2,REPAY,2,3.946127,,3.946127,2025-05-21 06:46:38
10298,15627,197,4,REPAY,4,603.035298,,603.035298,2025-05-21 06:47:04
10299,15628,498,1,BORROW,3,5860.33596,7894.4476397966,5860.33596,2025-05-21 06:58:22
10300,15629,84,2,DEPOSIT,3,5914.255568,5914.255568,,2025-05-21 07:08:32
10301,15630,435,3,REPAY,5,3040.016062,,3040.016062,2025-05-21 07:11:59
10302,15631,244,4,DEPOSIT,5,6026.076796,6026.076796,,2025-05-21 07:14:55
10303,15632,125,1,WITHDRAW,5,893.512298,,,2025-05-21 07:19:44
10304,15634,678,2,REPAY,5,0.027702,,0.027702,2025-05-21 07:34:13
10305,15635,566,1,REPAY,5,2600.913451,,2600.913451,2025-05-21 07:46:41
10306,15637,787,4,LIQUIDATION,1,10.507145,10.0837110836,10.507145,2025-05-21 08:23:28
10307,15639,367,1,DEPOSIT,5,8043.944624,8043.944624,,2025-05-21 08:52:36
10308,15640,9,4,WITHDRAW,5,3776.108305,,,2025-05-21 09:24:03
10309,15641,764,1,REPAY,5,705.109137,,705.109137,2025-05-21 09:34:30
10310,15642,495,2,REPAY,3,0.000693,,0.000693,2025-05-21 09:42:15
10311,15643,163,1,REPAY,1,0.014242,,0.014242,2025-05-21 09:43:42
10312,15645,482,3,BORROW,2,498.877501,1217.0304226401,498.877501,2025-05-21 10:36:23
10313,15646,83,1,REPAY,1,0.005337,,0.005337,2025-05-21 10:43:46
10314,15647,552,4,REPAY,5,0.010854,,0.010854,2025-05-21 10:44:45
10315,15648,919,1,REPAY,3,321.8867,,321.8867,2025-05-21 10:57:39
10316,15649,881,3,BORROW,4,885.245775,1683.6003422719,885.245775,2025-05-21 10:59:22
10317,15650,244,3,WITHDRAW,4,4599.837548,,,2025-05-21 11:09:35
10318,15651,647,4,REPAY,4,0.003939,,0.003939,2025-05-21 12:01:27
10319,15655,31,1,BORROW,5,119.49524,266.4870622394,119.49524,2025-05-21 12:43:16
10320,15656,101,3,BORROW,5,7239.719137,13923.7449472955,7239.719137,2025-05-21 13:01:45
10321,15657,486,2,BORROW,2,6113.711372,12438.8814908267,6113.711372,2025-05-21 13:12:00
10322,15659,747,4,DEPOSIT,2,3447.808481,3447.808481,,2025-05-21 14:08:17
10323,15660,872,1,REPAY,2,4.106798,,4.106798,2025-05-21 14:19:42
10324,15663,467,4,REPAY,2,126.752757,,126.752757,2025-05-21 14:35:14
10325,15664,861,4,REPAY,2,47.709771,,47.709771,2025-05-21 14:42:39
10326,15665,376,2,BORROW,5,9215.093617,22277.6955378001,9215.093617,2025-05-21 14:50:48
10327,15666,227,1,REPAY,2,40.751482,,40.751482,2025-05-21 14:57:18
10328,15669,177,2,WITHDRAW,1,4684.568836,,,2025-05-21 15:22:27
10329,15670,617,4,BORROW,4,9582.933612,22556.7303866082,9582.933612,2025-05-21 15:30:25
10330,15672,99,1,DEPOSIT,4,397.369283,397.369283,,2025-05-21 15:55:58
10331,15673,745,2,REPAY,4,1895.280762,,1895.280762,2025-05-21 15:56:41
10332,15674,8,3,REPAY,3,1.083797,,1.083797,2025-05-21 16:05:32
10333,15675,12,1,REPAY,5,0.00011,,0.00011,2025-05-21 16:23:24
10334,15676,578,2,REPAY,3,6.246282,,6.246282,2025-05-21 16:30:00
10335,15679,543,3,REPAY,3,1.399747,,1.399747,2025-05-21 16:56:48
10336,15681,561,1,REPAY,4,2.729721,,2.729721,2025-05-21 18:01:01
10337,15684,320,3,WITHDRAW,1,3559.96524,,,2025-05-21 18:34:40
10338,15686,413,3,REPAY,5,0.092761,,0.092761,2025-05-21 18:51:23
10339,15688,294,3,BORROW,4,2835.884707,6906.5944621286,2835.884707,2025-05-21 19:05:19
10340,15689,326,3,REPAY,4,0.362316,,0.362316,2025-05-21 19:12:17
10341,15690,908,2,REPAY,3,1495.861697,,1495.861697,2025-05-21 19:26:47
10342,15691,216,2,REPAY,1,2148.570482,,2148.570482,2025-05-21 19:32:46
10343,15692,831,1,REPAY,4,0.000162,,0.000162,2025-05-21 19:36:52
10344,15693,950,4,REPAY,5,308.731955,,308.731955,2025-05-21 19:40:45
10345,15694,401,4,REPAY,3,21.134203,,21.134203,2025-05-21 19:46:15
10346,15695,355,3,DEPOSIT,4,5449.431063,5449.431063,,2025-05-21 19:54:46
10347,15696,825,2,WITHDRAW,3,1270.91999,,,2025-05-21 20:10:56
10348,15697,591,3,LIQUIDATION,1,9399.465518,7734.956101447,9399.465518,2025-05-21 20:15:20
10349,15698,142,2,REPAY,5,119.833223,,119.833223,2025-05-21 20:21:16
10350,15699,17,1,REPAY,5,1570.322133,,1570.322133,2025-05-21 20:22:22
10351,15700,83,1,REPAY,3,0.000365,,0.000365,2025-05-21 20:22:44
10352,15701,695,1,REPAY,2,0.03769,,0.03769,2025-05-21 20:36:16
10353,15702,243,1,REPAY,4,0.000166,,0.000166,2025-05-21 20:40:34
10354,15703,489,1,REPAY,3,3.043474,,3.043474,2025-05-21 20:41:55
10355,15704,816,1,REPAY,4,1121.391884,,1121.391884,2025-05-21 21:29:27
10356,15705,347,1,REPAY,5,6788.568545,,6788.568545,2025-05-21 21:57:06
10357,15706,55,4,REPAY,5,1.122503,,1.122503,2025-05-21 22:24:33
10358,15707,91,2,BORROW,3,4845.223453,8517.9468059526,4845.223453,2025-05-21 22:47:18
10359,15711,858,2,BORROW,5,9443.233534,15987.183232371,9443.233534,2025-05-21 23:18:25
10360,15712,652,4,BORROW,4,3357.554798,4522.8234220639,3357.554798,2025-05-21 23:21:03
10361,15714,301,4,DEPOSIT,3,9199.431677,9199.431677,,2025-05-21 23:24:03
10362,15715,911,2,DEPOSIT,3,7144.07089,7144.07089,,2025-05-21 23:33:11
10363,15716,80,4,REPAY,1,8.206595,,8.206595,2025-05-22 00:03:05
10364,15717,357,2,REPAY,4,1.870762,,1.870762,2025-05-22 00:22:47
10365,15720,204,2,REPAY,2,2.628897,,2.628897,2025-05-22 00:51:43
10366,15721,576,2,REPAY,3,0.001399,,0.001399,2025-05-22 00:51:54
10367,15722,506,1,REPAY,3,0.000317,,0.000317,2025-05-22 01:19:16
10368,15724,527,2,REPAY,4,0.015078,,0.015078,2025-05-22 01:46:42
10369,15725,878,1,REPAY,5,0.882765,,0.882765,2025-05-22 01:54:40
10370,15726,497,4,REPAY,1,100.319256,,100.319256,2025-05-22 01:58:04
10371,15727,472,4,REPAY,3,0.001398,,0.001398,2025-05-22 02:16:17
10372,15728,674,4,REPAY,2,1398.301124,,1398.301124,2025-05-22 02:25:34
10373,15732,525,1,WITHDRAW,2,8818.327917,,,2025-05-22 02:42:44
10374,15733,256,2,REPAY,5,94.144957,,94.144957,2025-05-22 02:55:18
10375,15734,62,1,REPAY,1,13.938472,,13.938472,2025-05-22 02:58:07
10376,15735,297,3,LIQUIDATION,4,15893.318301,18819.3856674941,15893.318301,2025-05-22 03:04:29
10377,15736,24,4,REPAY,2,316.46331,,316.46331,2025-05-22 03:28:39
10378,15737,181,3,REPAY,3,0.011862,,0.011862,2025-05-22 03:56:01
10379,15739,107,3,REPAY,5,923.983715,,923.983715,2025-05-22 04:32:44
10380,15740,113,2,REPAY,4,466.516768,,466.516768,2025-05-22 04:33:52
10381,15741,954,4,BORROW,2,6441.931613,15544.1109001602,6441.931613,2025-05-22 04:51:08
10382,15743,704,4,REPAY,4,5552.472592,,5552.472592,2025-05-22 05:04:03
10383,15745,778,4,REPAY,2,2167.408174,,2167.408174,2025-05-22 05:27:24
10384,15746,464,4,REPAY,3,3431.624889,,3431.624889,2025-05-22 05:45:02
10385,15749,429,4,WITHDRAW,3,1462.865519,,,2025-05-22 06:02:52
10386,15750,17,2,REPAY,4,84.259558,,84.259558,2025-05-22 06:25:59
10387,15752,948,3,LIQUIDATION,3,0.026803,0.0278179104,0.026803,2025-05-22 06:39:48
10388,15753,737,2,WITHDRAW,4,9190.260652,,,2025-05-22 06:59:44
10389,15754,441,1,REPAY,4,14.319058,,14.319058,2025-05-22 07:06:16
10390,15756,971,2,REPAY,1,493.885764,,493.885764,2025-05-22 07:36:35
10391,15758,217,2,REPAY,5,8.503907,,8.503907,2025-05-22 07:39:55
10392,15759,969,4,WITHDRAW,1,2451.693937,,,2025-05-22 07:56:33
10393,15762,124,1,WITHDRAW,3,6030.105688,,,2025-05-22 08:05:34
10394,15763,929,1,REPAY,1,108.31732,,108.31732,2025-05-22 08:36:22
10395,15764,966,3,REPAY,4,106.147191,,106.147191,2025-05-22 08:43:44
10396,15765,460,1,REPAY,1,0.000763,,0.000763,2025-05-22 09:15:04
10397,15767,468,3,REPAY,5,79.237689,,79.237689,2025-05-22 09:29:24
10398,15768,592,2,REPAY,3,0.019709,,0.019709,2025-05-22 09:35:48
10399,15769,920,3,REPAY,1,5375.006152,,5375.006152,2025-05-22 09:43:49
10400,15770,654,3,REPAY,3,4602.802741,,4602.802741,2025-05-22 09:49:50
10401,15774,840,1,BORROW,3,4385.681407,5264.2951780943,4385.681407,2025-05-22 10:59:39
10402,15776,166,1,BORROW,3,991.743082,2247.6547676096,991.743082,2025-05-22 11:15:36
10403,15777,640,2,REPAY,5,0.020529,,0.020529,2025-05-22 11:18:29
10404,15778,953,2,WITHDRAW,1,2606.801893,,,2025-05-22 11:32:52
10405,15779,435,2,LIQUIDATION,4,3567.023007,4149.8645147228,3567.023007,2025-05-22 11:50:05
10406,15780,490,2,REPAY,5,0.002807,,0.002807,2025-05-22 12:05:03
10407,15781,20,2,REPAY,1,8363.779563,,8363.779563,2025-05-22 12:16:34
10408,15782,847,1,DEPOSIT,3,715.765423,715.765423,,2025-05-22 12:27:05
10409,15784,493,1,DEPOSIT,4,4286.016505,4286.016505,,2025-05-22 12:54:53
10410,15786,734,3,REPAY,4,29.936743,,29.936743,2025-05-22 13:39:12
10411,15787,277,3,REPAY,2,3248.767892,,3248.767892,2025-05-22 13:52:22
10412,15788,261,2,REPAY,1,1e-06,,1e-06,2025-05-22 14:14:49
10413,15789,536,3,REPAY,1,119.120836,,119.120836,2025-05-22 14:26:24
10414,15790,674,2,REPAY,4,618.470912,,618.470912,2025-05-22 14:27:55
10415,15791,452,4,REPAY,5,5.016862,,5.016862,2025-05-22 14:32:40
10416,15793,482,3,REPAY,5,240.910302,,240.910302,2025-05-22 14:44:07
10417,15794,79,2,REPAY,2,7.985547,,7.985547,2025-05-22 14:53:31
10418,15795,465,3,REPAY,3,0.601421,,0.601421,2025-05-22 14:53:55
10419,15796,695,2,DEPOSIT,3,5400.430241,5400.430241,,2025-05-22 15:37:23
10420,15798,537,4,REPAY,5,3.458004,,3.458004,2025-05-22 16:19:05
10421,15799,829,1,BORROW,3,4096.403185,4974.7613784903,4096.403185,2025-05-22 16:46:52
10422,15800,528,3,BORROW,2,6798.453765,8985.8591761413,6798.453765,2025-05-22 17:10:11
10423,15802,106,3,BORROW,1,8300.947903,15952.0773773966,8300.947903,2025-05-22 17:41:25
10424,15803,693,4,REPAY,3,3.4965,,3.4965,2025-05-22 17:49:39
10425,15804,233,1,REPAY,1,2379.054753,,2379.054753,2025-05-22 17:51:09
10426,15805,499,4,REPAY,2,0.002747,,0.002747,2025-05-22 17:55:31
10427,15806,833,3,REPAY,5,1113.911374,,1113.911374,2025-05-22 17:56:23
10428,15807,197,3,REPAY,3,78.162823,,78.162823,2025-05-22 18:05:21
10429,15814,991,1,REPAY,1,0.094822,,0.094822,2025-05-22 19:46:50
10430,15815,392,2,LIQUIDATION,4,2.227858,2.631887322,2.227858,2025-05-22 19:49:08
10431,15816,502,4,REPAY,5,346.356944,,346.356944,2025-05-22 20:10:30
10432,15817,395,4,LIQUIDATION,2,441.640004,518.0688942368,441.640004,2025-05-22 20:16:04
10433,15818,657,4,LIQUIDATION,5,6961.851146,6851.1959561121,6961.851146,2025-05-22 20:21:06
10434,15819,454,3,REPAY,2,2636.207034,,2636.207034,2025-05-22 21:06:48
10435,15820,307,2,LIQUIDATION,1,7148.494932,8534.2437510164,7148.494932,2025-05-22 21:07:05
10436,15822,58,3,DEPOSIT,1,366.425613,366.425613,,2025-05-22 21:43:30
10437,15823,314,1,REPAY,5,0.071114,,0.071114,2025-05-22 21:45:45
10438,15824,956,4,DEPOSIT,2,4888.083166,4888.083166,,2025-05-22 22:04:32
10439,15825,867,1,BORROW,2,4986.888012,9487.9507899296,4986.888012,2025-05-22 22:18:11
10440,15826,917,4,DEPOSIT,4,7932.724765,7932.724765,,2025-05-22 22:23:22
10441,15827,570,3,REPAY,2,2.691847,,2.691847,2025-05-22 22:29:47
10442,15828,616,3,LIQUIDATION,5,229.40809,247.5651858948,229.40809,2025-05-22 22:38:11
10443,15829,349,2,REPAY,1,1154.55037,,1154.55037,2025-05-22 23:04:22
10444,15830,402,4,DEPOSIT,4,6644.373112,6644.373112,,2025-05-22 23:15:45
10445,15832,216,3,REPAY,1,936.989272,,936.989272,2025-05-23 01:07:06
10446,15833,903,3,REPAY,4,182.75629,,182.75629,2025-05-23 01:14:52
10447,15837,997,4,REPAY,4,0.27596,,0.27596,2025-05-23 02:02:53
10448,15838,639,4,REPAY,5,1.921858,,1.921858,2025-05-23 02:14:43
10449,15840,813,2,REPAY,3,6.420445,,6.420445,2025-05-23 02:22:16
10450,15841,552,4,REPAY,1,0.004288,,0.004288,2025-05-23 02:55:16
10451,15843,942,4,REPAY,5,795.581049,,795.581049,2025-05-23 03:18:10
10452,15844,534,1,WITHDRAW,5,9145.411677,,,2025-05-23 03:22:29
10453,15845,397,3,BORROW,5,3587.828773,8499.0732019866,3587.828773,2025-05-23 03:23:17
10454,15846,827,2,BORROW,1,9481.267591,20506.3390984259,9481.267591,2025-05-23 03:47:02
10455,15847,295,4,REPAY,5,9.334166,,9.334166,2025-05-23 04:03:25
10456,15848,765,4,REPAY,1,1.5e-05,,1.5e-05,2025-05-23 05:00:28
10457,15849,4,2,REPAY,1,0.012872,,0.012872,2025-05-23 05:14:33
10458,15850,545,3,WITHDRAW,2,9364.211512,,,2025-05-23 05:25:21
10459,15854,696,2,REPAY,1,543.290327,,543.290327,2025-05-23 05:56:21
10460,15855,618,4,DEPOSIT,1,5122.669377,5122.669377,,2025-05-23 05:57:35
10461,15856,750,2,BORROW,1,4291.913559,6998.9219123124,4291.913559,2025-05-23 06:05:28
10462,15857,396,2,WITHDRAW,2,7263.603291,,,2025-05-23 06:20:39
10463,15858,308,1,LIQUIDATION,2,172.035455,180.2940881836,172.035455,2025-05-23 06:22:57
10464,15859,796,1,LIQUIDATION,1,9782.716786,10702.8999307983,9782.716786,2025-05-23 06:26:03
10465,15860,897,4,DEPOSIT,4,9123.490197,9123.490197,,2025-05-23 06:29:33
10466,15862,112,1,REPAY,2,0.292487,,0.292487,2025-05-23 06:34:21
10467,15863,835,2,REPAY,1,0.339602,,0.339602,2025-05-23 06:44:29
10468,15864,914,2,REPAY,1,34.49061,,34.49061,2025-05-23 06:57:58
10469,15867,373,4,BORROW,2,8815.688867,16245.047308627,8815.688867,2025-05-23 07:27:24
10470,15868,566,1,BORROW,1,1066.575986,2096.7466288811,1066.575986,2025-05-23 07:43:42
10471,15872,6,4,DEPOSIT,5,9325.32115,9325.32115,,2025-05-23 08:14:25
10472,15873,880,2,REPAY,4,0.256525,,0.256525,2025-05-23 08:16:30
10473,15875,536,3,BORROW,5,1879.991282,2780.37030727,1879.991282,2025-05-23 08:21:02
10474,15877,473,4,REPAY,1,0.480277,,0.480277,2025-05-23 08:37:03
10475,15878,779,2,REPAY,3,0.853272,,0.853272,2025-05-23 08:54:27
10476,15879,372,2,REPAY,2,9e-06,,9e-06,2025-05-23 09:05:04
10477,15880,963,2,REPAY,4,2700.047937,,2700.047937,2025-05-23 09:09:52
10478,15881,919,2,REPAY,1,29.935978,,29.935978,2025-05-23 09:15:00
10479,15882,279,1,DEPOSIT,1,6498.97908,6498.97908,,2025-05-23 09:35:08
10480,15883,148,2,DEPOSIT,3,9782.659223,9782.659223,,2025-05-23 09:35:57
10481,15884,293,1,REPAY,3,580.319977,,580.319977,2025-05-23 09:56:56
10482,15885,642,1,REPAY,2,0.602917,,0.602917,2025-05-23 10:05:33
10483,15886,289,4,DEPOSIT,4,8775.82466,8775.82466,,2025-05-23 10:10:25
10484,15887,66,4,REPAY,4,0.001322,,0.001322,2025-05-23 10:14:50
10485,15888,34,4,WITHDRAW,2,129.718922,,,2025-05-23 10:33:56
10486,15890,871,3,BORROW,3,7790.136096,12967.3496404883,7790.136096,2025-05-23 10:50:20
10487,15891,156,1,WITHDRAW,1,5329.700299,,,2025-05-23 11:05:34
10488,15892,344,1,REPAY,5,84.002819,,84.002819,2025-05-23 11:49:25
10489,15893,77,1,REPAY,5,90.95071,,90.95071,2025-05-23 12:05:40
10490,15894,178,2,REPAY,1,1e-06,,1e-06,2025-05-23 12:08:21
10491,15895,745,2,DEPOSIT,3,7147.901309,7147.901309,,2025-05-23 12:20:07
10492,15896,160,2,REPAY,3,0.39969,,0.39969,2025-05-23 12:22:39
10493,15899,110,4,LIQUIDATION,1,2617.221527,2135.411252889,2617.221527,2025-05-23 13:02:42
10494,15900,190,2,REPAY,3,1093.488797,,1093.488797,2025-05-23 13:28:34
10495,15902,990,4,REPAY,3,21.266601,,21.266601,2025-05-23 13:55:38
10496,15903,735,1,DEPOSIT,4,9583.788516,9583.788516,,2025-05-23 13:58:56
10497,15905,522,4,WITHDRAW,2,2405.994429,,,2025-05-23 14:08:55
10498,15907,671,3,WITHDRAW,2,9774.345104,,,2025-05-23 14:20:59
10499,15908,993,3,WITHDRAW,4,7412.21337,,,2025-05-23 14:22:14
10500,15909,932,4,REPAY,4,0.378541,,0.378541,2025-05-23 14:42:34
10501,15910,258,2,WITHDRAW,3,1398.285544,,,2025-05-23 14:50:05
10502,15911,300,4,REPAY,2,2234.80787,,2234.80787,2025-05-23 14:55:36
10503,15913,752,3,REPAY,5,0.011651,,0.011651,2025-05-23 15:25:10
10504,15915,422,2,REPAY,2,61.496702,,61.496702,2025-05-23 16:29:10
10505,15916,335,2,WITHDRAW,4,9231.844749,,,2025-05-23 16:45:45
10506,15918,858,1,LIQUIDATION,1,9443.233534,11016.1174861039,9443.233534,2025-05-23 17:07:08
10507,15920,398,3,REPAY,5,637.682903,,637.682903,2025-05-23 18:08:27
10508,15922,934,2,REPAY,3,598.157732,,598.157732,2025-05-23 18:20:12
10509,15923,577,1,REPAY,3,1.855989,,1.855989,2025-05-23 18:22:01
10510,15924,519,4,WITHDRAW,2,7351.900597,,,2025-05-23 18:35:54
10511,15925,57,1,DEPOSIT,3,9544.526353,9544.526353,,2025-05-23 18:50:03
10512,15926,582,1,WITHDRAW,1,9685.67639,,,2025-05-23 18:51:09
10513,15927,749,1,REPAY,5,578.220349,,578.220349,2025-05-23 18:51:32
10514,15928,301,1,BORROW,3,3560.716898,7817.0590708662,3560.716898,2025-05-23 18:53:40
10515,15929,953,3,REPAY,2,2.907261,,2.907261,2025-05-23 18:59:33
10516,15931,1,2,REPAY,4,177.544217,,177.544217,2025-05-23 19:19:00
10517,15932,145,3,BORROW,5,765.452846,1774.432637052,765.452846,2025-05-23 19:20:52
10518,15933,273,4,REPAY,3,0.108574,,0.108574,2025-05-23 19:29:26
10519,15934,772,3,WITHDRAW,2,7887.20816,,,2025-05-23 19:46:47
10520,15936,999,2,DEPOSIT,1,4906.438376,4906.438376,,2025-05-23 20:27:36
10521,15938,414,4,REPAY,4,10.231564,,10.231564,2025-05-23 20:43:46
10522,15940,633,1,REPAY,4,6e-06,,6e-06,2025-05-23 20:59:40
10523,15941,128,3,BORROW,5,9513.920232,19924.5963133513,9513.920232,2025-05-23 21:08:14
10524,15942,176,1,LIQUIDATION,5,1309.450392,1340.8160468323,1309.450392,2025-05-23 21:15:00
10525,15943,895,1,WITHDRAW,4,6640.917233,,,2025-05-23 21:25:06
10526,15944,863,2,DEPOSIT,2,8506.207061,8506.207061,,2025-05-23 21:29:33
10527,15945,308,3,DEPOSIT,4,5246.069238,5246.069238,,2025-05-23 21:36:07
10528,15947,837,1,BORROW,4,4512.949821,9357.4332031049,4512.949821,2025-05-23 21:57:21
10529,15949,383,4,REPAY,5,110.744263,,110.744263,2025-05-23 22:29:37
10530,15950,17,1,REPAY,4,7.676651,,7.676651,2025-05-23 22:37:17
10531,15952,348,4,REPAY,4,0.652317,,0.652317,2025-05-23 22:50:31
10532,15954,339,4,REPAY,1,0.061076,,0.061076,2025-05-23 22:55:22
10533,15955,541,4,BORROW,2,7760.317853,16474.9905876605,7760.317853,2025-05-23 23:00:20
10534,15956,269,4,BORROW,2,1639.648516,3887.4286966362,1639.648516,2025-05-23 23:19:28
10535,15957,14,4,DEPOSIT,5,7351.80439,7351.80439,,2025-05-23 23:55:15
10536,15958,475,3,DEPOSIT,2,5430.473515,5430.473515,,2025-05-24 00:27:38
10537,15959,953,1,REPAY,3,0.508123,,0.508123,2025-05-24 00:53:17
10538,15960,756,4,REPAY,3,11.316887,,11.316887,2025-05-24 01:21:38
10539,15961,691,4,REPAY,1,119.060766,,119.060766,2025-05-24 01:25:13
10540,15962,425,4,BORROW,1,5548.990988,12956.3251615371,5548.990988,2025-05-24 01:49:25
10541,15963,340,2,REPAY,3,0.028192,,0.028192,2025-05-24 02:00:37
10542,15964,991,1,REPAY,3,0.019469,,0.019469,2025-05-24 02:03:34
10543,15965,629,1,BORROW,3,217.817696,456.8139561783,217.817696,2025-05-24 02:17:10
10544,15966,122,4,DEPOSIT,2,3514.84404,3514.84404,,2025-05-24 02:19:18
10545,15967,907,2,LIQUIDATION,4,7701.279082,9184.5873035046,7701.279082,2025-05-24 02:23:54
10546,15968,271,1,REPAY,3,0.064629,,0.064629,2025-05-24 02:56:57
10547,15970,848,4,BORROW,1,5725.370589,9543.1521717777,5725.370589,2025-05-24 03:11:31
10548,15971,90,4,DEPOSIT,4,9179.826715,9179.826715,,2025-05-24 03:13:05
10549,15972,566,4,LIQUIDATION,4,4605.752716,5454.8625386129,4605.752716,2025-05-24 03:46:13
10550,15973,647,4,REPAY,2,5.3e-05,,5.3e-05,2025-05-24 03:54:22
10551,15974,708,1,DEPOSIT,4,8978.668714,8978.668714,,2025-05-24 04:01:25
10552,15975,920,4,REPAY,1,104.389114,,104.389114,2025-05-24 04:26:24
10553,15977,562,4,BORROW,4,9674.454172,23894.0580570989,9674.454172,2025-05-24 04:28:43
10554,15979,940,3,REPAY,2,2.677809,,2.677809,2025-05-24 04:44:20
10555,15980,912,1,REPAY,4,0.00077,,0.00077,2025-05-24 04:46:58
10556,15981,738,4,LIQUIDATION,5,793.500055,760.2064629213,793.500055,2025-05-24 04:51:06
10557,15983,962,2,WITHDRAW,3,5051.915431,,,2025-05-24 05:26:00
10558,15984,400,4,REPAY,3,110.82339,,110.82339,2025-05-24 05:31:32
10559,15989,895,2,REPAY,3,1221.911095,,1221.911095,2025-05-24 06:23:22
10560,15990,418,2,REPAY,1,0.077526,,0.077526,2025-05-24 06:25:14
10561,15992,817,2,REPAY,3,0.002542,,0.002542,2025-05-24 06:58:23
10562,15993,615,3,REPAY,5,1.7e-05,,1.7e-05,2025-05-24 06:59:44
10563,15995,558,3,REPAY,4,56.303775,,56.303775,2025-05-24 07:42:52
10564,15996,888,4,BORROW,3,2635.998801,3498.59685177,2635.998801,2025-05-24 07:49:08
10565,15997,341,3,REPAY,4,3.821345,,3.821345,2025-05-24 07:50:38
10566,16000,444,3,REPAY,2,0.523819,,0.523819,2025-05-24 09:38:09
10567,16002,876,2,WITHDRAW,3,5994.688066,,,2025-05-24 09:51:18
10568,16003,81,4,REPAY,4,15.256053,,15.256053,2025-05-24 10:29:59
10569,16004,436,2,REPAY,2,11.995059,,11.995059,2025-05-24 10:31:43
10570,16005,876,2,REPAY,3,3.218956,,3.218956,2025-05-24 10:49:01
10571,16007,891,3,BORROW,5,1175.533659,2101.7673746533,1175.533659,2025-05-24 11:07:35
10572,16008,935,4,WITHDRAW,5,4669.366763,,,2025-05-24 11:41:38
10573,16009,866,3,REPAY,2,1381.293199,,1381.293199,2025-05-24 11:50:12
10574,16010,192,4,LIQUIDATION,3,7633.243206,7153.4778803939,7633.243206,2025-05-24 11:54:39
10575,16012,474,1,REPAY,2,2036.702285,,2036.702285,2025-05-24 12:15:39
10576,16013,287,2,REPAY,2,748.951374,,748.951374,2025-05-24 12:24:45
10577,16015,242,2,WITHDRAW,4,4870.810345,,,2025-05-24 12:56:35
10578,16016,216,4,BORROW,4,5381.750099,8131.0205577161,5381.750099,2025-05-24 13:10:51
10579,16017,109,3,REPAY,5,89.780913,,89.780913,2025-05-24 13:20:17
10580,16018,98,2,REPAY,1,0.771771,,0.771771,2025-05-24 13:28:40
10581,16021,752,2,REPAY,4,0.00384,,0.00384,2025-05-24 14:01:13
10582,16022,378,4,REPAY,4,326.022868,,326.022868,2025-05-24 14:05:07
10583,16023,790,1,LIQUIDATION,5,2633.88927,2259.4472436833,2633.88927,2025-05-24 14:07:36
10584,16024,427,3,LIQUIDATION,4,1705.808646,1478.3174807859,1705.808646,2025-05-24 14:17:05
10585,16025,742,3,BORROW,4,7114.045007,13754.1199060771,7114.045007,2025-05-24 14:40:26
10586,16027,164,3,WITHDRAW,4,6682.012414,,,2025-05-24 14:45:29
10587,16028,4,3,REPAY,3,0.000359,,0.000359,2025-05-24 15:02:31
10588,16030,171,3,DEPOSIT,4,7385.502543,7385.502543,,2025-05-24 15:04:01
10589,16031,879,2,DEPOSIT,4,5807.13852,5807.13852,,2025-05-24 15:10:54
10590,16033,98,1,REPAY,3,0.963722,,0.963722,2025-05-24 15:47:36
10591,16036,570,4,REPAY,4,1.19961,,1.19961,2025-05-24 15:58:44
10592,16037,923,2,REPAY,3,14.645683,,14.645683,2025-05-24 15:59:39
10593,16039,721,1,REPAY,2,4.108788,,4.108788,2025-05-24 16:42:37
10594,16043,145,2,REPAY,4,251.979799,,251.979799,2025-05-24 18:37:35
10595,16044,329,2,BORROW,5,6198.605335,15124.8108048084,6198.605335,2025-05-24 18:38:59
10596,16045,90,4,WITHDRAW,2,5757.393267,,,2025-05-24 18:51:14
10597,16047,416,4,REPAY,3,1345.671509,,1345.671509,2025-05-24 19:01:55
10598,16048,442,1,DEPOSIT,2,4236.43888,4236.43888,,2025-05-24 19:03:19
10599,16049,8,4,REPAY,3,0.430595,,0.430595,2025-05-24 19:06:00
10600,16052,526,2,REPAY,2,4.293284,,4.293284,2025-05-24 19:38:30
10601,16053,603,3,REPAY,4,13.426328,,13.426328,2025-05-24 19:43:02
10602,16054,576,4,REPAY,3,0.000358,,0.000358,2025-05-24 19:45:10
10603,16055,980,4,REPAY,2,2726.791094,,2726.791094,2025-05-24 19:54:01
10604,16056,520,2,REPAY,3,968.228809,,968.228809,2025-05-24 19:56:03
10682,16156,190,4,WITHDRAW,4,1851.266365,,,2025-05-25 16:51:28
10605,16057,579,3,REPAY,4,11.962476,,11.962476,2025-05-24 19:58:58
10606,16060,105,1,REPAY,4,2.000231,,2.000231,2025-05-24 20:55:56
10607,16061,211,2,DEPOSIT,4,5281.673455,5281.673455,,2025-05-24 21:03:10
10608,16062,353,4,REPAY,2,2948.86516,,2948.86516,2025-05-24 21:22:05
10609,16063,967,2,REPAY,2,0.012891,,0.012891,2025-05-24 21:30:31
10610,16064,166,2,REPAY,5,327.704616,,327.704616,2025-05-24 21:33:01
10611,16066,735,3,REPAY,2,0.906007,,0.906007,2025-05-24 22:27:14
10612,16068,417,3,REPAY,2,0.003556,,0.003556,2025-05-24 22:30:43
10613,16069,361,1,WITHDRAW,1,5661.049119,,,2025-05-24 22:38:14
10614,16070,237,2,REPAY,1,15.015546,,15.015546,2025-05-24 22:40:17
10615,16071,98,3,REPAY,3,0.971299,,0.971299,2025-05-24 22:41:42
10616,16072,768,4,REPAY,4,0.507212,,0.507212,2025-05-24 23:03:29
10617,16073,459,4,REPAY,1,325.106551,,325.106551,2025-05-24 23:04:16
10618,16074,462,4,REPAY,2,7e-06,,7e-06,2025-05-24 23:08:47
10619,16076,218,3,REPAY,5,1753.619376,,1753.619376,2025-05-24 23:18:59
10620,16077,446,1,REPAY,1,113.517994,,113.517994,2025-05-24 23:19:27
10621,16078,345,4,WITHDRAW,1,9403.95832,,,2025-05-24 23:23:27
10622,16079,823,1,WITHDRAW,1,4022.41139,,,2025-05-24 23:24:49
10623,16080,110,1,BORROW,5,5168.073265,7302.9982456506,5168.073265,2025-05-24 23:31:29
10624,16081,843,2,REPAY,4,3.965222,,3.965222,2025-05-24 23:46:09
10625,16082,781,3,REPAY,1,51.92874,,51.92874,2025-05-25 00:24:29
10626,16083,961,4,REPAY,3,5e-05,,5e-05,2025-05-25 00:30:28
10627,16084,504,1,BORROW,3,1785.088479,3489.4750575586,1785.088479,2025-05-25 00:32:32
10628,16085,207,2,REPAY,5,0.000662,,0.000662,2025-05-25 00:33:27
10629,16086,506,4,BORROW,5,3104.900574,7502.6485135413,3104.900574,2025-05-25 01:06:12
10630,16087,989,1,REPAY,2,2.305104,,2.305104,2025-05-25 01:28:22
10631,16088,839,2,DEPOSIT,5,7988.395722,7988.395722,,2025-05-25 01:32:41
10632,16089,906,2,REPAY,5,0.026044,,0.026044,2025-05-25 01:32:59
10633,16090,809,4,REPAY,3,7424.911164,,7424.911164,2025-05-25 01:48:55
10634,16091,213,1,REPAY,1,4.402274,,4.402274,2025-05-25 02:10:22
10635,16092,914,4,REPAY,4,11.149026,,11.149026,2025-05-25 02:14:12
10636,16093,771,2,BORROW,4,9453.982549,19310.5029303417,9453.982549,2025-05-25 02:16:24
10637,16095,921,4,BORROW,4,2022.825749,4592.5745356179,2022.825749,2025-05-25 02:52:28
10638,16096,924,1,DEPOSIT,4,8385.082865,8385.082865,,2025-05-25 02:56:24
10639,16097,117,3,DEPOSIT,4,4588.057742,4588.057742,,2025-05-25 03:33:12
10640,16100,194,3,REPAY,3,7.969659,,7.969659,2025-05-25 04:09:03
10641,16101,960,4,REPAY,4,10.003807,,10.003807,2025-05-25 04:21:05
10642,16102,230,2,REPAY,4,23.101939,,23.101939,2025-05-25 04:23:09
10643,16103,488,3,WITHDRAW,1,1181.828903,,,2025-05-25 04:37:56
10644,16104,372,4,REPAY,4,3e-06,,3e-06,2025-05-25 04:41:43
10645,16105,871,3,LIQUIDATION,3,11969.137001,9835.2282525049,11969.137001,2025-05-25 04:42:29
10646,16107,815,3,REPAY,3,0.000896,,0.000896,2025-05-25 05:09:45
10647,16108,709,2,LIQUIDATION,1,7089.273731,6438.1932673341,7089.273731,2025-05-25 05:13:16
10648,16109,550,4,REPAY,1,8.037897,,8.037897,2025-05-25 05:52:05
10649,16110,328,2,REPAY,1,2.857015,,2.857015,2025-05-25 05:57:01
10650,16111,231,3,REPAY,4,265.581017,,265.581017,2025-05-25 06:06:32
10651,16112,836,1,REPAY,4,32.444045,,32.444045,2025-05-25 06:13:10
10652,16114,694,3,BORROW,4,5570.823011,11404.123782573,5570.823011,2025-05-25 06:18:50
10653,16121,15,2,REPAY,2,0.000875,,0.000875,2025-05-25 07:18:14
10654,16122,554,3,REPAY,5,89.87373,,89.87373,2025-05-25 07:29:39
10655,16124,134,2,REPAY,3,72.88438,,72.88438,2025-05-25 08:51:21
10656,16125,830,3,BORROW,5,3603.752571,5562.9654059922,3603.752571,2025-05-25 08:53:00
10657,16126,108,1,REPAY,3,1569.08396,,1569.08396,2025-05-25 09:13:52
10658,16127,284,4,REPAY,1,0.627906,,0.627906,2025-05-25 09:32:17
10659,16128,838,1,REPAY,3,1739.767501,,1739.767501,2025-05-25 09:38:24
10660,16129,412,1,DEPOSIT,4,2757.361577,2757.361577,,2025-05-25 09:45:11
10661,16130,505,4,REPAY,4,1.015118,,1.015118,2025-05-25 10:00:12
10662,16131,143,1,REPAY,1,10.177893,,10.177893,2025-05-25 10:02:51
10663,16132,471,4,BORROW,2,8821.578867,16339.0789561008,8821.578867,2025-05-25 10:21:33
10664,16133,707,4,WITHDRAW,1,1074.36291,,,2025-05-25 10:42:37
10665,16134,277,1,BORROW,5,1475.994921,2077.077209241,1475.994921,2025-05-25 10:56:13
10666,16135,701,1,REPAY,4,19.164395,,19.164395,2025-05-25 11:01:21
10667,16136,950,4,REPAY,1,35.496944,,35.496944,2025-05-25 11:06:00
10668,16138,572,3,REPAY,1,0.006498,,0.006498,2025-05-25 12:16:10
10669,16139,297,1,DEPOSIT,2,4070.059785,4070.059785,,2025-05-25 12:26:29
10670,16140,530,3,REPAY,5,333.692952,,333.692952,2025-05-25 12:35:04
10671,16141,771,3,LIQUIDATION,3,9453.982549,10975.9181297246,9453.982549,2025-05-25 12:44:05
10672,16142,465,4,REPAY,2,0.174324,,0.174324,2025-05-25 12:59:34
10673,16143,480,3,REPAY,2,34.478715,,34.478715,2025-05-25 13:05:30
10674,16144,776,1,BORROW,3,6419.632021,15385.9316662722,6419.632021,2025-05-25 13:06:43
10675,16145,98,2,REPAY,1,0.499266,,0.499266,2025-05-25 13:26:09
10676,16146,98,1,LIQUIDATION,2,0.170683,0.1565970638,0.170683,2025-05-25 13:59:11
10677,16147,727,3,REPAY,1,70.99092,,70.99092,2025-05-25 14:03:21
10678,16148,479,3,BORROW,1,5839.098631,7790.994805325,5839.098631,2025-05-25 14:04:04
10679,16149,143,2,REPAY,2,3.33232,,3.33232,2025-05-25 14:04:49
10680,16152,310,3,WITHDRAW,4,9343.52218,,,2025-05-25 14:48:30
10681,16153,560,3,REPAY,4,500.650522,,500.650522,2025-05-25 15:46:02
10683,16158,984,1,DEPOSIT,4,6631.766711,6631.766711,,2025-05-25 16:56:11
10684,16159,391,3,BORROW,5,8701.922987,11414.0215342207,8701.922987,2025-05-25 16:56:55
10685,16160,601,2,REPAY,5,9.177575,,9.177575,2025-05-25 17:03:55
10686,16161,163,4,REPAY,2,0.013159,,0.013159,2025-05-25 17:25:11
10687,16162,883,3,REPAY,1,9203.260015,,9203.260015,2025-05-25 17:33:06
10688,16164,151,3,REPAY,4,0.018502,,0.018502,2025-05-25 18:04:45
10689,16165,297,1,WITHDRAW,1,4810.185508,,,2025-05-25 18:04:57
10690,16166,840,4,REPAY,3,2909.835698,,2909.835698,2025-05-25 18:32:12
10691,16168,674,2,REPAY,5,55.64917,,55.64917,2025-05-25 18:47:35
10692,16169,811,3,REPAY,5,0.945264,,0.945264,2025-05-25 18:54:20
10693,16171,14,4,WITHDRAW,3,2868.498873,,,2025-05-25 19:26:45
10694,16172,733,2,LIQUIDATION,5,3952.837844,3508.8771564076,3952.837844,2025-05-25 19:29:04
10695,16173,715,4,REPAY,1,2922.112718,,2922.112718,2025-05-25 19:32:20
10696,16175,862,1,REPAY,2,0.039308,,0.039308,2025-05-25 20:13:35
10697,16176,777,4,REPAY,3,1395.465204,,1395.465204,2025-05-25 20:23:01
10698,16177,539,1,REPAY,3,252.992419,,252.992419,2025-05-25 20:24:49
10699,16178,572,4,REPAY,1,0.000748,,0.000748,2025-05-25 20:29:17
10700,16179,803,3,REPAY,4,469.878703,,469.878703,2025-05-25 20:35:31
10701,16180,116,3,WITHDRAW,3,4731.581192,,,2025-05-25 21:07:01
10702,16182,237,2,WITHDRAW,2,3782.998333,,,2025-05-25 21:20:24
10703,16183,749,3,REPAY,3,2012.658932,,2012.658932,2025-05-25 21:32:05
10704,16185,8,2,REPAY,5,0.039109,,0.039109,2025-05-25 22:37:56
10705,16186,619,1,REPAY,4,0.074161,,0.074161,2025-05-25 22:40:35
10706,16187,218,2,REPAY,2,294.225023,,294.225023,2025-05-25 22:55:29
10707,16188,283,1,REPAY,2,7.8e-05,,7.8e-05,2025-05-26 00:07:31
10708,16189,978,3,REPAY,3,2.9e-05,,2.9e-05,2025-05-26 00:10:24
10709,16190,760,4,REPAY,2,357.163617,,357.163617,2025-05-26 00:11:11
10710,16191,716,4,WITHDRAW,1,268.677878,,,2025-05-26 00:18:23
10711,16192,28,2,REPAY,5,3.852409,,3.852409,2025-05-26 00:28:21
10712,16194,962,3,WITHDRAW,4,2808.903086,,,2025-05-26 00:39:55
10713,16195,120,1,REPAY,3,1.955733,,1.955733,2025-05-26 00:42:34
10714,16196,751,4,REPAY,3,0.02691,,0.02691,2025-05-26 00:45:48
10715,16197,399,4,REPAY,2,117.385017,,117.385017,2025-05-26 01:15:02
10716,16198,576,3,REPAY,1,5.3e-05,,5.3e-05,2025-05-26 01:24:32
10717,16201,617,3,BORROW,3,8383.078845,20603.7202729895,8383.078845,2025-05-26 01:40:35
10718,16202,986,4,REPAY,4,353.879434,,353.879434,2025-05-26 01:41:48
10719,16203,629,1,REPAY,5,55.417097,,55.417097,2025-05-26 02:32:43
10720,16204,795,1,REPAY,3,66.547515,,66.547515,2025-05-26 02:36:30
10721,16205,568,1,DEPOSIT,1,5224.756297,5224.756297,,2025-05-26 02:50:59
10722,16206,852,1,REPAY,5,2187.807634,,2187.807634,2025-05-26 03:10:32
10723,16207,493,2,BORROW,1,7490.375185,10658.3466398132,7490.375185,2025-05-26 03:29:21
10724,16208,471,2,REPAY,3,7287.944006,,7287.944006,2025-05-26 04:12:04
10725,16209,42,2,REPAY,5,4.167527,,4.167527,2025-05-26 04:18:10
10726,16210,732,3,REPAY,5,0.490041,,0.490041,2025-05-26 04:26:06
10727,16211,547,3,WITHDRAW,1,7810.153303,,,2025-05-26 04:41:48
10728,16212,63,1,BORROW,4,1182.071815,1645.6547246309,1182.071815,2025-05-26 05:04:00
10729,16214,95,2,REPAY,1,1.354454,,1.354454,2025-05-26 05:12:14
10730,16215,179,1,WITHDRAW,5,645.405047,,,2025-05-26 05:19:15
10731,16216,578,2,REPAY,4,3.384978,,3.384978,2025-05-26 05:26:44
10732,16217,978,3,REPAY,2,6e-06,,6e-06,2025-05-26 05:27:49
10733,16218,586,4,REPAY,2,1.94445,,1.94445,2025-05-26 05:38:02
10734,16220,286,2,REPAY,5,5685.838122,,5685.838122,2025-05-26 06:17:53
10735,16221,816,2,BORROW,5,2722.278273,6464.5610407265,2722.278273,2025-05-26 06:25:54
10736,16222,960,2,REPAY,2,23.565558,,23.565558,2025-05-26 06:37:33
10737,16223,695,3,REPAY,3,0.181068,,0.181068,2025-05-26 06:48:36
10738,16224,395,3,BORROW,5,3321.230223,4006.0086953609,3321.230223,2025-05-26 07:03:34
10739,16226,817,2,REPAY,3,0.000152,,0.000152,2025-05-26 07:15:13
10740,16227,147,4,WITHDRAW,4,1801.21904,,,2025-05-26 07:17:07
10741,16228,345,3,REPAY,1,1884.356919,,1884.356919,2025-05-26 07:18:53
10742,16229,477,4,REPAY,3,28.292532,,28.292532,2025-05-26 07:40:36
10743,16230,527,3,REPAY,4,0.014669,,0.014669,2025-05-26 07:42:55
10744,16231,731,1,REPAY,2,878.001787,,878.001787,2025-05-26 07:55:19
10745,16232,551,3,REPAY,2,957.166015,,957.166015,2025-05-26 08:46:07
10746,16233,717,3,BORROW,2,400.089111,718.0107346973,400.089111,2025-05-26 09:04:59
10747,16234,176,1,DEPOSIT,4,241.586183,241.586183,,2025-05-26 09:16:58
10748,16235,944,4,REPAY,1,110.15431,,110.15431,2025-05-26 09:20:06
10749,16236,766,1,REPAY,3,120.78848,,120.78848,2025-05-26 09:36:20
10750,16237,554,2,REPAY,3,18.952161,,18.952161,2025-05-26 10:10:51
10751,16240,275,1,WITHDRAW,5,3203.895718,,,2025-05-26 10:36:28
10752,16242,575,1,DEPOSIT,1,4519.490877,4519.490877,,2025-05-26 11:13:54
10753,16243,910,3,LIQUIDATION,2,2.693899,2.3001590612,2.693899,2025-05-26 11:29:55
10754,16244,359,4,REPAY,2,2.775837,,2.775837,2025-05-26 11:46:41
10755,16245,961,2,REPAY,5,4.6e-05,,4.6e-05,2025-05-26 11:50:14
10756,16246,66,3,DEPOSIT,3,1014.19109,1014.19109,,2025-05-26 12:09:11
10757,16247,862,4,REPAY,3,0.023969,,0.023969,2025-05-26 12:34:29
10758,16248,142,3,REPAY,5,54.308534,,54.308534,2025-05-26 12:40:17
10759,16249,584,4,BORROW,4,3536.375327,6227.1035149993,3536.375327,2025-05-26 13:42:21
10760,16250,306,1,REPAY,1,2578.895195,,2578.895195,2025-05-26 13:46:26
10761,16252,822,3,REPAY,4,0.016894,,0.016894,2025-05-26 14:02:25
10762,16253,243,2,REPAY,3,0.000149,,0.000149,2025-05-26 14:12:40
10763,16254,841,4,WITHDRAW,1,983.040789,,,2025-05-26 14:19:56
10764,16255,516,4,BORROW,4,728.377934,1539.2553363119,728.377934,2025-05-26 14:26:36
10765,16256,362,3,REPAY,3,0.01595,,0.01595,2025-05-26 14:51:32
10766,16257,140,4,REPAY,5,0.000423,,0.000423,2025-05-26 14:51:38
10767,16258,939,4,WITHDRAW,2,1961.307397,,,2025-05-26 14:57:00
10768,16259,123,1,REPAY,3,2659.25983,,2659.25983,2025-05-26 14:57:18
10769,16260,293,2,REPAY,3,117.195514,,117.195514,2025-05-26 14:57:29
10770,16264,776,2,REPAY,3,5510.158398,,5510.158398,2025-05-26 16:02:33
10771,16265,526,3,REPAY,3,0.404055,,0.404055,2025-05-26 16:06:56
10772,16266,735,3,REPAY,2,0.317394,,0.317394,2025-05-26 16:54:30
10773,16267,494,3,REPAY,1,0.40979,,0.40979,2025-05-26 17:19:24
10774,16268,918,4,REPAY,2,6.6e-05,,6.6e-05,2025-05-26 17:49:14
10775,16269,140,2,REPAY,3,2e-06,,2e-06,2025-05-26 17:51:23
10776,16270,675,1,REPAY,1,404.655356,,404.655356,2025-05-26 17:54:27
10777,16272,564,3,REPAY,5,157.883865,,157.883865,2025-05-26 17:59:09
10778,16274,166,3,REPAY,4,481.367574,,481.367574,2025-05-26 19:14:58
10779,16275,201,4,REPAY,1,0.043307,,0.043307,2025-05-26 20:06:30
10780,16276,64,2,DEPOSIT,5,3607.007131,3607.007131,,2025-05-26 20:19:57
10781,16278,159,3,REPAY,2,0.00089,,0.00089,2025-05-26 20:31:59
10782,16280,388,1,LIQUIDATION,1,717.489476,680.7559812678,717.489476,2025-05-26 21:13:22
10783,16281,488,4,DEPOSIT,4,8813.74671,8813.74671,,2025-05-26 21:20:57
10784,16282,657,2,WITHDRAW,3,835.585908,,,2025-05-26 21:31:25
10785,16283,715,4,LIQUIDATION,4,5467.87289,6454.2567112054,5467.87289,2025-05-26 21:43:25
10786,16285,259,3,REPAY,5,8e-06,,8e-06,2025-05-26 21:57:46
10787,16286,587,3,BORROW,2,1096.368321,2716.3835461241,1096.368321,2025-05-26 22:25:52
10788,16287,766,3,REPAY,3,15.541553,,15.541553,2025-05-26 22:36:16
10789,16289,738,1,WITHDRAW,3,8239.272498,,,2025-05-26 22:48:57
10790,16290,12,1,REPAY,4,1.3e-05,,1.3e-05,2025-05-26 23:04:48
10791,16291,553,2,REPAY,1,48.388089,,48.388089,2025-05-26 23:06:12
10792,16292,855,4,BORROW,2,1484.286206,2628.1620696696,1484.286206,2025-05-26 23:18:02
10793,16294,81,4,BORROW,5,2530.012364,3587.2140416241,2530.012364,2025-05-26 23:42:49
10794,16296,789,4,BORROW,3,6536.137853,15403.4921586564,6536.137853,2025-05-26 23:52:31
10795,16297,523,3,WITHDRAW,5,3539.748773,,,2025-05-26 23:58:54
10796,16298,444,1,REPAY,3,1.396321,,1.396321,2025-05-27 00:08:32
10797,16299,227,4,REPAY,2,4.641495,,4.641495,2025-05-27 00:24:11
10798,16300,333,2,REPAY,5,72.976556,,72.976556,2025-05-27 00:47:04
10799,16301,217,4,BORROW,1,1941.514717,4785.0542431338,1941.514717,2025-05-27 01:11:50
10800,16302,887,4,REPAY,4,0.000184,,0.000184,2025-05-27 01:11:50
10801,16303,481,4,REPAY,5,0.239592,,0.239592,2025-05-27 01:29:10
10802,16304,984,1,REPAY,1,93.18992,,93.18992,2025-05-27 01:40:11
10803,16305,794,3,DEPOSIT,1,8237.40694,8237.40694,,2025-05-27 01:45:35
10804,16306,988,2,REPAY,5,3305.092129,,3305.092129,2025-05-27 01:48:57
10805,16309,112,1,REPAY,1,0.004335,,0.004335,2025-05-27 02:21:34
10806,16310,408,2,REPAY,5,0.00025,,0.00025,2025-05-27 02:21:38
10807,16311,530,2,REPAY,1,78.52151,,78.52151,2025-05-27 02:23:29
10808,16312,640,4,REPAY,1,0.000197,,0.000197,2025-05-27 02:26:29
10809,16313,417,1,REPAY,5,0.000887,,0.000887,2025-05-27 02:34:04
10810,16315,694,4,REPAY,3,1406.959493,,1406.959493,2025-05-27 02:43:41
10811,16316,979,2,REPAY,5,15.947143,,15.947143,2025-05-27 02:54:56
10812,16317,815,1,REPAY,2,0.000651,,0.000651,2025-05-27 03:10:37
10813,16318,641,2,REPAY,1,0.664558,,0.664558,2025-05-27 03:13:33
10814,16319,752,4,REPAY,3,0.013549,,0.013549,2025-05-27 03:29:32
10815,16320,562,4,REPAY,1,4901.580807,,4901.580807,2025-05-27 03:30:11
10816,16322,386,2,WITHDRAW,4,1772.603567,,,2025-05-27 03:45:21
10817,16323,249,1,REPAY,3,0.327426,,0.327426,2025-05-27 03:48:29
10818,16324,610,2,WITHDRAW,1,9564.039514,,,2025-05-27 04:07:18
10819,16325,975,2,BORROW,3,6444.921068,12440.1599822664,6444.921068,2025-05-27 04:29:22
10820,16326,529,4,REPAY,1,0.000335,,0.000335,2025-05-27 04:42:44
10821,16328,489,4,REPAY,3,3.998606,,3.998606,2025-05-27 05:10:45
10822,16329,492,4,BORROW,1,8803.882137,15202.1565383664,8803.882137,2025-05-27 05:23:47
10823,16330,605,3,REPAY,3,42.93475,,42.93475,2025-05-27 05:33:16
10824,16332,192,4,DEPOSIT,3,5911.49088,5911.49088,,2025-05-27 05:58:11
10825,16333,512,4,REPAY,5,1.638976,,1.638976,2025-05-27 06:02:34
10826,16335,51,3,REPAY,3,0.205595,,0.205595,2025-05-27 06:11:44
10827,16336,825,2,REPAY,2,4857.109162,,4857.109162,2025-05-27 06:24:40
10828,16340,559,1,REPAY,4,47.889866,,47.889866,2025-05-27 07:35:52
10829,16341,965,2,WITHDRAW,1,6718.348679,,,2025-05-27 07:36:10
10830,16342,902,2,REPAY,1,1297.798596,,1297.798596,2025-05-27 07:55:38
10831,16343,437,4,REPAY,5,0.002028,,0.002028,2025-05-27 08:00:08
10832,16348,73,2,BORROW,2,7754.140859,12818.6795624805,7754.140859,2025-05-27 11:03:39
10833,16349,926,1,REPAY,5,0.02985,,0.02985,2025-05-27 11:26:09
10834,16350,869,4,DEPOSIT,3,5981.735088,5981.735088,,2025-05-27 11:38:09
10835,16351,176,3,BORROW,5,1649.013587,3558.6329046038,1649.013587,2025-05-27 11:41:31
10836,16352,432,2,WITHDRAW,4,700.216599,,,2025-05-27 11:50:01
10837,16353,259,3,REPAY,1,0.0,,0.0,2025-05-27 12:04:04
10838,16354,153,3,DEPOSIT,5,5086.174632,5086.174632,,2025-05-27 12:07:21
10839,16356,421,1,REPAY,1,7568.862146,,7568.862146,2025-05-27 12:30:20
10840,16357,197,1,REPAY,4,73.681994,,73.681994,2025-05-27 12:44:40
10841,16359,928,1,BORROW,5,8152.717537,16117.9798212882,8152.717537,2025-05-27 13:29:13
10842,16360,725,4,REPAY,4,2e-06,,2e-06,2025-05-27 13:50:01
10843,16362,243,1,REPAY,1,3e-06,,3e-06,2025-05-27 14:22:25
10844,16365,333,3,BORROW,4,2093.359865,3958.1959297384,2093.359865,2025-05-27 14:30:05
10845,16366,196,4,REPAY,5,348.440727,,348.440727,2025-05-27 14:31:11
10846,16368,875,1,REPAY,3,1183.787761,,1183.787761,2025-05-27 15:03:25
10847,16369,110,3,REPAY,5,999.865527,,999.865527,2025-05-27 15:07:21
10848,16370,49,3,WITHDRAW,5,198.624404,,,2025-05-27 15:20:42
10849,16372,785,3,REPAY,2,1467.187725,,1467.187725,2025-05-27 15:41:27
10850,16373,579,1,REPAY,5,2.085422,,2.085422,2025-05-27 16:07:01
10851,16375,962,3,BORROW,1,296.065343,725.425251489,296.065343,2025-05-27 16:45:28
10852,16376,738,3,BORROW,3,6676.641622,9397.1823876399,6676.641622,2025-05-27 16:48:37
10853,16377,41,3,BORROW,5,1087.491418,2090.6034387169,1087.491418,2025-05-27 17:05:08
10854,16379,884,3,REPAY,5,2282.747736,,2282.747736,2025-05-27 18:01:02
10855,16380,906,3,REPAY,2,0.02108,,0.02108,2025-05-27 18:07:01
10856,16381,567,4,REPAY,3,2461.811367,,2461.811367,2025-05-27 18:20:52
10857,16382,102,2,REPAY,4,5.636437,,5.636437,2025-05-27 18:26:05
10858,16383,465,1,REPAY,2,0.02646,,0.02646,2025-05-27 18:32:47
10859,16386,212,1,REPAY,3,0.009403,,0.009403,2025-05-27 19:44:48
10860,16387,71,1,DEPOSIT,2,693.421644,693.421644,,2025-05-27 20:03:05
10861,16389,773,2,REPAY,4,0.000653,,0.000653,2025-05-27 20:37:37
10862,16391,574,2,BORROW,2,5093.405742,7226.118388325,5093.405742,2025-05-27 21:20:40
10863,16392,844,3,REPAY,4,88.557527,,88.557527,2025-05-27 21:30:06
10864,16393,233,4,REPAY,1,819.972379,,819.972379,2025-05-27 21:38:43
10865,16394,831,1,REPAY,3,1.5e-05,,1.5e-05,2025-05-27 21:49:29
10866,16396,596,1,REPAY,5,67.53494,,67.53494,2025-05-27 22:02:28
10867,16397,253,3,REPAY,1,103.536594,,103.536594,2025-05-27 22:04:06
10868,16400,997,2,DEPOSIT,3,7211.481898,7211.481898,,2025-05-27 22:48:23
10869,16401,420,3,REPAY,1,106.024569,,106.024569,2025-05-27 22:52:46
10870,16402,389,1,REPAY,3,0.188643,,0.188643,2025-05-27 23:04:29
10871,16403,872,3,DEPOSIT,5,5863.617972,5863.617972,,2025-05-27 23:09:57
10872,16404,940,3,REPAY,2,1.554305,,1.554305,2025-05-27 23:20:51
10873,16405,329,2,REPAY,5,3293.21481,,3293.21481,2025-05-27 23:27:50
10874,16406,352,3,REPAY,1,87.166391,,87.166391,2025-05-27 23:47:06
10875,16407,830,1,REPAY,5,2423.557249,,2423.557249,2025-05-28 00:05:29
10876,16408,395,4,REPAY,3,1823.963266,,1823.963266,2025-05-28 00:14:16
10877,16409,576,3,REPAY,1,0.000115,,0.000115,2025-05-28 00:34:18
10878,16410,276,3,REPAY,2,7.206885,,7.206885,2025-05-28 00:45:19
10879,16411,277,1,BORROW,5,6299.727764,14692.5607930724,6299.727764,2025-05-28 00:50:09
10880,16412,599,4,DEPOSIT,2,6530.247823,6530.247823,,2025-05-28 01:01:15
10881,16414,196,2,REPAY,1,23.072224,,23.072224,2025-05-28 01:11:36
10882,16415,409,1,REPAY,5,30.469476,,30.469476,2025-05-28 01:16:29
10883,16417,38,4,REPAY,5,10.506123,,10.506123,2025-05-28 01:28:56
10884,16418,382,3,REPAY,3,1170.131699,,1170.131699,2025-05-28 01:30:33
10885,16420,609,2,DEPOSIT,1,3761.158688,3761.158688,,2025-05-28 02:04:52
10886,16421,450,2,BORROW,1,2038.679177,4283.5720987931,2038.679177,2025-05-28 02:26:21
10887,16424,853,4,REPAY,4,1.159792,,1.159792,2025-05-28 02:57:06
10888,16425,322,1,BORROW,2,5590.554833,7042.0754575327,5590.554833,2025-05-28 03:12:14
10889,16429,900,2,WITHDRAW,5,9012.301592,,,2025-05-28 04:15:30
10890,16430,398,3,REPAY,4,360.05974,,360.05974,2025-05-28 05:29:12
10891,16431,154,3,DEPOSIT,5,9240.741162,9240.741162,,2025-05-28 05:40:15
10892,16432,422,3,REPAY,1,3.445418,,3.445418,2025-05-28 05:54:12
10893,16433,62,1,REPAY,5,0.260052,,0.260052,2025-05-28 06:17:41
10894,16434,543,2,LIQUIDATION,5,0.885496,0.8460427031,0.885496,2025-05-28 06:24:43
10895,16435,254,4,DEPOSIT,3,6423.300325,6423.300325,,2025-05-28 06:26:15
10896,16437,11,2,DEPOSIT,4,9279.099747,9279.099747,,2025-05-28 06:35:45
10897,16438,598,1,REPAY,4,232.981171,,232.981171,2025-05-28 06:40:39
10898,16439,660,3,DEPOSIT,5,6397.104381,6397.104381,,2025-05-28 06:50:14
10899,16440,577,2,REPAY,4,0.518855,,0.518855,2025-05-28 07:24:31
10900,16441,351,1,DEPOSIT,3,9909.982813,9909.982813,,2025-05-28 08:21:43
10901,16442,982,3,REPAY,5,56.66895,,56.66895,2025-05-28 08:32:09
10902,16444,716,3,WITHDRAW,4,3662.992939,,,2025-05-28 08:55:17
10903,16445,103,2,REPAY,1,2.318071,,2.318071,2025-05-28 09:17:51
10904,16446,683,1,REPAY,1,1541.02489,,1541.02489,2025-05-28 09:57:49
10905,16447,38,1,BORROW,3,3073.573722,6323.9945621834,3073.573722,2025-05-28 10:05:34
10906,16449,42,1,REPAY,3,0.433205,,0.433205,2025-05-28 10:51:05
10907,16451,861,2,REPAY,2,10.821288,,10.821288,2025-05-28 11:48:24
10908,16452,805,3,REPAY,1,280.339898,,280.339898,2025-05-28 11:55:35
10909,16453,762,4,REPAY,1,0.153064,,0.153064,2025-05-28 12:02:34
10910,16454,681,1,LIQUIDATION,4,8302.668384,8510.125928333,8302.668384,2025-05-28 12:19:37
10911,16456,418,3,REPAY,1,0.110521,,0.110521,2025-05-28 13:26:02
10912,16457,140,2,DEPOSIT,2,1561.970681,1561.970681,,2025-05-28 13:52:33
10913,16458,571,2,REPAY,1,0.324669,,0.324669,2025-05-28 13:53:28
10914,16459,757,3,DEPOSIT,1,3266.506777,3266.506777,,2025-05-28 14:39:20
10915,16461,52,3,DEPOSIT,5,499.993706,499.993706,,2025-05-28 15:22:07
10916,16462,76,4,WITHDRAW,1,2759.532024,,,2025-05-28 15:26:21
10917,16463,647,2,REPAY,2,8.4e-05,,8.4e-05,2025-05-28 15:53:49
10918,16464,750,4,BORROW,1,8927.101853,20810.4559072567,8927.101853,2025-05-28 15:58:05
10919,16466,757,1,BORROW,3,9600.699962,12791.9542036225,9600.699962,2025-05-28 16:07:50
10920,16467,575,1,REPAY,3,720.622013,,720.622013,2025-05-28 16:09:30
10921,16468,319,1,WITHDRAW,3,823.837267,,,2025-05-28 16:20:36
10922,16470,413,3,REPAY,3,0.526329,,0.526329,2025-05-28 16:34:52
10923,16471,139,4,REPAY,2,23.201409,,23.201409,2025-05-28 16:57:20
10924,16473,238,1,BORROW,3,5839.455863,12140.6508578326,5839.455863,2025-05-28 17:28:06
10925,16475,613,4,WITHDRAW,4,6127.309979,,,2025-05-28 18:03:01
10926,16476,103,2,REPAY,1,1.541838,,1.541838,2025-05-28 18:20:06
10927,16477,797,2,REPAY,5,86.880621,,86.880621,2025-05-28 18:27:40
10928,16478,119,1,REPAY,4,171.416509,,171.416509,2025-05-28 18:46:51
10929,16480,527,4,REPAY,4,0.005784,,0.005784,2025-05-28 19:15:54
10930,16482,181,2,REPAY,3,0.034343,,0.034343,2025-05-28 19:52:58
10931,16485,775,1,REPAY,2,0.512229,,0.512229,2025-05-28 20:12:47
10932,16486,43,4,BORROW,5,3499.068554,7545.0685807258,3499.068554,2025-05-28 20:25:30
10933,16487,365,3,REPAY,2,0.038814,,0.038814,2025-05-28 20:43:06
10934,16488,518,2,BORROW,4,9515.422815,15034.1767646626,9515.422815,2025-05-28 20:43:26
10935,16489,428,2,WITHDRAW,3,8664.259449,,,2025-05-28 21:01:48
10936,16491,56,1,DEPOSIT,2,4800.675629,4800.675629,,2025-05-28 21:19:30
10937,16492,505,1,REPAY,2,1.716126,,1.716126,2025-05-28 21:26:53
10938,16494,387,4,REPAY,1,7.275065,,7.275065,2025-05-28 21:41:18
10939,16496,642,1,REPAY,4,0.066596,,0.066596,2025-05-28 21:51:18
10940,16498,617,1,WITHDRAW,4,4926.342844,,,2025-05-28 22:31:23
10941,16499,857,4,DEPOSIT,3,3120.430529,3120.430529,,2025-05-28 22:31:43
10942,16500,887,4,REPAY,2,1.4e-05,,1.4e-05,2025-05-28 22:50:52
10943,16501,771,4,WITHDRAW,3,5996.27859,,,2025-05-28 22:57:00
10944,16505,689,1,DEPOSIT,4,4411.561387,4411.561387,,2025-05-28 23:58:42
10945,16507,986,1,WITHDRAW,5,1993.644915,,,2025-05-29 00:21:40
10946,16508,85,2,REPAY,1,0.012569,,0.012569,2025-05-29 00:27:10
10947,16509,321,2,BORROW,3,1306.893696,3214.0894371919,1306.893696,2025-05-29 00:31:07
10948,16510,972,1,REPAY,3,2.914704,,2.914704,2025-05-29 00:55:24
10949,16511,561,3,REPAY,1,0.432271,,0.432271,2025-05-29 00:58:34
10950,16512,545,1,REPAY,4,542.121312,,542.121312,2025-05-29 01:15:46
10951,16514,65,2,REPAY,3,0.277805,,0.277805,2025-05-29 01:31:05
10952,16515,774,1,DEPOSIT,3,3188.36207,3188.36207,,2025-05-29 02:00:32
10953,16516,10,4,WITHDRAW,3,1480.369008,,,2025-05-29 02:01:43
10954,16517,196,3,REPAY,2,39.44001,,39.44001,2025-05-29 02:25:02
10955,16518,662,2,DEPOSIT,2,8845.68798,8845.68798,,2025-05-29 02:26:29
10956,16519,466,4,WITHDRAW,5,4244.747126,,,2025-05-29 02:33:37
10957,16520,650,4,REPAY,1,0.002884,,0.002884,2025-05-29 02:50:44
10958,16521,776,3,LIQUIDATION,1,909.473623,991.4864768839,909.473623,2025-05-29 03:05:57
10959,16522,979,4,REPAY,2,5.249779,,5.249779,2025-05-29 03:09:03
10960,16523,720,2,WITHDRAW,5,5802.458638,,,2025-05-29 03:27:23
10961,16524,521,2,BORROW,4,3125.991472,7236.0591222959,3125.991472,2025-05-29 03:32:03
10962,16527,742,2,BORROW,4,577.607231,1441.8419646835,577.607231,2025-05-29 03:49:00
10963,16528,367,4,DEPOSIT,3,2838.240122,2838.240122,,2025-05-29 03:49:13
10964,16529,838,1,REPAY,3,57.936418,,57.936418,2025-05-29 03:56:53
10965,16531,276,2,REPAY,5,8.239929,,8.239929,2025-05-29 04:05:58
10966,16532,253,2,REPAY,2,13.214177,,13.214177,2025-05-29 04:13:17
10967,16533,417,1,REPAY,3,0.000249,,0.000249,2025-05-29 04:24:12
10968,16534,970,2,DEPOSIT,5,6309.181067,6309.181067,,2025-05-29 04:31:11
10969,16535,252,4,BORROW,3,5793.963974,11396.5155555833,5793.963974,2025-05-29 04:35:45
10970,16537,581,4,WITHDRAW,4,2649.760951,,,2025-05-29 04:52:56
10971,16538,244,1,BORROW,3,3705.231223,4603.7884386505,3705.231223,2025-05-29 04:58:30
10972,16540,20,1,REPAY,2,771.58529,,771.58529,2025-05-29 05:28:40
10973,16542,296,4,BORROW,2,6751.485279,13677.1524649116,6751.485279,2025-05-29 05:53:54
10974,16543,1,4,LIQUIDATION,3,217.877362,241.4026010536,217.877362,2025-05-29 05:54:54
10975,16545,109,1,REPAY,1,488.075228,,488.075228,2025-05-29 06:34:58
10976,16546,445,1,WITHDRAW,3,5843.17232,,,2025-05-29 06:35:06
10977,16547,284,4,DEPOSIT,4,5585.063202,5585.063202,,2025-05-29 06:59:07
10978,16548,370,1,REPAY,2,0.002488,,0.002488,2025-05-29 07:08:55
10979,16549,58,1,REPAY,5,94.609584,,94.609584,2025-05-29 07:49:49
10980,16550,106,2,REPAY,3,8162.464067,,8162.464067,2025-05-29 07:50:06
10981,16551,808,1,REPAY,3,822.362,,822.362,2025-05-29 08:12:09
10982,16553,436,4,REPAY,5,1.727558,,1.727558,2025-05-29 08:32:59
10983,16554,339,2,REPAY,2,0.023434,,0.023434,2025-05-29 08:38:27
10984,16555,858,3,WITHDRAW,3,7348.482754,,,2025-05-29 08:43:47
10985,16556,739,4,REPAY,2,0.00456,,0.00456,2025-05-29 08:57:26
10986,16557,352,4,REPAY,1,404.719902,,404.719902,2025-05-29 09:21:26
10987,16558,365,3,REPAY,1,0.051736,,0.051736,2025-05-29 09:23:33
10988,16559,198,2,WITHDRAW,1,5077.112084,,,2025-05-29 09:33:36
10989,16562,60,4,REPAY,1,1889.64029,,1889.64029,2025-05-29 10:04:37
10990,16563,605,4,REPAY,4,1.119839,,1.119839,2025-05-29 10:11:59
10991,16565,972,3,REPAY,2,0.027119,,0.027119,2025-05-29 10:22:52
10992,16570,220,3,REPAY,2,0.361498,,0.361498,2025-05-29 11:15:40
10993,16573,781,2,REPAY,4,136.923856,,136.923856,2025-05-29 11:55:39
10994,16575,380,4,BORROW,5,1912.440906,2854.1869369772,1912.440906,2025-05-29 12:42:37
10995,16576,935,4,DEPOSIT,2,4848.954182,4848.954182,,2025-05-29 12:52:46
10996,16577,649,4,BORROW,5,5234.380651,12730.8699639817,5234.380651,2025-05-29 13:08:29
10997,16578,554,3,REPAY,3,3.887015,,3.887015,2025-05-29 13:32:11
10998,16580,948,4,WITHDRAW,4,6839.469923,,,2025-05-29 14:03:45
10999,16581,837,3,BORROW,3,4296.631333,6624.2810338538,4296.631333,2025-05-29 14:26:11
11000,16582,102,1,REPAY,5,0.127011,,0.127011,2025-05-29 15:00:10
11001,16583,679,2,BORROW,5,9431.584829,16870.4064939392,9431.584829,2025-05-29 15:06:18
11002,16584,174,3,DEPOSIT,2,6961.76841,6961.76841,,2025-05-29 15:11:08
11003,16585,974,3,REPAY,1,258.87116,,258.87116,2025-05-29 15:22:09
11004,16586,129,4,BORROW,4,5465.049508,13542.6537813293,5465.049508,2025-05-29 15:26:29
11005,16587,326,1,REPAY,5,0.140887,,0.140887,2025-05-29 15:31:59
11006,16588,811,3,DEPOSIT,1,5900.986246,5900.986246,,2025-05-29 15:37:43
11007,16589,181,1,REPAY,1,0.015261,,0.015261,2025-05-29 15:38:28
11008,16591,930,2,DEPOSIT,4,8263.218414,8263.218414,,2025-05-29 16:20:04
11009,16592,809,2,LIQUIDATION,3,2886.729675,2438.9427979441,2886.729675,2025-05-29 16:27:32
11010,16595,406,1,REPAY,4,0.066403,,0.066403,2025-05-29 17:00:56
11011,16597,792,1,REPAY,1,30.795936,,30.795936,2025-05-29 17:12:33
11012,16598,570,1,BORROW,2,3079.221575,7200.4592616345,3079.221575,2025-05-29 17:26:37
11013,16599,486,4,REPAY,4,4430.557216,,4430.557216,2025-05-29 17:36:44
11014,16600,881,4,REPAY,4,761.379946,,761.379946,2025-05-29 17:41:20
11015,16601,196,4,REPAY,2,0.225999,,0.225999,2025-05-29 17:42:38
11016,16602,496,3,WITHDRAW,1,7873.950162,,,2025-05-29 17:52:44
11017,16603,908,2,REPAY,4,185.422736,,185.422736,2025-05-29 18:04:04
11018,16604,173,3,DEPOSIT,2,3222.208934,3222.208934,,2025-05-29 18:04:19
11019,16606,41,2,REPAY,5,1250.443745,,1250.443745,2025-05-29 18:45:36
11020,16607,851,4,REPAY,3,0.172539,,0.172539,2025-05-29 19:08:22
11021,16608,140,2,DEPOSIT,3,5026.369498,5026.369498,,2025-05-29 19:13:04
11022,16609,829,1,WITHDRAW,2,5110.781512,,,2025-05-29 19:15:28
11023,16610,888,1,WITHDRAW,4,8060.618701,,,2025-05-29 19:17:51
11024,16611,833,2,REPAY,3,1005.629891,,1005.629891,2025-05-29 19:23:27
11025,16612,778,3,REPAY,2,5262.636597,,5262.636597,2025-05-29 19:40:14
11026,16613,103,2,REPAY,5,0.009798,,0.009798,2025-05-29 19:44:51
11027,16615,788,4,REPAY,5,9881.99372,,9881.99372,2025-05-29 19:52:50
11028,16616,245,1,DEPOSIT,1,9848.969851,9848.969851,,2025-05-29 19:54:38
11029,16617,89,1,REPAY,1,0.049663,,0.049663,2025-05-29 20:00:45
11030,16618,971,1,WITHDRAW,1,5845.80838,,,2025-05-29 20:07:06
11031,16619,116,1,DEPOSIT,5,2140.374172,2140.374172,,2025-05-29 20:11:11
11032,16620,735,3,WITHDRAW,3,9442.001511,,,2025-05-29 20:19:51
11033,16621,197,3,WITHDRAW,1,6625.987838,,,2025-05-29 21:11:10
11034,16622,807,1,BORROW,3,5393.093731,10543.591641271,5393.093731,2025-05-29 21:12:34
11035,16623,711,3,REPAY,4,0.271912,,0.271912,2025-05-29 21:16:17
11036,16624,794,1,WITHDRAW,2,9369.820632,,,2025-05-29 21:24:20
11037,16625,699,3,REPAY,3,1766.56002,,1766.56002,2025-05-29 21:42:15
11038,16626,822,3,REPAY,1,0.005981,,0.005981,2025-05-29 21:44:34
11039,16627,370,3,REPAY,5,0.000683,,0.000683,2025-05-29 21:44:36
11040,16630,608,1,REPAY,2,2.966055,,2.966055,2025-05-29 22:17:16
11041,16631,242,2,WITHDRAW,5,3011.599688,,,2025-05-29 22:25:37
11042,16632,830,2,REPAY,3,359.944172,,359.944172,2025-05-29 22:37:51
11043,16635,136,2,LIQUIDATION,5,13033.99133,15509.7260814511,13033.99133,2025-05-29 22:59:30
11044,16636,489,2,REPAY,3,2.834927,,2.834927,2025-05-29 23:00:41
11045,16637,796,3,BORROW,3,9421.620687,13159.4899457,9421.620687,2025-05-29 23:00:58
11046,16639,961,1,REPAY,5,0.000156,,0.000156,2025-05-30 00:22:57
11047,16640,635,4,REPAY,1,2.778269,,2.778269,2025-05-30 00:25:10
11048,16641,525,2,BORROW,4,400.01628,534.3130758128,400.01628,2025-05-30 00:45:47
11049,16642,822,2,REPAY,1,8.5e-05,,8.5e-05,2025-05-30 00:56:35
11050,16643,832,4,WITHDRAW,4,4847.713102,,,2025-05-30 00:58:27
11051,16644,904,4,REPAY,1,0.008447,,0.008447,2025-05-30 01:01:10
11052,16645,36,3,DEPOSIT,2,1541.207979,1541.207979,,2025-05-30 01:08:43
11053,16646,699,4,REPAY,5,192.29413,,192.29413,2025-05-30 01:08:53
11054,16647,83,2,REPAY,3,0.001124,,0.001124,2025-05-30 01:18:34
11055,16649,783,4,REPAY,1,489.389531,,489.389531,2025-05-30 01:28:39
11056,16650,722,4,REPAY,2,0.652875,,0.652875,2025-05-30 01:33:23
11057,16651,779,1,REPAY,5,0.069505,,0.069505,2025-05-30 02:06:31
11058,16652,265,2,REPAY,5,0.711013,,0.711013,2025-05-30 02:07:18
11059,16653,779,2,REPAY,1,0.049733,,0.049733,2025-05-30 02:24:43
11060,16654,244,4,REPAY,2,756.759186,,756.759186,2025-05-30 02:52:00
11061,16655,331,3,REPAY,1,0.045678,,0.045678,2025-05-30 02:58:48
11062,16656,782,4,DEPOSIT,3,5580.610698,5580.610698,,2025-05-30 03:08:14
11063,16657,266,3,DEPOSIT,2,2562.629963,2562.629963,,2025-05-30 03:49:05
11064,16658,144,2,DEPOSIT,4,2608.749524,2608.749524,,2025-05-30 04:08:56
11065,16659,738,1,LIQUIDATION,4,6676.641622,6733.346059049,6676.641622,2025-05-30 04:19:13
11066,16660,789,3,REPAY,1,2667.317995,,2667.317995,2025-05-30 04:21:09
11067,16661,212,3,REPAY,3,0.006634,,0.006634,2025-05-30 04:33:33
11068,16662,450,1,REPAY,2,1969.899422,,1969.899422,2025-05-30 04:45:47
11069,16666,340,2,REPAY,1,0.004889,,0.004889,2025-05-30 05:33:15
11070,16669,135,1,REPAY,3,1.366182,,1.366182,2025-05-30 06:04:38
11071,16673,856,3,WITHDRAW,1,4217.957191,,,2025-05-30 06:26:08
11072,16674,894,3,REPAY,3,15.062177,,15.062177,2025-05-30 06:31:05
11073,16675,662,3,DEPOSIT,3,7927.255522,7927.255522,,2025-05-30 06:41:18
11074,16677,518,4,LIQUIDATION,2,9515.422815,7826.9515063557,9515.422815,2025-05-30 07:15:36
11075,16678,732,4,REPAY,2,0.696017,,0.696017,2025-05-30 07:15:56
11076,16679,366,2,REPAY,5,0.01666,,0.01666,2025-05-30 07:35:08
11077,16681,468,1,REPAY,1,7.351684,,7.351684,2025-05-30 07:49:33
11078,16683,8,3,REPAY,4,0.02254,,0.02254,2025-05-30 07:57:15
11079,16684,974,4,REPAY,3,944.99603,,944.99603,2025-05-30 08:21:18
11080,16685,213,2,REPAY,3,9.10239,,9.10239,2025-05-30 08:31:49
11081,16686,968,2,REPAY,5,0.008122,,0.008122,2025-05-30 08:33:59
11082,16687,210,1,WITHDRAW,5,6141.497843,,,2025-05-30 08:43:58
11083,16688,9,3,BORROW,5,1123.213544,2554.8908208333,1123.213544,2025-05-30 08:49:18
11084,16691,820,2,REPAY,3,1992.901604,,1992.901604,2025-05-30 09:53:08
11085,16693,517,2,REPAY,3,1236.789447,,1236.789447,2025-05-30 10:58:29
11086,16694,257,3,REPAY,4,724.883584,,724.883584,2025-05-30 11:09:37
11087,16695,688,2,WITHDRAW,3,4676.016044,,,2025-05-30 11:17:37
11088,16696,665,3,REPAY,3,2.681872,,2.681872,2025-05-30 11:43:09
11089,16699,342,4,REPAY,3,0.005322,,0.005322,2025-05-30 12:07:25
11090,16700,996,3,REPAY,3,6e-06,,6e-06,2025-05-30 12:12:23
11091,16701,891,1,REPAY,3,1152.070766,,1152.070766,2025-05-30 12:18:25
11092,16702,42,4,LIQUIDATION,1,0.158252,0.1750261165,0.158252,2025-05-30 12:36:37
11093,16703,327,3,REPAY,5,79.603646,,79.603646,2025-05-30 12:41:35
11094,16704,934,3,REPAY,1,146.080693,,146.080693,2025-05-30 12:48:52
11095,16705,47,2,BORROW,1,9706.116658,14796.1515949344,9706.116658,2025-05-30 12:54:08
11096,16708,962,4,REPAY,5,158.673323,,158.673323,2025-05-30 13:04:15
11097,16709,551,2,REPAY,1,991.437409,,991.437409,2025-05-30 13:08:36
11098,16710,550,1,REPAY,2,2.059187,,2.059187,2025-05-30 13:10:04
11099,16711,12,1,REPAY,5,6e-06,,6e-06,2025-05-30 14:00:14
11100,16712,972,3,REPAY,2,0.004227,,0.004227,2025-05-30 14:01:46
11101,16713,654,1,REPAY,5,335.065191,,335.065191,2025-05-30 14:10:14
11102,16714,298,1,LIQUIDATION,3,104.522101,106.4250587475,104.522101,2025-05-30 14:10:26
11103,16716,65,4,REPAY,4,0.042261,,0.042261,2025-05-30 14:17:06
11104,16717,240,1,REPAY,1,0.000702,,0.000702,2025-05-30 14:37:14
11105,16718,88,2,DEPOSIT,2,2898.477936,2898.477936,,2025-05-30 14:45:49
11106,16719,249,4,REPAY,5,1.173537,,1.173537,2025-05-30 14:46:39
11107,16720,469,2,WITHDRAW,5,8841.357545,,,2025-05-30 14:47:19
11108,16721,482,1,REPAY,2,243.454784,,243.454784,2025-05-30 15:09:20
11109,16722,123,1,REPAY,5,82.758351,,82.758351,2025-05-30 15:55:51
11110,16723,494,4,REPAY,2,0.080704,,0.080704,2025-05-30 16:01:48
11111,16724,960,2,REPAY,2,2.25312,,2.25312,2025-05-30 16:10:27
11112,16725,324,2,REPAY,3,8224.715589,,8224.715589,2025-05-30 16:13:47
11113,16726,211,4,BORROW,4,1622.343428,3017.0474708319,1622.343428,2025-05-30 16:19:47
11114,16728,758,2,WITHDRAW,1,2323.497748,,,2025-05-30 16:39:41
11115,16729,625,2,DEPOSIT,4,315.176447,315.176447,,2025-05-30 16:48:41
11116,16730,653,1,REPAY,5,0.103172,,0.103172,2025-05-30 16:59:26
11117,16732,876,2,REPAY,4,0.142426,,0.142426,2025-05-30 17:04:36
11118,16733,610,2,WITHDRAW,3,1681.769309,,,2025-05-30 17:06:05
11119,16734,139,3,DEPOSIT,1,20.672776,20.672776,,2025-05-30 17:13:28
11120,16735,348,2,REPAY,5,0.006696,,0.006696,2025-05-30 17:55:57
11121,16736,365,2,REPAY,3,0.007944,,0.007944,2025-05-30 18:04:46
11122,16737,117,1,BORROW,4,4725.448159,10247.8297757435,4725.448159,2025-05-30 18:10:13
11123,16738,79,1,REPAY,2,1.583494,,1.583494,2025-05-30 18:17:02
11124,16741,627,4,REPAY,2,1130.637361,,1130.637361,2025-05-30 18:42:04
11125,16742,391,2,LIQUIDATION,1,8701.922987,7536.9835409854,8701.922987,2025-05-30 18:43:14
11126,16743,518,4,BORROW,1,1293.318723,2635.7168331382,1293.318723,2025-05-30 18:47:47
11127,16744,82,3,LIQUIDATION,4,1844.362696,1942.0805196022,1844.362696,2025-05-30 19:00:51
11128,16745,506,3,DEPOSIT,3,2085.938077,2085.938077,,2025-05-30 19:07:32
11129,16746,498,3,LIQUIDATION,3,5860.33596,5531.8430950297,5860.33596,2025-05-30 19:33:29
11130,16747,979,2,REPAY,1,27.034224,,27.034224,2025-05-30 19:44:54
11131,16748,591,3,BORROW,2,9769.217754,23255.0220623907,9769.217754,2025-05-30 19:53:38
11132,16749,309,4,REPAY,3,0.006541,,0.006541,2025-05-30 20:11:13
11133,16750,282,1,REPAY,2,137.961307,,137.961307,2025-05-30 20:35:04
11134,16751,982,3,REPAY,5,18.054015,,18.054015,2025-05-30 20:50:32
11135,16752,653,1,REPAY,5,0.005727,,0.005727,2025-05-30 21:00:42
11136,16753,216,1,WITHDRAW,5,3976.665953,,,2025-05-30 21:30:12
11137,16754,77,2,REPAY,3,35.226208,,35.226208,2025-05-30 21:40:53
11138,16755,517,4,REPAY,3,112.3247,,112.3247,2025-05-30 21:42:15
11139,16756,332,4,BORROW,1,6819.792946,14765.0303442108,6819.792946,2025-05-30 21:43:59
11140,16759,493,2,DEPOSIT,1,2064.264852,2064.264852,,2025-05-30 22:27:20
11141,16760,85,1,REPAY,5,0.001428,,0.001428,2025-05-30 22:27:26
11142,16762,431,1,REPAY,3,2e-06,,2e-06,2025-05-30 23:22:32
11143,16763,45,4,LIQUIDATION,4,83.600257,82.0260785483,83.600257,2025-05-30 23:23:24
11144,16764,861,4,REPAY,2,49.007668,,49.007668,2025-05-30 23:30:27
11145,16765,260,2,REPAY,2,593.941765,,593.941765,2025-05-30 23:31:02
11146,16766,68,1,REPAY,4,100.787903,,100.787903,2025-05-30 23:41:24
11147,16767,939,4,WITHDRAW,1,9063.05831,,,2025-05-30 23:41:56
11148,16768,269,2,REPAY,5,4897.510369,,4897.510369,2025-05-31 00:17:20
11149,16769,642,1,REPAY,1,0.092145,,0.092145,2025-05-31 00:19:58
11150,16770,92,2,DEPOSIT,4,175.262327,175.262327,,2025-05-31 00:24:11
11151,16771,166,3,WITHDRAW,1,3561.767872,,,2025-05-31 00:38:19
11152,16772,84,1,REPAY,2,2e-06,,2e-06,2025-05-31 00:46:54
11153,16774,71,1,REPAY,5,4508.340588,,4508.340588,2025-05-31 01:03:24
11154,16775,259,2,REPAY,2,0.0,,0.0,2025-05-31 01:26:56
11155,16776,641,2,REPAY,2,0.283653,,0.283653,2025-05-31 02:24:13
11156,16777,153,2,REPAY,5,77.957983,,77.957983,2025-05-31 02:28:14
11157,16780,628,2,WITHDRAW,5,4722.884912,,,2025-05-31 03:19:50
11158,16781,309,3,REPAY,5,0.003248,,0.003248,2025-05-31 03:39:17
11159,16782,738,4,BORROW,5,6790.598853,10907.1258006695,6790.598853,2025-05-31 03:55:31
11160,16783,775,4,REPAY,1,0.364732,,0.364732,2025-05-31 03:58:26
11161,16784,895,1,REPAY,1,1941.96761,,1941.96761,2025-05-31 04:06:56
11162,16785,211,4,LIQUIDATION,3,1622.343428,1311.5969854757,1622.343428,2025-05-31 04:20:49
11163,16786,910,3,DEPOSIT,4,9473.719437,9473.719437,,2025-05-31 04:35:13
11164,16787,169,4,REPAY,1,17.928957,,17.928957,2025-05-31 04:53:57
11165,16788,647,4,DEPOSIT,4,2566.739072,2566.739072,,2025-05-31 04:58:05
11166,16791,303,3,REPAY,2,0.200872,,0.200872,2025-05-31 05:09:16
11167,16793,955,3,REPAY,1,31.600003,,31.600003,2025-05-31 05:17:56
11168,16794,85,2,REPAY,4,0.000339,,0.000339,2025-05-31 05:31:16
11169,16795,33,1,DEPOSIT,4,2680.44018,2680.44018,,2025-05-31 05:35:46
11170,16796,608,4,REPAY,5,0.483725,,0.483725,2025-05-31 05:37:06
11171,16797,366,3,REPAY,4,0.007216,,0.007216,2025-05-31 05:51:45
11172,16799,351,1,BORROW,3,1919.263877,2588.7953046222,1919.263877,2025-05-31 06:17:11
11173,16800,425,1,BORROW,1,663.877144,1136.5735113961,663.877144,2025-05-31 06:43:36
11174,16802,778,1,REPAY,2,74.416876,,74.416876,2025-05-31 07:26:20
11175,16803,369,4,REPAY,3,6.148035,,6.148035,2025-05-31 07:43:54
11176,16804,713,2,REPAY,1,27.883926,,27.883926,2025-05-31 07:50:12
11177,16805,398,4,REPAY,5,354.648719,,354.648719,2025-05-31 07:55:01
11178,16806,659,4,WITHDRAW,2,9607.271737,,,2025-05-31 08:00:28
11179,16807,885,4,DEPOSIT,2,3295.774035,3295.774035,,2025-05-31 08:03:33
11180,16811,596,1,BORROW,2,8470.725507,12609.037212259,8470.725507,2025-05-31 09:33:14
11181,16812,801,2,WITHDRAW,5,9634.42878,,,2025-05-31 09:55:34
11182,16813,996,2,REPAY,3,1e-06,,1e-06,2025-05-31 09:57:36
11183,16815,69,4,DEPOSIT,5,8093.688873,8093.688873,,2025-05-31 10:19:40
11184,16816,568,4,REPAY,2,135.569131,,135.569131,2025-05-31 10:34:13
11185,16817,723,1,REPAY,4,4480.792539,,4480.792539,2025-05-31 10:40:32
11186,16818,539,1,DEPOSIT,4,8606.945113,8606.945113,,2025-05-31 11:09:28
11187,16819,654,1,WITHDRAW,2,8476.823494,,,2025-05-31 11:35:46
11188,16820,38,2,REPAY,3,2943.58694,,2943.58694,2025-05-31 11:37:57
11189,16821,360,1,WITHDRAW,2,7512.785191,,,2025-05-31 12:02:32
11190,16822,54,2,LIQUIDATION,1,5729.321971,6703.9290907144,5729.321971,2025-05-31 12:17:18
11191,16823,356,4,BORROW,5,1539.362139,2023.8132155114,1539.362139,2025-05-31 12:18:06
11192,16824,172,2,REPAY,4,2130.318112,,2130.318112,2025-05-31 12:40:51
11193,16825,528,4,REPAY,3,8105.428287,,8105.428287,2025-05-31 12:43:30
11194,16827,188,2,REPAY,4,167.436947,,167.436947,2025-05-31 12:57:26
11195,16828,508,1,REPAY,4,50.580083,,50.580083,2025-05-31 13:36:59
11196,16832,349,4,REPAY,3,78.111883,,78.111883,2025-05-31 14:14:48
11197,16833,923,2,REPAY,5,27.274774,,27.274774,2025-05-31 14:33:08
11198,16834,53,1,REPAY,2,74.645518,,74.645518,2025-05-31 14:35:51
11199,16835,914,4,REPAY,1,7.37136,,7.37136,2025-05-31 14:42:19
11200,16837,727,4,REPAY,5,196.654456,,196.654456,2025-05-31 15:15:16
11201,16838,497,2,REPAY,4,4.258533,,4.258533,2025-05-31 15:43:19
11202,16839,603,2,REPAY,3,10.039118,,10.039118,2025-05-31 15:53:26
11203,16840,341,1,REPAY,2,1.118798,,1.118798,2025-05-31 15:58:28
11204,16842,859,1,REPAY,1,6743.178917,,6743.178917,2025-05-31 16:02:22
11205,16843,313,2,BORROW,4,9902.466019,19718.9043948577,9902.466019,2025-05-31 16:29:57
11206,16844,891,4,BORROW,4,5737.428407,9183.9150190276,5737.428407,2025-05-31 16:36:09
11207,16845,508,1,REPAY,4,130.21514,,130.21514,2025-05-31 16:43:07
11208,16846,60,4,REPAY,5,1246.78981,,1246.78981,2025-05-31 17:06:21
11209,16848,920,3,REPAY,2,11.03241,,11.03241,2025-05-31 17:25:22
11210,16849,347,2,REPAY,3,1244.405867,,1244.405867,2025-05-31 18:30:40
11211,16850,737,2,BORROW,1,1860.708738,4206.1013032434,1860.708738,2025-05-31 19:11:01
11212,16851,826,3,DEPOSIT,4,3388.36107,3388.36107,,2025-05-31 19:12:07
11213,16853,407,2,REPAY,5,4.031266,,4.031266,2025-05-31 20:01:09
11214,16854,632,3,LIQUIDATION,2,12074.662937,12589.2479001934,12074.662937,2025-05-31 20:31:27
11215,16855,104,4,WITHDRAW,5,6452.40899,,,2025-05-31 21:17:41
11216,16856,931,2,DEPOSIT,2,6358.492328,6358.492328,,2025-05-31 21:34:34
11217,16857,934,3,REPAY,1,153.190594,,153.190594,2025-05-31 22:11:15
11218,16861,814,4,REPAY,3,0.004198,,0.004198,2025-05-31 23:32:37
11219,16862,846,2,REPAY,4,25.767789,,25.767789,2025-05-31 23:49:51
11220,16863,424,1,REPAY,2,0.0,,0.0,2025-06-01 00:01:19
11221,16864,300,4,REPAY,3,536.179653,,536.179653,2025-06-01 00:09:57
11222,16865,374,1,BORROW,2,7899.804589,17619.2677818044,7899.804589,2025-06-01 00:29:17
11223,16867,529,1,REPAY,1,0.000105,,0.000105,2025-06-01 00:45:57
11224,16869,68,4,BORROW,4,679.500468,1297.3134789272,679.500468,2025-06-01 01:48:34
11225,16872,866,1,REPAY,4,1052.930876,,1052.930876,2025-06-01 03:10:57
11226,16873,273,3,REPAY,1,0.563941,,0.563941,2025-06-01 04:11:57
11227,16874,209,1,WITHDRAW,4,7785.560104,,,2025-06-01 04:15:04
11228,16876,890,2,REPAY,4,0.495287,,0.495287,2025-06-01 04:44:28
11229,16877,910,2,BORROW,4,2954.083932,5274.4380088178,2954.083932,2025-06-01 04:45:26
11230,16878,160,1,REPAY,1,0.020972,,0.020972,2025-06-01 05:09:00
11231,16879,227,4,REPAY,4,1.043011,,1.043011,2025-06-01 05:25:58
11232,16880,709,4,BORROW,3,4651.819827,8804.07349769,4651.819827,2025-06-01 05:27:29
11233,16881,844,2,REPAY,2,160.87665,,160.87665,2025-06-01 05:30:27
11234,16882,621,3,DEPOSIT,3,5750.8182,5750.8182,,2025-06-01 05:30:35
11235,16884,432,1,DEPOSIT,1,8391.670207,8391.670207,,2025-06-01 05:47:47
11236,16885,537,1,REPAY,5,17.382685,,17.382685,2025-06-01 06:06:59
11237,16886,767,1,BORROW,2,1841.809265,3997.821551102,1841.809265,2025-06-01 06:07:44
11238,16887,878,2,REPAY,2,1.351899,,1.351899,2025-06-01 06:15:42
11239,16889,16,4,DEPOSIT,3,3470.662227,3470.662227,,2025-06-01 06:54:21
11240,16890,118,4,LIQUIDATION,2,5255.676508,5921.2694979124,5255.676508,2025-06-01 07:10:07
11241,16891,107,1,REPAY,4,69.856647,,69.856647,2025-06-01 07:11:28
11242,16892,479,3,REPAY,5,1626.502301,,1626.502301,2025-06-01 08:08:15
11243,16893,156,2,DEPOSIT,5,418.887266,418.887266,,2025-06-01 08:11:08
11244,16895,964,4,BORROW,2,7633.736123,15994.4917460953,7633.736123,2025-06-01 08:33:42
11245,16896,943,4,REPAY,4,37.107781,,37.107781,2025-06-01 08:41:54
11246,16897,407,1,REPAY,1,1.949144,,1.949144,2025-06-01 08:46:58
11247,16898,497,1,REPAY,2,18.015186,,18.015186,2025-06-01 08:48:04
11248,16899,37,4,DEPOSIT,5,3211.684621,3211.684621,,2025-06-01 08:51:19
11249,16903,103,4,REPAY,2,0.003225,,0.003225,2025-06-01 09:54:35
11250,16904,230,1,REPAY,2,0.45855,,0.45855,2025-06-01 09:55:16
11251,16905,15,1,REPAY,3,6.1e-05,,6.1e-05,2025-06-01 10:15:13
11252,16906,626,1,LIQUIDATION,4,501.143713,513.3967543109,501.143713,2025-06-01 10:16:14
11253,16907,631,1,WITHDRAW,3,1941.8173,,,2025-06-01 10:16:18
11254,16909,815,1,REPAY,5,0.002059,,0.002059,2025-06-01 10:46:23
11255,16910,655,4,REPAY,2,29.376335,,29.376335,2025-06-01 11:09:41
11256,16911,776,1,BORROW,3,5139.623551,12102.7310791175,5139.623551,2025-06-01 11:11:54
11257,16912,189,2,REPAY,4,0.018519,,0.018519,2025-06-01 11:37:53
11258,16914,890,1,REPAY,3,0.35639,,0.35639,2025-06-01 12:17:19
11259,16915,598,3,REPAY,3,136.701257,,136.701257,2025-06-01 12:28:43
11260,16916,376,3,LIQUIDATION,1,9215.093617,8740.8918350179,9215.093617,2025-06-01 12:30:14
11261,16917,364,1,REPAY,1,0.025785,,0.025785,2025-06-01 12:38:10
11262,16919,157,4,REPAY,2,8.442764,,8.442764,2025-06-01 13:27:18
11263,16921,374,3,REPAY,5,4929.868823,,4929.868823,2025-06-01 13:48:17
11264,16924,76,1,REPAY,2,1490.206152,,1490.206152,2025-06-01 14:48:06
11265,16926,386,4,WITHDRAW,2,8998.359859,,,2025-06-01 15:21:35
11266,16928,617,2,REPAY,1,1979.622484,,1979.622484,2025-06-01 15:25:49
11267,16929,582,4,WITHDRAW,5,6171.328513,,,2025-06-01 15:32:14
11268,16930,615,1,REPAY,3,6.4e-05,,6.4e-05,2025-06-01 15:34:32
11269,16932,66,2,REPAY,2,2.7e-05,,2.7e-05,2025-06-01 15:44:24
11270,16933,688,4,WITHDRAW,1,5649.822081,,,2025-06-01 16:06:12
11271,16936,791,1,REPAY,5,1512.382843,,1512.382843,2025-06-01 16:47:09
11272,16937,424,1,REPAY,1,0.0,,0.0,2025-06-01 17:02:39
11273,16938,182,3,WITHDRAW,3,809.154531,,,2025-06-01 17:04:13
11274,16940,48,4,REPAY,2,0.028549,,0.028549,2025-06-01 17:34:24
11275,16941,628,2,BORROW,2,6756.552016,13868.6200699609,6756.552016,2025-06-01 17:38:47
11276,16943,446,4,REPAY,4,30.191237,,30.191237,2025-06-01 17:45:05
11277,16945,648,3,REPAY,4,2871.616268,,2871.616268,2025-06-01 18:14:56
11278,16947,234,4,DEPOSIT,3,2727.125005,2727.125005,,2025-06-01 18:45:51
11279,16948,472,1,REPAY,5,0.000184,,0.000184,2025-06-01 18:55:09
11280,16950,826,1,WITHDRAW,5,7612.580887,,,2025-06-01 19:59:29
11281,16951,296,4,BORROW,2,5839.539408,10706.4956928052,5839.539408,2025-06-01 20:10:15
11282,16952,615,4,REPAY,2,8e-06,,8e-06,2025-06-01 20:15:52
11283,16953,699,3,REPAY,1,2.610264,,2.610264,2025-06-01 20:29:39
11284,16955,287,1,REPAY,3,40.203742,,40.203742,2025-06-01 20:57:08
11285,16956,805,4,REPAY,3,55.012407,,55.012407,2025-06-01 21:06:44
11286,16958,793,2,REPAY,5,1.166458,,1.166458,2025-06-01 21:28:24
11287,16959,235,2,WITHDRAW,4,1070.976819,,,2025-06-01 21:33:42
11288,16960,290,1,BORROW,4,437.008688,1020.4311176061,437.008688,2025-06-01 21:59:13
11289,16962,453,2,BORROW,4,2454.95138,5295.2486601112,2454.95138,2025-06-01 22:11:21
11290,16964,329,1,REPAY,3,1904.273727,,1904.273727,2025-06-01 22:22:14
11291,16965,803,4,REPAY,2,1993.637837,,1993.637837,2025-06-01 22:50:36
11292,16966,41,3,REPAY,4,44.827273,,44.827273,2025-06-01 23:06:04
11293,16967,299,3,REPAY,4,0.001063,,0.001063,2025-06-01 23:14:21
11294,16968,934,3,REPAY,4,22.049308,,22.049308,2025-06-01 23:23:45
11295,16969,762,1,LIQUIDATION,1,0.084596,0.0759361784,0.084596,2025-06-01 23:29:27
11296,16970,452,4,REPAY,2,0.144259,,0.144259,2025-06-01 23:43:30
11297,16971,394,4,DEPOSIT,5,6548.499316,6548.499316,,2025-06-01 23:48:10
11298,16974,87,3,WITHDRAW,4,3760.665351,,,2025-06-02 00:29:33
11299,16975,981,2,REPAY,1,0.019512,,0.019512,2025-06-02 00:35:49
11300,16976,462,2,REPAY,5,7e-06,,7e-06,2025-06-02 00:42:51
11301,16977,227,4,REPAY,2,0.697956,,0.697956,2025-06-02 00:59:03
11302,16978,344,3,REPAY,2,41.66415,,41.66415,2025-06-02 01:14:37
11303,16981,474,2,REPAY,1,412.172662,,412.172662,2025-06-02 01:33:13
11304,16982,385,4,REPAY,2,129.962808,,129.962808,2025-06-02 01:38:31
11305,16983,967,3,REPAY,5,0.034723,,0.034723,2025-06-02 02:17:51
11306,16984,77,4,REPAY,4,22.822801,,22.822801,2025-06-02 02:28:07
11307,16986,654,2,REPAY,4,29.902399,,29.902399,2025-06-02 03:13:17
11308,16987,111,2,REPAY,5,8.097721,,8.097721,2025-06-02 03:15:21
11309,16988,598,3,REPAY,2,18.664134,,18.664134,2025-06-02 03:15:33
11310,16989,944,2,REPAY,3,3.668666,,3.668666,2025-06-02 03:35:56
11311,16990,37,2,DEPOSIT,2,1355.302946,1355.302946,,2025-06-02 04:21:08
11312,16992,812,2,DEPOSIT,3,203.522396,203.522396,,2025-06-02 04:43:07
11313,16993,165,3,DEPOSIT,1,3624.803086,3624.803086,,2025-06-02 04:44:16
11314,16994,818,3,REPAY,5,0.002738,,0.002738,2025-06-02 04:46:48
11315,16995,117,1,REPAY,1,3234.314977,,3234.314977,2025-06-02 05:02:24
11316,16997,107,1,REPAY,2,95.494421,,95.494421,2025-06-02 05:11:27
11317,16998,480,3,REPAY,4,3.903524,,3.903524,2025-06-02 05:11:36
11318,17000,583,4,WITHDRAW,4,5577.470196,,,2025-06-02 05:39:13
11319,17001,720,2,BORROW,1,4425.384205,9854.9140713784,4425.384205,2025-06-02 05:50:36
11320,17002,830,3,REPAY,2,519.880052,,519.880052,2025-06-02 05:51:04
11321,17003,618,1,DEPOSIT,1,5763.321315,5763.321315,,2025-06-02 05:57:16
11322,17004,49,2,DEPOSIT,5,5417.619264,5417.619264,,2025-06-02 05:59:48
11323,17005,993,3,WITHDRAW,5,3972.326973,,,2025-06-02 06:43:24
11324,17006,486,4,LIQUIDATION,4,1683.154156,1460.3603019894,1683.154156,2025-06-02 06:57:47
11325,17007,780,1,REPAY,1,60.092649,,60.092649,2025-06-02 06:58:41
11326,17008,77,4,REPAY,2,6.39364,,6.39364,2025-06-02 07:00:56
11327,17010,246,3,REPAY,5,50.31925,,50.31925,2025-06-02 07:10:04
11328,17011,76,1,REPAY,3,337.709554,,337.709554,2025-06-02 07:22:13
11329,17012,762,2,BORROW,5,968.598076,1727.5804524387,968.598076,2025-06-02 07:27:30
11330,17013,536,4,REPAY,5,1618.632429,,1618.632429,2025-06-02 07:44:57
11331,17014,366,2,REPAY,5,0.009448,,0.009448,2025-06-02 08:04:07
11332,17015,193,4,REPAY,5,11.313863,,11.313863,2025-06-02 08:39:53
11333,17017,897,2,BORROW,2,2000.190543,3111.8304073347,2000.190543,2025-06-02 09:14:49
11334,17018,870,4,BORROW,1,7188.871477,17842.116181039,7188.871477,2025-06-02 09:18:05
11335,17019,954,2,LIQUIDATION,2,6441.931613,7328.3513328074,6441.931613,2025-06-02 09:22:58
11336,17020,455,4,REPAY,5,0.615721,,0.615721,2025-06-02 09:39:46
11337,17022,501,1,DEPOSIT,5,3530.302473,3530.302473,,2025-06-02 09:47:23
11338,17023,402,2,BORROW,5,9123.549553,11110.3288175137,9123.549553,2025-06-02 09:49:58
11339,17024,732,2,REPAY,2,0.042458,,0.042458,2025-06-02 09:53:07
11340,17025,704,1,REPAY,3,2177.574479,,2177.574479,2025-06-02 10:06:14
11341,17026,14,2,WITHDRAW,4,6327.435316,,,2025-06-02 10:06:15
11342,17027,915,2,WITHDRAW,2,803.91839,,,2025-06-02 10:10:59
11343,17028,241,1,DEPOSIT,5,7929.231952,7929.231952,,2025-06-02 10:27:56
11344,17031,722,1,REPAY,3,0.310246,,0.310246,2025-06-02 11:21:48
11345,17032,170,2,REPAY,4,82.179752,,82.179752,2025-06-02 11:35:31
11346,17033,643,2,REPAY,2,496.706077,,496.706077,2025-06-02 11:35:40
11347,17035,283,3,WITHDRAW,2,8151.625337,,,2025-06-02 12:00:17
11348,17036,682,3,WITHDRAW,3,4573.445425,,,2025-06-02 12:01:57
11349,17039,777,3,REPAY,2,34.58793,,34.58793,2025-06-02 12:40:14
11350,17040,677,2,WITHDRAW,5,5405.056161,,,2025-06-02 12:41:30
11351,17042,243,2,DEPOSIT,3,62.496858,62.496858,,2025-06-02 12:54:36
11352,17043,256,3,BORROW,3,9252.855777,21760.8909104978,9252.855777,2025-06-02 13:26:29
11353,17044,649,3,REPAY,4,1242.167482,,1242.167482,2025-06-02 13:35:08
11354,17045,881,2,REPAY,1,248.238205,,248.238205,2025-06-02 13:44:43
11355,17046,236,2,REPAY,5,0.001632,,0.001632,2025-06-02 13:45:22
11356,17049,933,3,REPAY,4,1163.60966,,1163.60966,2025-06-02 14:08:43
11357,17050,224,1,REPAY,4,0.189364,,0.189364,2025-06-02 14:24:12
11358,17051,202,1,LIQUIDATION,1,9356.073215,9971.2687165011,9356.073215,2025-06-02 14:26:06
11359,17053,175,3,BORROW,2,4864.281522,9222.9498649148,4864.281522,2025-06-02 14:54:26
11360,17055,240,3,REPAY,5,0.000111,,0.000111,2025-06-02 15:24:12
11361,17056,572,2,DEPOSIT,5,9693.584774,9693.584774,,2025-06-02 15:51:02
11362,17057,316,3,DEPOSIT,2,6461.592292,6461.592292,,2025-06-02 16:13:44
11363,17058,118,2,DEPOSIT,2,7115.956415,7115.956415,,2025-06-02 16:26:34
11364,17059,169,3,REPAY,2,2.126032,,2.126032,2025-06-02 16:29:00
11365,17060,365,3,WITHDRAW,4,4929.616237,,,2025-06-02 16:44:30
11366,17061,203,1,REPAY,5,180.86267,,180.86267,2025-06-02 17:35:29
11367,17062,968,3,BORROW,5,9509.261626,16785.9616269939,9509.261626,2025-06-02 17:37:13
11368,17063,45,3,BORROW,1,4026.20738,9910.4079800386,4026.20738,2025-06-02 17:58:16
11369,17064,74,2,REPAY,5,0.040848,,0.040848,2025-06-02 18:16:23
11370,17065,286,4,REPAY,2,737.072124,,737.072124,2025-06-02 18:27:14
11371,17068,752,2,REPAY,1,0.002236,,0.002236,2025-06-02 19:10:55
11372,17069,925,3,DEPOSIT,2,984.470266,984.470266,,2025-06-02 19:18:44
11373,17071,79,2,REPAY,4,1.614345,,1.614345,2025-06-02 19:38:51
11374,17072,227,3,REPAY,4,0.168366,,0.168366,2025-06-02 19:46:44
11375,17073,978,4,BORROW,4,2592.952141,5263.847421145,2592.952141,2025-06-02 20:22:59
11376,17075,963,2,REPAY,5,838.631353,,838.631353,2025-06-02 21:06:29
11377,17076,729,3,REPAY,3,2.007935,,2.007935,2025-06-02 21:07:09
11378,17078,472,4,REPAY,2,0.000113,,0.000113,2025-06-02 21:24:48
11379,17080,759,3,LIQUIDATION,3,3703.136618,3830.2449746339,3703.136618,2025-06-02 21:36:56
11380,17081,834,2,REPAY,4,118.345728,,118.345728,2025-06-02 21:39:34
11381,17083,325,1,REPAY,2,3.4e-05,,3.4e-05,2025-06-02 22:52:48
11382,17086,466,4,WITHDRAW,2,2360.537543,,,2025-06-02 23:20:23
11383,17087,269,2,LIQUIDATION,4,1629.211505,1583.4909970176,1629.211505,2025-06-03 00:04:00
11384,17088,308,1,BORROW,1,3631.651302,5814.774424412,3631.651302,2025-06-03 00:09:45
11385,17089,109,1,REPAY,3,8.89326,,8.89326,2025-06-03 00:46:03
11386,17092,505,3,REPAY,5,0.40437,,0.40437,2025-06-03 01:06:45
11387,17094,75,2,BORROW,4,476.232679,832.0232152764,476.232679,2025-06-03 01:45:40
11388,17095,193,1,REPAY,1,1.286975,,1.286975,2025-06-03 01:56:16
11389,17096,926,1,REPAY,4,0.011844,,0.011844,2025-06-03 02:57:52
11390,17097,349,2,REPAY,1,531.559761,,531.559761,2025-06-03 02:59:59
11391,17098,950,2,REPAY,5,50.1078,,50.1078,2025-06-03 03:24:12
11392,17099,791,1,REPAY,2,1290.305921,,1290.305921,2025-06-03 03:44:53
11393,17100,360,3,REPAY,3,0.369777,,0.369777,2025-06-03 03:46:45
11394,17102,468,1,REPAY,2,5.103956,,5.103956,2025-06-03 03:50:06
11395,17103,546,3,REPAY,5,3.432905,,3.432905,2025-06-03 03:58:30
11396,17104,279,2,DEPOSIT,2,8761.012473,8761.012473,,2025-06-03 04:05:13
11397,17105,972,4,REPAY,2,0.000332,,0.000332,2025-06-03 04:20:09
11398,17106,296,2,REPAY,4,9177.291831,,9177.291831,2025-06-03 04:40:22
11399,17107,66,4,REPAY,2,3e-06,,3e-06,2025-06-03 04:50:37
11400,17108,997,3,WITHDRAW,5,7816.200609,,,2025-06-03 05:21:51
11401,17109,495,1,REPAY,4,0.003358,,0.003358,2025-06-03 05:40:35
11402,17110,92,2,WITHDRAW,5,2337.415551,,,2025-06-03 05:53:05
11403,17111,425,3,BORROW,1,5612.279702,11372.1167376768,5612.279702,2025-06-03 05:53:54
11404,17112,666,1,REPAY,5,62.192708,,62.192708,2025-06-03 05:58:19
11405,17113,588,3,WITHDRAW,1,9315.925021,,,2025-06-03 06:15:14
11406,17114,980,3,REPAY,2,3391.800704,,3391.800704,2025-06-03 06:17:04
11407,17115,841,4,REPAY,2,1181.727844,,1181.727844,2025-06-03 06:21:28
11408,17116,110,3,LIQUIDATION,1,4168.207738,4986.8322869535,4168.207738,2025-06-03 06:29:08
11409,17117,915,4,WITHDRAW,1,6003.591259,,,2025-06-03 06:37:46
11410,17118,814,2,REPAY,5,0.000424,,0.000424,2025-06-03 06:56:49
11411,17119,767,2,REPAY,1,604.884088,,604.884088,2025-06-03 06:58:31
11412,17120,623,4,BORROW,5,1839.070848,2221.4827741781,1839.070848,2025-06-03 07:18:10
11413,17124,992,3,REPAY,2,130.694826,,130.694826,2025-06-03 07:44:44
11414,17125,776,3,BORROW,2,4606.193265,5704.2157667281,4606.193265,2025-06-03 08:07:41
11415,17126,617,3,BORROW,5,2935.098284,4799.8609688957,2935.098284,2025-06-03 09:00:30
11416,17127,337,4,DEPOSIT,4,3428.952978,3428.952978,,2025-06-03 09:06:25
11417,17128,142,3,REPAY,1,186.050311,,186.050311,2025-06-03 09:14:20
11418,17129,279,4,DEPOSIT,2,8546.556362,8546.556362,,2025-06-03 09:41:11
11419,17130,332,2,LIQUIDATION,4,6819.792946,7138.1945446521,6819.792946,2025-06-03 09:43:14
11420,17131,772,2,BORROW,1,1855.416225,4629.5547133404,1855.416225,2025-06-03 09:44:31
11421,17133,184,2,REPAY,5,34.601238,,34.601238,2025-06-03 10:18:27
11422,17134,12,3,REPAY,4,1e-06,,1e-06,2025-06-03 10:34:40
11423,17135,170,4,REPAY,4,24.522778,,24.522778,2025-06-03 10:43:07
11424,17137,783,3,REPAY,4,1929.159645,,1929.159645,2025-06-03 11:24:19
11425,17138,934,1,REPAY,3,47.535152,,47.535152,2025-06-03 11:59:17
11426,17140,65,1,REPAY,3,0.068158,,0.068158,2025-06-03 12:25:09
11427,17141,288,3,BORROW,4,4454.781256,10183.1127706948,4454.781256,2025-06-03 12:33:44
11428,17142,971,1,DEPOSIT,1,395.974986,395.974986,,2025-06-03 12:34:37
11429,17143,163,2,REPAY,5,2e-06,,2e-06,2025-06-03 12:40:53
11430,17144,750,3,LIQUIDATION,2,13284.441269,15661.7962436618,13284.441269,2025-06-03 13:01:35
11431,17147,751,4,REPAY,2,0.011005,,0.011005,2025-06-03 13:50:39
11432,17148,815,1,DEPOSIT,5,7642.835255,7642.835255,,2025-06-03 13:57:15
11433,17149,285,2,WITHDRAW,2,7249.401939,,,2025-06-03 14:18:51
11434,17150,624,3,BORROW,4,9117.605116,21181.8466242446,9117.605116,2025-06-03 14:25:01
11435,17151,812,1,WITHDRAW,2,3630.889904,,,2025-06-03 14:34:15
11436,17152,456,1,REPAY,1,2944.501109,,2944.501109,2025-06-03 14:38:15
11437,17153,390,2,WITHDRAW,4,6417.590822,,,2025-06-03 14:41:04
11438,17154,890,1,REPAY,5,0.014363,,0.014363,2025-06-03 15:16:35
11439,17155,900,2,DEPOSIT,2,7523.9134,7523.9134,,2025-06-03 15:21:01
11440,17157,790,3,DEPOSIT,3,5547.585533,5547.585533,,2025-06-03 15:32:16
11441,17160,691,1,REPAY,5,79.126311,,79.126311,2025-06-03 16:18:23
11442,17161,997,3,REPAY,1,0.301661,,0.301661,2025-06-03 16:28:23
11443,17162,648,1,REPAY,4,3760.18716,,3760.18716,2025-06-03 16:30:00
11444,17164,540,4,BORROW,4,8928.710262,13509.8264241958,8928.710262,2025-06-03 17:12:35
11445,17165,85,3,REPAY,5,0.000629,,0.000629,2025-06-03 17:15:11
11446,17166,610,1,WITHDRAW,3,6919.000817,,,2025-06-03 17:24:22
11447,17168,530,3,REPAY,4,0.522245,,0.522245,2025-06-03 17:58:39
11448,17170,74,3,REPAY,1,0.036178,,0.036178,2025-06-03 18:15:13
11449,17171,778,2,REPAY,4,14.686338,,14.686338,2025-06-03 18:35:27
11450,17172,381,1,BORROW,4,4076.584241,5412.6608713637,4076.584241,2025-06-03 19:03:57
11451,17173,798,3,WITHDRAW,5,8008.47734,,,2025-06-03 19:17:36
11452,17174,513,2,LIQUIDATION,4,404.412927,380.3533319566,404.412927,2025-06-03 19:34:48
11453,17175,123,4,REPAY,5,462.490016,,462.490016,2025-06-03 20:06:33
11454,17176,449,3,BORROW,4,5447.766559,10184.0348507862,5447.766559,2025-06-03 20:34:27
11455,17177,156,2,DEPOSIT,2,3714.872078,3714.872078,,2025-06-03 20:36:13
11456,17178,914,3,BORROW,3,8423.584145,11282.0919133651,8423.584145,2025-06-03 20:51:13
11457,17179,971,1,REPAY,2,1529.637283,,1529.637283,2025-06-03 20:59:45
11458,17181,3,4,REPAY,4,0.000409,,0.000409,2025-06-03 21:08:51
11459,17182,575,2,REPAY,2,33.669557,,33.669557,2025-06-03 21:26:12
11460,17183,180,4,REPAY,3,3780.925533,,3780.925533,2025-06-03 21:52:37
11461,17184,545,4,REPAY,2,877.759786,,877.759786,2025-06-03 21:58:50
11462,17185,788,3,REPAY,3,3448.221753,,3448.221753,2025-06-03 22:03:05
11463,17186,384,3,REPAY,3,0.109048,,0.109048,2025-06-03 22:18:36
11464,17187,941,3,REPAY,1,0.142919,,0.142919,2025-06-03 22:23:46
11465,17188,187,4,BORROW,2,1658.497701,2631.8083672222,1658.497701,2025-06-03 22:25:56
11466,17191,137,2,REPAY,2,2381.571387,,2381.571387,2025-06-03 23:54:18
11467,17192,943,3,REPAY,1,10.177538,,10.177538,2025-06-04 00:07:18
11468,17195,358,2,REPAY,3,1092.406993,,1092.406993,2025-06-04 01:08:25
11469,17196,534,2,REPAY,5,1.329778,,1.329778,2025-06-04 01:27:42
11470,17197,482,4,REPAY,2,6.657796,,6.657796,2025-06-04 01:53:46
11471,17198,888,2,REPAY,1,1740.114679,,1740.114679,2025-06-04 01:59:07
11472,17200,697,3,REPAY,2,1.619535,,1.619535,2025-06-04 02:26:38
11473,17201,378,1,REPAY,5,2.096666,,2.096666,2025-06-04 02:38:06
11474,17202,947,3,DEPOSIT,5,8503.843671,8503.843671,,2025-06-04 02:39:10
11475,17203,88,3,DEPOSIT,5,3008.078752,3008.078752,,2025-06-04 02:39:55
11476,17204,197,3,REPAY,2,10.558542,,10.558542,2025-06-04 02:41:12
11477,17205,284,4,REPAY,3,3.230652,,3.230652,2025-06-04 02:53:35
11478,17206,749,1,BORROW,4,9065.594836,12788.1077031682,9065.594836,2025-06-04 02:53:47
11479,17208,139,2,REPAY,1,68.769564,,68.769564,2025-06-04 03:08:55
11480,17210,57,3,DEPOSIT,4,2670.705636,2670.705636,,2025-06-04 03:25:17
11481,17211,364,3,REPAY,5,0.013812,,0.013812,2025-06-04 04:07:24
11482,17212,365,1,WITHDRAW,4,5288.934215,,,2025-06-04 04:33:34
11483,17213,713,3,REPAY,3,35.437695,,35.437695,2025-06-04 04:46:19
11484,17214,725,2,REPAY,2,2e-06,,2e-06,2025-06-04 04:49:33
11485,17217,648,4,REPAY,5,1163.01518,,1163.01518,2025-06-04 05:18:33
11486,17218,207,4,DEPOSIT,3,4421.291944,4421.291944,,2025-06-04 05:28:16
11487,17219,762,2,REPAY,3,503.672978,,503.672978,2025-06-04 05:40:59
11488,17220,845,2,BORROW,3,2265.896492,5468.8957767297,2265.896492,2025-06-04 05:54:36
11489,17222,212,1,REPAY,5,0.001422,,0.001422,2025-06-04 06:07:38
11490,17223,153,2,REPAY,4,14.614401,,14.614401,2025-06-04 06:07:39
11491,17224,446,2,REPAY,2,8.176314,,8.176314,2025-06-04 06:25:53
11492,17225,151,4,DEPOSIT,1,9157.120302,9157.120302,,2025-06-04 06:26:21
11493,17228,32,1,BORROW,4,1045.725453,2359.098204003,1045.725453,2025-06-04 07:05:52
11494,17230,913,3,DEPOSIT,5,8698.367417,8698.367417,,2025-06-04 07:10:45
11495,17231,615,1,REPAY,3,1e-06,,1e-06,2025-06-04 07:33:02
11496,17234,488,3,WITHDRAW,4,9870.63475,,,2025-06-04 08:29:22
11497,17235,4,3,REPAY,2,2.7e-05,,2.7e-05,2025-06-04 08:29:37
11498,17236,868,4,REPAY,3,295.140976,,295.140976,2025-06-04 08:40:18
11499,17237,291,1,REPAY,3,0.486017,,0.486017,2025-06-04 08:51:15
11500,17238,88,4,DEPOSIT,3,8424.422719,8424.422719,,2025-06-04 09:02:53
11501,17239,978,1,WITHDRAW,3,4210.671479,,,2025-06-04 09:10:52
11502,17240,130,2,REPAY,5,0.008762,,0.008762,2025-06-04 09:27:57
11503,17242,554,1,REPAY,2,0.435912,,0.435912,2025-06-04 09:44:09
11504,17243,108,3,REPAY,4,313.852247,,313.852247,2025-06-04 10:00:58
11505,17245,211,2,DEPOSIT,5,4502.727269,4502.727269,,2025-06-04 10:05:03
11506,17246,398,2,DEPOSIT,2,6284.732018,6284.732018,,2025-06-04 10:29:02
11507,17248,264,2,WITHDRAW,3,3797.440116,,,2025-06-04 10:51:27
11508,17251,645,4,REPAY,1,0.074412,,0.074412,2025-06-04 11:32:46
11509,17252,75,3,REPAY,2,68.875176,,68.875176,2025-06-04 11:33:52
11510,17254,521,2,WITHDRAW,5,5797.132235,,,2025-06-04 11:49:13
11511,17255,379,1,DEPOSIT,4,3072.608465,3072.608465,,2025-06-04 12:00:21
11512,17256,7,4,REPAY,3,611.808462,,611.808462,2025-06-04 12:01:46
11513,17257,365,2,REPAY,5,0.012309,,0.012309,2025-06-04 12:07:40
11514,17258,693,4,REPAY,4,0.119846,,0.119846,2025-06-04 12:36:59
11515,17259,308,1,REPAY,3,3552.829959,,3552.829959,2025-06-04 12:57:27
11516,17260,179,4,DEPOSIT,5,8465.185432,8465.185432,,2025-06-04 13:04:25
11517,17261,921,3,WITHDRAW,3,6686.352153,,,2025-06-04 13:30:05
11518,17262,513,1,DEPOSIT,3,5573.408527,5573.408527,,2025-06-04 13:30:20
11519,17263,581,1,DEPOSIT,1,7841.029305,7841.029305,,2025-06-04 13:39:59
11520,17264,341,1,REPAY,3,0.018591,,0.018591,2025-06-04 13:57:06
11521,17265,870,2,REPAY,5,2244.175959,,2244.175959,2025-06-04 14:22:07
11522,17266,723,2,REPAY,2,396.136777,,396.136777,2025-06-04 14:35:29
11523,17267,154,3,REPAY,2,71.594496,,71.594496,2025-06-04 14:42:20
11524,17268,932,4,REPAY,3,0.07339,,0.07339,2025-06-04 14:53:37
11525,17269,765,1,REPAY,1,9e-06,,9e-06,2025-06-04 15:53:41
11526,17270,687,1,REPAY,3,592.425736,,592.425736,2025-06-04 16:15:48
11527,17271,45,3,REPAY,4,3382.897123,,3382.897123,2025-06-04 16:25:08
11528,17272,404,3,WITHDRAW,3,3111.987627,,,2025-06-04 16:29:07
11529,17273,326,2,WITHDRAW,1,6303.631104,,,2025-06-04 17:02:34
11530,17274,300,4,REPAY,4,781.811488,,781.811488,2025-06-04 17:06:22
11531,17275,204,3,REPAY,3,0.651695,,0.651695,2025-06-04 17:08:26
11532,17276,152,3,DEPOSIT,2,2588.062144,2588.062144,,2025-06-04 17:08:47
11533,17279,392,2,DEPOSIT,5,2493.492727,2493.492727,,2025-06-04 17:13:09
11534,17280,806,3,LIQUIDATION,5,621.039066,597.3346748104,621.039066,2025-06-04 17:20:40
11535,17281,432,1,DEPOSIT,3,2268.814415,2268.814415,,2025-06-04 17:27:14
11536,17283,100,2,DEPOSIT,3,3346.302134,3346.302134,,2025-06-04 17:35:36
11537,17284,568,1,REPAY,5,130.135526,,130.135526,2025-06-04 17:45:03
11538,17286,349,3,REPAY,4,20.189548,,20.189548,2025-06-04 17:56:08
11539,17288,535,1,BORROW,2,9636.344356,23620.727854238,9636.344356,2025-06-04 18:26:42
11540,17289,505,2,REPAY,1,0.099216,,0.099216,2025-06-04 18:29:52
11541,17290,944,3,BORROW,1,775.80045,1259.549354764,775.80045,2025-06-04 19:12:42
11542,17291,713,3,REPAY,4,2.350955,,2.350955,2025-06-04 19:19:07
11543,17292,265,3,REPAY,3,0.12552,,0.12552,2025-06-04 19:28:29
11544,17293,684,3,REPAY,5,0.279474,,0.279474,2025-06-04 19:32:48
11545,17294,309,1,DEPOSIT,4,6730.387484,6730.387484,,2025-06-04 19:43:46
11546,17296,771,3,DEPOSIT,1,9356.964333,9356.964333,,2025-06-04 20:06:35
11547,17297,602,4,REPAY,4,333.678623,,333.678623,2025-06-04 20:30:03
11548,17298,273,2,REPAY,1,0.081834,,0.081834,2025-06-04 20:32:51
11549,17299,524,4,REPAY,4,0.069713,,0.069713,2025-06-04 20:42:14
11550,17300,691,4,DEPOSIT,5,9396.90021,9396.90021,,2025-06-04 20:46:39
11551,17302,620,3,REPAY,4,0.000282,,0.000282,2025-06-04 21:48:41
11552,17303,2,2,BORROW,2,2741.316843,3809.9049919193,2741.316843,2025-06-04 22:33:59
11553,17304,289,2,REPAY,3,0.039162,,0.039162,2025-06-04 22:47:07
11554,17305,922,3,REPAY,5,3826.173659,,3826.173659,2025-06-04 23:01:52
11555,17306,370,1,REPAY,2,0.001835,,0.001835,2025-06-04 23:12:24
11556,17307,741,4,BORROW,1,3605.791844,4411.6546770453,3605.791844,2025-06-04 23:24:05
11557,17308,823,4,BORROW,4,931.738876,2023.5733428094,931.738876,2025-06-04 23:24:11
11558,17309,927,4,BORROW,4,3605.272093,6202.9700104751,3605.272093,2025-06-04 23:24:26
11559,17310,202,1,BORROW,5,1348.430543,2214.3866839677,1348.430543,2025-06-04 23:38:04
11560,17311,380,4,LIQUIDATION,4,1912.440906,1798.0098737096,1912.440906,2025-06-04 23:54:26
11561,17312,640,1,DEPOSIT,2,7076.470911,7076.470911,,2025-06-04 23:58:32
11562,17313,856,3,WITHDRAW,2,173.96263,,,2025-06-04 23:59:23
11563,17315,126,4,REPAY,4,0.04795,,0.04795,2025-06-05 00:53:23
11564,17317,221,1,REPAY,3,1687.016493,,1687.016493,2025-06-05 01:13:12
11565,17318,882,2,REPAY,5,87.351589,,87.351589,2025-06-05 01:42:13
11566,17319,81,1,REPAY,2,1345.375172,,1345.375172,2025-06-05 02:08:06
11567,17321,985,2,REPAY,3,561.799023,,561.799023,2025-06-05 03:20:11
11568,17324,442,3,DEPOSIT,4,6877.454755,6877.454755,,2025-06-05 03:34:21
11569,17325,171,3,REPAY,3,2.415457,,2.415457,2025-06-05 03:38:15
11570,17327,504,4,LIQUIDATION,2,1785.088479,2072.3177306983,1785.088479,2025-06-05 03:43:39
11571,17328,482,1,DEPOSIT,1,554.182391,554.182391,,2025-06-05 03:56:22
11572,17329,424,4,REPAY,5,1e-06,,1e-06,2025-06-05 04:17:21
11573,17330,228,1,BORROW,4,8895.648849,21264.7865501813,8895.648849,2025-06-05 04:25:35
11574,17331,242,1,REPAY,5,1031.017371,,1031.017371,2025-06-05 04:30:59
11575,17332,951,3,REPAY,5,1616.188508,,1616.188508,2025-06-05 04:52:04
11576,17333,822,3,REPAY,1,0.000424,,0.000424,2025-06-05 05:20:36
11577,17335,361,4,REPAY,2,2714.469419,,2714.469419,2025-06-05 05:57:03
11578,17337,973,1,REPAY,5,0.011139,,0.011139,2025-06-05 06:06:16
11579,17338,51,2,REPAY,5,0.067757,,0.067757,2025-06-05 06:14:23
11580,17339,575,1,BORROW,2,636.027242,1105.8687483902,636.027242,2025-06-05 06:17:42
11581,17341,450,4,REPAY,2,39.629532,,39.629532,2025-06-05 06:41:09
11582,17342,233,2,REPAY,4,2322.011633,,2322.011633,2025-06-05 07:07:43
11583,17343,784,4,REPAY,3,0.453148,,0.453148,2025-06-05 07:12:17
11584,17344,922,2,REPAY,2,89.06187,,89.06187,2025-06-05 07:16:06
11585,17345,241,3,LIQUIDATION,1,2934.700397,3164.6143299878,2934.700397,2025-06-05 07:17:49
11586,17346,757,3,REPAY,1,5733.20725,,5733.20725,2025-06-05 07:23:32
11587,17348,55,4,REPAY,1,0.823083,,0.823083,2025-06-05 07:35:43
11588,17349,651,1,REPAY,3,0.071733,,0.071733,2025-06-05 07:41:52
11589,17350,672,4,REPAY,2,10.91916,,10.91916,2025-06-05 07:47:59
11590,17351,596,2,REPAY,4,8405.318744,,8405.318744,2025-06-05 07:49:19
11591,17352,221,1,REPAY,5,2991.555438,,2991.555438,2025-06-05 07:51:48
11592,17353,886,2,BORROW,3,1368.882529,2600.8791275366,1368.882529,2025-06-05 08:04:46
11593,17354,51,3,REPAY,3,0.020247,,0.020247,2025-06-05 08:26:41
11594,17356,255,3,WITHDRAW,1,2029.646156,,,2025-06-05 08:30:13
11595,17357,571,3,REPAY,3,0.693519,,0.693519,2025-06-05 08:45:35
11596,17358,712,4,REPAY,3,0.988678,,0.988678,2025-06-05 09:01:20
11597,17361,102,1,REPAY,5,0.676105,,0.676105,2025-06-05 10:39:39
11598,17362,942,3,DEPOSIT,2,9649.630941,9649.630941,,2025-06-05 11:07:43
11599,17365,73,2,REPAY,5,7860.565753,,7860.565753,2025-06-05 12:18:01
11600,17369,325,3,REPAY,3,6.1e-05,,6.1e-05,2025-06-05 13:43:55
11601,17370,732,3,REPAY,1,0.094231,,0.094231,2025-06-05 13:47:45
11602,17371,608,3,REPAY,2,0.298087,,0.298087,2025-06-05 14:08:53
11603,17372,455,4,REPAY,4,0.443448,,0.443448,2025-06-05 14:15:38
11604,17373,985,3,REPAY,1,172.608472,,172.608472,2025-06-05 14:17:24
11605,17374,268,1,REPAY,2,0.0,,0.0,2025-06-05 14:28:34
11606,17375,993,1,WITHDRAW,3,2730.815682,,,2025-06-05 15:02:10
11607,17376,815,2,REPAY,2,0.000379,,0.000379,2025-06-05 15:12:44
11608,17377,737,4,REPAY,1,1800.798869,,1800.798869,2025-06-05 15:28:08
11609,17378,256,1,LIQUIDATION,5,9654.010001,8718.6366384773,9654.010001,2025-06-05 15:31:51
11610,17379,357,1,REPAY,2,0.772382,,0.772382,2025-06-05 15:42:27
11611,17380,539,1,REPAY,1,109.41421,,109.41421,2025-06-05 15:42:30
11612,17381,521,4,REPAY,4,2168.942539,,2168.942539,2025-06-05 16:18:38
11613,17382,402,3,REPAY,4,3719.560232,,3719.560232,2025-06-05 16:30:19
11614,17383,976,4,WITHDRAW,2,891.01761,,,2025-06-05 16:30:46
11615,17384,427,4,BORROW,3,853.995069,2109.0485238435,853.995069,2025-06-05 17:06:09
11616,17385,420,4,BORROW,1,1273.327722,3084.9176810826,1273.327722,2025-06-05 17:32:24
11617,17387,651,1,REPAY,4,0.001835,,0.001835,2025-06-05 17:51:16
11618,17388,920,4,REPAY,1,14.633381,,14.633381,2025-06-05 18:14:51
11619,17389,779,3,REPAY,4,0.002092,,0.002092,2025-06-05 18:22:27
11620,17390,185,1,DEPOSIT,4,4291.928841,4291.928841,,2025-06-05 18:44:56
11621,17391,321,2,BORROW,5,8680.062037,15577.0793396348,8680.062037,2025-06-05 18:49:29
11622,17392,687,2,REPAY,2,66.329874,,66.329874,2025-06-05 18:59:23
11623,17393,27,1,DEPOSIT,5,2915.987645,2915.987645,,2025-06-05 19:03:54
11624,17396,534,3,LIQUIDATION,1,3.481795,2.9837427315,3.481795,2025-06-05 19:21:47
11625,17397,409,4,REPAY,1,22.532989,,22.532989,2025-06-05 19:23:41
11626,17400,71,4,BORROW,2,7854.228629,12901.3945254019,7854.228629,2025-06-05 19:34:08
11627,17401,175,4,REPAY,3,2638.422109,,2638.422109,2025-06-05 19:37:28
11628,17402,486,2,BORROW,2,2572.895834,4691.4290558019,2572.895834,2025-06-05 19:58:58
11629,17403,341,3,REPAY,4,0.005275,,0.005275,2025-06-05 20:17:42
11630,17404,261,2,REPAY,4,0.0,,0.0,2025-06-05 20:58:13
11631,17405,285,4,WITHDRAW,3,2190.981157,,,2025-06-05 21:18:02
11632,17407,805,3,REPAY,5,8.027909,,8.027909,2025-06-05 21:23:47
11633,17409,860,1,LIQUIDATION,5,730.337083,596.0453835323,730.337083,2025-06-05 21:58:55
11634,17410,353,1,REPAY,5,1632.907902,,1632.907902,2025-06-05 22:47:21
11635,17412,696,3,REPAY,5,415.025743,,415.025743,2025-06-05 23:11:00
11636,17413,396,4,REPAY,1,150.113549,,150.113549,2025-06-05 23:49:56
11637,17414,229,3,DEPOSIT,4,7956.726071,7956.726071,,2025-06-05 23:54:00
11638,17415,669,1,DEPOSIT,5,5278.431046,5278.431046,,2025-06-06 00:10:11
11639,17416,30,2,REPAY,4,986.147712,,986.147712,2025-06-06 00:14:12
11640,17418,718,2,REPAY,2,5.557471,,5.557471,2025-06-06 00:48:56
11641,17419,966,4,REPAY,3,345.439951,,345.439951,2025-06-06 01:14:20
11642,17420,362,4,REPAY,1,0.006826,,0.006826,2025-06-06 01:17:32
11643,17421,538,3,REPAY,2,0.000471,,0.000471,2025-06-06 01:20:06
11644,17422,781,4,BORROW,3,5292.286224,10964.6933602292,5292.286224,2025-06-06 01:26:45
11645,17425,441,4,REPAY,5,0.815444,,0.815444,2025-06-06 02:25:49
11646,17426,470,3,BORROW,2,892.172735,1342.2830839597,892.172735,2025-06-06 02:29:30
11647,17428,32,4,REPAY,3,429.713713,,429.713713,2025-06-06 02:55:29
11648,17429,701,3,REPAY,4,0.469744,,0.469744,2025-06-06 03:16:04
11649,17430,60,3,REPAY,4,1400.530592,,1400.530592,2025-06-06 03:19:11
11650,17434,138,4,REPAY,5,1631.995695,,1631.995695,2025-06-06 04:29:12
11651,17435,577,4,REPAY,3,0.022022,,0.022022,2025-06-06 04:34:55
11652,17436,465,2,REPAY,5,0.000683,,0.000683,2025-06-06 04:37:58
11653,17437,630,1,REPAY,5,110.174829,,110.174829,2025-06-06 04:41:01
11654,17438,195,2,REPAY,4,0.001686,,0.001686,2025-06-06 05:01:30
11655,17441,984,3,REPAY,4,51.780379,,51.780379,2025-06-06 05:46:53
11656,17442,492,4,BORROW,1,9863.808292,20481.3832093261,9863.808292,2025-06-06 05:48:20
11657,17443,329,1,REPAY,2,899.738682,,899.738682,2025-06-06 05:53:51
11658,17444,40,1,WITHDRAW,3,5300.051547,,,2025-06-06 05:56:37
11659,17445,368,3,WITHDRAW,5,6054.152365,,,2025-06-06 06:07:06
11660,17447,826,3,DEPOSIT,3,4292.707324,4292.707324,,2025-06-06 06:16:23
11661,17448,619,1,REPAY,4,0.352064,,0.352064,2025-06-06 06:17:49
11662,17449,409,2,WITHDRAW,3,5825.486152,,,2025-06-06 06:37:30
11663,17455,634,3,REPAY,1,216.589009,,216.589009,2025-06-06 08:29:51
11664,17457,879,4,WITHDRAW,2,7118.569921,,,2025-06-06 09:17:59
11665,17458,541,2,WITHDRAW,3,3812.163438,,,2025-06-06 09:22:41
11666,17460,824,3,BORROW,5,824.347893,1065.8908480632,824.347893,2025-06-06 09:37:29
11667,17462,571,2,REPAY,3,0.611344,,0.611344,2025-06-06 10:01:13
11668,17463,959,1,DEPOSIT,1,7871.928613,7871.928613,,2025-06-06 10:26:47
11669,17464,937,1,BORROW,5,6191.891585,8958.460360953,6191.891585,2025-06-06 10:39:26
11670,17465,396,2,REPAY,3,509.643782,,509.643782,2025-06-06 10:41:12
11671,17470,248,2,REPAY,5,575.861825,,575.861825,2025-06-06 11:37:45
11672,17471,380,1,BORROW,4,7412.233472,11626.7604883104,7412.233472,2025-06-06 11:45:16
11673,17472,695,4,REPAY,3,0.003468,,0.003468,2025-06-06 11:57:05
11674,17474,682,2,BORROW,2,1064.388621,1944.3934303473,1064.388621,2025-06-06 12:01:51
11675,17476,624,1,REPAY,2,2476.720912,,2476.720912,2025-06-06 12:26:06
11676,17478,961,3,REPAY,5,1.8e-05,,1.8e-05,2025-06-06 12:37:42
11677,17481,452,1,REPAY,1,0.525849,,0.525849,2025-06-06 13:17:57
11678,17483,938,3,WITHDRAW,4,1427.719113,,,2025-06-06 13:29:29
11679,17484,932,4,REPAY,5,0.170738,,0.170738,2025-06-06 13:52:41
11680,17486,838,2,REPAY,4,75.980899,,75.980899,2025-06-06 14:44:56
11681,17487,577,3,WITHDRAW,1,6847.353393,,,2025-06-06 15:26:06
11682,17489,567,2,REPAY,4,2732.474187,,2732.474187,2025-06-06 16:01:58
11683,17490,10,4,REPAY,3,6.9e-05,,6.9e-05,2025-06-06 16:29:53
11684,17492,759,3,DEPOSIT,4,4747.494567,4747.494567,,2025-06-06 16:31:28
11685,17493,236,1,REPAY,4,0.005925,,0.005925,2025-06-06 16:50:16
11686,17495,501,1,BORROW,4,7781.989556,15823.7522504851,7781.989556,2025-06-06 17:20:47
11687,17496,293,3,REPAY,1,33.228305,,33.228305,2025-06-06 17:22:33
11688,17497,312,3,DEPOSIT,4,2239.635562,2239.635562,,2025-06-06 17:23:42
11689,17498,206,1,REPAY,2,1.546209,,1.546209,2025-06-06 17:28:31
11690,17500,785,1,REPAY,4,4049.944745,,4049.944745,2025-06-06 17:59:05
11691,17501,366,4,REPAY,3,7.4e-05,,7.4e-05,2025-06-06 18:04:27
11692,17503,660,3,BORROW,5,4130.434608,10248.3711809974,4130.434608,2025-06-06 18:17:19
11693,17506,382,3,REPAY,2,173.887993,,173.887993,2025-06-06 18:44:28
11694,17507,125,1,BORROW,5,9308.503759,21271.0537106209,9308.503759,2025-06-06 18:48:42
11695,17508,117,2,REPAY,2,437.708717,,437.708717,2025-06-06 18:52:48
11696,17509,783,2,REPAY,2,39.266619,,39.266619,2025-06-06 18:53:59
11697,17512,804,4,REPAY,1,0.183347,,0.183347,2025-06-06 19:08:03
11698,17513,207,1,REPAY,1,5.8e-05,,5.8e-05,2025-06-06 19:09:52
11699,17514,324,2,REPAY,2,682.296225,,682.296225,2025-06-06 19:11:46
11700,17516,948,3,WITHDRAW,4,6039.326708,,,2025-06-06 19:31:46
11701,17517,953,4,BORROW,4,1706.555206,3814.6140892698,1706.555206,2025-06-06 19:34:19
11702,17518,348,1,REPAY,3,0.000623,,0.000623,2025-06-06 19:40:27
11703,17519,434,2,BORROW,3,4046.807819,9490.5987840815,4046.807819,2025-06-06 20:01:42
11704,17520,984,3,REPAY,4,1.768707,,1.768707,2025-06-06 20:09:13
11705,17521,295,4,REPAY,3,2.927024,,2.927024,2025-06-06 20:14:04
11706,17522,83,3,REPAY,1,0.000388,,0.000388,2025-06-06 20:18:30
11707,17523,83,2,REPAY,5,3.1e-05,,3.1e-05,2025-06-06 20:19:05
11708,17524,758,3,REPAY,2,0.240054,,0.240054,2025-06-06 20:46:46
11709,17525,825,3,REPAY,1,1150.617304,,1150.617304,2025-06-06 20:48:37
11710,17526,888,2,REPAY,5,703.13703,,703.13703,2025-06-06 21:27:41
11711,17528,571,4,WITHDRAW,3,7320.394642,,,2025-06-06 21:42:44
11712,17530,43,2,REPAY,5,3080.897931,,3080.897931,2025-06-06 21:49:58
11713,17531,56,2,DEPOSIT,3,5741.082799,5741.082799,,2025-06-06 22:23:33
11714,17532,626,3,WITHDRAW,3,1224.960113,,,2025-06-06 22:58:23
11715,17533,881,2,WITHDRAW,1,7474.631158,,,2025-06-06 23:04:29
11716,17534,879,3,WITHDRAW,1,3503.951741,,,2025-06-06 23:08:34
11717,17535,139,3,REPAY,1,16.136681,,16.136681,2025-06-06 23:09:19
11718,17537,547,2,REPAY,2,127.818965,,127.818965,2025-06-06 23:29:04
11719,17538,720,3,REPAY,4,1735.166422,,1735.166422,2025-06-06 23:38:18
11720,17539,389,2,BORROW,1,2387.261961,5809.2993707805,2387.261961,2025-06-06 23:42:00
11721,17540,416,3,REPAY,1,69.354402,,69.354402,2025-06-07 00:02:22
11722,17541,846,2,BORROW,1,4057.109159,4973.2209619729,4057.109159,2025-06-07 00:06:42
11723,17543,813,1,REPAY,5,1.538153,,1.538153,2025-06-07 00:36:00
11724,17545,448,3,WITHDRAW,2,4170.303199,,,2025-06-07 00:46:41
11725,17546,450,1,LIQUIDATION,2,64.526037,70.3927063043,64.526037,2025-06-07 00:57:14
11726,17549,443,1,REPAY,5,0.025138,,0.025138,2025-06-07 01:19:17
11727,17551,193,2,REPAY,4,0.949912,,0.949912,2025-06-07 01:41:15
11728,17552,420,2,REPAY,4,256.547064,,256.547064,2025-06-07 01:43:39
11729,17554,924,4,REPAY,3,3381.138914,,3381.138914,2025-06-07 02:16:04
11730,17555,652,2,LIQUIDATION,1,20093.94318,22864.0434535104,20093.94318,2025-06-07 02:21:20
11731,17556,356,4,REPAY,1,764.159135,,764.159135,2025-06-07 02:24:06
11732,17557,693,3,REPAY,3,0.008349,,0.008349,2025-06-07 02:53:24
11733,17558,694,3,REPAY,2,3990.269365,,3990.269365,2025-06-07 03:02:44
11734,17560,107,3,REPAY,4,64.216388,,64.216388,2025-06-07 03:36:18
11735,17562,169,2,REPAY,5,0.938824,,0.938824,2025-06-07 04:09:33
11736,17563,63,4,REPAY,1,661.190754,,661.190754,2025-06-07 04:11:40
11737,17564,736,2,REPAY,3,50.489235,,50.489235,2025-06-07 04:26:30
11738,17565,103,1,REPAY,2,0.001124,,0.001124,2025-06-07 04:27:27
11739,17566,402,4,REPAY,4,3207.27891,,3207.27891,2025-06-07 04:29:11
11740,17567,457,3,BORROW,4,3946.336886,8505.502644097,3946.336886,2025-06-07 04:47:32
11741,17568,625,3,WITHDRAW,1,4361.687534,,,2025-06-07 05:23:09
11742,17570,840,4,REPAY,3,641.668933,,641.668933,2025-06-07 06:07:30
11743,17571,12,2,REPAY,4,1e-06,,1e-06,2025-06-07 06:11:17
11744,17573,376,4,BORROW,3,2177.542447,4835.5150936707,2177.542447,2025-06-07 06:48:09
11745,17574,235,3,REPAY,5,2.8e-05,,2.8e-05,2025-06-07 06:54:05
11746,17575,193,1,WITHDRAW,5,7344.474403,,,2025-06-07 06:54:53
11747,17576,923,1,WITHDRAW,2,3756.056518,,,2025-06-07 06:56:51
11748,17577,368,3,DEPOSIT,3,3845.074059,3845.074059,,2025-06-07 07:00:31
11749,17579,138,3,BORROW,1,3568.566518,4449.7853323974,3568.566518,2025-06-07 07:39:47
11750,17580,739,2,LIQUIDATION,5,0.000639,0.0006965679,0.000639,2025-06-07 07:44:24
11751,17581,670,2,REPAY,5,269.319723,,269.319723,2025-06-07 07:51:11
11752,17582,210,4,WITHDRAW,5,7957.823955,,,2025-06-07 08:00:33
11753,17583,950,2,LIQUIDATION,3,52.353922,55.7568030149,52.353922,2025-06-07 08:04:58
11754,17585,62,4,BORROW,3,8069.417887,19196.8085973542,8069.417887,2025-06-07 08:44:35
11755,17586,421,3,REPAY,5,326.494692,,326.494692,2025-06-07 08:44:39
11756,17587,676,3,WITHDRAW,5,8921.597983,,,2025-06-07 08:49:28
11757,17588,73,2,REPAY,3,580.929947,,580.929947,2025-06-07 09:15:55
11758,17590,473,2,REPAY,3,0.083562,,0.083562,2025-06-07 10:08:54
11759,17591,494,4,REPAY,3,0.122519,,0.122519,2025-06-07 10:13:34
11760,17592,955,3,DEPOSIT,2,2767.656337,2767.656337,,2025-06-07 11:06:07
11761,17593,54,4,BORROW,1,7309.782497,9887.9333779506,7309.782497,2025-06-07 11:06:24
11762,17594,325,3,REPAY,1,7e-06,,7e-06,2025-06-07 11:30:27
11763,17596,533,2,REPAY,3,0.022015,,0.022015,2025-06-07 12:20:18
11764,17597,988,1,REPAY,5,2317.788794,,2317.788794,2025-06-07 12:53:42
11765,17598,189,3,REPAY,3,0.004118,,0.004118,2025-06-07 13:13:35
11766,17599,464,2,LIQUIDATION,2,6445.048395,5416.3170561759,6445.048395,2025-06-07 13:39:52
11767,17600,745,4,REPAY,3,6859.312134,,6859.312134,2025-06-07 13:55:09
11768,17602,667,1,REPAY,5,0.001541,,0.001541,2025-06-07 13:58:55
11769,17603,985,1,REPAY,2,118.889491,,118.889491,2025-06-07 14:04:06
11770,17604,79,3,REPAY,3,0.367785,,0.367785,2025-06-07 14:37:15
11771,17605,777,3,BORROW,4,9852.057582,15232.0128802599,9852.057582,2025-06-07 14:50:18
11772,17606,401,1,REPAY,2,41.434601,,41.434601,2025-06-07 15:09:36
11773,17608,43,1,REPAY,3,48.165822,,48.165822,2025-06-07 15:35:13
11774,17611,813,2,REPAY,4,0.384036,,0.384036,2025-06-07 16:13:58
11775,17612,165,2,WITHDRAW,3,9393.128371,,,2025-06-07 17:06:32
11776,17613,594,1,REPAY,5,28.438924,,28.438924,2025-06-07 17:20:56
11777,17614,284,1,REPAY,1,0.744368,,0.744368,2025-06-07 17:21:38
11778,17615,560,4,REPAY,5,446.718852,,446.718852,2025-06-07 17:28:44
11779,17616,363,3,LIQUIDATION,1,41.084296,47.2397794549,41.084296,2025-06-07 17:30:30
11780,17618,436,4,REPAY,5,0.186946,,0.186946,2025-06-07 18:24:53
11781,17619,884,4,LIQUIDATION,5,1386.611482,1462.0605572491,1386.611482,2025-06-07 18:27:25
11782,17621,433,4,REPAY,4,1.256904,,1.256904,2025-06-07 19:05:33
11783,17622,465,2,REPAY,3,2.9e-05,,2.9e-05,2025-06-07 19:11:17
11784,17623,513,2,BORROW,1,5332.542367,12407.6647289461,5332.542367,2025-06-07 19:11:39
11785,17624,966,2,REPAY,5,33.369791,,33.369791,2025-06-07 19:30:20
11786,17625,890,1,REPAY,2,0.028192,,0.028192,2025-06-07 19:40:33
11787,17626,17,4,REPAY,2,0.124918,,0.124918,2025-06-07 19:50:06
11788,17628,484,2,BORROW,4,7111.541749,9205.3177744554,7111.541749,2025-06-07 20:02:16
11789,17629,919,1,REPAY,2,9.405892,,9.405892,2025-06-07 20:05:10
11790,17630,489,2,REPAY,3,6.68115,,6.68115,2025-06-07 20:09:37
11791,17632,517,1,REPAY,3,97.391586,,97.391586,2025-06-07 20:50:06
11792,17633,46,2,REPAY,1,978.954454,,978.954454,2025-06-07 21:26:37
11793,17635,647,4,REPAY,4,5e-05,,5e-05,2025-06-07 21:32:28
11794,17637,888,3,REPAY,2,168.726275,,168.726275,2025-06-07 21:36:12
11795,17638,815,3,WITHDRAW,5,4583.44235,,,2025-06-07 21:41:09
11796,17639,16,3,WITHDRAW,1,3859.135862,,,2025-06-07 22:34:09
11797,17641,286,3,REPAY,2,789.192364,,789.192364,2025-06-07 22:46:35
11798,17642,461,3,WITHDRAW,3,1322.07622,,,2025-06-07 22:50:04
11799,17644,440,2,REPAY,3,0.01655,,0.01655,2025-06-07 23:04:53
11800,17645,688,1,WITHDRAW,5,4176.958182,,,2025-06-07 23:09:17
11801,17647,278,2,REPAY,4,0.666846,,0.666846,2025-06-08 00:10:09
11802,17648,922,4,REPAY,1,19.414352,,19.414352,2025-06-08 00:17:42
11803,17649,188,4,REPAY,4,866.160891,,866.160891,2025-06-08 00:29:11
11804,17650,586,4,REPAY,5,1.780554,,1.780554,2025-06-08 00:40:01
11805,17651,742,3,REPAY,3,4448.729316,,4448.729316,2025-06-08 00:45:31
11806,17652,761,2,BORROW,3,528.755451,1023.132351486,528.755451,2025-06-08 00:54:13
11807,17653,360,4,REPAY,3,0.049364,,0.049364,2025-06-08 01:07:19
11808,17655,531,3,REPAY,5,5.308547,,5.308547,2025-06-08 01:29:36
11809,17656,623,1,WITHDRAW,1,1258.386003,,,2025-06-08 01:37:23
11810,17657,585,4,WITHDRAW,5,3548.109713,,,2025-06-08 01:38:13
11811,17658,237,2,LIQUIDATION,5,13.937774,14.3643596323,13.937774,2025-06-08 01:49:33
11812,17661,341,1,REPAY,1,0.001267,,0.001267,2025-06-08 02:34:39
11813,17662,344,1,REPAY,2,13.24873,,13.24873,2025-06-08 03:11:58
11814,17663,349,2,REPAY,4,48.824811,,48.824811,2025-06-08 03:14:29
11815,17664,401,2,REPAY,5,26.683688,,26.683688,2025-06-08 03:22:06
11816,17666,796,4,LIQUIDATION,5,9421.620687,8536.6917114946,9421.620687,2025-06-08 03:50:32
11817,17669,764,3,REPAY,1,764.854894,,764.854894,2025-06-08 04:11:25
11818,17670,108,2,REPAY,3,22.139887,,22.139887,2025-06-08 04:32:35
11819,17671,118,2,BORROW,4,6994.230385,16787.3034270259,6994.230385,2025-06-08 04:33:23
11820,17672,561,4,REPAY,2,0.134617,,0.134617,2025-06-08 05:30:59
11821,17673,167,1,BORROW,5,3429.54267,6277.5170265622,3429.54267,2025-06-08 06:00:31
11822,17676,864,2,WITHDRAW,2,8233.091788,,,2025-06-08 06:32:40
11823,17677,460,1,LIQUIDATION,2,0.005409,0.0058776675,0.005409,2025-06-08 06:34:15
11824,17680,109,1,WITHDRAW,5,7250.724633,,,2025-06-08 07:10:53
11825,17681,553,2,REPAY,2,28.265195,,28.265195,2025-06-08 07:18:47
11826,17683,633,1,BORROW,1,2570.271376,3118.2398160841,2570.271376,2025-06-08 07:56:42
11827,17684,32,1,REPAY,2,338.210279,,338.210279,2025-06-08 08:20:31
11828,17685,399,2,REPAY,2,18.475629,,18.475629,2025-06-08 08:21:47
11829,17687,189,3,REPAY,4,0.01009,,0.01009,2025-06-08 08:34:29
11830,17688,432,4,DEPOSIT,5,5741.968671,5741.968671,,2025-06-08 08:48:26
11831,17689,245,2,DEPOSIT,2,6682.610657,6682.610657,,2025-06-08 08:57:43
11832,17690,244,4,WITHDRAW,5,7101.798999,,,2025-06-08 09:05:05
11833,17691,706,4,WITHDRAW,4,1173.560979,,,2025-06-08 09:39:54
11834,17692,667,2,REPAY,1,0.001807,,0.001807,2025-06-08 09:50:22
11835,17695,923,4,REPAY,3,4.098119,,4.098119,2025-06-08 10:41:15
11836,17696,114,1,DEPOSIT,3,9927.826883,9927.826883,,2025-06-08 10:54:14
11837,17697,161,1,REPAY,1,4694.456616,,4694.456616,2025-06-08 11:05:57
11838,17698,372,4,REPAY,2,2e-06,,2e-06,2025-06-08 11:31:24
11839,17701,299,2,WITHDRAW,3,5093.744477,,,2025-06-08 12:09:52
11840,17702,297,4,BORROW,2,4694.513205,7634.6111456073,4694.513205,2025-06-08 12:36:18
11841,17705,33,4,WITHDRAW,3,6584.474754,,,2025-06-08 13:08:24
11842,17706,653,4,REPAY,3,0.008184,,0.008184,2025-06-08 13:26:23
11843,17707,23,1,LIQUIDATION,4,1588.734309,1706.1845946769,1588.734309,2025-06-08 13:34:44
11844,17708,851,2,REPAY,3,0.145219,,0.145219,2025-06-08 14:02:51
11845,17709,791,1,REPAY,5,614.978136,,614.978136,2025-06-08 14:07:49
11846,17710,193,4,BORROW,5,6191.348713,9404.8187644607,6191.348713,2025-06-08 14:13:51
11847,17711,949,1,REPAY,4,0.076273,,0.076273,2025-06-08 14:21:04
11848,17713,772,4,REPAY,5,702.663321,,702.663321,2025-06-08 14:46:59
11849,17715,455,3,REPAY,3,0.088446,,0.088446,2025-06-08 15:17:11
11850,17716,247,4,REPAY,2,264.930959,,264.930959,2025-06-08 15:26:49
11851,17718,864,3,BORROW,1,9087.974796,18926.9356046399,9087.974796,2025-06-08 15:40:34
11852,17719,817,2,REPAY,1,0.000175,,0.000175,2025-06-08 15:58:38
11853,17720,848,2,REPAY,5,3367.74252,,3367.74252,2025-06-08 16:00:14
11854,17721,477,1,REPAY,5,26.227577,,26.227577,2025-06-08 16:09:22
11855,17722,496,3,WITHDRAW,4,157.265491,,,2025-06-08 16:35:57
11856,17723,15,4,REPAY,1,3.1e-05,,3.1e-05,2025-06-08 16:39:51
11857,17726,663,3,DEPOSIT,2,6442.725394,6442.725394,,2025-06-08 17:24:09
11858,17727,176,4,LIQUIDATION,4,1649.013587,1941.4406829175,1649.013587,2025-06-08 17:33:20
11859,17728,596,4,REPAY,5,14.432447,,14.432447,2025-06-08 17:39:10
11860,17729,102,1,REPAY,2,0.225539,,0.225539,2025-06-08 17:41:17
11861,17730,980,2,BORROW,1,2780.449883,5528.168025787,2780.449883,2025-06-08 17:49:20
11862,17734,690,1,WITHDRAW,2,1354.397404,,,2025-06-08 19:01:05
11863,17735,19,3,REPAY,1,64.490775,,64.490775,2025-06-08 19:13:30
11864,17736,605,2,REPAY,2,0.696181,,0.696181,2025-06-08 19:40:19
11865,17738,934,1,REPAY,2,3.315701,,3.315701,2025-06-08 20:08:14
11866,17739,110,4,BORROW,2,8217.804334,17653.231693715,8217.804334,2025-06-08 20:57:27
11867,17740,187,4,DEPOSIT,5,6768.779385,6768.779385,,2025-06-08 21:03:56
11868,17741,785,4,REPAY,5,22.719212,,22.719212,2025-06-08 21:20:46
11869,17743,168,2,REPAY,4,0.026092,,0.026092,2025-06-08 21:30:23
11870,17744,316,4,WITHDRAW,2,3248.962329,,,2025-06-08 21:32:06
11871,17745,151,3,REPAY,2,0.048991,,0.048991,2025-06-08 21:52:23
11872,17746,987,1,WITHDRAW,3,5952.877171,,,2025-06-08 21:54:55
11873,17748,10,2,REPAY,2,0.000237,,0.000237,2025-06-08 22:02:41
11874,17749,19,3,REPAY,5,209.984589,,209.984589,2025-06-08 22:32:23
11875,17750,919,3,REPAY,4,1.295975,,1.295975,2025-06-08 22:36:03
11876,17752,318,3,BORROW,2,9028.929874,12355.3727938195,9028.929874,2025-06-08 22:43:11
11877,17753,126,2,REPAY,2,0.072558,,0.072558,2025-06-09 00:00:47
11878,17754,480,2,REPAY,5,1.425955,,1.425955,2025-06-09 00:05:35
11879,17755,757,3,REPAY,4,1228.576656,,1228.576656,2025-06-09 00:20:03
11880,17756,908,3,REPAY,1,64.570575,,64.570575,2025-06-09 00:28:25
11881,17757,661,3,REPAY,3,1e-06,,1e-06,2025-06-09 00:39:22
11882,17758,12,1,REPAY,4,1e-06,,1e-06,2025-06-09 00:47:43
11883,17759,788,1,BORROW,5,1156.83117,1962.6773814621,1156.83117,2025-06-09 00:51:55
11884,17761,720,3,REPAY,1,2044.364074,,2044.364074,2025-06-09 01:03:24
11885,17762,501,4,LIQUIDATION,1,7781.989556,8070.2368669752,7781.989556,2025-06-09 01:23:58
11886,17763,809,2,BORROW,1,5161.684622,6196.1643772901,5161.684622,2025-06-09 01:33:57
11887,17765,479,1,REPAY,1,2268.83064,,2268.83064,2025-06-09 01:40:23
11888,17766,191,4,REPAY,2,9.123407,,9.123407,2025-06-09 02:24:32
11889,17767,298,4,BORROW,4,3391.77432,7407.1803344182,3391.77432,2025-06-09 02:46:02
11890,17768,510,3,BORROW,4,3129.060025,5586.9806581,3129.060025,2025-06-09 03:13:04
11891,17770,72,3,REPAY,5,42.053175,,42.053175,2025-06-09 03:32:59
11892,17771,233,4,REPAY,3,1678.687947,,1678.687947,2025-06-09 03:37:50
11893,17772,653,2,DEPOSIT,3,8140.784025,8140.784025,,2025-06-09 04:22:25
11894,17773,686,1,REPAY,3,0.020938,,0.020938,2025-06-09 04:30:11
11895,17775,228,1,WITHDRAW,5,3948.006068,,,2025-06-09 05:18:14
11896,17776,400,4,REPAY,3,475.621221,,475.621221,2025-06-09 05:36:03
11897,17777,841,2,LIQUIDATION,2,1880.695224,1831.0977642701,1880.695224,2025-06-09 05:38:14
11898,17778,768,2,REPAY,3,0.03121,,0.03121,2025-06-09 05:48:35
11899,17779,778,4,REPAY,1,51.043459,,51.043459,2025-06-09 05:53:40
11900,17782,806,4,WITHDRAW,3,9374.328542,,,2025-06-09 06:06:04
11901,17783,630,1,REPAY,2,608.808578,,608.808578,2025-06-09 06:26:55
11902,17784,297,3,LIQUIDATION,4,4694.513205,4667.5118862966,4694.513205,2025-06-09 06:32:34
11903,17785,816,1,WITHDRAW,4,494.892599,,,2025-06-09 06:36:05
11904,17786,192,3,BORROW,1,2631.19243,4498.4002605236,2631.19243,2025-06-09 06:42:38
11905,17787,388,1,BORROW,5,6802.466751,8277.1437644467,6802.466751,2025-06-09 06:44:23
11906,17794,45,2,REPAY,2,279.656703,,279.656703,2025-06-09 08:19:01
11907,17795,122,3,REPAY,2,44.839366,,44.839366,2025-06-09 08:41:45
11908,17798,891,4,REPAY,5,2508.526621,,2508.526621,2025-06-09 08:59:34
11909,17799,55,3,REPAY,4,1.186342,,1.186342,2025-06-09 09:40:56
11910,17800,204,3,REPAY,3,0.009705,,0.009705,2025-06-09 10:13:06
11911,17801,576,1,REPAY,1,1.4e-05,,1.4e-05,2025-06-09 10:29:07
11912,17802,538,4,REPAY,3,4.1e-05,,4.1e-05,2025-06-09 10:29:55
11913,17803,168,2,REPAY,4,0.118179,,0.118179,2025-06-09 10:42:45
11914,17805,927,4,REPAY,3,1813.24202,,1813.24202,2025-06-09 11:25:08
11915,17806,396,2,REPAY,4,51.892192,,51.892192,2025-06-09 11:29:41
11916,17807,389,3,REPAY,2,1848.445981,,1848.445981,2025-06-09 11:33:03
11917,17808,574,4,BORROW,3,2181.466225,5152.6570695618,2181.466225,2025-06-09 11:39:53
11918,17811,732,2,REPAY,1,0.014841,,0.014841,2025-06-09 12:01:15
11919,17812,670,2,REPAY,1,64.902005,,64.902005,2025-06-09 12:34:58
11920,17813,999,3,BORROW,3,8153.633645,13027.214474068,8153.633645,2025-06-09 12:47:00
11921,17814,267,3,DEPOSIT,2,9601.310066,9601.310066,,2025-06-09 12:51:33
11922,17817,22,2,REPAY,5,0.208397,,0.208397,2025-06-09 13:05:27
11923,17818,636,3,BORROW,4,7951.442715,17336.4212658592,7951.442715,2025-06-09 13:13:08
11924,17819,316,2,BORROW,2,2326.255142,4143.2341457112,2326.255142,2025-06-09 13:13:17
11925,17820,729,2,DEPOSIT,3,6526.327539,6526.327539,,2025-06-09 13:19:53
11926,17821,925,3,REPAY,3,3.084673,,3.084673,2025-06-09 13:20:11
11927,17823,684,1,REPAY,5,0.421591,,0.421591,2025-06-09 13:30:37
11928,17824,395,2,DEPOSIT,2,3618.893636,3618.893636,,2025-06-09 14:02:44
11929,17825,206,2,REPAY,2,1.099314,,1.099314,2025-06-09 14:09:04
11930,17827,838,4,REPAY,5,8.916146,,8.916146,2025-06-09 14:31:07
11931,17828,787,2,BORROW,4,3301.346206,7932.5769463556,3301.346206,2025-06-09 14:54:18
11932,17829,413,4,REPAY,3,0.124912,,0.124912,2025-06-09 14:55:16
11933,17830,307,1,BORROW,5,4123.666891,9745.5159130686,4123.666891,2025-06-09 15:18:21
11934,17833,280,3,REPAY,1,8353.151885,,8353.151885,2025-06-09 15:55:04
11935,17834,465,4,REPAY,1,1.6e-05,,1.6e-05,2025-06-09 16:14:13
11936,17835,192,4,REPAY,4,399.492391,,399.492391,2025-06-09 16:16:09
11937,17836,555,4,REPAY,3,4.638574,,4.638574,2025-06-09 16:22:13
11938,17837,175,1,REPAY,2,1545.662294,,1545.662294,2025-06-09 16:39:12
11939,17838,244,4,REPAY,5,615.724096,,615.724096,2025-06-09 16:51:14
11940,17842,172,4,REPAY,4,1324.648062,,1324.648062,2025-06-09 17:25:34
11941,17843,520,3,REPAY,4,546.117005,,546.117005,2025-06-09 17:27:44
11942,17845,150,3,REPAY,4,4.136512,,4.136512,2025-06-09 17:43:39
11943,17846,77,3,REPAY,1,2.206243,,2.206243,2025-06-09 18:01:37
11944,17847,214,3,BORROW,5,8436.811006,14398.4179494312,8436.811006,2025-06-09 18:05:45
11945,17848,994,4,REPAY,5,1.33089,,1.33089,2025-06-09 18:27:19
11946,17849,629,4,REPAY,4,148.014614,,148.014614,2025-06-09 18:31:20
11947,17850,955,2,REPAY,4,0.224623,,0.224623,2025-06-09 18:43:30
11948,17851,811,2,REPAY,3,1.589544,,1.589544,2025-06-09 19:31:52
11949,17852,363,2,DEPOSIT,4,6888.037585,6888.037585,,2025-06-09 20:22:46
11950,17853,527,3,REPAY,4,0.016052,,0.016052,2025-06-09 20:34:04
11951,17854,828,1,REPAY,2,1983.137307,,1983.137307,2025-06-09 20:37:34
11952,17855,828,2,REPAY,2,137.052364,,137.052364,2025-06-09 20:38:54
11953,17856,29,4,BORROW,1,4113.435857,6462.515887224,4113.435857,2025-06-09 20:46:33
11954,17858,241,4,BORROW,5,8775.609393,21427.6562818307,8775.609393,2025-06-09 20:58:33
11955,17860,372,4,REPAY,4,0.0,,0.0,2025-06-09 21:08:15
11956,17861,432,1,WITHDRAW,1,856.284948,,,2025-06-09 21:09:05
11957,17862,795,1,BORROW,4,5073.336085,10682.6631324044,5073.336085,2025-06-09 21:22:11
11958,17864,733,1,WITHDRAW,3,514.735017,,,2025-06-09 21:48:21
11959,17865,324,2,REPAY,5,301.435573,,301.435573,2025-06-09 21:49:02
11960,17866,407,4,REPAY,3,2.281501,,2.281501,2025-06-09 21:57:08
11961,17867,527,2,REPAY,4,0.015377,,0.015377,2025-06-09 22:18:06
11962,17868,216,1,REPAY,5,5116.328017,,5116.328017,2025-06-09 22:27:15
11963,17870,789,1,BORROW,5,2487.082674,6133.1160590249,2487.082674,2025-06-09 22:39:58
11964,17871,558,3,REPAY,3,32.527407,,32.527407,2025-06-09 22:46:12
11965,17872,173,2,DEPOSIT,2,8749.994326,8749.994326,,2025-06-09 22:54:06
11966,17873,787,2,REPAY,4,1410.783158,,1410.783158,2025-06-09 23:14:29
11967,17874,840,4,REPAY,3,789.40923,,789.40923,2025-06-09 23:23:25
11968,17875,836,4,REPAY,5,1.513427,,1.513427,2025-06-09 23:38:23
11969,17876,912,1,REPAY,3,3.7e-05,,3.7e-05,2025-06-09 23:41:22
11970,17877,594,2,REPAY,4,5.131438,,5.131438,2025-06-09 23:48:01
11971,17878,616,4,WITHDRAW,5,4000.893298,,,2025-06-09 23:58:33
11972,17879,805,4,REPAY,3,10.130966,,10.130966,2025-06-10 00:26:17
11973,17880,538,4,REPAY,4,0.000166,,0.000166,2025-06-10 00:31:57
11974,17881,481,3,REPAY,3,0.040857,,0.040857,2025-06-10 01:33:58
11975,17882,232,4,REPAY,1,0.002668,,0.002668,2025-06-10 01:34:00
11976,17883,997,3,REPAY,5,0.002753,,0.002753,2025-06-10 01:38:57
11977,17884,150,1,REPAY,1,22.130913,,22.130913,2025-06-10 01:59:11
11978,17886,818,1,REPAY,5,0.000335,,0.000335,2025-06-10 02:50:00
11979,17887,624,1,REPAY,4,3413.858412,,3413.858412,2025-06-10 03:27:11
11980,17888,725,2,REPAY,2,2e-06,,2e-06,2025-06-10 04:04:07
11981,17889,3,4,DEPOSIT,5,2693.778513,2693.778513,,2025-06-10 04:25:43
11982,17890,898,1,REPAY,1,0.016994,,0.016994,2025-06-10 05:00:00
11983,17891,451,1,REPAY,4,9.097069,,9.097069,2025-06-10 05:50:38
11984,17892,520,4,WITHDRAW,2,7552.334746,,,2025-06-10 05:52:24
11985,17893,603,2,REPAY,5,2.2414,,2.2414,2025-06-10 05:52:47
11986,17896,316,3,REPAY,1,2093.426441,,2093.426441,2025-06-10 06:13:46
11987,17897,89,4,REPAY,1,0.054433,,0.054433,2025-06-10 06:32:42
11988,17899,827,1,LIQUIDATION,1,14546.686127,14875.0042655764,14546.686127,2025-06-10 06:58:18
11989,17901,79,1,REPAY,4,0.114528,,0.114528,2025-06-10 07:35:28
11990,17902,695,4,REPAY,5,0.00297,,0.00297,2025-06-10 07:45:29
11991,17903,49,1,WITHDRAW,2,3090.270729,,,2025-06-10 08:03:55
11992,17904,13,4,REPAY,2,26.760337,,26.760337,2025-06-10 08:10:06
11993,17905,121,2,BORROW,2,2012.109297,4824.3224130128,2012.109297,2025-06-10 08:36:56
11994,17906,617,4,BORROW,3,811.847464,1188.8682787079,811.847464,2025-06-10 09:00:49
11995,17907,761,1,DEPOSIT,5,9513.553014,9513.553014,,2025-06-10 09:25:30
11996,17909,941,2,REPAY,3,0.039151,,0.039151,2025-06-10 10:03:49
11997,17913,21,2,REPAY,3,0.003352,,0.003352,2025-06-10 10:39:16
11998,17914,490,3,REPAY,5,0.000523,,0.000523,2025-06-10 10:48:28
11999,17916,202,2,LIQUIDATION,1,1348.430543,1499.7275775491,1348.430543,2025-06-10 11:28:45
12000,17917,698,1,BORROW,5,9953.612186,18496.1225331944,9953.612186,2025-06-10 11:30:24
12001,17918,400,3,REPAY,3,136.774611,,136.774611,2025-06-10 11:39:06
12002,17919,259,4,REPAY,3,0.0,,0.0,2025-06-10 11:41:33
12003,17920,26,1,WITHDRAW,4,4477.837691,,,2025-06-10 11:50:07
12004,17921,179,1,WITHDRAW,4,4566.759845,,,2025-06-10 12:03:33
12005,17922,270,4,WITHDRAW,2,8407.536397,,,2025-06-10 12:38:16
12006,17923,270,2,WITHDRAW,4,4397.335472,,,2025-06-10 13:01:15
12007,17924,400,1,BORROW,3,6133.284066,14067.5879593245,6133.284066,2025-06-10 13:05:32
12008,17926,328,1,REPAY,4,0.911515,,0.911515,2025-06-10 13:58:57
12009,17928,945,3,DEPOSIT,4,3414.160236,3414.160236,,2025-06-10 14:06:57
12010,17930,328,2,REPAY,1,0.070771,,0.070771,2025-06-10 14:55:58
12011,17931,229,4,REPAY,1,4.863044,,4.863044,2025-06-10 15:09:56
12012,17932,540,4,REPAY,5,8808.581818,,8808.581818,2025-06-10 15:16:53
12013,17934,121,2,REPAY,4,419.833762,,419.833762,2025-06-10 16:11:11
12014,17935,579,1,REPAY,3,4.062169,,4.062169,2025-06-10 16:16:29
12015,17936,49,3,WITHDRAW,2,1933.329492,,,2025-06-10 16:31:51
12016,17937,209,4,WITHDRAW,1,7257.879448,,,2025-06-10 16:46:56
12017,17938,51,3,REPAY,4,0.052702,,0.052702,2025-06-10 16:59:36
12018,17940,990,3,REPAY,2,13.201619,,13.201619,2025-06-10 17:35:31
12019,17941,606,1,REPAY,1,0.022295,,0.022295,2025-06-10 17:36:02
12020,17942,766,3,REPAY,2,33.505522,,33.505522,2025-06-10 17:36:44
12021,17943,119,2,REPAY,2,19.383708,,19.383708,2025-06-10 17:55:33
12022,17945,269,1,BORROW,3,9660.563006,16882.5703536796,9660.563006,2025-06-10 18:13:20
12023,17946,32,3,REPAY,3,123.271354,,123.271354,2025-06-10 18:31:13
12024,17948,527,1,REPAY,5,6.4e-05,,6.4e-05,2025-06-10 19:02:56
12025,17949,314,1,REPAY,4,0.042353,,0.042353,2025-06-10 19:27:06
12026,17951,207,1,REPAY,5,1e-06,,1e-06,2025-06-10 19:37:33
12027,17952,244,2,REPAY,2,2110.492924,,2110.492924,2025-06-10 19:47:50
12028,17953,108,4,REPAY,4,148.841817,,148.841817,2025-06-10 19:56:03
12029,17954,746,2,BORROW,1,9538.57272,13541.2665453251,9538.57272,2025-06-10 20:06:29
12030,17955,624,3,LIQUIDATION,3,3227.025792,3305.0178479062,3227.025792,2025-06-10 20:11:37
12031,17956,415,3,LIQUIDATION,5,8764.920685,8712.8875327806,8764.920685,2025-06-10 20:21:39
12032,17957,359,4,WITHDRAW,2,1942.230701,,,2025-06-10 20:44:56
12033,17958,435,1,DEPOSIT,5,4796.805532,4796.805532,,2025-06-10 20:47:57
12034,17959,552,4,REPAY,2,0.000298,,0.000298,2025-06-10 21:00:18
12035,17960,356,3,DEPOSIT,5,7682.891325,7682.891325,,2025-06-10 21:19:20
12036,17961,795,4,REPAY,2,2740.634842,,2740.634842,2025-06-10 21:56:35
12037,17962,853,1,REPAY,5,2.946518,,2.946518,2025-06-10 21:57:45
12038,17963,292,3,WITHDRAW,1,4380.415691,,,2025-06-10 22:14:55
12039,17964,633,4,REPAY,2,1313.140303,,1313.140303,2025-06-10 22:22:01
12040,17966,70,3,BORROW,5,2255.547371,3808.691463792,2255.547371,2025-06-10 23:20:03
12041,17968,611,4,REPAY,4,0.000286,,0.000286,2025-06-11 00:03:44
12042,17970,671,1,DEPOSIT,1,7865.110036,7865.110036,,2025-06-11 00:32:09
12043,17971,817,2,REPAY,3,5.3e-05,,5.3e-05,2025-06-11 01:04:47
12044,17972,235,2,REPAY,4,1.4e-05,,1.4e-05,2025-06-11 01:09:09
12045,17973,786,2,REPAY,1,0.003405,,0.003405,2025-06-11 01:18:48
12046,17974,18,4,BORROW,2,9063.0472,11450.5364032004,9063.0472,2025-06-11 01:19:17
12047,17976,141,1,DEPOSIT,1,684.127441,684.127441,,2025-06-11 01:33:07
12048,17978,899,4,REPAY,5,35.390598,,35.390598,2025-06-11 01:50:06
12049,17979,322,4,BORROW,5,6742.277849,14200.7531262846,6742.277849,2025-06-11 02:01:44
12050,17980,167,3,REPAY,1,2284.130029,,2284.130029,2025-06-11 02:09:56
12051,17983,113,1,REPAY,4,112.408122,,112.408122,2025-06-11 02:54:47
12052,17984,860,2,WITHDRAW,5,8745.217989,,,2025-06-11 02:59:03
12053,17987,719,2,BORROW,5,9631.460306,20471.8243696718,9631.460306,2025-06-11 03:25:01
12054,17988,75,2,REPAY,3,232.989801,,232.989801,2025-06-11 03:27:26
12055,17990,541,1,BORROW,3,2327.835926,3264.277376854,2327.835926,2025-06-11 03:33:01
12056,17991,434,3,REPAY,2,550.008372,,550.008372,2025-06-11 03:35:02
12057,17992,31,4,LIQUIDATION,4,4727.715899,4538.3805915682,4727.715899,2025-06-11 03:35:15
12058,17993,206,3,REPAY,2,0.03184,,0.03184,2025-06-11 04:00:12
12059,17994,326,1,REPAY,5,0.031197,,0.031197,2025-06-11 04:24:35
12060,17997,661,4,REPAY,3,1e-06,,1e-06,2025-06-11 05:15:09
12061,17998,387,4,REPAY,1,9.730823,,9.730823,2025-06-11 05:32:11
12062,17999,510,2,REPAY,1,2545.040062,,2545.040062,2025-06-11 05:46:29
12063,18000,7,4,REPAY,5,413.475476,,413.475476,2025-06-11 05:48:55
12064,18003,20,3,REPAY,1,60.23485,,60.23485,2025-06-11 06:29:25
12065,18004,499,3,WITHDRAW,5,4455.082723,,,2025-06-11 06:38:21
12066,18005,597,4,DEPOSIT,5,2157.677868,2157.677868,,2025-06-11 06:58:34
12067,18007,206,1,REPAY,4,0.019478,,0.019478,2025-06-11 07:18:25
12068,18008,162,1,REPAY,1,0.542216,,0.542216,2025-06-11 07:20:20
12069,18009,714,3,BORROW,1,6788.335325,14684.474107188,6788.335325,2025-06-11 07:28:02
12070,18010,728,2,REPAY,5,9.698408,,9.698408,2025-06-11 08:08:08
12071,18013,620,1,REPAY,2,0.000218,,0.000218,2025-06-11 09:09:25
12072,18015,272,1,BORROW,4,2701.980882,4722.1387472954,2701.980882,2025-06-11 10:03:14
12073,18016,771,3,BORROW,1,2259.812545,5264.1044418051,2259.812545,2025-06-11 10:13:17
12074,18017,670,1,REPAY,1,13.050194,,13.050194,2025-06-11 10:21:28
12075,18018,443,2,REPAY,1,0.014048,,0.014048,2025-06-11 10:22:11
12076,18019,537,3,WITHDRAW,5,377.620676,,,2025-06-11 10:33:43
12077,18021,973,4,WITHDRAW,3,2715.127308,,,2025-06-11 10:40:48
12078,18022,480,1,REPAY,5,3.968369,,3.968369,2025-06-11 10:49:04
12079,18023,189,2,REPAY,3,0.000446,,0.000446,2025-06-11 10:56:20
12080,18024,160,1,REPAY,2,0.009455,,0.009455,2025-06-11 11:03:55
12081,18025,818,4,REPAY,1,0.000584,,0.000584,2025-06-11 11:24:49
12082,18026,72,4,REPAY,2,54.252116,,54.252116,2025-06-11 11:53:01
12083,18028,132,2,BORROW,3,4967.941417,7985.5055254128,4967.941417,2025-06-11 12:07:33
12084,18029,320,2,DEPOSIT,1,4605.292816,4605.292816,,2025-06-11 12:08:41
12085,18030,699,4,REPAY,4,2.471402,,2.471402,2025-06-11 12:19:47
12086,18031,738,1,REPAY,3,1644.273293,,1644.273293,2025-06-11 12:56:03
12087,18032,502,2,REPAY,1,468.360565,,468.360565,2025-06-11 13:36:01
12088,18033,8,2,REPAY,3,0.031461,,0.031461,2025-06-11 13:38:50
12089,18034,257,1,WITHDRAW,1,7502.057142,,,2025-06-11 13:45:47
12090,18037,289,4,REPAY,1,0.008591,,0.008591,2025-06-11 14:28:05
12091,18038,666,3,REPAY,4,11.892811,,11.892811,2025-06-11 14:43:23
12092,18041,968,2,DEPOSIT,3,2855.264155,2855.264155,,2025-06-11 15:16:43
12093,18042,63,1,BORROW,5,5497.17756,7952.8614966551,5497.17756,2025-06-11 15:28:25
12094,18043,712,4,REPAY,1,0.806687,,0.806687,2025-06-11 15:45:07
12095,18044,281,4,LIQUIDATION,1,5084.365928,5549.4932972055,5084.365928,2025-06-11 15:46:53
12096,18046,80,3,REPAY,1,2.247683,,2.247683,2025-06-11 15:58:20
12097,18047,221,4,REPAY,3,90.685354,,90.685354,2025-06-11 16:19:36
12098,18049,134,4,REPAY,2,393.360218,,393.360218,2025-06-11 16:47:11
12099,18050,643,2,REPAY,1,330.615246,,330.615246,2025-06-11 17:44:05
12100,18051,791,1,REPAY,1,10.860272,,10.860272,2025-06-11 18:26:15
12101,18052,980,1,REPAY,4,2444.8005,,2444.8005,2025-06-11 19:07:37
12102,18053,972,4,DEPOSIT,2,6957.636036,6957.636036,,2025-06-11 19:13:01
12103,18054,570,3,DEPOSIT,3,1962.791966,1962.791966,,2025-06-11 19:45:06
12104,18055,518,1,LIQUIDATION,3,1293.318723,1312.3346703759,1293.318723,2025-06-11 19:45:44
12105,18057,241,2,LIQUIDATION,2,8775.609393,7541.4188773189,8775.609393,2025-06-11 21:14:47
12106,18058,598,4,REPAY,3,0.831528,,0.831528,2025-06-11 21:54:27
12107,18059,605,2,REPAY,4,0.044137,,0.044137,2025-06-11 21:58:09
12108,18060,502,2,REPAY,3,503.508872,,503.508872,2025-06-11 22:02:00
12109,18061,418,2,REPAY,2,0.002066,,0.002066,2025-06-11 22:03:45
12110,18063,407,4,REPAY,3,0.338683,,0.338683,2025-06-11 23:10:15
12111,18064,465,4,REPAY,1,5e-05,,5e-05,2025-06-11 23:13:32
12112,18066,520,1,WITHDRAW,3,8214.334806,,,2025-06-11 23:27:16
12113,18067,334,1,BORROW,2,5967.605106,9711.6403868299,5967.605106,2025-06-11 23:31:16
12114,18068,894,2,REPAY,5,2.260423,,2.260423,2025-06-11 23:48:18
12115,18069,883,1,REPAY,4,201.073954,,201.073954,2025-06-11 23:51:16
12116,18070,133,1,DEPOSIT,5,8530.456981,8530.456981,,2025-06-11 23:53:17
12117,18071,277,3,BORROW,5,241.853068,485.9899996753,241.853068,2025-06-12 00:06:52
12118,18072,94,2,REPAY,1,0.073135,,0.073135,2025-06-12 00:13:44
12119,18073,892,3,REPAY,4,12.462894,,12.462894,2025-06-12 00:15:18
12120,18074,844,3,REPAY,3,76.851201,,76.851201,2025-06-12 00:46:03
12121,18075,970,1,DEPOSIT,1,8083.304842,8083.304842,,2025-06-12 00:50:56
12122,18076,715,1,BORROW,1,3304.941711,6265.3542346035,3304.941711,2025-06-12 00:51:55
12123,18077,283,2,REPAY,3,7.5e-05,,7.5e-05,2025-06-12 01:10:30
12124,18078,830,2,REPAY,4,159.246386,,159.246386,2025-06-12 01:26:56
12125,18079,775,2,REPAY,2,0.037487,,0.037487,2025-06-12 01:45:12
12126,18080,117,3,REPAY,4,333.509814,,333.509814,2025-06-12 01:53:10
12127,18081,528,3,REPAY,3,84.503757,,84.503757,2025-06-12 02:05:48
12128,18082,695,4,REPAY,3,0.000129,,0.000129,2025-06-12 02:10:49
12129,18083,487,1,REPAY,2,369.185808,,369.185808,2025-06-12 02:12:33
12130,18086,964,3,LIQUIDATION,5,7633.736123,8461.9515662088,7633.736123,2025-06-12 02:30:44
12131,18087,721,1,DEPOSIT,2,2694.824968,2694.824968,,2025-06-12 02:33:02
12132,18088,8,2,REPAY,5,0.011355,,0.011355,2025-06-12 02:47:12
12133,18090,515,2,REPAY,5,10.218519,,10.218519,2025-06-12 03:06:16
12134,18091,61,4,DEPOSIT,5,5526.822434,5526.822434,,2025-06-12 03:08:14
12135,18092,905,1,BORROW,4,3684.913692,7797.6897974035,3684.913692,2025-06-12 03:09:57
12136,18094,540,4,REPAY,4,94.128198,,94.128198,2025-06-12 03:52:29
12137,18095,407,4,REPAY,2,0.032809,,0.032809,2025-06-12 04:11:50
12138,18097,455,2,REPAY,1,0.190279,,0.190279,2025-06-12 04:27:50
12139,18098,180,3,BORROW,2,6072.451821,10588.7142857739,6072.451821,2025-06-12 04:33:28
12140,18099,798,4,BORROW,5,2090.146931,4478.8524448858,2090.146931,2025-06-12 04:39:53
12141,18100,428,4,WITHDRAW,1,4804.065506,,,2025-06-12 05:01:23
12142,18101,214,3,REPAY,3,2262.394995,,2262.394995,2025-06-12 05:03:18
12143,18102,117,1,REPAY,4,696.960369,,696.960369,2025-06-12 05:08:55
12144,18103,508,2,REPAY,2,0.144191,,0.144191,2025-06-12 05:10:35
12145,18105,132,2,REPAY,2,2356.986744,,2356.986744,2025-06-12 05:31:18
12146,18107,784,3,REPAY,3,0.037986,,0.037986,2025-06-12 05:45:57
12147,18108,714,4,REPAY,5,5559.192236,,5559.192236,2025-06-12 05:54:30
12148,18109,927,3,REPAY,4,830.573431,,830.573431,2025-06-12 06:28:53
12149,18110,444,3,REPAY,2,0.215794,,0.215794,2025-06-12 06:40:59
12150,18111,370,2,REPAY,5,0.000671,,0.000671,2025-06-12 06:49:40
12151,18112,271,3,REPAY,5,0.062352,,0.062352,2025-06-12 07:33:26
12152,18113,825,1,REPAY,3,2134.957561,,2134.957561,2025-06-12 07:41:30
12153,18114,915,3,WITHDRAW,3,4867.359921,,,2025-06-12 08:02:29
12154,18115,776,3,REPAY,4,8199.831235,,8199.831235,2025-06-12 08:05:02
12155,18116,31,1,BORROW,3,3094.115175,6984.945939631,3094.115175,2025-06-12 08:32:04
12156,18117,801,1,REPAY,3,993.927034,,993.927034,2025-06-12 08:36:06
12157,18118,985,1,REPAY,3,0.691166,,0.691166,2025-06-12 08:51:18
12158,18119,294,2,REPAY,4,700.808391,,700.808391,2025-06-12 08:59:21
12159,18121,654,2,REPAY,5,44.95568,,44.95568,2025-06-12 09:25:22
12160,18122,316,3,BORROW,4,7991.708339,11041.5492931538,7991.708339,2025-06-12 09:26:17
12161,18123,327,1,BORROW,3,2134.180016,4251.2793077564,2134.180016,2025-06-12 09:33:28
12162,18127,917,3,DEPOSIT,5,76.840904,76.840904,,2025-06-12 10:22:40
12163,18128,246,3,REPAY,4,78.581277,,78.581277,2025-06-12 10:32:02
12164,18129,677,3,REPAY,2,578.917899,,578.917899,2025-06-12 10:54:03
12165,18131,858,1,BORROW,5,8209.098659,18184.944698708,8209.098659,2025-06-12 11:18:53
12166,18132,440,4,REPAY,5,0.00715,,0.00715,2025-06-12 11:20:49
12167,18134,179,3,DEPOSIT,2,7534.380611,7534.380611,,2025-06-12 12:01:08
12168,18136,148,3,DEPOSIT,4,3763.039615,3763.039615,,2025-06-12 12:35:38
12169,18138,111,2,REPAY,2,0.709034,,0.709034,2025-06-12 12:39:05
12170,18139,815,2,REPAY,4,7e-06,,7e-06,2025-06-12 13:04:11
12171,18140,704,4,REPAY,4,818.561201,,818.561201,2025-06-12 13:22:24
12172,18141,419,1,REPAY,3,444.778974,,444.778974,2025-06-12 13:35:26
12173,18142,112,4,REPAY,3,0.003696,,0.003696,2025-06-12 13:42:44
12174,18143,62,1,LIQUIDATION,5,8070.593979,6894.877393876,8070.593979,2025-06-12 13:47:44
12175,18145,664,1,REPAY,1,0.000184,,0.000184,2025-06-12 14:08:22
12176,18147,143,1,REPAY,3,21.10876,,21.10876,2025-06-12 14:37:22
12177,18148,191,1,REPAY,2,0.730556,,0.730556,2025-06-12 14:44:24
12178,18149,286,1,REPAY,1,1.440759,,1.440759,2025-06-12 14:52:31
12179,18152,233,2,REPAY,3,1045.132567,,1045.132567,2025-06-12 15:39:43
12180,18153,76,3,REPAY,4,309.16905,,309.16905,2025-06-12 15:44:58
12181,18155,793,4,REPAY,5,0.050431,,0.050431,2025-06-12 16:42:33
12182,18156,579,1,REPAY,2,0.742817,,0.742817,2025-06-12 16:46:57
12183,18157,38,4,REPAY,2,54.660347,,54.660347,2025-06-12 17:02:24
12184,18159,807,3,WITHDRAW,5,9471.159159,,,2025-06-12 17:25:49
12185,18160,757,4,REPAY,1,973.598982,,973.598982,2025-06-12 17:41:28
12186,18161,290,1,REPAY,1,4793.324208,,4793.324208,2025-06-12 17:52:17
12187,18163,840,3,REPAY,5,5.828645,,5.828645,2025-06-12 18:19:17
12188,18165,602,2,WITHDRAW,1,613.636374,,,2025-06-12 19:37:10
12189,18166,764,4,REPAY,4,12.418241,,12.418241,2025-06-12 19:40:26
12190,18167,591,3,LIQUIDATION,5,9769.217754,8831.3676283753,9769.217754,2025-06-12 19:46:33
12191,18170,778,4,REPAY,2,60.329745,,60.329745,2025-06-12 20:30:25
12192,18171,103,4,REPAY,4,9.6e-05,,9.6e-05,2025-06-12 21:02:40
12193,18173,428,4,DEPOSIT,5,8525.632141,8525.632141,,2025-06-12 21:38:19
12194,18174,171,2,REPAY,2,1.006031,,1.006031,2025-06-12 21:53:29
12195,18175,763,4,DEPOSIT,5,3758.529352,3758.529352,,2025-06-12 21:53:56
12196,18176,537,1,REPAY,3,8.485095,,8.485095,2025-06-12 22:10:38
12197,18177,456,3,DEPOSIT,4,7527.060334,7527.060334,,2025-06-12 22:18:47
12198,18178,146,1,BORROW,1,5846.545892,14357.2519480629,5846.545892,2025-06-12 22:20:33
12199,18179,545,4,BORROW,5,8098.654586,16823.5852634968,8098.654586,2025-06-12 22:42:10
12200,18181,867,4,REPAY,1,569.631949,,569.631949,2025-06-12 23:03:32
12201,18183,622,2,DEPOSIT,2,4268.456473,4268.456473,,2025-06-12 23:34:08
12202,18184,834,1,REPAY,4,8.695042,,8.695042,2025-06-12 23:41:21
12203,18185,182,2,REPAY,4,21.782712,,21.782712,2025-06-12 23:47:13
12204,18186,846,3,REPAY,2,3234.196581,,3234.196581,2025-06-12 23:48:10
12205,18187,755,4,LIQUIDATION,2,7584.738827,7724.2464939709,7584.738827,2025-06-12 23:55:45
12206,18189,125,2,REPAY,2,1518.250495,,1518.250495,2025-06-13 00:27:30
12207,18191,288,1,REPAY,4,3339.568362,,3339.568362,2025-06-13 01:03:09
12208,18192,996,2,REPAY,3,1e-06,,1e-06,2025-06-13 01:25:51
12209,18193,57,2,DEPOSIT,4,4995.565641,4995.565641,,2025-06-13 01:48:01
12210,18194,656,4,DEPOSIT,4,369.046493,369.046493,,2025-06-13 02:00:20
12211,18195,454,3,WITHDRAW,1,5898.436281,,,2025-06-13 02:06:22
12212,18196,36,4,REPAY,5,2516.556592,,2516.556592,2025-06-13 02:10:46
12213,18198,70,3,REPAY,2,1366.232586,,1366.232586,2025-06-13 02:34:37
12214,18199,151,1,REPAY,1,0.00795,,0.00795,2025-06-13 02:44:36
12215,18200,105,1,REPAY,1,0.06027,,0.06027,2025-06-13 03:11:47
12216,18201,559,4,REPAY,3,1.163522,,1.163522,2025-06-13 03:14:48
12217,18202,71,3,REPAY,2,1435.996386,,1435.996386,2025-06-13 04:27:24
12218,18203,233,2,REPAY,3,435.821856,,435.821856,2025-06-13 04:48:45
12219,18204,484,4,REPAY,2,5339.200634,,5339.200634,2025-06-13 05:02:57
12220,18206,635,4,REPAY,4,4.826695,,4.826695,2025-06-13 05:50:59
12221,18207,21,3,REPAY,4,0.000467,,0.000467,2025-06-13 05:52:20
12222,18208,556,3,WITHDRAW,1,8962.572236,,,2025-06-13 05:54:28
12223,18209,410,4,DEPOSIT,3,9553.018046,9553.018046,,2025-06-13 06:07:42
12224,18210,894,2,REPAY,3,0.794845,,0.794845,2025-06-13 06:16:13
12225,18211,62,1,BORROW,2,4654.131698,10541.9782508789,4654.131698,2025-06-13 06:18:58
12226,18212,123,1,DEPOSIT,5,3726.900581,3726.900581,,2025-06-13 06:23:55
12227,18213,547,2,BORROW,3,1145.166399,2581.7860623358,1145.166399,2025-06-13 06:46:13
12228,18214,584,4,REPAY,4,2147.834831,,2147.834831,2025-06-13 07:36:56
12229,18215,52,4,REPAY,3,3.677809,,3.677809,2025-06-13 07:45:51
12230,18216,376,3,LIQUIDATION,4,2177.542447,1862.2491691129,2177.542447,2025-06-13 08:06:21
12231,18217,308,1,REPAY,3,34.082261,,34.082261,2025-06-13 08:07:22
12232,18219,55,2,REPAY,3,0.0035,,0.0035,2025-06-13 09:09:30
12233,18220,586,4,REPAY,4,0.138327,,0.138327,2025-06-13 09:19:28
12234,18221,159,4,REPAY,5,1.6e-05,,1.6e-05,2025-06-13 09:19:34
12235,18222,897,3,REPAY,3,308.499626,,308.499626,2025-06-13 09:21:10
12236,18224,42,1,DEPOSIT,4,6256.36993,6256.36993,,2025-06-13 09:44:54
12237,18226,135,3,LIQUIDATION,4,2.8346,2.8133865265,2.8346,2025-06-13 09:51:26
12238,18227,728,2,REPAY,3,7.10729,,7.10729,2025-06-13 09:57:56
12239,18229,603,3,REPAY,2,0.644269,,0.644269,2025-06-13 10:07:34
12240,18230,162,2,REPAY,2,0.005599,,0.005599,2025-06-13 10:12:09
12241,18231,205,2,DEPOSIT,4,7893.545871,7893.545871,,2025-06-13 10:20:24
12242,18232,64,4,REPAY,4,1279.37918,,1279.37918,2025-06-13 10:25:13
12243,18233,646,2,REPAY,5,2534.142329,,2534.142329,2025-06-13 10:40:00
12244,18234,949,1,REPAY,2,0.07515,,0.07515,2025-06-13 10:42:11
12245,18236,242,2,REPAY,4,2397.388648,,2397.388648,2025-06-13 11:13:34
12246,18237,960,2,REPAY,5,1.181865,,1.181865,2025-06-13 11:34:30
12247,18239,583,1,DEPOSIT,3,8024.663419,8024.663419,,2025-06-13 12:25:20
12248,18240,419,4,REPAY,3,72.916911,,72.916911,2025-06-13 12:34:56
12249,18242,130,1,REPAY,2,0.006437,,0.006437,2025-06-13 13:31:08
12250,18243,190,1,REPAY,5,2354.170966,,2354.170966,2025-06-13 13:53:43
12251,18244,749,2,REPAY,1,2849.705499,,2849.705499,2025-06-13 14:00:56
12252,18245,747,3,REPAY,2,61.892222,,61.892222,2025-06-13 14:02:55
12253,18246,259,2,REPAY,1,1e-06,,1e-06,2025-06-13 14:10:53
12254,18247,851,3,BORROW,2,5632.353638,9248.5698226149,5632.353638,2025-06-13 14:28:27
12255,18248,726,2,REPAY,4,0.014933,,0.014933,2025-06-13 14:32:34
12256,18249,572,1,REPAY,5,0.004585,,0.004585,2025-06-13 14:48:34
12257,18250,703,4,WITHDRAW,3,7314.848003,,,2025-06-13 14:48:59
12258,18251,60,2,DEPOSIT,2,2772.43112,2772.43112,,2025-06-13 14:59:04
12259,18253,144,1,WITHDRAW,5,7296.591089,,,2025-06-13 15:56:58
12260,18254,759,1,WITHDRAW,5,5308.87874,,,2025-06-13 15:57:50
12261,18255,425,3,BORROW,2,9739.096878,19454.2015061545,9739.096878,2025-06-13 16:06:43
12262,18256,447,1,REPAY,2,33.061412,,33.061412,2025-06-13 16:14:40
12263,18258,972,1,REPAY,5,0.002027,,0.002027,2025-06-13 16:57:28
12264,18259,766,2,REPAY,5,16.504614,,16.504614,2025-06-13 17:00:41
12265,18260,19,2,REPAY,5,14.052221,,14.052221,2025-06-13 17:01:02
12266,18261,495,4,REPAY,1,0.000159,,0.000159,2025-06-13 17:19:01
12267,18262,856,1,BORROW,1,9123.010476,21165.7977759947,9123.010476,2025-06-13 17:46:39
12268,18263,722,4,REPAY,4,0.510579,,0.510579,2025-06-13 17:59:16
12269,18264,512,4,REPAY,1,0.88814,,0.88814,2025-06-13 18:06:27
12270,18265,326,4,REPAY,1,0.017655,,0.017655,2025-06-13 18:11:30
12271,18266,382,3,REPAY,4,32.065927,,32.065927,2025-06-13 19:12:38
12272,18268,674,3,LIQUIDATION,2,122.463055,107.6552141471,122.463055,2025-06-13 19:28:02
12273,18269,168,4,REPAY,1,0.002819,,0.002819,2025-06-13 19:54:48
12274,18271,184,4,REPAY,5,67.384581,,67.384581,2025-06-13 20:18:27
12275,18272,926,4,REPAY,4,0.003218,,0.003218,2025-06-13 21:27:45
12276,18273,119,4,REPAY,1,0.300819,,0.300819,2025-06-13 21:33:14
12277,18274,590,1,REPAY,1,178.448032,,178.448032,2025-06-13 21:37:47
12278,18275,302,2,LIQUIDATION,2,1.108728,0.9477916791,1.108728,2025-06-13 21:53:37
12279,18276,970,1,WITHDRAW,3,360.420858,,,2025-06-13 22:06:35
12280,18277,792,3,WITHDRAW,5,5434.4858,,,2025-06-13 22:11:45
12281,18279,93,2,WITHDRAW,1,6395.672684,,,2025-06-13 22:38:56
12282,18280,401,3,REPAY,2,0.824853,,0.824853,2025-06-13 22:48:16
12283,18282,391,3,BORROW,5,6851.07016,11351.918214035,6851.07016,2025-06-13 22:55:00
12284,18283,721,3,BORROW,4,9917.541632,17190.0523008851,9917.541632,2025-06-13 22:57:19
12285,18284,145,4,BORROW,2,380.186656,850.3179378388,380.186656,2025-06-13 23:38:07
12286,18285,886,2,REPAY,1,1082.426322,,1082.426322,2025-06-13 23:48:03
12287,18287,95,1,REPAY,2,0.65365,,0.65365,2025-06-14 00:34:46
12288,18288,974,4,REPAY,2,403.773278,,403.773278,2025-06-14 00:40:47
12289,18289,720,2,REPAY,5,444.987244,,444.987244,2025-06-14 00:47:34
12290,18290,327,4,REPAY,3,813.041723,,813.041723,2025-06-14 01:13:10
12291,18291,344,2,REPAY,4,0.118285,,0.118285,2025-06-14 01:16:12
12292,18293,213,2,REPAY,2,2.974599,,2.974599,2025-06-14 01:39:48
12293,18294,465,4,REPAY,4,6.2e-05,,6.2e-05,2025-06-14 01:57:41
12294,18295,5,4,BORROW,3,7238.057984,9369.698993998,7238.057984,2025-06-14 02:01:46
12295,18296,467,3,REPAY,1,315.673406,,315.673406,2025-06-14 02:24:44
12296,18298,92,2,BORROW,4,8282.5288,19017.3592521872,8282.5288,2025-06-14 03:00:53
12297,18299,230,2,REPAY,1,0.352339,,0.352339,2025-06-14 03:07:48
12298,18300,932,2,REPAY,5,0.073852,,0.073852,2025-06-14 03:17:26
12299,18301,684,4,DEPOSIT,2,5449.295265,5449.295265,,2025-06-14 03:31:20
12300,18302,540,2,REPAY,5,21.938942,,21.938942,2025-06-14 03:56:21
12301,18303,369,3,REPAY,3,26.296827,,26.296827,2025-06-14 04:04:27
12302,18304,505,2,REPAY,5,0.070932,,0.070932,2025-06-14 04:13:53
12303,18306,812,3,WITHDRAW,2,8388.177929,,,2025-06-14 04:22:46
12304,18307,15,1,LIQUIDATION,3,1.2e-05,1.08051e-05,1.2e-05,2025-06-14 04:23:54
12305,18309,801,2,REPAY,5,111.967579,,111.967579,2025-06-14 05:06:01
12306,18311,697,4,REPAY,2,1.434857,,1.434857,2025-06-14 05:32:19
12307,18312,422,4,REPAY,2,0.895187,,0.895187,2025-06-14 05:33:23
12308,18313,824,2,REPAY,4,820.887703,,820.887703,2025-06-14 05:43:17
12309,18315,874,2,WITHDRAW,4,2183.213148,,,2025-06-14 05:53:32
12310,18316,13,3,REPAY,4,27.538574,,27.538574,2025-06-14 06:00:01
12311,18317,330,1,REPAY,2,0.082495,,0.082495,2025-06-14 06:20:12
12312,18318,11,2,BORROW,5,2453.076827,4422.2782748771,2453.076827,2025-06-14 06:29:30
12313,18319,587,2,REPAY,4,1028.676888,,1028.676888,2025-06-14 06:31:12
12314,18323,434,4,REPAY,4,3378.107747,,3378.107747,2025-06-14 07:03:21
12315,18324,814,2,REPAY,5,0.000349,,0.000349,2025-06-14 07:17:23
12316,18325,602,3,REPAY,2,58.111162,,58.111162,2025-06-14 07:56:26
12317,18326,711,3,REPAY,4,0.034166,,0.034166,2025-06-14 08:02:26
12318,18327,611,3,REPAY,4,0.00012,,0.00012,2025-06-14 08:49:38
12319,18328,639,3,WITHDRAW,2,7055.163334,,,2025-06-14 08:53:12
12320,18329,561,4,REPAY,5,0.036741,,0.036741,2025-06-14 08:59:58
12321,18330,826,2,DEPOSIT,3,6251.561294,6251.561294,,2025-06-14 09:28:05
12322,18331,323,2,REPAY,1,2793.049495,,2793.049495,2025-06-14 09:29:06
12323,18333,932,4,REPAY,5,0.132872,,0.132872,2025-06-14 10:22:57
12324,18334,242,3,BORROW,5,6325.608056,11388.5348209659,6325.608056,2025-06-14 10:23:31
12325,18335,967,4,REPAY,4,0.010176,,0.010176,2025-06-14 11:00:08
12326,18336,142,4,REPAY,5,9.217002,,9.217002,2025-06-14 11:07:18
12327,18337,521,2,LIQUIDATION,2,957.048933,999.2644292919,957.048933,2025-06-14 11:37:56
12328,18338,937,1,BORROW,2,8709.985413,12381.0615433448,8709.985413,2025-06-14 11:38:02
12329,18340,355,4,DEPOSIT,1,4205.636889,4205.636889,,2025-06-14 11:55:39
12330,18341,63,2,WITHDRAW,4,6337.733864,,,2025-06-14 12:05:09
12331,18342,678,2,DEPOSIT,5,527.958981,527.958981,,2025-06-14 12:06:33
12332,18344,990,2,REPAY,3,58.118199,,58.118199,2025-06-14 12:35:22
12333,18345,87,2,DEPOSIT,4,1477.228362,1477.228362,,2025-06-14 12:42:33
12334,18346,880,2,REPAY,4,0.217643,,0.217643,2025-06-14 12:51:47
12335,18347,658,2,REPAY,5,17.687053,,17.687053,2025-06-14 13:00:54
12336,18348,174,4,WITHDRAW,1,1798.262028,,,2025-06-14 13:14:21
12337,18349,854,1,BORROW,2,5651.727607,13123.8391689036,5651.727607,2025-06-14 13:47:44
12338,18350,317,4,REPAY,3,428.10874,,428.10874,2025-06-14 14:04:05
12339,18351,508,4,REPAY,2,0.079139,,0.079139,2025-06-14 14:04:45
12340,18352,701,2,REPAY,3,1.461934,,1.461934,2025-06-14 14:14:23
12341,18353,194,4,REPAY,1,5.873486,,5.873486,2025-06-14 14:16:24
12342,18355,592,2,REPAY,5,0.032687,,0.032687,2025-06-14 14:25:30
12343,18357,256,1,DEPOSIT,2,6750.686813,6750.686813,,2025-06-14 14:42:00
12344,18358,180,4,REPAY,5,3516.407078,,3516.407078,2025-06-14 14:54:50
12345,18359,603,1,REPAY,1,1.774865,,1.774865,2025-06-14 14:58:41
12346,18360,712,1,REPAY,1,1.94624,,1.94624,2025-06-14 15:01:29
12347,18361,738,3,LIQUIDATION,5,5146.32556,5779.5147794525,5146.32556,2025-06-14 15:04:00
12348,18362,105,2,REPAY,1,0.03075,,0.03075,2025-06-14 15:04:20
12349,18363,495,2,REPAY,3,0.00041,,0.00041,2025-06-14 15:20:49
12350,18364,213,4,REPAY,4,11.029311,,11.029311,2025-06-14 15:27:48
12351,18367,819,1,REPAY,3,0.005216,,0.005216,2025-06-14 15:52:54
12352,18368,916,2,REPAY,5,943.354755,,943.354755,2025-06-14 16:00:56
12353,18371,712,2,REPAY,1,5.3e-05,,5.3e-05,2025-06-14 16:32:39
12354,18372,635,1,REPAY,4,10.567746,,10.567746,2025-06-14 17:02:18
12355,18373,363,2,DEPOSIT,2,5398.846972,5398.846972,,2025-06-14 17:08:14
12356,18374,4,2,REPAY,2,3e-06,,3e-06,2025-06-14 17:36:21
12357,18375,946,3,WITHDRAW,1,2728.994006,,,2025-06-14 17:43:24
12358,18378,387,3,REPAY,1,4.574209,,4.574209,2025-06-14 18:50:18
12359,18380,507,3,REPAY,3,1704.528086,,1704.528086,2025-06-14 19:28:07
12360,18381,694,4,REPAY,4,50.340659,,50.340659,2025-06-14 19:54:25
12361,18382,188,4,REPAY,3,452.512792,,452.512792,2025-06-14 20:09:51
12362,18384,224,2,REPAY,4,0.245798,,0.245798,2025-06-14 21:13:14
12363,18385,818,2,REPAY,3,0.000415,,0.000415,2025-06-14 21:27:56
12364,18386,151,3,REPAY,3,0.005069,,0.005069,2025-06-14 22:09:38
12365,18388,722,2,REPAY,2,0.010551,,0.010551,2025-06-14 22:26:38
12366,18389,939,1,DEPOSIT,4,2683.584279,2683.584279,,2025-06-14 22:31:30
12367,18390,76,2,WITHDRAW,3,5454.053454,,,2025-06-14 22:37:51
12368,18392,870,1,REPAY,3,622.479585,,622.479585,2025-06-14 22:43:49
12369,18393,327,4,BORROW,4,7402.106637,16284.391040572,7402.106637,2025-06-14 22:48:18
12370,18394,837,4,REPAY,5,891.933433,,891.933433,2025-06-14 22:51:18
12371,18395,106,2,REPAY,5,16.30812,,16.30812,2025-06-14 23:21:49
12372,18397,833,2,REPAY,2,222.574211,,222.574211,2025-06-14 23:44:26
12373,18398,783,3,REPAY,5,9.065106,,9.065106,2025-06-15 00:24:01
12374,18400,658,2,REPAY,4,9.590425,,9.590425,2025-06-15 00:33:34
12375,18401,21,2,DEPOSIT,2,5745.275459,5745.275459,,2025-06-15 00:57:27
12376,18402,443,3,WITHDRAW,4,9615.333757,,,2025-06-15 01:07:33
12377,18403,914,1,WITHDRAW,4,892.755367,,,2025-06-15 01:46:56
12378,18404,27,4,BORROW,2,5683.301783,7401.2751723246,5683.301783,2025-06-15 02:00:12
12379,18406,416,4,DEPOSIT,3,4173.25926,4173.25926,,2025-06-15 02:50:22
12380,18407,457,4,REPAY,2,2966.1008,,2966.1008,2025-06-15 02:50:42
12381,18409,749,3,LIQUIDATION,2,7863.881809,7920.1407306548,7863.881809,2025-06-15 03:27:15
12382,18410,187,3,REPAY,5,523.372884,,523.372884,2025-06-15 03:55:56
12383,18411,815,2,REPAY,4,7e-06,,7e-06,2025-06-15 04:03:37
12384,18412,540,4,REPAY,5,3.413654,,3.413654,2025-06-15 04:25:00
12385,18413,792,1,BORROW,4,3237.7779,4150.0250021131,3237.7779,2025-06-15 04:46:30
12386,18414,889,3,REPAY,3,28.365951,,28.365951,2025-06-15 04:48:53
12387,18415,268,1,REPAY,2,0.0,,0.0,2025-06-15 04:54:30
12388,18417,541,3,LIQUIDATION,1,10088.153779,10556.1709935363,10088.153779,2025-06-15 05:34:14
12389,18418,79,1,REPAY,3,0.080191,,0.080191,2025-06-15 05:40:56
12390,18419,346,2,REPAY,4,4e-06,,4e-06,2025-06-15 05:53:35
12391,18420,816,2,REPAY,3,961.714464,,961.714464,2025-06-15 06:13:33
12392,18421,415,2,BORROW,1,6750.299276,16436.997929198,6750.299276,2025-06-15 06:56:39
12393,18422,7,4,REPAY,3,614.662651,,614.662651,2025-06-15 07:05:36
12394,18424,299,2,REPAY,1,0.000523,,0.000523,2025-06-15 07:19:50
12395,18426,376,4,WITHDRAW,4,2321.393598,,,2025-06-15 07:45:15
12396,18427,433,3,REPAY,4,2.280089,,2.280089,2025-06-15 08:01:20
12397,18428,654,1,REPAY,5,2.504472,,2.504472,2025-06-15 08:02:42
12398,18429,186,3,WITHDRAW,2,6325.799166,,,2025-06-15 08:05:09
12399,18430,890,4,REPAY,4,0.036346,,0.036346,2025-06-15 08:12:43
12400,18431,627,2,REPAY,2,63.354086,,63.354086,2025-06-15 08:17:23
12401,18432,632,4,BORROW,1,2740.055476,4878.1804835787,2740.055476,2025-06-15 08:31:48
12402,18433,509,1,REPAY,3,2.689785,,2.689785,2025-06-15 08:40:45
12403,18435,334,1,REPAY,4,6356.18678,,6356.18678,2025-06-15 09:14:03
12404,18436,309,4,REPAY,4,0.005928,,0.005928,2025-06-15 09:49:10
12405,18437,382,1,REPAY,4,45.626756,,45.626756,2025-06-15 10:00:26
12406,18439,897,1,REPAY,1,1332.906351,,1332.906351,2025-06-15 10:36:06
12407,18440,485,4,REPAY,4,576.873158,,576.873158,2025-06-15 10:38:53
12408,18442,761,4,REPAY,4,461.351718,,461.351718,2025-06-15 10:45:11
12409,18443,464,1,WITHDRAW,4,8073.422564,,,2025-06-15 10:59:39
12410,18444,135,1,WITHDRAW,5,7988.77457,,,2025-06-15 11:12:39
12411,18445,51,4,REPAY,3,0.00639,,0.00639,2025-06-15 11:30:49
12412,18446,881,2,BORROW,1,8911.878008,16992.3872544496,8911.878008,2025-06-15 11:34:51
12413,18448,554,2,REPAY,1,0.050534,,0.050534,2025-06-15 11:46:00
12414,18452,854,1,REPAY,1,3228.222293,,3228.222293,2025-06-15 12:05:19
12415,18453,949,3,REPAY,1,0.048627,,0.048627,2025-06-15 12:13:10
12416,18454,840,4,REPAY,5,16.55442,,16.55442,2025-06-15 12:16:22
12417,18456,923,2,REPAY,1,13.26399,,13.26399,2025-06-15 12:25:39
12418,18457,122,2,REPAY,1,10.170715,,10.170715,2025-06-15 12:27:14
12419,18458,848,3,BORROW,2,4795.271159,11614.2410638958,4795.271159,2025-06-15 12:34:37
12420,18460,473,2,REPAY,4,0.132382,,0.132382,2025-06-15 12:51:17
12421,18462,477,3,REPAY,4,29.102209,,29.102209,2025-06-15 13:02:09
12422,18463,195,3,REPAY,3,6.8e-05,,6.8e-05,2025-06-15 13:14:09
12423,18464,926,1,REPAY,1,0.000241,,0.000241,2025-06-15 13:17:29
12424,18465,288,4,REPAY,4,126.070143,,126.070143,2025-06-15 13:27:10
12425,18466,80,4,REPAY,1,5.014911,,5.014911,2025-06-15 13:57:51
12426,18467,707,1,BORROW,4,4326.354777,9319.7169626841,4326.354777,2025-06-15 14:10:08
12427,18468,485,4,REPAY,3,44.189155,,44.189155,2025-06-15 14:13:04
12428,18470,737,2,REPAY,4,29.335727,,29.335727,2025-06-15 14:40:56
12429,18471,50,2,REPAY,1,548.866917,,548.866917,2025-06-15 15:00:27
12430,18473,951,3,WITHDRAW,5,1096.401672,,,2025-06-15 15:32:48
12431,18474,130,1,WITHDRAW,1,9458.712083,,,2025-06-15 15:41:09
12432,18475,926,3,WITHDRAW,4,3181.974768,,,2025-06-15 16:10:40
12433,18476,440,2,REPAY,4,0.005483,,0.005483,2025-06-15 16:43:23
12434,18477,862,3,LIQUIDATION,3,0.001514,0.0015099226,0.001514,2025-06-15 16:48:26
12435,18478,612,1,WITHDRAW,5,1580.047235,,,2025-06-15 16:51:44
12436,18479,996,3,REPAY,2,1e-06,,1e-06,2025-06-15 17:07:59
12437,18481,805,1,REPAY,4,7.332803,,7.332803,2025-06-15 17:13:58
12438,18485,562,2,REPAY,3,2404.467606,,2404.467606,2025-06-15 17:30:52
12439,18487,832,4,REPAY,2,560.232087,,560.232087,2025-06-15 19:05:44
12440,18488,739,3,BORROW,4,9939.190861,19660.9089294928,9939.190861,2025-06-15 19:07:56
12441,18489,751,4,REPAY,5,0.000353,,0.000353,2025-06-15 19:07:58
12442,18490,818,3,REPAY,2,0.000232,,0.000232,2025-06-15 19:16:30
12443,18491,406,1,REPAY,5,0.005843,,0.005843,2025-06-15 19:38:52
12444,18493,407,4,REPAY,4,0.169573,,0.169573,2025-06-15 20:48:18
12445,18494,608,1,REPAY,1,0.101372,,0.101372,2025-06-15 20:54:56
12446,18495,897,1,REPAY,4,161.929817,,161.929817,2025-06-15 21:02:45
12447,18496,398,3,DEPOSIT,4,8668.657357,8668.657357,,2025-06-15 21:03:50
12448,18498,827,1,WITHDRAW,2,5232.824715,,,2025-06-15 21:33:59
12449,18499,787,3,REPAY,1,1353.634734,,1353.634734,2025-06-15 21:35:14
12450,18500,851,4,REPAY,5,2185.231478,,2185.231478,2025-06-15 21:57:27
12451,18501,806,4,BORROW,1,7764.665102,15097.1092046448,7764.665102,2025-06-15 22:11:36
12452,18502,302,1,BORROW,2,3487.211898,6817.5571380551,3487.211898,2025-06-15 22:36:16
12453,18503,516,3,REPAY,5,2387.180255,,2387.180255,2025-06-15 22:43:50
12454,18504,384,1,REPAY,3,0.004543,,0.004543,2025-06-15 23:41:54
12455,18505,487,4,REPAY,5,3.483972,,3.483972,2025-06-15 23:59:30
12456,18506,627,1,DEPOSIT,5,1138.721715,1138.721715,,2025-06-16 00:28:52
12457,18510,309,2,LIQUIDATION,3,0.003713,0.0033213507,0.003713,2025-06-16 01:13:56
12458,18512,137,1,REPAY,2,110.288114,,110.288114,2025-06-16 02:19:26
12459,18513,396,3,BORROW,2,1572.616207,3336.1546226792,1572.616207,2025-06-16 02:30:16
12460,18515,919,2,REPAY,1,0.565585,,0.565585,2025-06-16 03:16:00
12461,18516,655,2,LIQUIDATION,2,45.279731,41.1495410597,45.279731,2025-06-16 03:56:46
12462,18518,736,2,REPAY,4,3.286027,,3.286027,2025-06-16 04:30:05
12463,18519,401,3,REPAY,2,3.280369,,3.280369,2025-06-16 04:36:46
12464,18520,99,2,BORROW,2,7238.535936,11242.6028055448,7238.535936,2025-06-16 05:01:40
12465,18521,886,1,REPAY,5,135.287245,,135.287245,2025-06-16 05:08:14
12466,18524,204,3,REPAY,1,0.00373,,0.00373,2025-06-16 05:54:12
12467,18525,803,2,REPAY,3,539.41544,,539.41544,2025-06-16 05:54:22
12468,18526,643,2,REPAY,3,115.421395,,115.421395,2025-06-16 05:54:27
12469,18527,590,1,REPAY,5,33.015101,,33.015101,2025-06-16 05:55:54
12470,18528,290,1,LIQUIDATION,3,1677.312144,1776.5920665422,1677.312144,2025-06-16 06:14:53
12471,18529,885,2,WITHDRAW,2,2281.511405,,,2025-06-16 06:21:22
12472,18530,785,4,REPAY,1,23.969065,,23.969065,2025-06-16 06:25:28
12473,18531,587,2,LIQUIDATION,4,202.691846,185.6313613864,202.691846,2025-06-16 06:29:11
12474,18532,560,2,REPAY,4,76.026985,,76.026985,2025-06-16 06:41:16
12475,18533,214,2,REPAY,5,6063.013271,,6063.013271,2025-06-16 06:49:23
12476,18534,609,3,DEPOSIT,2,7415.619154,7415.619154,,2025-06-16 06:50:45
12477,18535,815,1,REPAY,2,7e-06,,7e-06,2025-06-16 07:07:45
12478,18536,891,4,REPAY,5,784.416857,,784.416857,2025-06-16 07:18:12
12479,18537,782,3,WITHDRAW,2,8553.596059,,,2025-06-16 07:55:14
12480,18538,758,3,REPAY,5,0.225659,,0.225659,2025-06-16 07:59:42
12481,18539,837,4,REPAY,5,2558.704567,,2558.704567,2025-06-16 08:09:28
12482,18540,879,2,WITHDRAW,1,9915.85281,,,2025-06-16 08:15:41
12483,18544,788,1,REPAY,3,862.587439,,862.587439,2025-06-16 09:02:53
12484,18545,556,2,WITHDRAW,5,3323.438541,,,2025-06-16 09:06:50
12485,18548,830,2,REPAY,4,100.917611,,100.917611,2025-06-16 09:47:13
12486,18549,117,4,REPAY,1,21.984457,,21.984457,2025-06-16 09:53:48
12487,18550,629,1,REPAY,4,3.860616,,3.860616,2025-06-16 09:54:50
12488,18551,611,1,REPAY,1,0.000152,,0.000152,2025-06-16 10:19:32
12489,18553,505,2,REPAY,3,0.02877,,0.02877,2025-06-16 10:25:39
12490,18554,647,3,REPAY,1,1.3e-05,,1.3e-05,2025-06-16 10:38:24
12491,18555,433,2,DEPOSIT,1,756.836058,756.836058,,2025-06-16 10:40:28
12492,18556,819,1,REPAY,3,9e-05,,9e-05,2025-06-16 11:09:14
12493,18557,687,1,REPAY,1,45.800322,,45.800322,2025-06-16 11:22:44
12494,18558,540,4,REPAY,5,0.524522,,0.524522,2025-06-16 12:10:14
12495,18560,439,3,REPAY,1,125.985401,,125.985401,2025-06-16 12:12:26
12496,18563,339,1,BORROW,2,4582.115093,6441.0015270869,4582.115093,2025-06-16 12:25:54
12497,18564,627,2,REPAY,1,269.978782,,269.978782,2025-06-16 12:55:31
12498,18566,447,3,REPAY,4,5.683595,,5.683595,2025-06-16 13:04:50
12499,18567,445,3,DEPOSIT,3,3941.002685,3941.002685,,2025-06-16 13:27:41
12500,18568,28,3,WITHDRAW,3,3922.092421,,,2025-06-16 13:39:59
12501,18570,427,3,LIQUIDATION,5,853.995069,983.5689060641,853.995069,2025-06-16 13:54:35
12502,18571,718,1,REPAY,5,3.365272,,3.365272,2025-06-16 14:03:30
12503,18572,436,2,REPAY,2,0.20967,,0.20967,2025-06-16 14:12:13
12504,18573,932,1,REPAY,4,0.029591,,0.029591,2025-06-16 14:12:24
12505,18574,926,2,REPAY,5,0.000219,,0.000219,2025-06-16 14:23:05
12506,18575,32,2,REPAY,2,22.393531,,22.393531,2025-06-16 14:38:53
12507,18576,667,3,REPAY,2,0.002055,,0.002055,2025-06-16 15:27:08
12508,18577,634,3,LIQUIDATION,3,800.225376,822.9933681654,800.225376,2025-06-16 15:35:28
12509,18578,813,2,REPAY,3,2.391977,,2.391977,2025-06-16 15:36:04
12510,18579,210,3,WITHDRAW,5,6353.161533,,,2025-06-16 15:39:50
12511,18580,896,1,REPAY,5,2318.804006,,2318.804006,2025-06-16 15:56:43
12512,18581,560,4,REPAY,5,23.660892,,23.660892,2025-06-16 16:13:38
12513,18582,350,3,REPAY,3,395.974433,,395.974433,2025-06-16 16:22:30
12514,18583,636,2,BORROW,5,7570.521895,14589.324720641,7570.521895,2025-06-16 16:34:38
12515,18584,815,1,REPAY,4,3e-06,,3e-06,2025-06-16 16:42:29
12516,18586,757,4,REPAY,5,231.680754,,231.680754,2025-06-16 16:57:56
12517,18587,604,3,REPAY,5,506.628455,,506.628455,2025-06-16 17:36:45
12518,18588,665,4,REPAY,2,0.04683,,0.04683,2025-06-16 17:39:49
12519,18589,268,4,WITHDRAW,5,333.735342,,,2025-06-16 17:46:50
12520,18590,53,4,REPAY,3,130.512785,,130.512785,2025-06-16 17:50:32
12521,18591,326,3,REPAY,3,0.001697,,0.001697,2025-06-16 17:53:44
12522,18592,3,2,REPAY,1,0.000413,,0.000413,2025-06-16 18:06:44
12523,18595,58,1,WITHDRAW,5,7889.367753,,,2025-06-16 19:16:45
12524,18596,11,2,REPAY,3,1975.953688,,1975.953688,2025-06-16 19:17:10
12525,18598,198,2,WITHDRAW,5,6535.723092,,,2025-06-16 19:29:37
12526,18600,991,4,REPAY,5,0.024158,,0.024158,2025-06-16 20:38:33
12527,18601,943,2,REPAY,4,55.637585,,55.637585,2025-06-16 20:41:34
12528,18602,129,2,REPAY,1,592.458044,,592.458044,2025-06-16 20:51:51
12529,18606,248,2,REPAY,3,13.305216,,13.305216,2025-06-16 21:10:20
12530,18607,789,3,REPAY,3,6314.322378,,6314.322378,2025-06-16 21:22:54
12531,18608,166,1,REPAY,5,178.316919,,178.316919,2025-06-16 21:35:59
12532,18609,781,2,REPAY,2,1210.982624,,1210.982624,2025-06-16 21:57:06
12533,18610,89,2,REPAY,3,0.024316,,0.024316,2025-06-16 21:59:15
12534,18613,305,1,BORROW,4,2287.437211,4995.4002298777,2287.437211,2025-06-16 22:31:35
12535,18614,399,4,REPAY,1,61.485309,,61.485309,2025-06-16 22:35:55
12536,18615,534,3,WITHDRAW,1,955.547603,,,2025-06-16 22:56:30
12537,18616,53,3,REPAY,2,164.269313,,164.269313,2025-06-16 23:29:00
12538,18617,195,3,REPAY,3,3e-06,,3e-06,2025-06-16 23:32:47
12539,18618,35,2,WITHDRAW,4,7614.11509,,,2025-06-16 23:37:57
12540,18620,756,2,WITHDRAW,2,6810.575235,,,2025-06-17 00:36:08
12541,18621,843,4,REPAY,2,0.780476,,0.780476,2025-06-17 00:45:25
12542,18622,313,2,LIQUIDATION,2,15301.761335,12398.3779932413,15301.761335,2025-06-17 01:13:33
12543,18623,128,2,BORROW,5,4461.702326,10158.4784872025,4461.702326,2025-06-17 01:15:46
12544,18624,139,2,REPAY,3,34.153538,,34.153538,2025-06-17 01:28:34
12545,18625,788,2,BORROW,1,4228.397672,9344.6611593234,4228.397672,2025-06-17 01:34:17
12546,18627,427,2,BORROW,1,6042.924668,7616.8206389735,6042.924668,2025-06-17 01:40:25
12547,18628,850,3,REPAY,3,80.108005,,80.108005,2025-06-17 01:45:18
12548,18629,211,4,BORROW,2,9439.547343,12187.8860702203,9439.547343,2025-06-17 01:57:47
12549,18630,765,2,REPAY,5,1.4e-05,,1.4e-05,2025-06-17 02:30:15
12550,18633,565,1,DEPOSIT,5,7400.063895,7400.063895,,2025-06-17 03:11:16
12551,18635,12,2,REPAY,5,1e-06,,1e-06,2025-06-17 03:34:46
12552,18636,633,4,LIQUIDATION,2,1257.131117,1371.0786169499,1257.131117,2025-06-17 03:41:02
12553,18637,637,2,DEPOSIT,1,8427.994642,8427.994642,,2025-06-17 04:39:14
12554,18638,605,4,REPAY,5,0.022393,,0.022393,2025-06-17 04:46:39
12555,18639,435,3,WITHDRAW,4,4589.727926,,,2025-06-17 04:59:58
12556,18641,984,4,REPAY,5,2.92677,,2.92677,2025-06-17 05:42:21
12557,18644,441,1,BORROW,5,8414.537335,16901.5121087267,8414.537335,2025-06-17 06:50:30
12558,18645,276,2,REPAY,1,12.88069,,12.88069,2025-06-17 07:36:14
12559,18646,37,4,WITHDRAW,1,4185.745228,,,2025-06-17 07:52:41
12560,18650,634,2,WITHDRAW,2,5445.06824,,,2025-06-17 09:05:28
12561,18651,491,2,REPAY,5,3351.072998,,3351.072998,2025-06-17 09:05:29
12562,18653,739,1,REPAY,4,2237.593353,,2237.593353,2025-06-17 09:13:37
12563,18656,949,1,REPAY,5,0.006889,,0.006889,2025-06-17 09:21:01
12564,18657,823,2,REPAY,1,623.212362,,623.212362,2025-06-17 09:59:55
12565,18658,169,4,REPAY,5,0.533411,,0.533411,2025-06-17 10:08:07
12566,18659,929,4,REPAY,4,6.066196,,6.066196,2025-06-17 10:08:19
12567,18661,594,3,REPAY,4,2.297934,,2.297934,2025-06-17 10:11:31
12568,18662,517,1,REPAY,3,38.226773,,38.226773,2025-06-17 10:51:08
12569,18663,809,2,REPAY,4,3768.468642,,3768.468642,2025-06-17 11:02:49
12570,18664,494,1,REPAY,1,0.008052,,0.008052,2025-06-17 11:11:39
12571,18665,398,3,DEPOSIT,1,3382.893338,3382.893338,,2025-06-17 11:23:06
12572,18666,174,4,WITHDRAW,5,5040.58098,,,2025-06-17 11:53:40
12573,18669,967,4,REPAY,5,0.013239,,0.013239,2025-06-17 12:20:42
12574,18670,865,3,REPAY,4,14.000867,,14.000867,2025-06-17 12:31:08
12575,18671,979,3,DEPOSIT,2,2542.850323,2542.850323,,2025-06-17 12:37:05
12576,18672,974,1,REPAY,2,143.465082,,143.465082,2025-06-17 12:37:55
12577,18675,234,1,DEPOSIT,4,2641.795338,2641.795338,,2025-06-17 13:24:18
12578,18678,931,3,WITHDRAW,1,6324.269117,,,2025-06-17 14:44:06
12579,18679,374,1,BORROW,2,9995.103402,13144.7503953739,9995.103402,2025-06-17 15:08:15
12580,18680,821,1,BORROW,3,1836.427775,3767.5189168435,1836.427775,2025-06-17 15:10:15
12581,18681,62,3,REPAY,1,4505.29509,,4505.29509,2025-06-17 15:35:20
12582,18682,468,2,REPAY,5,1.208305,,1.208305,2025-06-17 15:47:17
12583,18683,820,4,REPAY,3,432.235993,,432.235993,2025-06-17 15:54:50
12584,18684,457,1,REPAY,5,303.48106,,303.48106,2025-06-17 16:07:19
12585,18685,229,2,REPAY,4,7.220584,,7.220584,2025-06-17 16:56:11
12586,18686,886,4,REPAY,5,40.608888,,40.608888,2025-06-17 17:13:06
12587,18688,514,1,BORROW,3,4717.666511,11274.2401665356,4717.666511,2025-06-17 17:30:43
12588,18689,113,2,REPAY,2,13.852592,,13.852592,2025-06-17 17:44:31
12589,18690,239,2,BORROW,3,6491.094667,8493.2326548736,6491.094667,2025-06-17 18:34:29
12590,18691,233,4,REPAY,3,56.297718,,56.297718,2025-06-17 18:46:05
12591,18692,452,3,REPAY,3,0.011757,,0.011757,2025-06-17 18:55:38
12592,18693,854,1,REPAY,4,1410.784063,,1410.784063,2025-06-17 19:17:43
12593,18694,775,4,REPAY,3,0.014782,,0.014782,2025-06-17 19:18:33
12594,18695,263,2,REPAY,5,0.317804,,0.317804,2025-06-17 19:39:20
12595,18696,666,2,REPAY,1,8.180898,,8.180898,2025-06-17 19:50:50
12596,18697,395,3,REPAY,1,617.641857,,617.641857,2025-06-17 19:56:10
12597,18698,297,2,WITHDRAW,5,8889.872891,,,2025-06-17 19:59:44
12598,18700,980,2,REPAY,2,1964.349174,,1964.349174,2025-06-17 20:49:14
12599,18701,451,1,REPAY,4,10.22209,,10.22209,2025-06-17 20:52:29
12600,18703,804,2,REPAY,2,0.005761,,0.005761,2025-06-17 21:15:44
12601,18704,830,2,REPAY,3,26.123748,,26.123748,2025-06-17 21:17:55
12602,18705,664,4,REPAY,2,2.1e-05,,2.1e-05,2025-06-17 21:28:03
12603,18706,335,1,REPAY,4,30.096834,,30.096834,2025-06-17 22:18:27
12604,18707,468,1,REPAY,4,1.546502,,1.546502,2025-06-17 22:23:21
12605,18708,393,2,BORROW,1,7139.653502,12367.4025068446,7139.653502,2025-06-17 22:27:12
12606,18709,777,3,REPAY,1,2245.699237,,2245.699237,2025-06-17 22:41:41
12607,18710,546,4,REPAY,3,0.569596,,0.569596,2025-06-17 22:42:23
12608,18713,137,4,REPAY,3,24.051426,,24.051426,2025-06-17 23:47:14
12609,18714,772,1,REPAY,1,697.812678,,697.812678,2025-06-17 23:58:17
12610,18717,3,4,REPAY,1,3.6e-05,,3.6e-05,2025-06-18 00:37:30
12611,18718,929,3,LIQUIDATION,1,4.899275,5.4929063116,4.899275,2025-06-18 01:02:55
12612,18721,666,2,WITHDRAW,3,9397.955472,,,2025-06-18 01:21:52
12613,18723,619,1,REPAY,2,0.000614,,0.000614,2025-06-18 01:35:40
12614,18724,720,2,REPAY,3,188.928678,,188.928678,2025-06-18 01:37:33
12615,18725,602,3,REPAY,2,3.019478,,3.019478,2025-06-18 02:21:34
12616,18726,245,4,WITHDRAW,2,5436.323345,,,2025-06-18 02:27:07
12617,18727,561,4,REPAY,4,0.007791,,0.007791,2025-06-18 02:39:05
12618,18728,818,2,REPAY,1,5.6e-05,,5.6e-05,2025-06-18 03:10:43
12619,18730,248,3,REPAY,2,5.077292,,5.077292,2025-06-18 04:00:09
12620,18731,367,3,DEPOSIT,5,54.603123,54.603123,,2025-06-18 04:13:11
12621,18732,298,3,REPAY,2,2608.228265,,2608.228265,2025-06-18 04:29:51
12622,18733,357,2,REPAY,4,0.000939,,0.000939,2025-06-18 05:27:38
12623,18734,353,3,WITHDRAW,2,3583.324237,,,2025-06-18 05:27:46
12624,18735,932,1,REPAY,3,0.001091,,0.001091,2025-06-18 05:41:08
12625,18736,381,4,DEPOSIT,4,6167.722753,6167.722753,,2025-06-18 05:55:28
12626,18737,419,2,REPAY,4,140.018741,,140.018741,2025-06-18 07:27:09
12627,18738,716,1,WITHDRAW,5,2047.776943,,,2025-06-18 07:27:13
12628,18739,897,2,REPAY,5,163.681268,,163.681268,2025-06-18 07:27:49
12629,18741,783,1,REPAY,4,11.060445,,11.060445,2025-06-18 07:57:01
12630,18742,827,4,BORROW,5,6430.791027,15862.5908403279,6430.791027,2025-06-18 07:57:12
12631,18743,675,1,REPAY,2,32.632028,,32.632028,2025-06-18 08:01:08
12632,18744,820,3,DEPOSIT,1,2050.49258,2050.49258,,2025-06-18 08:13:43
12633,18746,896,3,WITHDRAW,1,5549.644212,,,2025-06-18 08:17:36
12634,18748,717,2,DEPOSIT,2,925.045569,925.045569,,2025-06-18 08:44:04
12635,18749,90,2,BORROW,5,5364.103939,13109.2885826747,5364.103939,2025-06-18 08:48:18
12636,18750,774,3,DEPOSIT,3,3527.698639,3527.698639,,2025-06-18 09:06:50
12637,18752,111,3,REPAY,2,0.378117,,0.378117,2025-06-18 09:18:48
12638,18754,856,2,REPAY,1,8708.188505,,8708.188505,2025-06-18 09:38:45
12639,18755,132,2,REPAY,4,1345.746292,,1345.746292,2025-06-18 09:43:44
12640,18756,730,3,WITHDRAW,3,2084.790854,,,2025-06-18 09:55:19
12641,18757,219,4,LIQUIDATION,5,386.702746,392.5312434228,386.702746,2025-06-18 10:13:50
12642,18758,142,3,REPAY,4,1.738328,,1.738328,2025-06-18 10:25:32
12643,18759,391,2,BORROW,4,4372.615601,5459.7911029944,4372.615601,2025-06-18 10:43:39
12644,18760,967,3,REPAY,2,0.004195,,0.004195,2025-06-18 10:49:57
12645,18761,163,3,REPAY,5,3e-06,,3e-06,2025-06-18 10:57:48
12646,18762,865,1,REPAY,2,6.558604,,6.558604,2025-06-18 10:59:44
12647,18763,910,3,BORROW,4,9137.721535,16199.9659644244,9137.721535,2025-06-18 10:59:59
12648,18765,467,3,REPAY,4,61.14782,,61.14782,2025-06-18 11:28:06
12649,18766,827,4,REPAY,2,4861.865865,,4861.865865,2025-06-18 11:33:45
12650,18767,872,3,REPAY,4,1.663487,,1.663487,2025-06-18 11:35:50
12651,18768,571,2,REPAY,4,0.062968,,0.062968,2025-06-18 11:51:56
12652,18769,170,2,DEPOSIT,5,7579.327979,7579.327979,,2025-06-18 12:02:45
12653,18771,540,4,REPAY,1,0.035787,,0.035787,2025-06-18 12:30:54
12654,18772,611,2,REPAY,4,5.4e-05,,5.4e-05,2025-06-18 12:41:30
12655,18773,245,4,WITHDRAW,5,2635.449548,,,2025-06-18 13:05:20
12656,18774,576,3,WITHDRAW,3,7620.252626,,,2025-06-18 13:14:33
12657,18775,278,4,REPAY,1,0.608106,,0.608106,2025-06-18 13:16:09
12658,18776,892,3,REPAY,1,8.314004,,8.314004,2025-06-18 13:20:16
12659,18778,522,2,BORROW,4,7976.55416,12839.4229087566,7976.55416,2025-06-18 13:43:04
12660,18779,361,2,REPAY,2,73.176025,,73.176025,2025-06-18 13:58:47
12661,18780,336,2,REPAY,5,2939.418789,,2939.418789,2025-06-18 14:09:34
12662,18781,374,1,BORROW,4,1760.745074,2406.5690175979,1760.745074,2025-06-18 14:11:05
12663,18782,134,1,DEPOSIT,5,5770.989518,5770.989518,,2025-06-18 14:22:26
12664,18783,312,2,REPAY,5,7148.32149,,7148.32149,2025-06-18 14:43:18
12665,18784,928,3,LIQUIDATION,4,8152.717537,8471.0254973612,8152.717537,2025-06-18 14:47:07
12666,18785,962,3,REPAY,4,94.70624,,94.70624,2025-06-18 14:51:36
12667,18786,278,1,REPAY,4,0.250447,,0.250447,2025-06-18 16:40:45
12668,18788,630,2,REPAY,3,41.21431,,41.21431,2025-06-18 16:48:38
12669,18789,50,4,REPAY,3,91.967939,,91.967939,2025-06-18 16:57:32
12670,18791,89,4,REPAY,4,0.000141,,0.000141,2025-06-18 17:08:03
12671,18792,484,1,REPAY,3,762.518979,,762.518979,2025-06-18 17:09:34
12672,18793,649,4,REPAY,3,2472.517214,,2472.517214,2025-06-18 17:22:03
12673,18795,376,1,BORROW,2,3884.551996,8302.5286002543,3884.551996,2025-06-18 17:33:13
12674,18796,218,2,REPAY,1,187.446078,,187.446078,2025-06-18 17:41:53
12675,18797,868,1,REPAY,2,71.884013,,71.884013,2025-06-18 17:51:29
12676,18799,547,2,LIQUIDATION,1,1891.487075,2004.0438794243,1891.487075,2025-06-18 19:22:02
12677,18800,464,3,BORROW,1,3680.324909,5873.1324409911,3680.324909,2025-06-18 19:31:02
12678,18801,769,1,WITHDRAW,3,2228.623371,,,2025-06-18 19:46:13
12679,18802,841,3,WITHDRAW,2,8701.216368,,,2025-06-18 19:46:52
12680,18804,22,1,WITHDRAW,2,803.901776,,,2025-06-18 20:02:30
12681,18805,667,3,REPAY,4,0.000157,,0.000157,2025-06-18 20:17:02
12682,18806,455,1,REPAY,4,0.06578,,0.06578,2025-06-18 20:43:27
12683,18809,738,3,WITHDRAW,5,3729.549274,,,2025-06-18 21:29:56
12684,18810,470,4,REPAY,2,221.849627,,221.849627,2025-06-18 21:42:28
12685,18811,418,2,REPAY,4,0.000208,,0.000208,2025-06-18 21:48:32
12686,18812,668,1,REPAY,5,0.084137,,0.084137,2025-06-18 21:50:07
12687,18813,628,4,REPAY,2,6560.581427,,6560.581427,2025-06-18 21:52:22
12688,18814,704,1,REPAY,5,105.573901,,105.573901,2025-06-18 21:57:50
12689,18816,762,3,REPAY,1,293.775585,,293.775585,2025-06-18 22:36:50
12690,18817,311,4,BORROW,1,3043.662654,5697.2451589106,3043.662654,2025-06-18 23:02:39
12691,18818,844,2,BORROW,5,5676.077907,6965.6349373783,5676.077907,2025-06-18 23:25:33
12692,18820,123,4,WITHDRAW,3,4226.09708,,,2025-06-18 23:41:08
12693,18821,528,3,REPAY,4,172.434243,,172.434243,2025-06-18 23:47:17
12694,18823,808,4,REPAY,2,463.053569,,463.053569,2025-06-19 00:19:39
12695,18824,467,4,REPAY,4,372.910556,,372.910556,2025-06-19 00:28:54
12696,18827,361,3,REPAY,2,53.998059,,53.998059,2025-06-19 00:43:00
12697,18830,22,4,REPAY,4,0.162173,,0.162173,2025-06-19 00:53:22
12698,18831,606,1,REPAY,1,0.004818,,0.004818,2025-06-19 01:00:30
12699,18832,819,4,REPAY,5,6.9e-05,,6.9e-05,2025-06-19 01:01:02
12700,18833,576,4,REPAY,1,3.4e-05,,3.4e-05,2025-06-19 01:05:06
12701,18834,933,1,REPAY,1,28.961596,,28.961596,2025-06-19 01:52:26
12702,18836,161,1,LIQUIDATION,4,2811.389314,2397.9644258338,2811.389314,2025-06-19 02:27:04
12703,18838,705,2,DEPOSIT,2,9257.83139,9257.83139,,2025-06-19 02:40:48
12704,18839,426,1,BORROW,4,8874.449175,10811.5858923006,8874.449175,2025-06-19 02:44:59
12705,18841,881,1,REPAY,5,5396.488229,,5396.488229,2025-06-19 04:16:07
12706,18842,712,4,REPAY,2,5e-05,,5e-05,2025-06-19 04:30:05
12707,18844,211,3,DEPOSIT,4,3194.627033,3194.627033,,2025-06-19 04:43:22
12708,18845,123,3,BORROW,5,7125.792769,16195.6351772127,7125.792769,2025-06-19 04:45:40
12709,18847,914,2,REPAY,1,7497.945627,,7497.945627,2025-06-19 05:10:06
12710,18848,602,1,REPAY,2,7.465446,,7.465446,2025-06-19 05:13:15
12711,18850,656,4,DEPOSIT,1,1454.949024,1454.949024,,2025-06-19 05:43:32
12712,18853,490,4,REPAY,3,8.2e-05,,8.2e-05,2025-06-19 06:19:16
12713,18854,471,4,REPAY,1,865.174784,,865.174784,2025-06-19 06:51:11
12714,18855,517,1,REPAY,5,71.442989,,71.442989,2025-06-19 06:52:39
12715,18856,398,3,DEPOSIT,2,3511.214083,3511.214083,,2025-06-19 07:13:56
12716,18857,631,1,REPAY,5,0.112492,,0.112492,2025-06-19 07:32:15
12717,18858,476,1,REPAY,1,0.137839,,0.137839,2025-06-19 07:40:47
12718,18859,480,3,REPAY,4,0.630148,,0.630148,2025-06-19 07:43:05
12719,18860,636,3,BORROW,2,895.824303,2130.4656401959,895.824303,2025-06-19 07:53:00
12720,18862,277,1,REPAY,1,6179.282578,,6179.282578,2025-06-19 08:12:46
12721,18863,236,1,REPAY,4,0.001176,,0.001176,2025-06-19 08:16:01
12722,18864,35,2,WITHDRAW,4,6993.060804,,,2025-06-19 08:16:35
12723,18865,782,4,DEPOSIT,3,9764.78744,9764.78744,,2025-06-19 08:20:58
12724,18866,51,4,REPAY,3,0.007449,,0.007449,2025-06-19 08:43:26
12725,18867,101,4,DEPOSIT,5,5617.836281,5617.836281,,2025-06-19 08:46:14
12726,18869,835,4,REPAY,4,0.58243,,0.58243,2025-06-19 09:10:09
12727,18870,284,3,REPAY,4,0.763351,,0.763351,2025-06-19 09:52:36
12728,18872,425,4,REPAY,4,4438.281928,,4438.281928,2025-06-19 10:36:13
12729,18873,927,4,REPAY,2,253.709191,,253.709191,2025-06-19 10:41:00
12730,18874,607,1,REPAY,2,468.055796,,468.055796,2025-06-19 11:00:04
12731,18876,373,4,LIQUIDATION,4,8815.688867,7535.226827127,8815.688867,2025-06-19 11:06:13
12732,18878,754,2,REPAY,1,534.904553,,534.904553,2025-06-19 11:16:29
12733,18880,643,3,REPAY,3,46.883326,,46.883326,2025-06-19 11:46:58
12734,18881,258,3,DEPOSIT,1,1684.296428,1684.296428,,2025-06-19 11:52:47
12735,18882,655,3,DEPOSIT,4,350.465253,350.465253,,2025-06-19 12:50:08
12736,18884,579,2,REPAY,2,0.01647,,0.01647,2025-06-19 13:06:15
12737,18885,720,4,REPAY,4,6.269008,,6.269008,2025-06-19 13:08:38
12738,18886,318,3,REPAY,4,6187.31389,,6187.31389,2025-06-19 13:29:36
12739,18887,307,2,BORROW,5,6867.897108,10005.7453511798,6867.897108,2025-06-19 13:40:01
12740,18888,81,2,REPAY,5,217.66424,,217.66424,2025-06-19 13:54:15
12741,18889,5,1,REPAY,3,3905.071603,,3905.071603,2025-06-19 14:04:05
12742,18890,470,1,LIQUIDATION,1,670.323108,738.1787497229,670.323108,2025-06-19 14:15:32
12743,18892,885,3,DEPOSIT,3,7097.841373,7097.841373,,2025-06-19 14:37:08
12744,18893,900,2,BORROW,1,7997.760315,16084.6313644705,7997.760315,2025-06-19 14:38:52
12745,18894,628,3,DEPOSIT,1,2692.629488,2692.629488,,2025-06-19 14:46:17
12746,18895,924,3,REPAY,1,223.81034,,223.81034,2025-06-19 14:49:56
12747,18897,951,4,REPAY,2,445.619886,,445.619886,2025-06-19 15:21:59
12748,18899,447,1,BORROW,2,3186.440782,4234.3142747739,3186.440782,2025-06-19 15:58:16
12749,18900,169,1,REPAY,2,0.294379,,0.294379,2025-06-19 16:05:26
12750,18901,215,4,DEPOSIT,5,1565.820347,1565.820347,,2025-06-19 16:34:18
12751,18903,29,1,REPAY,2,4037.076904,,4037.076904,2025-06-19 17:01:39
12752,18904,808,4,REPAY,3,25.415039,,25.415039,2025-06-19 17:47:23
12753,18905,542,1,WITHDRAW,4,15.378204,,,2025-06-19 17:52:32
12754,18906,563,1,DEPOSIT,2,6525.135803,6525.135803,,2025-06-19 18:03:46
12755,18907,764,2,DEPOSIT,1,625.608556,625.608556,,2025-06-19 18:08:14
12756,18908,93,2,WITHDRAW,3,341.016072,,,2025-06-19 18:19:31
12757,18909,521,4,DEPOSIT,1,9082.176748,9082.176748,,2025-06-19 18:32:29
12758,18911,228,2,REPAY,5,2934.600279,,2934.600279,2025-06-19 19:06:29
12759,18912,490,2,REPAY,5,0.000213,,0.000213,2025-06-19 19:27:10
12760,18914,526,1,REPAY,2,0.420816,,0.420816,2025-06-19 19:59:49
12761,18915,430,2,REPAY,1,0.20194,,0.20194,2025-06-19 20:09:55
12762,18917,667,1,REPAY,2,0.000241,,0.000241,2025-06-19 20:47:49
12763,18918,454,4,WITHDRAW,2,2238.274791,,,2025-06-19 20:54:33
12764,18921,110,4,LIQUIDATION,4,8217.804334,8381.6306079525,8217.804334,2025-06-19 21:30:04
12765,18923,280,3,REPAY,4,548.590812,,548.590812,2025-06-19 21:58:39
12766,18924,962,4,REPAY,2,13.756802,,13.756802,2025-06-19 22:25:44
12767,18925,714,2,REPAY,1,555.492757,,555.492757,2025-06-19 22:38:13
12768,18927,340,1,REPAY,1,0.009548,,0.009548,2025-06-19 22:53:34
12769,18928,153,4,REPAY,3,94.664051,,94.664051,2025-06-19 23:40:11
12770,18929,973,4,REPAY,3,0.002427,,0.002427,2025-06-20 00:10:52
12771,18930,922,3,REPAY,3,99.311639,,99.311639,2025-06-20 00:17:44
12772,18931,340,3,REPAY,3,0.000974,,0.000974,2025-06-20 00:41:39
12773,18934,485,3,REPAY,5,25.312355,,25.312355,2025-06-20 01:39:01
12774,18936,76,4,REPAY,2,0.386569,,0.386569,2025-06-20 01:49:18
12775,18937,357,2,REPAY,1,0.000763,,0.000763,2025-06-20 02:05:23
12776,18938,336,2,REPAY,3,398.501365,,398.501365,2025-06-20 02:08:27
12777,18939,830,2,REPAY,3,5.34633,,5.34633,2025-06-20 02:11:05
12778,18940,230,1,DEPOSIT,3,5347.97629,5347.97629,,2025-06-20 02:18:36
12779,18941,262,2,LIQUIDATION,4,2067.945224,1967.3641337595,2067.945224,2025-06-20 02:20:47
12780,18942,832,4,REPAY,4,1168.290288,,1168.290288,2025-06-20 02:29:04
12781,18943,453,2,BORROW,5,1623.498704,3621.1110227201,1623.498704,2025-06-20 02:53:18
12782,18945,400,4,REPAY,4,3928.65163,,3928.65163,2025-06-20 02:58:57
12783,18946,531,3,REPAY,2,0.008999,,0.008999,2025-06-20 03:22:13
12784,18947,591,3,WITHDRAW,4,4797.535209,,,2025-06-20 03:32:47
12785,18949,490,3,REPAY,4,1.4e-05,,1.4e-05,2025-06-20 03:39:35
12786,18950,244,2,REPAY,3,203.806152,,203.806152,2025-06-20 03:49:47
12787,18951,558,3,REPAY,4,0.666282,,0.666282,2025-06-20 04:16:24
12788,18952,678,3,REPAY,4,0.079349,,0.079349,2025-06-20 04:19:19
12789,18953,932,3,REPAY,2,0.000235,,0.000235,2025-06-20 04:20:47
12790,18954,777,1,REPAY,5,7237.668881,,7237.668881,2025-06-20 04:33:07
12791,18956,501,4,BORROW,2,8723.894787,16208.3741401763,8723.894787,2025-06-20 04:45:42
12792,18957,131,2,WITHDRAW,2,711.00941,,,2025-06-20 04:59:30
12793,18958,8,3,REPAY,2,0.007447,,0.007447,2025-06-20 05:13:44
12794,18960,495,1,DEPOSIT,5,6988.54078,6988.54078,,2025-06-20 05:31:18
12795,18964,262,1,BORROW,4,3992.538113,6152.333722204,3992.538113,2025-06-20 06:00:12
12796,18965,551,3,BORROW,1,533.226004,1193.0907442134,533.226004,2025-06-20 06:01:37
12797,18966,923,2,REPAY,2,4.939843,,4.939843,2025-06-20 06:48:15
12798,18968,475,3,WITHDRAW,2,7560.973175,,,2025-06-20 07:02:49
12799,18969,356,3,REPAY,2,323.219778,,323.219778,2025-06-20 07:04:31
12800,18970,979,2,WITHDRAW,1,8815.401223,,,2025-06-20 07:20:36
12801,18971,853,4,DEPOSIT,3,8173.97311,8173.97311,,2025-06-20 07:28:02
12802,18972,876,1,REPAY,1,0.045487,,0.045487,2025-06-20 07:47:14
12803,18973,839,1,BORROW,3,7691.811409,18482.2309261442,7691.811409,2025-06-20 08:02:26
12804,18974,465,3,REPAY,4,3e-06,,3e-06,2025-06-20 08:02:30
12805,18976,105,2,REPAY,1,0.056632,,0.056632,2025-06-20 08:29:06
12806,18977,423,4,WITHDRAW,4,3754.51188,,,2025-06-20 08:35:42
12807,18979,975,2,REPAY,4,4410.237,,4410.237,2025-06-20 09:01:13
12808,18980,108,1,WITHDRAW,2,7153.768951,,,2025-06-20 09:05:54
12809,18981,6,1,BORROW,4,3143.696418,5713.7429315921,3143.696418,2025-06-20 09:07:58
12810,18984,720,3,REPAY,4,2.598377,,2.598377,2025-06-20 10:05:15
12811,18985,64,1,REPAY,3,6.068922,,6.068922,2025-06-20 10:26:31
12812,18986,781,2,REPAY,1,1679.00507,,1679.00507,2025-06-20 10:37:25
12813,18987,441,4,REPAY,1,6243.574066,,6243.574066,2025-06-20 10:41:26
12814,18988,912,1,BORROW,4,7124.903146,8951.160547295,7124.903146,2025-06-20 10:45:03
12815,18989,519,1,DEPOSIT,1,6932.956503,6932.956503,,2025-06-20 10:52:08
12816,18990,599,2,BORROW,1,1884.565026,2862.1139432909,1884.565026,2025-06-20 11:14:40
12817,18992,208,2,LIQUIDATION,3,8646.307778,9853.5630288503,8646.307778,2025-06-20 11:16:49
12818,18993,715,3,REPAY,5,1025.193143,,1025.193143,2025-06-20 11:17:43
12819,18995,727,2,REPAY,4,117.491416,,117.491416,2025-06-20 13:02:08
12820,18996,579,1,REPAY,2,0.01501,,0.01501,2025-06-20 13:04:41
12821,18997,274,1,WITHDRAW,4,3534.334658,,,2025-06-20 13:15:18
12822,18998,43,4,DEPOSIT,2,620.258634,620.258634,,2025-06-20 13:35:02
12823,18999,132,4,REPAY,3,885.126374,,885.126374,2025-06-20 13:38:20
12824,19000,262,3,REPAY,1,1410.986009,,1410.986009,2025-06-20 13:59:33
12825,19002,898,1,REPAY,2,0.001217,,0.001217,2025-06-20 14:08:54
12826,19003,3,2,REPAY,3,0.000207,,0.000207,2025-06-20 14:44:46
12827,19004,459,4,REPAY,5,442.247248,,442.247248,2025-06-20 14:55:58
12828,19006,173,2,BORROW,4,7727.044135,19275.1955906318,7727.044135,2025-06-20 15:08:30
12829,19007,171,4,REPAY,3,0.0081,,0.0081,2025-06-20 16:14:22
12830,19009,692,1,DEPOSIT,2,7587.54308,7587.54308,,2025-06-20 16:44:15
12831,19010,491,3,DEPOSIT,1,4859.038675,4859.038675,,2025-06-20 16:47:22
12832,19012,284,3,WITHDRAW,1,969.074653,,,2025-06-20 17:09:33
12833,19013,23,4,BORROW,2,8269.390815,16082.2788075035,8269.390815,2025-06-20 17:33:09
12834,19017,56,2,DEPOSIT,4,4092.370795,4092.370795,,2025-06-20 18:36:51
12835,19019,938,1,DEPOSIT,3,4344.783471,4344.783471,,2025-06-20 19:09:26
12836,19020,953,3,REPAY,5,1513.47946,,1513.47946,2025-06-20 19:15:59
12837,19021,855,3,LIQUIDATION,1,11269.391216,11740.0570463243,11269.391216,2025-06-20 19:21:31
12838,19023,640,4,REPAY,5,0.000292,,0.000292,2025-06-20 19:34:06
12839,19025,74,1,REPAY,1,0.009662,,0.009662,2025-06-20 20:07:48
12840,19026,153,2,REPAY,4,13.869782,,13.869782,2025-06-20 20:31:03
12841,19028,830,1,REPAY,2,8.478841,,8.478841,2025-06-20 20:48:32
12842,19029,959,1,WITHDRAW,4,1576.275178,,,2025-06-20 20:51:55
12843,19030,350,1,REPAY,4,1497.465085,,1497.465085,2025-06-20 21:33:21
12844,19032,636,2,REPAY,2,5810.780636,,5810.780636,2025-06-20 21:40:58
12845,19035,689,4,WITHDRAW,1,5797.04077,,,2025-06-20 21:53:32
12846,19036,406,2,REPAY,1,0.012591,,0.012591,2025-06-20 22:09:04
12847,19037,601,4,REPAY,1,3.08063,,3.08063,2025-06-20 22:09:14
12848,19038,558,1,REPAY,4,0.037507,,0.037507,2025-06-20 22:09:16
12849,19039,193,2,BORROW,4,5869.131457,9820.8273813253,5869.131457,2025-06-20 22:33:00
12850,19040,539,3,REPAY,3,20.99962,,20.99962,2025-06-20 22:38:38
12851,19041,839,3,REPAY,3,5831.521316,,5831.521316,2025-06-20 23:36:59
12852,19042,259,3,DEPOSIT,5,345.935409,345.935409,,2025-06-21 00:06:52
12853,19043,762,2,REPAY,2,95.435214,,95.435214,2025-06-21 00:37:03
12854,19044,860,1,BORROW,3,8096.461044,11159.6636213103,8096.461044,2025-06-21 01:02:44
12855,19046,24,3,REPAY,4,239.046638,,239.046638,2025-06-21 01:16:08
12856,19047,347,3,REPAY,3,1238.813967,,1238.813967,2025-06-21 01:16:32
12857,19049,971,2,REPAY,5,187.813033,,187.813033,2025-06-21 01:38:22
12858,19050,369,1,REPAY,3,5.17351,,5.17351,2025-06-21 01:41:53
12859,19053,951,4,REPAY,3,3242.581723,,3242.581723,2025-06-21 01:46:19
12860,19054,845,4,DEPOSIT,2,1194.336963,1194.336963,,2025-06-21 02:29:23
12861,19055,954,4,BORROW,3,3150.021018,7693.5625474169,3150.021018,2025-06-21 02:57:27
12862,19056,385,3,REPAY,1,19.324453,,19.324453,2025-06-21 03:33:51
12863,19058,355,3,BORROW,5,6197.779725,12463.22921978,6197.779725,2025-06-21 03:48:50
12864,19059,701,4,WITHDRAW,5,3264.084731,,,2025-06-21 04:19:48
12865,19061,301,4,REPAY,3,2934.765831,,2934.765831,2025-06-21 04:44:36
12866,19062,804,3,REPAY,1,0.017969,,0.017969,2025-06-21 04:48:17
12867,19063,641,1,DEPOSIT,2,399.883064,399.883064,,2025-06-21 04:51:03
12868,19064,334,4,LIQUIDATION,2,1156.660069,1284.6534342331,1156.660069,2025-06-21 05:19:47
12869,19065,138,1,BORROW,5,8720.78841,16145.8469071348,8720.78841,2025-06-21 05:20:56
12870,19066,745,2,REPAY,4,619.615047,,619.615047,2025-06-21 06:05:39
12871,19067,517,2,REPAY,3,3.533555,,3.533555,2025-06-21 06:30:59
12872,19068,560,3,REPAY,1,14.276107,,14.276107,2025-06-21 06:34:39
12873,19069,855,2,BORROW,5,6004.515259,14441.4885761087,6004.515259,2025-06-21 06:35:23
12874,19070,293,3,REPAY,3,39.74778,,39.74778,2025-06-21 07:06:23
12875,19071,599,4,WITHDRAW,5,5337.942524,,,2025-06-21 07:10:23
12876,19072,662,1,DEPOSIT,1,2611.979396,2611.979396,,2025-06-21 07:12:00
12877,19076,297,1,BORROW,4,3630.289226,8923.101354609,3630.289226,2025-06-21 07:59:59
12878,19079,104,2,WITHDRAW,4,7078.106103,,,2025-06-21 08:23:05
12879,19081,820,4,REPAY,1,486.399095,,486.399095,2025-06-21 08:32:30
12880,19082,520,3,REPAY,5,911.80644,,911.80644,2025-06-21 08:58:25
12881,19083,944,2,BORROW,1,3637.512211,6227.9959921407,3637.512211,2025-06-21 09:00:29
12882,19086,190,1,REPAY,1,280.699368,,280.699368,2025-06-21 09:41:37
12883,19088,835,4,REPAY,3,0.06698,,0.06698,2025-06-21 10:02:46
12884,19089,701,4,REPAY,2,0.102447,,0.102447,2025-06-21 10:12:06
12885,19090,659,3,DEPOSIT,4,8567.401165,8567.401165,,2025-06-21 10:15:29
12886,19091,851,3,REPAY,4,773.340358,,773.340358,2025-06-21 10:24:48
12887,19092,841,4,BORROW,4,8893.963615,21220.525780852,8893.963615,2025-06-21 10:43:49
12888,19093,462,4,REPAY,1,1e-06,,1e-06,2025-06-21 10:45:47
12889,19094,954,1,LIQUIDATION,5,3150.021018,2530.4997745149,3150.021018,2025-06-21 10:52:02
12890,19095,779,3,REPAY,2,0.001359,,0.001359,2025-06-21 11:31:55
12891,19096,280,1,REPAY,5,55.793403,,55.793403,2025-06-21 11:33:11
12892,19098,655,3,BORROW,1,8698.384663,15019.9577005947,8698.384663,2025-06-21 11:53:10
12893,19100,182,3,REPAY,4,27.223683,,27.223683,2025-06-21 12:33:59
12894,19101,721,4,REPAY,1,3941.606872,,3941.606872,2025-06-21 12:40:39
12895,19102,45,3,REPAY,3,328.241036,,328.241036,2025-06-21 12:44:31
12896,19103,744,1,REPAY,2,0.058413,,0.058413,2025-06-21 12:45:23
12897,19105,230,1,REPAY,4,0.091646,,0.091646,2025-06-21 12:57:11
12898,19107,349,2,REPAY,5,4.561133,,4.561133,2025-06-21 13:27:59
12899,19108,399,3,REPAY,1,24.527288,,24.527288,2025-06-21 13:43:40
12900,19110,824,3,REPAY,2,1.911346,,1.911346,2025-06-21 13:47:40
12901,19111,646,2,REPAY,3,832.730509,,832.730509,2025-06-21 13:53:09
12902,19112,980,3,REPAY,2,463.529598,,463.529598,2025-06-21 14:10:16
12903,19114,756,1,REPAY,1,37.035755,,37.035755,2025-06-21 14:49:04
12904,19116,133,4,WITHDRAW,3,6285.353138,,,2025-06-21 15:35:05
12905,19117,905,2,LIQUIDATION,4,3684.913692,3319.0367133616,3684.913692,2025-06-21 15:38:26
12906,19118,861,3,LIQUIDATION,5,41.596884,44.0169141253,41.596884,2025-06-21 15:40:30
12907,19119,678,3,REPAY,1,0.029911,,0.029911,2025-06-21 15:55:53
12908,19120,268,1,REPAY,4,1e-06,,1e-06,2025-06-21 16:46:55
12909,19122,798,2,REPAY,2,363.867953,,363.867953,2025-06-21 17:19:47
12910,19123,365,1,REPAY,4,0.001747,,0.001747,2025-06-21 17:35:29
12911,19124,173,1,REPAY,4,4359.29332,,4359.29332,2025-06-21 17:36:44
12912,19125,552,2,REPAY,3,4.2e-05,,4.2e-05,2025-06-21 18:18:39
12913,19126,361,3,BORROW,4,164.207026,320.4621043476,164.207026,2025-06-21 18:22:15
12914,19127,321,1,REPAY,3,5410.679921,,5410.679921,2025-06-21 18:27:57
12915,19128,908,3,REPAY,4,23.544025,,23.544025,2025-06-21 18:46:46
12916,19131,944,4,REPAY,1,572.766694,,572.766694,2025-06-21 19:52:48
12917,19132,163,4,BORROW,5,9353.686701,19749.444537835,9353.686701,2025-06-21 20:23:49
12918,19133,577,2,REPAY,1,0.01951,,0.01951,2025-06-21 20:27:09
12919,19134,356,3,REPAY,2,383.396705,,383.396705,2025-06-21 21:20:56
12920,19135,675,4,REPAY,5,10.784025,,10.784025,2025-06-21 21:23:49
12921,19137,709,1,LIQUIDATION,4,4651.819827,5090.064365769,4651.819827,2025-06-21 21:34:41
12922,19138,121,4,REPAY,2,215.429916,,215.429916,2025-06-21 21:53:29
12923,19139,929,3,WITHDRAW,2,6865.186492,,,2025-06-21 22:01:34
12924,19140,499,1,REPAY,5,0.003175,,0.003175,2025-06-21 22:10:48
12925,19141,542,3,BORROW,1,7918.287225,10794.038736114,7918.287225,2025-06-21 22:19:25
12926,19144,396,1,REPAY,1,1230.065978,,1230.065978,2025-06-21 22:41:42
12927,19145,735,2,REPAY,5,0.921272,,0.921272,2025-06-21 22:44:32
12928,19146,130,2,REPAY,4,0.013302,,0.013302,2025-06-21 22:55:26
12929,19149,363,1,WITHDRAW,2,4009.120772,,,2025-06-21 23:28:31
12930,19150,795,4,REPAY,4,1417.696868,,1417.696868,2025-06-21 23:45:04
12931,19151,713,1,REPAY,4,2.138035,,2.138035,2025-06-22 00:02:50
12932,19152,876,2,WITHDRAW,3,3458.867385,,,2025-06-22 00:17:13
12933,19153,329,3,LIQUIDATION,1,101.378116,115.6290832083,101.378116,2025-06-22 01:38:11
12934,19154,278,3,REPAY,5,0.151759,,0.151759,2025-06-22 01:47:08
12935,19155,545,4,REPAY,4,4611.597953,,4611.597953,2025-06-22 02:37:27
12936,19157,694,1,REPAY,3,62.30542,,62.30542,2025-06-22 02:59:31
12937,19159,75,3,REPAY,3,97.204921,,97.204921,2025-06-22 03:11:18
12938,19160,151,2,REPAY,1,0.000615,,0.000615,2025-06-22 03:28:15
12939,19164,860,1,REPAY,3,6905.503544,,6905.503544,2025-06-22 04:59:25
12940,19165,848,3,REPAY,3,1780.090312,,1780.090312,2025-06-22 05:19:26
12941,19167,8,1,REPAY,3,0.003302,,0.003302,2025-06-22 05:37:03
12942,19168,16,3,DEPOSIT,4,9544.56059,9544.56059,,2025-06-22 06:31:15
12943,19170,287,1,BORROW,2,4274.918257,6204.6426291562,4274.918257,2025-06-22 06:56:18
12944,19171,818,2,REPAY,3,2e-06,,2e-06,2025-06-22 07:11:13
12945,19173,637,2,DEPOSIT,2,7629.128134,7629.128134,,2025-06-22 07:49:18
12946,19174,591,4,WITHDRAW,1,287.355891,,,2025-06-22 08:08:11
12947,19175,983,2,REPAY,1,5.945483,,5.945483,2025-06-22 08:08:27
12948,19176,629,4,REPAY,3,3.512371,,3.512371,2025-06-22 08:18:10
12949,19177,339,1,REPAY,2,804.035218,,804.035218,2025-06-22 08:25:17
12950,19178,990,4,WITHDRAW,4,1672.747124,,,2025-06-22 08:27:17
12951,19179,17,3,REPAY,5,0.139447,,0.139447,2025-06-22 08:29:15
12952,19180,8,3,REPAY,4,0.000107,,0.000107,2025-06-22 08:46:33
12953,19181,400,2,REPAY,5,1090.564623,,1090.564623,2025-06-22 08:51:53
12954,19182,216,3,REPAY,3,512.99756,,512.99756,2025-06-22 08:56:37
12955,19183,162,2,REPAY,3,0.037725,,0.037725,2025-06-22 09:26:25
12956,19184,765,1,WITHDRAW,5,8650.388618,,,2025-06-22 09:27:16
12957,19185,344,2,REPAY,4,0.029237,,0.029237,2025-06-22 09:28:14
12958,19186,600,4,DEPOSIT,1,7569.698121,7569.698121,,2025-06-22 10:03:34
12959,19187,294,2,REPAY,3,817.512283,,817.512283,2025-06-22 10:14:33
12960,19188,752,1,REPAY,5,0.000919,,0.000919,2025-06-22 10:15:32
12961,19190,456,4,REPAY,1,1297.778006,,1297.778006,2025-06-22 10:21:22
12962,19191,342,3,REPAY,4,0.002197,,0.002197,2025-06-22 10:30:38
12963,19192,104,2,DEPOSIT,1,7054.985493,7054.985493,,2025-06-22 10:31:02
12964,19193,439,3,REPAY,3,7.054331,,7.054331,2025-06-22 10:45:18
12965,19194,430,4,REPAY,5,0.219356,,0.219356,2025-06-22 11:28:05
12966,19196,255,1,BORROW,3,9525.612805,13281.2602537159,9525.612805,2025-06-22 12:45:12
12967,19197,294,2,REPAY,2,556.290626,,556.290626,2025-06-22 13:11:43
12968,19199,158,2,WITHDRAW,2,6946.119825,,,2025-06-22 13:45:23
12969,19200,893,2,REPAY,5,0.01286,,0.01286,2025-06-22 14:12:12
12970,19201,390,2,WITHDRAW,2,487.749325,,,2025-06-22 14:28:47
12971,19202,608,4,REPAY,5,0.024833,,0.024833,2025-06-22 15:01:32
12972,19203,384,3,REPAY,1,0.001112,,0.001112,2025-06-22 15:13:58
12973,19205,481,2,BORROW,2,6871.838545,8979.4358449191,6871.838545,2025-06-22 15:41:43
12974,19207,429,2,DEPOSIT,1,1357.568268,1357.568268,,2025-06-22 15:54:23
12975,19208,833,3,REPAY,4,324.368446,,324.368446,2025-06-22 16:15:06
12976,19209,855,2,REPAY,5,1823.674773,,1823.674773,2025-06-22 16:41:54
12977,19211,337,4,BORROW,3,1072.553515,1544.0924795877,1072.553515,2025-06-22 16:53:25
12978,19212,333,1,REPAY,4,1219.755197,,1219.755197,2025-06-22 17:01:33
12979,19213,115,1,REPAY,5,3222.897315,,3222.897315,2025-06-22 17:08:09
12980,19214,38,2,REPAY,4,37.210971,,37.210971,2025-06-22 17:34:50
12981,19215,960,2,REPAY,5,0.194427,,0.194427,2025-06-22 17:42:58
12982,19216,104,4,DEPOSIT,3,6856.5613,6856.5613,,2025-06-22 17:50:14
12983,19217,650,4,REPAY,2,0.001065,,0.001065,2025-06-22 17:57:16
12984,19218,876,4,REPAY,5,0.065727,,0.065727,2025-06-22 17:59:15
12985,19219,7,2,REPAY,2,17.404463,,17.404463,2025-06-22 18:21:55
12986,19220,857,2,BORROW,1,8623.309628,12906.8131427361,8623.309628,2025-06-22 18:25:31
12987,19222,770,1,BORROW,3,6127.666676,7514.6623223891,6127.666676,2025-06-22 18:36:58
12988,19223,565,2,BORROW,4,648.048942,1590.9835557532,648.048942,2025-06-22 18:49:04
12989,19224,244,1,REPAY,2,7.860383,,7.860383,2025-06-22 19:18:24
12990,19225,735,1,REPAY,3,0.04091,,0.04091,2025-06-22 19:54:06
12991,19226,688,2,BORROW,5,9670.927256,22913.8826051303,9670.927256,2025-06-22 20:04:17
12992,19229,358,2,REPAY,5,484.17998,,484.17998,2025-06-22 20:24:35
12993,19230,284,2,REPAY,3,0.120436,,0.120436,2025-06-22 20:36:55
12994,19231,416,1,REPAY,1,0.348421,,0.348421,2025-06-22 20:51:01
12995,19232,619,4,REPAY,4,0.000577,,0.000577,2025-06-22 21:03:41
12996,19233,620,1,REPAY,5,0.000344,,0.000344,2025-06-22 21:11:19
12997,19234,257,3,REPAY,2,2656.429004,,2656.429004,2025-06-22 21:12:47
12998,19235,965,3,WITHDRAW,4,9394.631462,,,2025-06-22 21:34:28
12999,19236,640,4,REPAY,1,0.000344,,0.000344,2025-06-22 21:40:47
13000,19237,369,1,REPAY,2,2.027916,,2.027916,2025-06-22 21:42:26
13001,19238,81,1,REPAY,3,881.509216,,881.509216,2025-06-22 21:58:43
13002,19239,821,3,REPAY,1,1188.489537,,1188.489537,2025-06-22 22:42:14
13003,19240,216,2,REPAY,2,736.359032,,736.359032,2025-06-22 22:52:09
13004,19241,711,3,REPAY,5,0.136063,,0.136063,2025-06-22 23:25:04
13005,19242,752,4,REPAY,1,0.00157,,0.00157,2025-06-22 23:52:09
13006,19243,898,2,REPAY,4,0.001212,,0.001212,2025-06-23 00:06:10
13007,19244,772,1,REPAY,3,161.966298,,161.966298,2025-06-23 00:54:18
13008,19246,139,3,REPAY,5,5.272063,,5.272063,2025-06-23 01:44:42
13009,19247,732,3,DEPOSIT,4,259.679023,259.679023,,2025-06-23 01:54:24
13010,19248,179,4,DEPOSIT,2,7206.151122,7206.151122,,2025-06-23 01:54:56
13011,19249,553,4,WITHDRAW,4,8312.691892,,,2025-06-23 01:57:32
13012,19250,248,3,REPAY,5,23.748276,,23.748276,2025-06-23 02:03:45
13013,19251,911,3,WITHDRAW,1,1701.645705,,,2025-06-23 02:05:47
13014,19252,338,3,BORROW,4,8160.697394,14630.0170557157,8160.697394,2025-06-23 02:23:47
13015,19253,532,3,REPAY,4,36.178149,,36.178149,2025-06-23 02:24:00
13016,19255,337,2,REPAY,2,811.323959,,811.323959,2025-06-23 03:52:35
13017,19256,376,2,LIQUIDATION,5,3884.551996,4497.1320808216,3884.551996,2025-06-23 03:54:57
13018,19257,457,2,REPAY,3,483.643257,,483.643257,2025-06-23 04:04:13
13019,19259,565,1,REPAY,1,152.023615,,152.023615,2025-06-23 04:11:40
13020,19260,495,4,REPAY,2,4.5e-05,,4.5e-05,2025-06-23 04:34:12
13021,19261,986,3,REPAY,5,1037.875198,,1037.875198,2025-06-23 05:03:03
13022,19263,397,2,LIQUIDATION,5,3587.828773,4070.6568736684,3587.828773,2025-06-23 05:18:34
13023,19265,740,3,DEPOSIT,1,8254.947153,8254.947153,,2025-06-23 05:39:11
13024,19266,482,4,REPAY,3,3.190459,,3.190459,2025-06-23 05:55:21
13025,19268,46,1,REPAY,2,15.682527,,15.682527,2025-06-23 06:09:15
13026,19270,686,1,REPAY,3,0.027606,,0.027606,2025-06-23 06:45:47
13027,19271,296,3,LIQUIDATION,1,9680.62934,9947.4445064079,9680.62934,2025-06-23 06:50:24
13028,19273,244,3,REPAY,1,2.173446,,2.173446,2025-06-23 07:13:29
13029,19274,290,4,BORROW,1,6952.474031,12705.4711842343,6952.474031,2025-06-23 07:19:23
13030,19275,595,3,WITHDRAW,3,6164.571272,,,2025-06-23 07:28:35
13031,19276,957,3,WITHDRAW,5,1577.140475,,,2025-06-23 07:41:16
13032,19277,899,3,REPAY,5,6.787019,,6.787019,2025-06-23 07:59:48
13033,19278,518,3,WITHDRAW,3,7186.082303,,,2025-06-23 08:06:57
13034,19279,217,1,REPAY,4,1047.627652,,1047.627652,2025-06-23 08:09:07
13035,19280,441,4,REPAY,3,2118.500877,,2118.500877,2025-06-23 08:13:14
13036,19281,352,3,REPAY,5,32.676312,,32.676312,2025-06-23 08:13:34
13037,19282,846,4,REPAY,2,445.490801,,445.490801,2025-06-23 08:21:40
13038,19283,7,1,REPAY,3,63.14482,,63.14482,2025-06-23 08:57:35
13039,19284,35,1,WITHDRAW,5,722.805362,,,2025-06-23 09:06:33
13040,19285,214,1,REPAY,2,1729.660075,,1729.660075,2025-06-23 09:34:52
13041,19286,297,4,LIQUIDATION,2,3630.289226,3634.0494968421,3630.289226,2025-06-23 09:43:58
13042,19287,927,4,REPAY,3,170.795967,,170.795967,2025-06-23 09:50:18
13043,19288,498,2,BORROW,4,4099.791989,9404.3940524144,4099.791989,2025-06-23 10:01:25
13044,19291,636,4,BORROW,3,5339.60244,11442.0440114363,5339.60244,2025-06-23 10:28:15
13045,19292,727,1,REPAY,5,61.272873,,61.272873,2025-06-23 10:42:41
13046,19293,904,1,REPAY,2,0.00155,,0.00155,2025-06-23 10:44:08
13047,19294,760,1,REPAY,4,24.197863,,24.197863,2025-06-23 10:48:59
13048,19295,632,3,REPAY,1,1816.310695,,1816.310695,2025-06-23 10:56:30
13049,19296,17,3,REPAY,1,0.033538,,0.033538,2025-06-23 11:02:16
13050,19298,783,1,REPAY,2,0.051981,,0.051981,2025-06-23 11:37:44
13051,19299,699,4,REPAY,5,3.531137,,3.531137,2025-06-23 11:42:22
13052,19300,356,3,REPAY,5,57.209494,,57.209494,2025-06-23 12:23:46
13053,19301,469,3,DEPOSIT,2,3678.034065,3678.034065,,2025-06-23 13:09:04
13054,19302,822,1,REPAY,5,3.8e-05,,3.8e-05,2025-06-23 13:18:48
13055,19303,361,1,LIQUIDATION,5,186.62541,177.0252483737,186.62541,2025-06-23 13:43:02
13056,19304,377,4,REPAY,2,8.026083,,8.026083,2025-06-23 14:11:16
13057,19305,422,4,REPAY,5,1.436168,,1.436168,2025-06-23 14:16:35
13058,19306,921,2,REPAY,1,2960.479857,,2960.479857,2025-06-23 14:47:56
13059,19307,500,2,REPAY,2,0.058085,,0.058085,2025-06-23 14:56:53
13060,19308,399,1,REPAY,2,6.417808,,6.417808,2025-06-23 15:03:45
13061,19309,760,3,REPAY,3,16.850378,,16.850378,2025-06-23 15:21:36
13062,19313,39,1,WITHDRAW,4,5688.332052,,,2025-06-23 15:48:56
13063,19314,435,3,BORROW,3,9060.954288,13236.8535662392,9060.954288,2025-06-23 15:52:14
13064,19315,72,2,REPAY,5,176.43455,,176.43455,2025-06-23 15:55:16
13065,19316,464,3,REPAY,5,2700.8844,,2700.8844,2025-06-23 16:25:08
13066,19317,673,1,REPAY,1,55.257228,,55.257228,2025-06-23 16:28:26
13067,19318,247,1,REPAY,4,870.437589,,870.437589,2025-06-23 16:38:04
13068,19319,850,1,REPAY,2,43.632068,,43.632068,2025-06-23 16:48:03
13069,19320,855,4,REPAY,3,4106.934703,,4106.934703,2025-06-23 17:09:37
13070,19321,205,2,REPAY,3,324.152708,,324.152708,2025-06-23 17:48:29
13071,19322,15,1,WITHDRAW,1,2983.95722,,,2025-06-23 17:51:31
13072,19323,651,1,REPAY,3,0.000212,,0.000212,2025-06-23 18:01:45
13073,19324,465,4,REPAY,3,2e-06,,2e-06,2025-06-23 18:25:52
13074,19325,565,2,REPAY,2,67.331342,,67.331342,2025-06-23 18:27:52
13075,19326,664,1,REPAY,4,4.2e-05,,4.2e-05,2025-06-23 18:35:49
13076,19329,844,1,REPAY,5,2244.032672,,2244.032672,2025-06-23 19:14:46
13077,19330,936,2,DEPOSIT,5,5570.629859,5570.629859,,2025-06-23 19:16:29
13078,19331,344,3,REPAY,3,0.035058,,0.035058,2025-06-23 19:22:16
13079,19332,752,2,REPAY,1,0.00028,,0.00028,2025-06-23 19:29:50
13080,19333,603,3,REPAY,4,1.405781,,1.405781,2025-06-23 19:33:14
13081,19334,346,2,REPAY,5,8e-06,,8e-06,2025-06-23 19:37:50
13082,19335,537,3,REPAY,5,1.62177,,1.62177,2025-06-23 19:49:07
13083,19336,210,2,DEPOSIT,2,392.311942,392.311942,,2025-06-23 20:15:07
13084,19338,870,4,REPAY,2,1754.445836,,1754.445836,2025-06-23 21:15:11
13085,19339,8,3,REPAY,3,0.000106,,0.000106,2025-06-23 21:20:22
13086,19340,571,3,REPAY,2,0.013438,,0.013438,2025-06-23 21:41:44
13087,19341,97,1,REPAY,3,3.390796,,3.390796,2025-06-23 21:44:08
13088,19342,814,3,REPAY,4,0.001211,,0.001211,2025-06-23 21:47:40
13089,19343,327,3,REPAY,2,7713.281076,,7713.281076,2025-06-23 22:15:35
13090,19346,596,3,REPAY,2,6.409699,,6.409699,2025-06-23 22:33:59
13091,19347,864,4,REPAY,3,3323.606506,,3323.606506,2025-06-23 22:38:18
13092,19348,566,4,DEPOSIT,1,1723.701708,1723.701708,,2025-06-23 22:42:24
13093,19349,836,3,REPAY,2,2.512769,,2.512769,2025-06-23 22:52:05
13094,19350,798,2,REPAY,5,530.000751,,530.000751,2025-06-23 22:55:28
13095,19352,479,4,WITHDRAW,5,8418.931768,,,2025-06-23 23:26:42
13096,19354,844,2,WITHDRAW,3,9049.152778,,,2025-06-23 23:40:12
13097,19355,495,3,REPAY,1,7.2e-05,,7.2e-05,2025-06-24 01:08:35
13098,19356,314,1,REPAY,5,0.01399,,0.01399,2025-06-24 01:34:00
13099,19357,763,1,BORROW,5,9824.305288,19097.541254714,9824.305288,2025-06-24 01:39:40
13100,19358,790,1,DEPOSIT,5,8170.255556,8170.255556,,2025-06-24 01:48:34
13101,19359,533,3,WITHDRAW,2,3868.964633,,,2025-06-24 01:59:52
13102,19360,796,2,BORROW,1,3187.4164,6516.5262299709,3187.4164,2025-06-24 02:01:06
13103,19361,804,1,WITHDRAW,5,5739.324139,,,2025-06-24 02:02:41
13104,19362,477,3,WITHDRAW,5,3212.298559,,,2025-06-24 02:03:02
13105,19363,346,4,REPAY,2,9e-06,,9e-06,2025-06-24 02:06:13
13106,19365,479,1,BORROW,5,6982.28645,14186.4948544103,6982.28645,2025-06-24 02:07:39
13107,19366,748,2,DEPOSIT,5,1889.420125,1889.420125,,2025-06-24 02:19:12
13108,19367,440,3,REPAY,3,1.5e-05,,1.5e-05,2025-06-24 02:25:33
13109,19368,287,1,REPAY,4,558.383051,,558.383051,2025-06-24 02:32:25
13110,19369,483,2,DEPOSIT,3,6589.186989,6589.186989,,2025-06-24 02:42:53
13111,19370,360,2,LIQUIDATION,5,0.265931,0.2234875676,0.265931,2025-06-24 03:15:58
13112,19371,212,2,REPAY,4,0.000484,,0.000484,2025-06-24 03:17:42
13113,19372,156,1,DEPOSIT,3,9964.143107,9964.143107,,2025-06-24 03:28:35
13114,19373,381,2,LIQUIDATION,3,6527.955587,6912.6846698449,6527.955587,2025-06-24 03:41:25
13115,19374,683,3,REPAY,1,44.763118,,44.763118,2025-06-24 03:45:01
13116,19375,53,3,REPAY,4,45.447786,,45.447786,2025-06-24 04:10:41
13117,19376,194,4,DEPOSIT,5,7412.395483,7412.395483,,2025-06-24 04:19:18
13118,19378,977,4,DEPOSIT,4,1437.601318,1437.601318,,2025-06-24 04:28:08
13119,19379,647,3,DEPOSIT,1,1276.716751,1276.716751,,2025-06-24 04:31:20
13120,19380,374,4,REPAY,1,9064.846558,,9064.846558,2025-06-24 04:31:45
13121,19381,43,1,REPAY,3,202.426356,,202.426356,2025-06-24 04:35:14
13122,19383,708,3,BORROW,5,4591.736923,7897.4061068822,4591.736923,2025-06-24 05:00:24
13123,19384,122,3,REPAY,3,2.864528,,2.864528,2025-06-24 05:08:24
13124,19385,882,1,BORROW,5,526.987334,1268.1190123811,526.987334,2025-06-24 05:12:08
13125,19386,996,2,REPAY,3,1e-06,,1e-06,2025-06-24 05:20:21
13126,19387,372,4,REPAY,5,1e-06,,1e-06,2025-06-24 05:39:45
13127,19389,619,4,REPAY,4,0.000401,,0.000401,2025-06-24 05:51:59
13128,19390,184,4,REPAY,1,5.238795,,5.238795,2025-06-24 06:09:03
13129,19392,69,3,WITHDRAW,1,879.428729,,,2025-06-24 06:42:13
13130,19394,797,3,REPAY,2,264.23211,,264.23211,2025-06-24 07:07:47
13131,19396,261,3,REPAY,2,0.0,,0.0,2025-06-24 07:41:42
13132,19399,241,2,BORROW,3,3371.421508,6246.8529752214,3371.421508,2025-06-24 08:33:37
13133,19400,963,1,REPAY,2,794.046718,,794.046718,2025-06-24 08:34:32
13134,19401,540,1,REPAY,3,0.040276,,0.040276,2025-06-24 08:40:16
13135,19402,52,2,REPAY,2,2.046215,,2.046215,2025-06-24 08:43:51
13136,19403,507,1,REPAY,4,23.137693,,23.137693,2025-06-24 09:04:57
13137,19404,90,2,REPAY,3,4480.135621,,4480.135621,2025-06-24 09:17:14
13138,19407,365,2,REPAY,2,0.000366,,0.000366,2025-06-24 09:36:39
13139,19408,966,2,DEPOSIT,5,1417.405328,1417.405328,,2025-06-24 09:39:05
13140,19409,337,1,REPAY,4,203.580572,,203.580572,2025-06-24 10:02:21
13141,19410,25,4,WITHDRAW,2,2810.506932,,,2025-06-24 10:09:24
13142,19411,564,3,REPAY,5,11.458885,,11.458885,2025-06-24 10:17:44
13143,19412,588,4,LIQUIDATION,1,899.925347,771.1409255371,899.925347,2025-06-24 10:17:49
13144,19413,944,4,REPAY,5,3681.426744,,3681.426744,2025-06-24 10:32:53
13145,19414,13,3,REPAY,3,14.682063,,14.682063,2025-06-24 10:37:57
13146,19415,880,4,REPAY,5,0.009598,,0.009598,2025-06-24 10:43:13
13147,19416,283,3,REPAY,1,1.7e-05,,1.7e-05,2025-06-24 11:21:35
13148,19417,320,2,WITHDRAW,5,7991.974345,,,2025-06-24 11:30:31
13149,19418,825,2,BORROW,4,1843.891789,4554.3248197426,1843.891789,2025-06-24 11:39:02
13150,19419,624,2,BORROW,5,305.652815,449.199575628,305.652815,2025-06-24 11:52:54
13151,19420,829,1,REPAY,5,3636.287614,,3636.287614,2025-06-24 11:58:50
13152,19421,326,4,REPAY,4,0.000274,,0.000274,2025-06-24 12:04:24
13153,19422,548,1,REPAY,3,5.987798,,5.987798,2025-06-24 12:08:52
13154,19423,888,1,REPAY,2,16.43755,,16.43755,2025-06-24 12:27:01
13155,19424,122,3,REPAY,5,6.172038,,6.172038,2025-06-24 12:33:29
13156,19425,819,3,LIQUIDATION,1,0.00018,0.0002128739,0.00018,2025-06-24 13:04:57
13157,19426,509,1,REPAY,1,7.865303,,7.865303,2025-06-24 13:07:40
13158,19427,161,3,BORROW,2,2356.645165,5378.1730478562,2356.645165,2025-06-24 13:45:21
13159,19428,966,2,REPAY,1,2.925806,,2.925806,2025-06-24 14:33:13
13160,19429,218,2,REPAY,5,32.807766,,32.807766,2025-06-24 14:40:31
13161,19430,837,2,REPAY,4,2005.804763,,2005.804763,2025-06-24 15:05:45
13162,19431,384,4,REPAY,4,0.002284,,0.002284,2025-06-24 15:44:47
13163,19432,316,1,REPAY,4,7579.209379,,7579.209379,2025-06-24 15:58:51
13164,19433,867,3,REPAY,3,3652.875077,,3652.875077,2025-06-24 16:07:24
13165,19434,381,4,DEPOSIT,3,6275.814848,6275.814848,,2025-06-24 16:12:07
13166,19436,515,1,REPAY,5,50.799023,,50.799023,2025-06-24 16:44:58
13167,19438,836,1,REPAY,3,0.826748,,0.826748,2025-06-24 17:09:56
13168,19439,277,2,REPAY,5,1313.235785,,1313.235785,2025-06-24 17:11:43
13169,19440,657,1,BORROW,1,4469.361073,5944.5784550969,4469.361073,2025-06-24 17:20:43
13170,19441,214,1,REPAY,1,1063.028359,,1063.028359,2025-06-24 17:41:40
13171,19442,32,4,DEPOSIT,2,7143.631206,7143.631206,,2025-06-24 17:42:34
13172,19443,32,3,REPAY,4,106.595423,,106.595423,2025-06-24 17:49:29
13173,19444,991,2,REPAY,3,0.019313,,0.019313,2025-06-24 17:49:33
13174,19445,889,1,BORROW,4,1130.224459,2509.6174409301,1130.224459,2025-06-24 17:53:44
13175,19446,695,1,REPAY,2,7.3e-05,,7.3e-05,2025-06-24 18:08:20
13176,19447,271,1,REPAY,3,0.016935,,0.016935,2025-06-24 18:19:21
13177,19448,539,1,REPAY,5,4.537245,,4.537245,2025-06-24 18:33:01
13178,19449,442,2,DEPOSIT,2,8436.865222,8436.865222,,2025-06-24 18:51:24
13179,19450,406,4,BORROW,1,4030.674286,9114.3824143531,4030.674286,2025-06-24 18:53:36
13180,19451,818,3,DEPOSIT,5,7418.911911,7418.911911,,2025-06-24 19:01:39
13181,19452,647,4,REPAY,5,4.3e-05,,4.3e-05,2025-06-24 19:07:01
13182,19453,491,1,REPAY,4,1640.524152,,1640.524152,2025-06-24 19:10:35
13183,19454,607,4,REPAY,5,89.403065,,89.403065,2025-06-24 19:16:32
13184,19455,68,2,BORROW,4,1984.055262,3811.2962261873,1984.055262,2025-06-24 19:22:43
13185,19456,176,3,BORROW,2,5383.290223,10426.0254610248,5383.290223,2025-06-24 19:26:35
13186,19458,976,3,BORROW,5,697.90295,992.9226842428,697.90295,2025-06-24 20:17:11
13187,19459,872,1,REPAY,4,0.556821,,0.556821,2025-06-24 20:22:11
13188,19461,870,4,REPAY,1,278.593881,,278.593881,2025-06-24 20:26:33
13189,19463,641,1,REPAY,5,0.067736,,0.067736,2025-06-24 22:20:15
13190,19464,47,2,REPAY,5,9555.7015,,9555.7015,2025-06-24 22:45:43
13191,19466,868,2,REPAY,1,33.329369,,33.329369,2025-06-24 22:57:14
13192,19467,719,1,BORROW,5,8756.549449,18315.5379742157,8756.549449,2025-06-24 23:04:35
13193,19468,996,1,WITHDRAW,1,5120.141477,,,2025-06-24 23:19:01
13194,19469,310,4,BORROW,1,8348.18848,17238.679148132,8348.18848,2025-06-24 23:35:54
13195,19470,848,4,WITHDRAW,5,610.785388,,,2025-06-24 23:46:45
13196,19472,721,1,REPAY,1,5128.762901,,5128.762901,2025-06-25 00:14:43
13197,19473,182,4,REPAY,5,0.955919,,0.955919,2025-06-25 00:45:10
13198,19474,502,2,DEPOSIT,3,8575.906624,8575.906624,,2025-06-25 00:52:27
13199,19475,852,4,REPAY,1,1579.283384,,1579.283384,2025-06-25 01:02:17
13200,19476,443,1,LIQUIDATION,3,0.018762,0.0163819149,0.018762,2025-06-25 01:10:55
13201,19477,543,3,BORROW,4,1563.315838,2127.1814815144,1563.315838,2025-06-25 01:11:51
13202,19478,681,2,BORROW,5,3459.114399,7611.6772138339,3459.114399,2025-06-25 01:47:55
13203,19481,678,1,REPAY,5,0.005547,,0.005547,2025-06-25 02:02:29
13204,19483,543,1,REPAY,2,392.80119,,392.80119,2025-06-25 03:33:13
13205,19484,683,1,REPAY,4,32.990397,,32.990397,2025-06-25 03:37:43
13206,19485,714,3,REPAY,1,1091.884019,,1091.884019,2025-06-25 04:24:07
13207,19487,484,1,REPAY,1,795.455469,,795.455469,2025-06-25 04:43:06
13208,19489,679,1,REPAY,2,3319.30016,,3319.30016,2025-06-25 04:54:47
13209,19490,524,2,REPAY,5,0.066832,,0.066832,2025-06-25 05:04:23
13210,19491,504,2,DEPOSIT,3,9385.310669,9385.310669,,2025-06-25 05:13:18
13211,19492,242,1,REPAY,1,4776.69342,,4776.69342,2025-06-25 05:33:37
13212,19494,619,3,REPAY,4,2.1e-05,,2.1e-05,2025-06-25 05:56:11
13213,19495,611,4,BORROW,1,8590.214987,20538.223713236,8590.214987,2025-06-25 06:00:24
13214,19496,95,4,REPAY,1,0.078011,,0.078011,2025-06-25 06:08:50
13215,19497,8,4,REPAY,1,3.8e-05,,3.8e-05,2025-06-25 06:11:25
13216,19498,117,4,REPAY,5,0.554606,,0.554606,2025-06-25 06:38:49
13217,19499,495,2,REPAY,4,8.8e-05,,8.8e-05,2025-06-25 06:45:40
13218,19500,871,1,BORROW,4,1135.680469,2192.7721961951,1135.680469,2025-06-25 07:14:48
13219,19501,161,3,LIQUIDATION,4,2356.645165,2206.565257419,2356.645165,2025-06-25 07:19:07
13220,19502,971,2,REPAY,4,92.556698,,92.556698,2025-06-25 07:43:42
13221,19504,814,3,REPAY,1,0.00147,,0.00147,2025-06-25 07:45:49
13222,19507,263,4,REPAY,3,0.26169,,0.26169,2025-06-25 08:54:27
13223,19508,145,2,WITHDRAW,5,6693.506595,,,2025-06-25 09:01:01
13224,19509,631,4,REPAY,1,0.593308,,0.593308,2025-06-25 09:28:41
13225,19510,90,4,REPAY,3,345.246223,,345.246223,2025-06-25 09:38:51
13226,19511,727,4,REPAY,3,0.203044,,0.203044,2025-06-25 10:06:34
13227,19512,864,2,REPAY,4,4508.975069,,4508.975069,2025-06-25 10:49:52
13228,19513,302,4,REPAY,1,2634.668914,,2634.668914,2025-06-25 10:51:15
13229,19514,97,1,REPAY,3,0.558481,,0.558481,2025-06-25 10:59:24
13230,19516,913,1,DEPOSIT,4,7506.339675,7506.339675,,2025-06-25 11:01:22
13231,19517,825,4,REPAY,2,506.630687,,506.630687,2025-06-25 11:15:32
13232,19518,567,1,REPAY,1,1040.610206,,1040.610206,2025-06-25 11:21:37
13233,19520,420,2,BORROW,3,2713.883462,4158.0206070303,2713.883462,2025-06-25 11:42:25
13234,19521,951,3,REPAY,1,217.744706,,217.744706,2025-06-25 11:57:53
13235,19523,624,3,REPAY,4,169.302415,,169.302415,2025-06-25 12:00:52
13236,19524,502,1,REPAY,5,341.327055,,341.327055,2025-06-25 12:20:56
13237,19526,29,1,REPAY,3,70.930067,,70.930067,2025-06-25 13:44:38
13238,19527,954,4,BORROW,3,7481.88312,9460.3243512145,7481.88312,2025-06-25 14:09:31
13239,19528,236,3,REPAY,3,0.001643,,0.001643,2025-06-25 14:27:16
13240,19529,16,4,WITHDRAW,5,4249.257331,,,2025-06-25 14:40:10
13241,19530,717,4,LIQUIDATION,5,400.089111,477.6434749246,400.089111,2025-06-25 15:15:32
13242,19531,376,2,BORROW,3,6489.195451,13932.6617844487,6489.195451,2025-06-25 15:18:39
13243,19532,650,4,REPAY,1,0.001474,,0.001474,2025-06-25 15:49:23
13244,19533,288,1,BORROW,5,7949.897003,10614.4462128132,7949.897003,2025-06-25 15:49:56
13245,19534,166,4,REPAY,4,3.931315,,3.931315,2025-06-25 16:01:55
13246,19535,559,2,REPAY,5,1.174192,,1.174192,2025-06-25 16:15:34
13247,19537,812,2,WITHDRAW,3,8584.674202,,,2025-06-25 16:34:39
13248,19538,872,4,REPAY,2,1.032162,,1.032162,2025-06-25 17:23:58
13249,19539,20,1,REPAY,5,4.651294,,4.651294,2025-06-25 17:33:13
13250,19541,224,1,REPAY,5,0.023142,,0.023142,2025-06-25 17:58:08
13251,19543,636,3,REPAY,4,5381.092164,,5381.092164,2025-06-25 18:16:53
13252,19544,162,2,REPAY,5,0.000321,,0.000321,2025-06-25 18:27:50
13253,19545,890,3,REPAY,2,0.022702,,0.022702,2025-06-25 18:33:02
13254,19546,690,2,BORROW,2,4904.411669,11995.6988349453,4904.411669,2025-06-25 18:34:22
13255,19547,976,4,REPAY,2,356.436904,,356.436904,2025-06-25 18:40:29
13256,19549,157,4,REPAY,5,1.430937,,1.430937,2025-06-25 20:31:57
13257,19550,524,4,REPAY,2,0.077554,,0.077554,2025-06-25 20:39:40
13258,19551,642,1,REPAY,1,0.028704,,0.028704,2025-06-25 20:58:59
13259,19552,302,3,REPAY,3,575.80626,,575.80626,2025-06-25 21:43:10
13260,19553,769,4,WITHDRAW,3,8873.944983,,,2025-06-25 22:20:01
13261,19554,752,2,REPAY,5,1.9e-05,,1.9e-05,2025-06-25 22:27:13
13262,19555,747,1,LIQUIDATION,4,4.699206,5.3131191117,4.699206,2025-06-25 22:31:21
13263,19556,452,1,REPAY,1,0.003768,,0.003768,2025-06-25 22:55:22
13264,19558,515,1,DEPOSIT,4,2051.936559,2051.936559,,2025-06-25 23:40:50
13265,19559,630,1,REPAY,5,90.723182,,90.723182,2025-06-26 00:23:45
13266,19560,570,1,REPAY,4,2508.43196,,2508.43196,2025-06-26 00:43:10
13267,19561,326,4,REPAY,2,0.0008,,0.0008,2025-06-26 01:09:35
13268,19562,506,2,REPAY,5,967.132994,,967.132994,2025-06-26 01:12:41
13269,19563,709,3,DEPOSIT,5,2936.144342,2936.144342,,2025-06-26 01:22:40
13270,19564,130,3,REPAY,5,0.000946,,0.000946,2025-06-26 01:50:31
13271,19565,946,4,BORROW,5,9434.18391,11369.445007806,9434.18391,2025-06-26 01:57:45
13272,19566,685,3,WITHDRAW,2,8372.430336,,,2025-06-26 02:03:48
13273,19567,524,2,REPAY,5,0.001745,,0.001745,2025-06-26 02:09:40
13274,19571,9,1,BORROW,5,696.570197,1590.5512175319,696.570197,2025-06-26 02:22:02
13275,19572,820,3,REPAY,5,8.333642,,8.333642,2025-06-26 02:22:14
13276,19573,168,4,REPAY,3,0.003736,,0.003736,2025-06-26 02:26:00
13277,19574,278,2,REPAY,4,0.034593,,0.034593,2025-06-26 02:30:51
13278,19575,480,3,REPAY,4,1.600404,,1.600404,2025-06-26 02:51:17
13279,19576,145,2,REPAY,5,149.644189,,149.644189,2025-06-26 03:04:45
13280,19577,447,1,REPAY,2,3141.865702,,3141.865702,2025-06-26 03:11:55
13281,19578,793,2,REPAY,4,0.062406,,0.062406,2025-06-26 03:16:00
13282,19580,381,1,DEPOSIT,2,7655.059771,7655.059771,,2025-06-26 03:45:35
13283,19581,941,2,REPAY,2,0.026202,,0.026202,2025-06-26 03:53:39
13284,19582,686,2,REPAY,2,0.002157,,0.002157,2025-06-26 04:03:22
13285,19583,866,1,REPAY,5,164.80391,,164.80391,2025-06-26 04:14:07
13286,19584,476,1,REPAY,1,0.022851,,0.022851,2025-06-26 04:27:21
13287,19586,710,1,REPAY,1,0.016971,,0.016971,2025-06-26 05:58:54
13288,19587,418,2,REPAY,2,0.000132,,0.000132,2025-06-26 06:01:44
13289,19588,896,4,REPAY,4,3038.086017,,3038.086017,2025-06-26 06:14:50
13290,19591,149,3,REPAY,2,3958.114631,,3958.114631,2025-06-26 06:55:44
13291,19592,162,3,REPAY,1,1e-06,,1e-06,2025-06-26 07:17:34
13292,19593,517,4,REPAY,1,1.139482,,1.139482,2025-06-26 07:33:24
13293,19594,952,3,BORROW,2,7484.547992,9128.6487471957,7484.547992,2025-06-26 07:57:56
13294,19595,155,2,LIQUIDATION,4,4012.113647,3907.9346142754,4012.113647,2025-06-26 08:05:29
13295,19596,807,4,REPAY,2,8139.321568,,8139.321568,2025-06-26 08:34:09
13296,19597,58,2,REPAY,4,5.532009,,5.532009,2025-06-26 08:38:32
13297,19599,541,4,BORROW,3,8480.213092,19065.975048909,8480.213092,2025-06-26 09:00:16
13298,19600,521,4,DEPOSIT,5,4909.389541,4909.389541,,2025-06-26 09:40:10
13299,19601,248,2,REPAY,2,4.714496,,4.714496,2025-06-26 09:48:59
13300,19602,407,1,REPAY,4,0.004608,,0.004608,2025-06-26 09:49:58
13301,19603,874,1,BORROW,2,7550.545586,13552.3728596833,7550.545586,2025-06-26 09:55:04
13302,19604,319,4,DEPOSIT,4,6636.288343,6636.288343,,2025-06-26 10:03:12
13303,19605,242,3,REPAY,5,2335.152262,,2335.152262,2025-06-26 11:01:08
13304,19606,43,2,DEPOSIT,3,9446.695463,9446.695463,,2025-06-26 11:06:42
13305,19607,32,4,REPAY,3,12.162057,,12.162057,2025-06-26 11:27:22
13306,19608,304,1,BORROW,2,5728.795689,12004.8089250584,5728.795689,2025-06-26 11:40:53
13307,19610,348,2,REPAY,4,0.000712,,0.000712,2025-06-26 11:43:19
13308,19612,170,3,REPAY,2,0.714532,,0.714532,2025-06-26 12:09:28
13309,19613,337,2,REPAY,3,18.634755,,18.634755,2025-06-26 12:13:11
13310,19614,651,2,REPAY,2,8.5e-05,,8.5e-05,2025-06-26 12:15:24
13311,19615,916,1,REPAY,2,18.325206,,18.325206,2025-06-26 12:31:20
13312,19616,800,2,LIQUIDATION,2,2682.031071,2367.4855874004,2682.031071,2025-06-26 12:34:26
13313,19617,740,4,DEPOSIT,2,4019.090309,4019.090309,,2025-06-26 12:51:28
13314,19618,532,2,REPAY,2,6.31407,,6.31407,2025-06-26 13:19:03
13315,19619,137,4,REPAY,2,31.283403,,31.283403,2025-06-26 13:19:22
13316,19620,406,2,REPAY,2,2113.990058,,2113.990058,2025-06-26 13:23:26
13317,19621,809,2,DEPOSIT,5,9923.267022,9923.267022,,2025-06-26 13:29:07
13318,19622,400,2,REPAY,3,805.76769,,805.76769,2025-06-26 13:49:15
13319,19623,671,4,WITHDRAW,1,2178.799244,,,2025-06-26 13:49:40
13320,19624,548,3,REPAY,1,0.263199,,0.263199,2025-06-26 14:08:41
13321,19625,175,2,REPAY,5,339.659788,,339.659788,2025-06-26 14:52:10
13322,19626,485,1,REPAY,3,7.326415,,7.326415,2025-06-26 15:21:37
13323,19627,553,1,REPAY,4,13.60756,,13.60756,2025-06-26 15:26:55
13324,19628,240,3,REPAY,3,9.3e-05,,9.3e-05,2025-06-26 15:40:27
13325,19629,548,1,REPAY,1,0.365978,,0.365978,2025-06-26 15:43:32
13326,19630,70,3,WITHDRAW,2,3704.347057,,,2025-06-26 15:51:04
13327,19631,364,1,REPAY,4,0.027429,,0.027429,2025-06-26 15:55:28
13328,19632,449,4,REPAY,5,702.050835,,702.050835,2025-06-26 16:01:59
13329,19634,215,1,BORROW,5,4290.583642,7118.5128649256,4290.583642,2025-06-26 16:40:13
13330,19635,798,3,REPAY,1,806.388854,,806.388854,2025-06-26 16:41:41
13331,19636,972,4,REPAY,5,0.000447,,0.000447,2025-06-26 16:55:35
13332,19637,345,4,DEPOSIT,4,7173.609419,7173.609419,,2025-06-26 17:09:32
13333,19638,282,3,REPAY,5,17.702236,,17.702236,2025-06-26 17:18:18
13334,19641,94,4,REPAY,1,0.009856,,0.009856,2025-06-26 17:45:11
13335,19642,998,4,WITHDRAW,4,9589.430768,,,2025-06-26 18:19:02
13336,19643,445,3,BORROW,5,4889.241482,6558.8141935677,4889.241482,2025-06-26 18:25:58
13337,19644,744,3,REPAY,1,0.02936,,0.02936,2025-06-26 18:34:09
13338,19645,34,4,WITHDRAW,3,7148.382378,,,2025-06-26 18:43:13
13339,19647,763,2,REPAY,5,7856.570311,,7856.570311,2025-06-26 19:15:58
13340,19648,710,3,REPAY,2,0.006132,,0.006132,2025-06-26 19:26:17
13341,19649,948,1,DEPOSIT,4,8958.067138,8958.067138,,2025-06-26 19:55:54
13342,19650,70,3,REPAY,5,2775.36055,,2775.36055,2025-06-26 19:57:15
13343,19651,907,3,DEPOSIT,5,5701.332515,5701.332515,,2025-06-26 20:02:58
13344,19652,619,1,REPAY,2,4e-06,,4e-06,2025-06-26 20:13:36
13345,19653,439,3,REPAY,4,24.116044,,24.116044,2025-06-26 20:33:25
13346,19654,518,2,BORROW,2,1136.318478,1683.5540875174,1136.318478,2025-06-26 20:34:46
13347,19657,201,4,REPAY,2,0.000376,,0.000376,2025-06-26 20:51:53
13348,19659,440,2,REPAY,2,5.3e-05,,5.3e-05,2025-06-26 21:30:05
13349,19660,973,4,REPAY,3,0.000184,,0.000184,2025-06-26 21:30:18
13350,19661,562,3,WITHDRAW,5,2368.978919,,,2025-06-26 21:30:50
13351,19662,455,4,REPAY,5,0.026563,,0.026563,2025-06-26 21:45:27
13352,19664,167,1,REPAY,2,828.861089,,828.861089,2025-06-26 22:12:35
13353,19665,353,3,WITHDRAW,3,722.240363,,,2025-06-26 22:37:28
13354,19666,866,4,REPAY,2,31.823471,,31.823471,2025-06-26 23:07:59
13355,19667,756,4,REPAY,3,4.311475,,4.311475,2025-06-26 23:10:37
13356,19668,896,1,REPAY,5,1443.720762,,1443.720762,2025-06-26 23:15:15
13357,19669,442,3,DEPOSIT,2,1313.202016,1313.202016,,2025-06-26 23:49:30
13358,19671,224,1,REPAY,3,0.007575,,0.007575,2025-06-26 23:51:50
13359,19672,894,3,DEPOSIT,5,4748.581156,4748.581156,,2025-06-26 23:56:52
13360,19673,729,2,REPAY,3,5.014698,,5.014698,2025-06-26 23:58:11
13361,19674,864,2,REPAY,5,371.536669,,371.536669,2025-06-27 00:15:35
13362,19675,253,2,REPAY,1,3.75899,,3.75899,2025-06-27 00:33:53
13363,19676,934,1,REPAY,1,13.72436,,13.72436,2025-06-27 01:36:30
13364,19677,349,3,REPAY,2,1.773619,,1.773619,2025-06-27 01:38:04
13365,19678,640,3,REPAY,4,8.9e-05,,8.9e-05,2025-06-27 02:27:26
13366,19679,306,3,REPAY,1,275.862688,,275.862688,2025-06-27 02:42:33
13367,19681,983,4,WITHDRAW,2,9625.611573,,,2025-06-27 02:48:24
13368,19682,236,3,REPAY,5,1e-05,,1e-05,2025-06-27 03:00:22
13369,19683,409,1,REPAY,5,2.667205,,2.667205,2025-06-27 03:03:07
13370,19684,753,4,WITHDRAW,3,9918.698545,,,2025-06-27 03:17:35
13371,19685,99,3,WITHDRAW,5,2737.177991,,,2025-06-27 03:24:21
13372,19687,149,4,REPAY,4,507.153752,,507.153752,2025-06-27 03:50:36
13373,19690,778,3,BORROW,4,7490.974772,13847.8741018733,7490.974772,2025-06-27 04:00:38
13374,19692,577,1,REPAY,4,0.012372,,0.012372,2025-06-27 04:49:47
13375,19694,628,1,BORROW,5,3725.966043,7048.585294759,3725.966043,2025-06-27 05:04:02
13376,19695,748,3,REPAY,3,61.082094,,61.082094,2025-06-27 05:05:32
13377,19697,727,4,REPAY,1,0.011977,,0.011977,2025-06-27 05:22:59
13378,19698,322,4,BORROW,2,5924.497614,7590.7892210638,5924.497614,2025-06-27 05:30:07
13379,19699,811,2,REPAY,4,0.317302,,0.317302,2025-06-27 05:31:52
13380,19701,695,4,REPAY,3,0.0002,,0.0002,2025-06-27 05:43:48
13381,19703,19,2,REPAY,4,0.071355,,0.071355,2025-06-27 06:06:37
13382,19704,416,1,REPAY,2,0.104485,,0.104485,2025-06-27 06:14:36
13383,19705,6,1,LIQUIDATION,3,3143.696418,3365.5515200606,3143.696418,2025-06-27 06:16:36
13384,19707,700,2,BORROW,4,6539.465503,10731.0866203847,6539.465503,2025-06-27 06:45:18
13385,19708,96,1,REPAY,4,0.000215,,0.000215,2025-06-27 06:46:11
13386,19710,431,4,REPAY,4,1e-06,,1e-06,2025-06-27 07:17:20
13387,19711,736,4,REPAY,2,0.83365,,0.83365,2025-06-27 07:23:48
13388,19712,919,1,REPAY,4,0.22662,,0.22662,2025-06-27 07:34:55
13389,19713,807,4,REPAY,2,1338.423918,,1338.423918,2025-06-27 07:50:25
13390,19714,50,3,REPAY,5,189.723557,,189.723557,2025-06-27 07:51:07
13391,19715,790,1,BORROW,3,1628.457872,3846.3553687588,1628.457872,2025-06-27 07:57:32
13392,19717,571,2,WITHDRAW,2,1133.029651,,,2025-06-27 08:32:14
13393,19718,537,3,REPAY,3,0.03116,,0.03116,2025-06-27 08:54:19
13394,19720,430,3,REPAY,2,0.043011,,0.043011,2025-06-27 09:34:37
13395,19721,190,1,REPAY,2,39.709057,,39.709057,2025-06-27 10:18:51
13396,19722,491,3,REPAY,1,604.371221,,604.371221,2025-06-27 10:23:37
13397,19723,344,3,REPAY,3,0.027173,,0.027173,2025-06-27 10:24:20
13398,19725,275,2,DEPOSIT,2,8663.979723,8663.979723,,2025-06-27 11:27:19
13399,19726,668,3,REPAY,2,0.004029,,0.004029,2025-06-27 11:38:01
13400,19727,975,3,REPAY,3,4363.970638,,4363.970638,2025-06-27 11:41:07
13401,19728,621,2,WITHDRAW,1,9740.384464,,,2025-06-27 11:45:33
13402,19729,668,1,WITHDRAW,2,3006.735641,,,2025-06-27 12:07:57
13403,19730,228,1,REPAY,4,994.295294,,994.295294,2025-06-27 12:20:09
13404,19731,63,4,REPAY,2,5277.295104,,5277.295104,2025-06-27 12:20:49
13405,19732,800,1,WITHDRAW,3,2022.531668,,,2025-06-27 12:21:33
13406,19733,154,2,REPAY,2,5.784894,,5.784894,2025-06-27 13:05:20
13407,19734,235,1,REPAY,2,2e-06,,2e-06,2025-06-27 13:25:07
13408,19735,298,2,LIQUIDATION,1,783.546055,884.7989043126,783.546055,2025-06-27 13:27:42
13409,19736,495,4,REPAY,5,4e-06,,4e-06,2025-06-27 13:36:19
13410,19738,95,4,REPAY,5,0.016104,,0.016104,2025-06-27 14:16:46
13411,19740,621,1,BORROW,1,8739.15886,16000.7605997661,8739.15886,2025-06-27 14:47:54
13412,19741,78,4,REPAY,1,0.099154,,0.099154,2025-06-27 15:00:10
13413,19742,598,1,REPAY,1,1.094495,,1.094495,2025-06-27 15:36:47
13414,19743,581,4,DEPOSIT,4,9643.493826,9643.493826,,2025-06-27 15:55:31
13415,19746,381,2,BORROW,3,4223.675444,9078.1596740062,4223.675444,2025-06-27 16:45:30
13416,19747,507,2,REPAY,1,11.233548,,11.233548,2025-06-27 16:47:54
13417,19748,954,2,REPAY,2,7457.142204,,7457.142204,2025-06-27 17:28:42
13418,19749,413,3,LIQUIDATION,4,0.060043,0.0690408357,0.060043,2025-06-27 19:58:13
13419,19751,312,3,REPAY,2,336.882585,,336.882585,2025-06-27 20:21:37
13420,19752,323,3,REPAY,2,847.129461,,847.129461,2025-06-27 20:27:03
13421,19754,972,3,REPAY,1,8.1e-05,,8.1e-05,2025-06-27 20:54:04
13422,19755,689,1,DEPOSIT,1,8181.270578,8181.270578,,2025-06-27 21:00:52
13423,19756,832,2,REPAY,1,13.925204,,13.925204,2025-06-27 21:28:37
13424,19757,629,3,REPAY,3,6.480956,,6.480956,2025-06-27 21:29:03
13425,19758,118,1,LIQUIDATION,3,6994.230385,6178.2713545144,6994.230385,2025-06-27 21:36:54
13426,19759,57,2,BORROW,1,7669.353385,17590.7902585201,7669.353385,2025-06-27 21:37:45
13427,19760,458,1,BORROW,4,4725.71062,6068.372596707,4725.71062,2025-06-27 21:44:17
13428,19761,431,1,DEPOSIT,3,407.282761,407.282761,,2025-06-27 21:57:41
13429,19764,886,3,REPAY,4,14.410799,,14.410799,2025-06-27 22:43:10
13430,19766,414,1,REPAY,1,20.878339,,20.878339,2025-06-27 23:42:52
13431,19767,128,4,LIQUIDATION,5,20980.777303,21744.0707431401,20980.777303,2025-06-27 23:58:12
13432,19768,491,3,REPAY,2,9.762252,,9.762252,2025-06-28 00:07:07
13433,19769,135,3,DEPOSIT,2,7290.572424,7290.572424,,2025-06-28 00:11:55
13434,19772,441,4,REPAY,5,43.680516,,43.680516,2025-06-28 01:17:43
13435,19773,983,1,REPAY,2,2.445409,,2.445409,2025-06-28 01:30:26
13436,19778,258,3,BORROW,4,5639.254302,11665.5483075061,5639.254302,2025-06-28 02:17:03
13437,19780,711,2,REPAY,1,0.042344,,0.042344,2025-06-28 02:40:12
13438,19781,485,3,REPAY,5,2.154756,,2.154756,2025-06-28 02:44:20
13439,19783,124,4,WITHDRAW,1,3979.469221,,,2025-06-28 02:46:47
13440,19784,196,4,REPAY,5,0.568261,,0.568261,2025-06-28 02:56:14
13441,19785,818,1,REPAY,1,0.0,,0.0,2025-06-28 03:21:12
13442,19786,163,4,DEPOSIT,1,7481.35192,7481.35192,,2025-06-28 03:31:37
13443,19789,766,4,WITHDRAW,5,3515.789826,,,2025-06-28 03:42:19
13444,19790,305,4,LIQUIDATION,2,2287.437211,2619.6850065855,2287.437211,2025-06-28 03:45:50
13445,19791,777,1,REPAY,2,113.121564,,113.121564,2025-06-28 04:41:24
13446,19792,184,3,REPAY,4,2.403747,,2.403747,2025-06-28 04:45:34
13447,19793,473,2,REPAY,3,0.044688,,0.044688,2025-06-28 04:50:54
13448,19794,684,3,REPAY,3,0.041033,,0.041033,2025-06-28 05:38:21
13449,19796,77,3,REPAY,5,0.04604,,0.04604,2025-06-28 05:43:59
13450,19797,495,3,BORROW,3,4015.776716,4822.5687085892,4015.776716,2025-06-28 05:50:54
13451,19798,926,4,BORROW,2,259.674033,323.9134642181,259.674033,2025-06-28 06:10:03
13452,19799,524,2,REPAY,2,0.000199,,0.000199,2025-06-28 06:14:30
13453,19801,487,3,REPAY,3,17.855876,,17.855876,2025-06-28 06:17:00
13454,19803,814,1,REPAY,1,3.7e-05,,3.7e-05,2025-06-28 06:21:02
13455,19804,416,4,REPAY,5,0.003318,,0.003318,2025-06-28 06:23:09
13456,19807,732,3,REPAY,5,0.000747,,0.000747,2025-06-28 06:42:42
13457,19809,312,1,REPAY,4,257.69869,,257.69869,2025-06-28 07:24:03
13458,19810,341,2,REPAY,2,1e-06,,1e-06,2025-06-28 08:00:52
13459,19811,191,1,REPAY,5,0.365597,,0.365597,2025-06-28 08:14:53
13460,19812,386,1,WITHDRAW,1,9976.994399,,,2025-06-28 08:31:40
13461,19813,365,2,REPAY,3,0.000522,,0.000522,2025-06-28 08:44:07
13462,19814,784,4,BORROW,2,9235.007231,13363.7131711532,9235.007231,2025-06-28 09:01:13
13463,19815,220,4,REPAY,5,0.275343,,0.275343,2025-06-28 09:05:36
13464,19816,367,3,DEPOSIT,3,9639.065873,9639.065873,,2025-06-28 09:22:16
13465,19818,237,1,BORROW,3,2469.753165,6065.0630233195,2469.753165,2025-06-28 09:48:08
13466,19819,363,4,WITHDRAW,2,4749.460326,,,2025-06-28 09:49:43
13467,19820,270,4,BORROW,2,4617.992631,6732.3628651303,4617.992631,2025-06-28 10:21:54
13468,19821,437,1,WITHDRAW,4,3040.501011,,,2025-06-28 10:43:54
13469,19822,705,2,WITHDRAW,1,504.617072,,,2025-06-28 11:00:12
13470,19823,124,4,WITHDRAW,1,1961.98028,,,2025-06-28 11:22:21
13471,19824,503,2,DEPOSIT,4,1401.564198,1401.564198,,2025-06-28 11:23:24
13472,19825,217,1,REPAY,5,728.478958,,728.478958,2025-06-28 11:33:01
13473,19827,672,1,REPAY,2,0.059131,,0.059131,2025-06-28 11:36:02
13474,19828,442,4,BORROW,3,8567.258736,10310.4662711812,8567.258736,2025-06-28 11:40:38
13475,19830,417,2,REPAY,2,9.4e-05,,9.4e-05,2025-06-28 13:48:31
13476,19831,342,2,REPAY,5,0.000195,,0.000195,2025-06-28 14:03:41
13477,19833,480,4,REPAY,2,1.294543,,1.294543,2025-06-28 14:56:36
13478,19834,932,4,REPAY,3,0.000119,,0.000119,2025-06-28 15:01:02
13479,19836,885,2,WITHDRAW,1,1623.534061,,,2025-06-28 15:27:34
13480,19838,850,1,REPAY,1,38.703347,,38.703347,2025-06-28 15:58:04
13481,19841,679,1,BORROW,2,3074.6173,5274.5084959145,3074.6173,2025-06-28 16:24:55
13482,19843,438,4,REPAY,3,1.320192,,1.320192,2025-06-28 17:18:12
13483,19845,287,4,LIQUIDATION,5,3846.500489,4370.5695440463,3846.500489,2025-06-28 17:21:55
13484,19846,119,1,REPAY,3,0.163868,,0.163868,2025-06-28 17:26:11
13485,19848,331,4,REPAY,5,0.000807,,0.000807,2025-06-28 17:36:38
13486,19849,633,3,WITHDRAW,2,2412.220964,,,2025-06-28 17:38:58
13487,19852,339,1,LIQUIDATION,4,3778.084757,3948.5752518386,3778.084757,2025-06-28 18:03:44
13488,19853,411,3,WITHDRAW,5,7222.985512,,,2025-06-28 18:16:50
13489,19854,219,2,BORROW,4,1044.358964,2295.6077094874,1044.358964,2025-06-28 18:20:08
13490,19855,326,4,REPAY,4,0.000959,,0.000959,2025-06-28 18:31:37
13491,19857,456,4,REPAY,5,271.744867,,271.744867,2025-06-28 18:53:00
13492,19858,748,2,REPAY,1,12.287209,,12.287209,2025-06-28 19:24:07
13493,19859,622,3,DEPOSIT,1,5007.777087,5007.777087,,2025-06-28 19:43:27
13494,19860,714,1,REPAY,2,24.350894,,24.350894,2025-06-28 19:44:21
13495,19861,587,3,WITHDRAW,3,8114.350561,,,2025-06-28 19:49:15
13496,19862,336,4,REPAY,4,945.581394,,945.581394,2025-06-28 20:14:04
13497,19863,421,2,REPAY,1,88.432697,,88.432697,2025-06-28 20:20:06
13498,19864,545,2,REPAY,1,1827.522602,,1827.522602,2025-06-28 20:20:57
13499,19865,687,4,BORROW,1,7566.172369,16958.6806208127,7566.172369,2025-06-28 20:45:07
13500,19866,369,3,REPAY,4,1.520215,,1.520215,2025-06-28 20:55:39
13501,19867,804,4,REPAY,2,0.000518,,0.000518,2025-06-28 20:59:33
13502,19868,354,2,DEPOSIT,2,8004.408495,8004.408495,,2025-06-28 21:02:03
13503,19869,564,3,BORROW,3,3918.922088,9624.499783419,3918.922088,2025-06-28 21:03:53
13504,19870,658,4,WITHDRAW,3,6897.65382,,,2025-06-28 21:14:41
13505,19871,318,4,REPAY,1,2088.495859,,2088.495859,2025-06-28 21:22:29
13506,19872,467,2,WITHDRAW,1,6464.434138,,,2025-06-28 21:26:59
13507,19873,904,4,REPAY,1,0.001134,,0.001134,2025-06-28 21:58:06
13508,19874,855,4,REPAY,4,25.731669,,25.731669,2025-06-28 22:01:44
13509,19875,835,2,WITHDRAW,5,3400.03965,,,2025-06-28 22:21:16
13510,19876,491,1,REPAY,2,62.096581,,62.096581,2025-06-28 22:21:56
13511,19877,355,1,REPAY,4,2435.726956,,2435.726956,2025-06-28 22:39:09
13512,19878,624,4,REPAY,1,107.815602,,107.815602,2025-06-28 22:47:57
13513,19879,540,2,REPAY,3,0.038008,,0.038008,2025-06-28 22:58:56
13514,19880,165,2,DEPOSIT,3,975.747268,975.747268,,2025-06-28 22:59:24
13515,19881,662,4,DEPOSIT,3,9182.755454,9182.755454,,2025-06-28 23:23:27
13516,19883,644,2,DEPOSIT,1,3802.129411,3802.129411,,2025-06-28 23:25:56
13517,19885,90,1,REPAY,4,298.719158,,298.719158,2025-06-28 23:56:57
13518,19886,201,2,REPAY,5,0.0025,,0.0025,2025-06-29 00:13:57
13519,19887,857,2,REPAY,2,4715.391639,,4715.391639,2025-06-29 00:27:20
13520,19888,568,4,REPAY,3,20.579056,,20.579056,2025-06-29 00:41:33
13521,19890,388,1,LIQUIDATION,2,6802.466751,7513.062403765,6802.466751,2025-06-29 01:30:12
13522,19891,576,1,REPAY,5,5e-06,,5e-06,2025-06-29 01:52:29
13523,19894,677,1,REPAY,3,36.17276,,36.17276,2025-06-29 02:05:24
13524,19895,682,2,REPAY,1,838.409404,,838.409404,2025-06-29 02:06:18
13525,19897,367,4,BORROW,5,1099.152973,1460.3934516075,1099.152973,2025-06-29 02:11:33
13526,19898,844,3,REPAY,2,1327.258207,,1327.258207,2025-06-29 02:27:13
13527,19900,417,4,REPAY,4,0.000239,,0.000239,2025-06-29 02:28:45
13528,19901,378,2,REPAY,5,3.210387,,3.210387,2025-06-29 02:34:58
13529,19903,291,3,REPAY,4,0.073447,,0.073447,2025-06-29 02:58:18
13530,19904,937,3,BORROW,2,8516.423587,18204.6498423268,8516.423587,2025-06-29 03:07:06
13531,19905,525,3,REPAY,1,141.081286,,141.081286,2025-06-29 03:08:49
13532,19906,962,4,REPAY,5,18.617915,,18.617915,2025-06-29 03:14:58
13533,19907,20,3,REPAY,5,2.982076,,2.982076,2025-06-29 03:31:52
13534,19908,290,3,REPAY,3,5441.602517,,5441.602517,2025-06-29 03:58:04
13535,19909,936,2,DEPOSIT,2,584.465633,584.465633,,2025-06-29 04:04:19
13536,19910,484,1,REPAY,4,65.661835,,65.661835,2025-06-29 04:05:15
13537,19912,146,2,LIQUIDATION,5,5846.545892,5230.058022703,5846.545892,2025-06-29 04:29:06
13538,19913,292,1,BORROW,3,6781.626017,13217.6196471871,6781.626017,2025-06-29 04:48:20
13539,19914,40,4,WITHDRAW,4,2622.749083,,,2025-06-29 04:51:37
13540,19915,664,3,REPAY,4,6.7e-05,,6.7e-05,2025-06-29 05:44:05
13541,19917,990,4,BORROW,4,200.219435,364.8143421782,200.219435,2025-06-29 05:47:20
13542,19918,86,4,REPAY,1,0.005249,,0.005249,2025-06-29 05:50:04
13543,19921,907,1,DEPOSIT,1,2613.670772,2613.670772,,2025-06-29 06:13:38
13544,19922,577,3,REPAY,1,0.000257,,0.000257,2025-06-29 06:58:52
13545,19923,592,1,REPAY,2,0.046241,,0.046241,2025-06-29 07:23:54
13546,19924,458,3,REPAY,4,1391.310086,,1391.310086,2025-06-29 07:24:04
13547,19925,501,2,LIQUIDATION,5,8723.894787,8944.4615255708,8723.894787,2025-06-29 07:42:52
13548,19926,418,1,REPAY,3,9.2e-05,,9.2e-05,2025-06-29 07:48:07
13549,19927,274,1,WITHDRAW,3,7331.048386,,,2025-06-29 08:03:32
13550,19928,787,3,REPAY,4,189.641869,,189.641869,2025-06-29 08:06:26
13551,19929,889,3,REPAY,4,801.183166,,801.183166,2025-06-29 08:18:58
13552,19930,614,3,DEPOSIT,1,7709.84942,7709.84942,,2025-06-29 08:27:33
13553,19931,270,4,LIQUIDATION,3,4617.992631,5006.690436485,4617.992631,2025-06-29 09:16:32
13554,19932,595,1,DEPOSIT,1,7353.825873,7353.825873,,2025-06-29 09:26:29
13555,19935,349,3,REPAY,1,1.552809,,1.552809,2025-06-29 09:49:28
13556,19936,447,1,REPAY,1,8.72455,,8.72455,2025-06-29 10:11:49
13557,19937,22,4,REPAY,3,0.394422,,0.394422,2025-06-29 10:45:56
13558,19938,79,4,REPAY,5,0.131254,,0.131254,2025-06-29 10:45:57
13559,19940,28,3,REPAY,1,0.084529,,0.084529,2025-06-29 10:52:35
13560,19941,303,1,REPAY,5,0.064887,,0.064887,2025-06-29 10:53:39
13561,19942,413,1,DEPOSIT,2,5321.13693,5321.13693,,2025-06-29 10:54:04
13562,19943,545,3,REPAY,4,683.298576,,683.298576,2025-06-29 10:57:51
13563,19944,684,3,REPAY,4,0.005948,,0.005948,2025-06-29 11:08:44
13564,19946,92,1,REPAY,1,4065.073571,,4065.073571,2025-06-29 11:38:46
13565,19948,405,2,BORROW,1,7490.239972,12898.7756549786,7490.239972,2025-06-29 12:23:54
13566,19949,553,3,REPAY,1,41.35459,,41.35459,2025-06-29 12:33:22
13567,19951,228,4,WITHDRAW,2,3846.315996,,,2025-06-29 12:43:52
13568,19952,808,1,REPAY,4,221.482567,,221.482567,2025-06-29 13:04:39
13569,19953,160,3,REPAY,1,0.004997,,0.004997,2025-06-29 13:13:59
13570,19954,181,1,REPAY,2,0.005943,,0.005943,2025-06-29 13:25:28
13571,19955,165,3,DEPOSIT,3,8341.665093,8341.665093,,2025-06-29 13:33:14
13572,19956,5,2,WITHDRAW,2,7534.875367,,,2025-06-29 13:57:14
13573,19957,504,2,BORROW,1,464.313616,878.1719653998,464.313616,2025-06-29 14:09:09
13574,19959,491,4,REPAY,1,3.933392,,3.933392,2025-06-29 14:28:39
13575,19960,34,3,DEPOSIT,2,3648.942221,3648.942221,,2025-06-29 14:36:01
13576,19961,447,2,REPAY,2,33.558737,,33.558737,2025-06-29 14:59:07
13577,19962,787,4,REPAY,5,340.304333,,340.304333,2025-06-29 15:26:39
13578,19964,94,3,REPAY,4,3.5e-05,,3.5e-05,2025-06-29 16:09:55
13579,19967,932,4,REPAY,3,0.000527,,0.000527,2025-06-29 16:50:24
13580,19969,160,4,REPAY,2,0.000116,,0.000116,2025-06-29 17:10:11
13581,19970,33,2,BORROW,4,3769.295613,4534.851726135,3769.295613,2025-06-29 17:29:08
13582,19971,278,4,REPAY,1,0.008958,,0.008958,2025-06-29 17:32:16
13583,19974,739,2,REPAY,5,1724.001475,,1724.001475,2025-06-29 18:01:59
13584,19979,239,1,REPAY,3,5614.165367,,5614.165367,2025-06-29 19:39:28
13585,19980,796,2,BORROW,1,4556.439461,8035.0368388922,4556.439461,2025-06-29 19:40:05
13586,19981,689,2,BORROW,5,4244.606863,7245.3223775908,4244.606863,2025-06-29 19:40:47
13587,19982,665,4,REPAY,2,0.194706,,0.194706,2025-06-29 19:51:22
13588,19984,980,4,REPAY,4,483.647691,,483.647691,2025-06-29 20:09:26
13589,19985,302,2,REPAY,4,141.295856,,141.295856,2025-06-29 20:34:38
13590,19986,909,3,REPAY,4,1.282449,,1.282449,2025-06-29 21:05:54
13591,19987,11,3,REPAY,5,66.568933,,66.568933,2025-06-29 21:06:13
13592,19990,425,3,LIQUIDATION,2,17125.962784,20270.2152307136,17125.962784,2025-06-29 21:53:25
13593,19992,407,4,REPAY,2,0.008426,,0.008426,2025-06-29 22:11:26
13594,19993,253,3,REPAY,2,3.799002,,3.799002,2025-06-29 22:17:47
13595,19994,145,3,DEPOSIT,2,219.793415,219.793415,,2025-06-29 22:23:33
13596,19995,257,1,REPAY,4,60.579434,,60.579434,2025-06-29 22:25:06
13597,19996,193,3,BORROW,3,5472.408639,8726.1504966232,5472.408639,2025-06-29 22:41:33
13598,19998,842,2,WITHDRAW,5,8526.144954,,,2025-06-29 22:52:24
13599,19999,825,3,REPAY,3,748.000175,,748.000175,2025-06-29 23:36:13
13600,20000,28,3,REPAY,1,0.07515,,0.07515,2025-06-29 23:47:46
