feature_id,account_id,transaction_count,successful_transactions,failed_transactions,failed_tx_ratio,total_volume,borrow_count,borrow_volume,repay_count,repay_volume,repayment_ratio,deposit_volume,withdrawal_volume,net_deposit_flow,unique_counterparties,unique_tokens,unique_protocols,active_days,historical_liquidation_count,borrow_to_repay_ratio,withdrawal_to_deposit_ratio,liquidation_rate,borrow_intensity,transactions_per_active_day,borrow_volume_ratio,repay_to_borrow_ratio,borrow_frequency,repay_frequency,withdrawal_pressure,deposit_retention_ratio,average_transaction_value,average_borrow_value,average_repay_value
11,11,10,10,0,0.0,48698.077633,0,0.0,0,0.0,0.0,0.0,0.0,0.0,10,4,3,10,0,0.0,0.0,0.0,0.0,1.0,0.0,0.0,0.0,0.0,0.0,0.0,4869.8077633,0.0,0.0
17,17,10,10,0,0.0,32659.230688,0,0.0,0,0.0,0.0,6735.53687,0.0,6735.53687,8,4,3,8,0,0.0,0.0,0.0,0.0,1.25,0.0,0.0,0.0,0.0,0.0,1.0,3265.9230688,0.0,0.0
19,19,13,12,1,0.076923,39175.746418,1,5784.12266,8,7261.634806,1.0,5289.370347,0.0,5289.370347,3,5,3,12,0,0.796532,0.0,0.0,0.147645,1.083333,0.147645,1.255443,0.083333,0.666667,0.0,1.0,3013.5189552308,5784.12266,907.70435075
20,20,11,11,0,0.0,55392.664755,0,0.0,0,0.0,0.0,7853.816169,19530.058686,-11676.242517,4,5,4,9,0,0.0,2.486697,0.0,0.0,1.222222,0.0,0.0,0.0,0.0,0.352575,-1.486697,5035.6967959091,0.0,0.0
21,21,15,13,2,0.133333,40814.553628,2,11545.620602,9,8211.588745,0.71123,5683.831123,11116.144872,-5432.313749,1,5,4,14,0,1.406015,1.955749,0.0,0.28288,1.071429,0.28288,0.71123,0.142857,0.642857,0.272357,-0.955749,2720.9702418667,5772.810301,912.3987494444
22,22,17,16,1,0.058824,26843.877289,1,1272.685185,9,1274.525264,1.0,5993.640544,337.817006,5655.823538,5,5,4,17,0,0.998556,0.056363,0.0,0.047411,1.0,0.047411,1.001446,0.058824,0.529412,0.012585,0.943637,1579.0516052353,1272.685185,141.6139182222
23,23,17,16,1,0.058824,80201.739101,7,31762.520152,0,0.0,0.0,11993.841116,859.185278,11134.655838,2,5,4,16,5,0.0,0.071636,0.714286,0.396033,1.0625,0.396033,0.0,0.4375,0.0,0.010713,0.928364,4717.7493588824,4537.5028788571,0.0
24,24,18,16,2,0.111111,32267.338771,2,3728.631307,11,2248.3849,0.603005,0.0,101.123928,-101.123928,3,5,4,17,1,1.65836,0.0,0.5,0.115554,1.058824,0.115554,0.603005,0.117647,0.647059,0.003134,0.0,1792.6299317222,1864.3156535,204.3986272727
25,25,16,16,0,0.0,34369.963226,3,5802.979864,8,5620.269451,0.968514,0.0,13254.617792,-13254.617792,3,5,4,15,0,1.032509,0.0,0.0,0.168839,1.066667,0.168839,0.968514,0.2,0.533333,0.385645,0.0,2148.122701625,1934.3266213333,702.533681375
26,26,15,15,0,0.0,33689.629118,1,8946.957258,12,8946.945156,0.999999,15795.726704,0.0,15795.726704,0,5,4,15,0,1.000001,0.0,0.0,0.26557,1.0,0.26557,0.999999,0.066667,0.8,0.0,1.0,2245.9752745333,8946.957258,745.578763
27,27,11,11,0,0.0,48170.748644,0,0.0,0,0.0,0.0,15499.170106,2084.978456,13414.19165,6,4,3,10,0,0.0,0.134522,0.0,0.0,1.1,0.0,0.0,0.0,0.0,0.043283,0.865478,4379.1589676364,0.0,0.0
28,28,12,10,2,0.166667,12412.454264,1,837.865025,7,1096.646915,1.0,1714.300879,0.0,1714.300879,3,5,4,12,0,0.764024,0.0,0.0,0.067502,1.0,0.067502,1.308859,0.083333,0.583333,0.0,1.0,1034.3711886667,837.865025,156.663845
29,29,14,14,0,0.0,50011.474017,2,10930.113462,2,8471.856218,0.775093,3355.286407,7083.458177,-3728.17177,5,5,4,13,1,1.290167,2.111134,0.5,0.218552,1.076923,0.218552,0.775093,0.153846,0.153846,0.141637,-1.111134,3572.2481440714,5465.056731,4235.928109
30,30,12,12,0,0.0,51404.198638,0,0.0,0,0.0,0.0,19084.931162,6674.072658,12410.858504,6,5,3,11,0,0.0,0.349704,0.0,0.0,1.090909,0.0,0.0,0.0,0.0,0.129835,0.650296,4283.6832198333,0.0,0.0
31,31,10,10,0,0.0,43465.883146,2,9641.781318,1,2798.271899,0.290224,7609.392937,11345.459233,-3736.066296,1,4,4,10,1,3.44562,1.490981,0.5,0.221824,1.0,0.221824,0.290224,0.2,0.1,0.26102,-0.490981,4346.5883146,4820.890659,2798.271899
32,32,16,16,0,0.0,66528.926387,2,16747.461168,9,16747.087068,0.999978,0.0,0.0,0.0,5,5,4,14,0,1.000022,0.0,0.0,0.251732,1.142857,0.251732,0.999978,0.142857,0.642857,0.0,0.0,4158.0578991875,8373.730584,1860.787452
33,33,11,10,1,0.090909,60409.784675,5,29856.42629,1,7586.473943,0.254099,7027.967661,8865.232136,-1837.264475,1,4,4,11,0,3.935481,1.261422,0.0,0.494232,1.0,0.494232,0.254099,0.454545,0.090909,0.146752,-0.261422,5491.7986068182,5971.285258,7586.473943
34,34,10,10,0,0.0,54243.628734,0,0.0,0,0.0,0.0,838.358586,24113.92102,-23275.562434,5,4,4,10,0,0.0,28.763254,0.0,0.0,1.0,0.0,0.0,0.0,0.0,0.444548,-27.763254,5424.3628734,0.0,0.0
35,35,17,17,0,0.0,80739.54671,0,0.0,0,0.0,0.0,9389.936129,2631.333198,6758.602931,15,5,4,16,0,0.0,0.280229,0.0,0.0,1.0625,0.0,0.0,0.0,0.0,0.03259,0.719771,4749.3851005882,0.0,0.0
36,36,12,12,0,0.0,59712.886632,2,11362.328867,4,11074.258742,0.974647,0.0,8738.521164,-8738.521164,4,4,4,12,0,1.026013,0.0,0.0,0.190283,1.0,0.190283,0.974647,0.166667,0.333333,0.146342,0.0,4976.073886,5681.1644335,2768.5646855
37,37,13,13,0,0.0,57612.098965,0,0.0,0,0.0,0.0,1505.575881,18470.26496,-16964.689079,9,5,4,12,0,0.0,12.267907,0.0,0.0,1.083333,0.0,0.0,0.0,0.0,0.320597,-11.267907,4431.6999203846,0.0,0.0
38,38,11,11,0,0.0,37045.144191,1,5284.742678,5,5049.541687,0.955494,4600.078684,0.0,4600.078684,4,5,4,11,0,1.046579,0.0,0.0,0.142657,1.0,0.142657,0.955494,0.090909,0.454545,0.0,1.0,3367.740381,5284.742678,1009.9083374
39,39,14,13,1,0.071429,27702.750157,1,237.634169,7,237.917428,1.0,4189.821691,2291.525118,1898.296573,4,5,4,14,0,0.998809,0.546927,0.0,0.008578,1.0,0.008578,1.001192,0.071429,0.5,0.082718,0.453073,1978.7678683571,237.634169,33.988204
40,40,12,12,0,0.0,37358.983865,1,1660.866121,4,1660.459202,0.999755,7618.84203,4352.656928,3266.185102,4,5,4,12,0,1.000245,0.571302,0.0,0.044457,1.0,0.044457,0.999755,0.083333,0.333333,0.116509,0.428698,3113.2486554167,1660.866121,415.1148005
41,41,11,9,2,0.181818,51887.307301,1,8068.017517,4,8067.882979,0.999983,6644.067518,0.0,6644.067518,5,4,4,10,0,1.000017,0.0,0.0,0.155491,1.1,0.155491,0.999983,0.1,0.4,0.0,1.0,4717.0279364545,8068.017517,2016.97074475
42,42,17,17,0,0.0,43244.41246,3,13609.848627,11,12544.757078,0.921741,0.0,8467.820257,-8467.820257,2,5,4,17,0,1.084903,0.0,0.0,0.314719,1.0,0.314719,0.921741,0.176471,0.647059,0.195813,0.0,2543.7889682353,4536.616209,1140.4324616364
43,43,8,8,0,0.0,26690.664658,1,6050.577812,0,0.0,0.0,3988.134827,12137.995862,-8149.861035,2,5,3,8,0,0.0,3.043527,0.0,0.226693,1.0,0.226693,0.0,0.125,0.0,0.454766,-2.043527,3336.33308225,6050.577812,0.0
44,44,11,11,0,0.0,23763.131786,1,9548.768099,6,9541.473314,0.999236,0.0,1909.738773,-1909.738773,1,5,4,11,1,1.000765,0.0,1.0,0.401831,1.0,0.401831,0.999236,0.090909,0.545455,0.080366,0.0,2160.2847078182,9548.768099,1590.2455523333
46,46,13,12,1,0.076923,86038.709977,2,19252.499269,2,8262.329621,0.429156,15214.30114,7318.416873,7895.884267,4,5,4,13,1,2.330154,0.481022,0.5,0.223766,1.0,0.223766,0.429156,0.153846,0.153846,0.08506,0.518978,6618.3623059231,9626.2496345,4131.1648105
47,47,17,16,1,0.058824,70392.968957,0,0.0,0,0.0,0.0,6299.356318,25583.413495,-19284.057177,10,5,4,17,0,0.0,4.061274,0.0,0.0,1.0,0.0,0.0,0.0,0.0,0.363437,-3.061274,4140.7628798235,0.0,0.0
48,48,15,14,1,0.066667,29218.208535,1,5794.793332,11,5794.721442,0.999988,4964.968815,0.0,4964.968815,2,5,4,14,0,1.000012,0.0,0.0,0.198328,1.071429,0.198328,0.999988,0.071429,0.785714,0.0,1.0,1947.880569,5794.793332,526.7928583636
49,49,14,14,0,0.0,32593.095681,1,9960.722066,10,9960.454947,0.999973,6049.823926,4227.021825,1822.802101,1,4,4,14,0,1.000027,0.698702,0.0,0.305608,1.0,0.305608,0.999973,0.071429,0.714286,0.129691,0.301298,2328.0782629286,9960.722066,996.0454947
45,45,10,10,0,0.0,45930.695049,0,0.0,0,0.0,0.0,18548.645848,0.0,18548.645848,7,4,4,10,0,0.0,0.0,0.0,0.0,1.0,0.0,0.0,0.0,0.0,0.0,1.0,4593.0695049,0.0,0.0
50,50,10,10,0,0.0,47561.846803,1,9675.367506,3,7575.071078,0.782923,1942.686511,10587.927499,-8645.240988,3,5,3,9,0,1.277264,5.450147,0.0,0.203427,1.111111,0.203427,0.782923,0.111111,0.333333,0.222614,-4.450147,4756.1846803,9675.367506,2525.0236926667
51,51,12,12,0,0.0,27775.771139,1,7251.577729,8,7183.317462,0.990587,6320.567431,0.0,6320.567431,2,4,4,11,0,1.009503,0.0,0.0,0.261076,1.090909,0.261076,0.990587,0.090909,0.727273,0.0,1.0,2314.6475949167,7251.577729,897.91468275
52,52,12,12,0,0.0,41363.18527,1,8539.266636,7,8538.359291,0.999894,0.0,0.0,0.0,4,5,4,12,0,1.000106,0.0,0.0,0.206446,1.0,0.206446,0.999894,0.083333,0.583333,0.0,0.0,3446.9321058333,8539.266636,1219.765613
53,53,17,16,1,0.058824,12653.882567,1,5305.820598,14,5312.527142,1.0,1039.277307,0.0,1039.277307,1,5,4,17,0,0.998738,0.0,0.0,0.419304,1.0,0.419304,1.001264,0.058824,0.823529,0.0,1.0,744.3460333529,5305.820598,379.4662244286
54,54,12,12,0,0.0,39477.259156,4,14717.346473,3,7042.787377,0.478536,0.0,0.0,0.0,2,5,4,12,3,2.089705,0.0,0.75,0.372806,1.0,0.372806,0.478536,0.333333,0.25,0.0,0.0,3289.7715963333,3679.33661825,2347.5957923333
55,55,13,12,1,0.076923,40256.970323,1,2467.674108,0,0.0,0.0,7965.908634,0.0,7965.908634,9,5,4,13,0,0.0,0.0,0.0,0.061298,1.0,0.061298,0.0,0.076923,0.0,0.0,1.0,3096.6900248462,2467.674108,0.0
56,56,13,13,0,0.0,58280.060901,0,0.0,0,0.0,0.0,16697.944949,18690.938208,-1992.993259,5,5,4,12,0,0.0,1.119356,0.0,0.0,1.083333,0.0,0.0,0.0,0.0,0.320709,-0.119356,4483.0816077692,0.0,0.0
57,57,13,12,1,0.076923,61125.832782,0,0.0,0,0.0,0.0,14209.185635,17533.723922,-3324.538287,6,5,4,12,0,0.0,1.233971,0.0,0.0,1.083333,0.0,0.0,0.0,0.0,0.286846,-0.233971,4701.9871370769,0.0,0.0
58,58,14,14,0,0.0,70097.271632,1,2017.11287,2,1937.847105,0.960703,17319.218435,25967.223051,-8648.004616,5,4,4,14,0,1.040904,1.49933,0.0,0.028776,1.0,0.028776,0.960703,0.071429,0.142857,0.370446,-0.49933,5006.9479737143,2017.11287,968.9235525
59,59,14,14,0,0.0,46301.31522,1,427.551245,6,423.626416,0.99082,25114.850614,0.0,25114.850614,3,4,3,14,0,1.009265,0.0,0.0,0.009234,1.0,0.009234,0.99082,0.071429,0.428571,0.0,1.0,3307.2368014286,427.551245,70.6044026667
60,60,11,11,0,0.0,29491.103773,1,1131.963877,3,1114.746498,0.98479,2328.425412,0.0,2328.425412,5,5,3,11,1,1.015445,0.0,1.0,0.038383,1.0,0.038383,0.98479,0.090909,0.272727,0.0,1.0,2681.0094339091,1131.963877,371.582166
61,61,14,14,0,0.0,76607.667957,5,22222.237128,2,8469.010505,0.381105,0.0,0.0,0.0,4,5,4,14,3,2.623947,0.0,0.6,0.290078,1.0,0.290078,0.381105,0.357143,0.142857,0.0,0.0,5471.9762826429,4444.4474256,4234.5052525
62,62,15,15,0,0.0,24137.599424,2,4665.032237,9,4664.804298,0.999951,0.0,0.0,0.0,4,5,4,15,0,1.000049,0.0,0.0,0.193268,1.0,0.193268,0.999951,0.133333,0.6,0.0,0.0,1609.1732949333,2332.5161185,518.3115886667
63,63,14,14,0,0.0,28626.832294,1,1743.035732,7,1740.405446,0.998491,3259.45685,11547.067431,-8287.610581,3,5,4,13,0,1.001511,3.542635,0.0,0.060888,1.076923,0.060888,0.998491,0.076923,0.538462,0.403365,-2.542635,2044.7737352857,1743.035732,248.6293494286
64,64,13,13,0,0.0,71160.246501,2,8012.754247,2,6527.866002,0.814684,2825.283034,18155.875969,-15330.592935,6,4,4,13,0,1.227469,6.426215,0.0,0.112602,1.0,0.112602,0.814684,0.153846,0.153846,0.255141,-5.426215,5473.8651154615,4006.3771235,3263.933001
65,65,19,19,0,0.0,84761.385588,0,0.0,0,0.0,0.0,12368.348915,14636.932628,-2268.583713,10,5,3,18,0,0.0,1.183418,0.0,0.0,1.055556,0.0,0.0,0.0,0.0,0.172684,-0.183418,4461.1255572632,0.0,0.0
66,66,17,17,0,0.0,56134.334509,1,7458.699157,7,7419.440402,0.994737,14444.737576,8859.766756,5584.97082,5,5,3,17,0,1.005291,0.613356,0.0,0.132872,1.0,0.132872,0.994737,0.058824,0.411765,0.157832,0.386644,3302.019677,7458.699157,1059.9200574286
67,67,10,10,0,0.0,47609.844191,0,0.0,0,0.0,0.0,3804.134004,13072.585235,-9268.451231,6,5,4,10,0,0.0,3.436416,0.0,0.0,1.0,0.0,0.0,0.0,0.0,0.274577,-2.436416,4760.9844191,0.0,0.0
68,68,11,11,0,0.0,56206.005272,4,21316.21852,0,0.0,0.0,0.0,3220.314128,-3220.314128,3,5,3,10,3,0.0,0.0,0.75,0.379252,1.1,0.379252,0.0,0.4,0.0,0.057295,0.0,5109.6368429091,5329.05463,0.0
69,69,15,13,2,0.133333,60910.564401,1,3506.119381,0,0.0,0.0,30190.064209,8105.909099,22084.15511,8,5,4,15,0,0.0,0.268496,0.0,0.057562,1.0,0.057562,0.0,0.066667,0.0,0.133079,0.731504,4060.7042934,3506.119381,0.0
70,70,18,18,0,0.0,69266.349855,1,2336.415953,1,2313.916504,0.99037,19800.195557,25021.677435,-5221.481878,6,5,4,16,0,1.009724,1.263709,0.0,0.033731,1.125,0.033731,0.99037,0.0625,0.0625,0.361239,-0.263709,3848.1305475,2336.415953,2313.916504
71,71,15,13,2,0.133333,58677.751668,5,22558.476797,5,13230.081159,0.586479,6522.952535,6251.989436,270.963099,2,5,4,14,1,1.70509,0.95846,0.2,0.384447,1.071429,0.384447,0.586479,0.357143,0.357143,0.106548,0.04154,3911.8501112,4511.6953594,2646.0162318
72,72,10,10,0,0.0,24396.940188,1,5890.651686,6,5780.992698,0.981384,0.0,0.0,0.0,3,4,4,10,0,1.018969,0.0,0.0,0.24145,1.0,0.24145,0.981384,0.1,0.6,0.0,0.0,2439.6940188,5890.651686,963.498783
73,73,22,22,0,0.0,75008.108508,1,4066.951369,9,4056.308348,0.997383,24106.592588,6094.552005,18012.040583,6,5,4,20,0,1.002624,0.252817,0.0,0.05422,1.1,0.05422,0.997383,0.05,0.45,0.081252,0.747183,3409.4594776364,4066.951369,450.7009275556
74,74,15,15,0,0.0,28723.898597,2,9247.115255,7,9162.607474,0.990861,3570.809163,4014.479333,-443.67017,2,5,4,15,0,1.009223,1.124249,0.0,0.321931,1.0,0.321931,0.990861,0.133333,0.466667,0.139761,-0.124249,1914.9265731333,4623.5576275,1308.9439248571
75,75,8,7,1,0.125,39551.354983,2,10889.466282,1,5740.469229,0.527158,8726.112389,0.0,8726.112389,2,4,4,8,1,1.896964,0.0,0.5,0.275325,1.0,0.275325,0.527158,0.25,0.125,0.0,1.0,4943.919372875,5444.733141,5740.469229
76,76,8,8,0,0.0,34522.065506,0,0.0,0,0.0,0.0,18029.794192,422.217804,17607.576388,4,5,3,8,0,0.0,0.023418,0.0,0.0,1.0,0.0,0.0,0.0,0.0,0.01223,0.976582,4315.25818825,0.0,0.0
77,77,15,14,1,0.066667,66155.306644,1,7474.950858,1,6173.623287,0.825908,8180.922057,12037.576134,-3856.654077,7,5,4,15,0,1.210788,1.47142,0.0,0.112991,1.0,0.112991,0.825908,0.066667,0.066667,0.181959,-0.47142,4410.3537762667,7474.950858,6173.623287
78,78,12,11,1,0.083333,28523.908621,1,3128.498421,6,3120.487074,0.997439,8012.509434,3499.472265,4513.037169,3,4,4,11,0,1.002567,0.436751,0.0,0.10968,1.090909,0.10968,0.997439,0.090909,0.545455,0.122686,0.563249,2376.9923850833,3128.498421,520.081179
79,79,14,14,0,0.0,68778.305068,0,0.0,0,0.0,0.0,6176.075608,10378.813582,-4202.737974,9,4,4,13,0,0.0,1.680487,0.0,0.0,1.076923,0.0,0.0,0.0,0.0,0.150902,-0.680487,4912.7360762857,0.0,0.0
80,80,17,15,2,0.117647,80039.742687,1,1400.385644,1,507.125222,0.362133,16993.287878,14087.08582,2906.202058,9,5,4,16,0,2.76142,0.828979,0.0,0.017496,1.0625,0.017496,0.362133,0.0625,0.0625,0.176001,0.171021,4708.2201580588,1400.385644,507.125222
774,774,9,9,0,0.0,45197.457936,0,0.0,0,0.0,0.0,0.0,1647.850354,-1647.850354,8,5,1,9,0,0.0,0.0,0.0,0.0,1.0,0.0,0.0,0.0,0.0,0.036459,0.0,5021.9397706667,0.0,0.0
81,81,9,9,0,0.0,24859.4447,1,6269.346247,3,5357.172594,0.854503,1132.271828,7053.364208,-5921.09238,2,5,3,9,0,1.170271,6.229391,0.0,0.252192,1.0,0.252192,0.854503,0.111111,0.333333,0.28373,-5.229391,2762.1605222222,6269.346247,1785.724198
82,82,12,12,0,0.0,50368.657735,4,13403.8789,1,413.737974,0.030867,9514.025974,8335.611188,1178.414786,1,5,4,11,3,32.397024,0.876139,0.75,0.266115,1.090909,0.266115,0.030867,0.363636,0.090909,0.165492,0.123861,4197.3881445833,3350.969725,413.737974
83,83,23,22,1,0.043478,50206.087115,2,9451.034453,15,9467.144801,1.0,0.0,8402.753002,-8402.753002,4,5,4,21,0,0.998298,0.0,0.0,0.188245,1.095238,0.188245,1.001705,0.095238,0.714286,0.167365,0.0,2182.8733528261,4725.5172265,631.1429867333
84,84,10,10,0,0.0,38270.426505,0,0.0,0,0.0,0.0,18423.318179,5200.492776,13222.825403,5,3,4,9,0,0.0,0.282278,0.0,0.0,1.111111,0.0,0.0,0.0,0.0,0.135888,0.717722,3827.0426505,0.0,0.0
85,85,17,17,0,0.0,80024.141792,0,0.0,0,0.0,0.0,23619.017809,21993.222942,1625.794867,6,5,4,17,0,0.0,0.931166,0.0,0.0,1.0,0.0,0.0,0.0,0.0,0.274832,0.068834,4707.3024583529,0.0,0.0
86,86,19,19,0,0.0,41396.488577,1,5698.710409,11,5698.710409,1.0,8919.977887,14225.177107,-5305.19922,2,5,4,17,0,1.0,1.594755,0.0,0.137662,1.117647,0.137662,1.0,0.058824,0.647059,0.343632,-0.594755,2178.7625566842,5698.710409,518.0645826364
87,87,8,8,0,0.0,37663.0614,1,4185.261904,0,0.0,0.0,0.0,239.844511,-239.844511,6,3,3,8,0,0.0,0.0,0.0,0.111124,1.0,0.111124,0.0,0.125,0.0,0.006368,0.0,4707.882675,4185.261904,0.0
88,88,20,20,0,0.0,36305.942172,1,4636.984222,13,4636.984099,1.0,6946.085783,3835.253629,3110.832154,4,5,4,14,0,1.0,0.552146,0.0,0.12772,1.428571,0.12772,1.0,0.071429,0.928571,0.105637,0.447854,1815.2971086,4636.984222,356.6910845385
89,89,11,11,0,0.0,25305.999415,1,4844.012091,8,4844.011637,1.0,0.0,0.0,0.0,2,4,4,11,0,1.0,0.0,0.0,0.191418,1.0,0.191418,1.0,0.090909,0.727273,0.0,0.0,2300.5454013636,4844.012091,605.501454625
90,90,14,14,0,0.0,34393.723872,1,1382.353054,5,1379.345327,0.997824,4874.067337,14234.227796,-9360.160459,3,5,4,14,0,1.002181,2.9204,0.0,0.040192,1.0,0.040192,0.997824,0.071429,0.357143,0.413861,-1.9204,2456.6945622857,1382.353054,275.8690654
91,91,20,20,0,0.0,85180.458374,4,21227.821488,6,7286.378926,0.343247,6968.335169,6030.933886,937.401283,5,5,4,18,2,2.913357,0.865477,0.5,0.24921,1.111111,0.24921,0.343247,0.222222,0.333333,0.070802,0.134523,4259.0229187,5306.955372,1214.3964876667
92,92,19,19,0,0.0,39611.276078,2,4423.375926,5,4085.568486,0.923631,7711.31936,7413.493221,297.826139,7,5,4,17,0,1.082683,0.961378,0.0,0.11167,1.117647,0.11167,0.923631,0.117647,0.294118,0.187156,0.038622,2084.8040041053,2211.687963,817.1136972
93,93,8,8,0,0.0,41097.05742,0,0.0,0,0.0,0.0,11611.786953,6532.94701,5078.839943,5,4,3,7,0,0.0,0.562613,0.0,0.0,1.142857,0.0,0.0,0.0,0.0,0.158964,0.437387,5137.1321775,0.0,0.0
94,94,12,11,1,0.083333,57891.631062,0,0.0,0,0.0,0.0,3140.361705,9254.138519,-6113.776814,8,4,4,12,0,0.0,2.946838,0.0,0.0,1.0,0.0,0.0,0.0,0.0,0.159853,-1.946838,4824.3025885,0.0,0.0
95,95,17,16,1,0.058824,57049.149724,1,3019.513115,7,3033.130667,1.0,1778.756164,4845.371822,-3066.615658,6,5,3,17,0,0.99551,2.724023,0.0,0.052928,1.0,0.052928,1.00451,0.058824,0.411765,0.084933,-1.724023,3355.8323367059,3019.513115,433.304381
96,96,17,16,1,0.058824,59483.423789,1,7715.727118,8,12118.678647,1.0,19283.717799,5863.709007,13420.008792,3,5,4,15,0,0.636681,0.304076,0.0,0.129712,1.133333,0.129712,1.570646,0.066667,0.533333,0.098577,0.695924,3499.0249287647,7715.727118,1514.834830875
97,97,15,15,0,0.0,34311.575554,2,3679.925855,7,3502.028051,0.951657,0.0,15199.683024,-15199.683024,2,5,4,14,1,1.050799,0.0,0.5,0.10725,1.071429,0.10725,0.951657,0.142857,0.5,0.44299,0.0,2287.4383702667,1839.9629275,500.2897215714
98,98,19,18,1,0.052632,47341.184452,4,15828.378045,10,16389.85036,1.0,0.0,6605.579049,-6605.579049,2,4,4,18,2,0.965743,0.0,0.5,0.334347,1.055556,0.334347,1.035473,0.222222,0.555556,0.139531,0.0,2491.6412869474,3957.09451125,1638.985036
99,99,11,11,0,0.0,23506.796084,1,3144.061889,5,3045.573983,0.968675,0.0,787.767754,-787.767754,3,4,4,9,1,1.032338,0.0,1.0,0.133751,1.222222,0.133751,0.968675,0.111111,0.555556,0.033512,0.0,2136.9814621818,3144.061889,609.1147966
100,100,12,12,0,0.0,36667.751529,2,16646.777999,8,15514.301114,0.93197,0.0,0.0,0.0,1,5,4,12,1,1.072996,0.0,0.5,0.45399,1.0,0.45399,0.93197,0.166667,0.666667,0.0,0.0,3055.64596075,8323.3889995,1939.28763925
101,101,16,16,0,0.0,80830.353287,7,42342.808415,2,6983.837244,0.164936,0.0,0.0,0.0,1,5,3,14,6,6.062972,0.0,0.857143,0.523848,1.142857,0.523848,0.164936,0.5,0.142857,0.0,0.0,5051.8970804375,6048.9726307143,3491.918622
102,102,13,13,0,0.0,16782.95749,1,1441.08103,9,1440.100059,0.999319,3872.173676,3627.537465,244.636211,1,4,4,13,0,1.000681,0.936822,0.0,0.085866,1.0,0.085866,0.999319,0.076923,0.692308,0.216144,0.063178,1290.99673,1441.08103,160.0111176667
103,103,9,8,1,0.111111,33459.236382,2,17420.664455,4,7795.686999,0.447497,0.0,0.0,0.0,2,5,4,8,1,2.234654,0.0,0.5,0.520653,1.125,0.520653,0.447497,0.25,0.5,0.0,0.0,3717.6929313333,8710.3322275,1948.92174975
104,104,13,13,0,0.0,39298.257303,1,6138.859028,3,5775.515327,0.940813,0.0,7698.497133,-7698.497133,5,5,3,13,1,1.062911,0.0,1.0,0.156212,1.0,0.156212,0.940813,0.076923,0.230769,0.195899,0.0,3022.9428694615,6138.859028,1925.1717756667
105,105,12,11,1,0.083333,68286.290065,0,0.0,0,0.0,0.0,24488.694338,9952.453318,14536.24102,7,5,4,11,0,0.0,0.40641,0.0,0.0,1.090909,0.0,0.0,0.0,0.0,0.145746,0.59359,5690.5241720833,0.0,0.0
106,106,22,22,0,0.0,64219.418857,1,1754.075945,9,1754.060879,0.999991,9143.207413,4225.917162,4917.290251,8,5,3,19,0,1.000009,0.462192,0.0,0.027314,1.157895,0.027314,0.999991,0.052632,0.473684,0.065804,0.537808,2919.0644935,1754.075945,194.8956532222
107,107,4,4,0,0.0,21916.824054,0,0.0,0,0.0,0.0,5168.694408,0.0,5168.694408,3,3,3,4,0,0.0,0.0,0.0,0.0,1.0,0.0,0.0,0.0,0.0,0.0,1.0,5479.2060135,0.0,0.0
108,108,11,11,0,0.0,38718.34308,1,4794.080322,4,4787.849882,0.9987,4201.596744,5042.389863,-840.793119,3,5,4,11,1,1.001301,1.200113,1.0,0.123819,1.0,0.123819,0.9987,0.090909,0.363636,0.130233,-0.200113,3519.8493709091,4794.080322,1196.9624705
109,109,17,17,0,0.0,24020.935204,2,9568.125848,13,9310.273304,0.973051,0.0,0.0,0.0,2,5,4,14,0,1.027695,0.0,0.0,0.398324,1.214286,0.398324,0.973051,0.142857,0.928571,0.0,0.0,1412.9961884706,4784.062924,716.1748695385
110,110,12,12,0,0.0,57573.496984,5,17701.079221,0,0.0,0.0,0.0,0.0,0.0,3,5,4,12,4,0.0,0.0,0.8,0.307452,1.0,0.307452,0.0,0.416667,0.0,0.0,0.0,4797.7914153333,3540.2158442,0.0
111,111,12,12,0,0.0,48873.747198,1,6895.371979,2,5221.318515,0.757221,0.0,9152.553589,-9152.553589,8,4,4,12,0,1.320619,0.0,0.0,0.141085,1.0,0.141085,0.757221,0.083333,0.166667,0.187269,0.0,4072.8122665,6895.371979,2610.6592575
112,112,14,13,1,0.071429,35819.564589,1,1366.33628,7,1364.483955,0.998644,3758.309377,11422.936558,-7664.627181,3,5,4,13,0,1.001358,3.039382,0.0,0.038145,1.076923,0.038145,0.998644,0.076923,0.538462,0.318902,-2.039382,2558.5403277857,1366.33628,194.9262792857
113,113,20,19,1,0.05,60080.486846,3,22106.123201,10,19954.604762,0.902673,3919.044455,8146.521285,-4227.47683,4,4,3,17,0,1.107821,2.078701,0.0,0.367942,1.176471,0.367942,0.902673,0.176471,0.588235,0.135593,-1.078701,3004.0243423,7368.7077336667,1995.4604762
114,114,8,7,1,0.125,32460.295514,0,0.0,0,0.0,0.0,12795.51602,5314.572103,7480.943917,4,4,3,8,0,0.0,0.415346,0.0,0.0,1.0,0.0,0.0,0.0,0.0,0.163725,0.584654,4057.53693925,0.0,0.0
115,115,22,22,0,0.0,63043.339503,3,12481.25143,8,11459.36729,0.918126,12193.976647,7912.756106,4281.220541,4,5,4,20,2,1.089175,0.648907,0.666667,0.197979,1.1,0.197979,0.918126,0.15,0.4,0.125513,0.351093,2865.6063410455,4160.4171433333,1432.42091125
116,116,15,15,0,0.0,36318.062352,2,1053.117905,7,1052.776121,0.999675,7491.149518,0.0,7491.149518,5,5,4,15,0,1.000325,0.0,0.0,0.028997,1.0,0.028997,0.999675,0.133333,0.466667,0.0,1.0,2421.2041568,526.5589525,150.3965887143
117,117,14,13,1,0.071429,33298.632686,2,12575.540359,11,12179.34283,0.968495,0.0,0.0,0.0,1,4,4,14,0,1.03253,0.0,0.0,0.377659,1.0,0.377659,0.968495,0.142857,0.785714,0.0,0.0,2378.4737632857,6287.7701795,1107.2129845455
118,118,23,23,0,0.0,74750.415104,7,23090.356379,2,6305.764137,0.273091,5205.346884,1057.442475,4147.904409,7,5,4,21,5,3.661786,0.203145,0.714286,0.308899,1.095238,0.308899,0.273091,0.333333,0.095238,0.014146,0.796855,3250.018048,3298.6223398571,3152.8820685
119,119,12,12,0,0.0,40572.818741,1,7194.124568,4,7193.767979,0.99995,0.0,4165.32904,-4165.32904,6,4,4,12,0,1.00005,0.0,0.0,0.177314,1.0,0.177314,0.99995,0.083333,0.333333,0.102663,0.0,3381.0682284167,7194.124568,1798.44199475
120,120,12,11,1,0.083333,55154.893318,0,0.0,0,0.0,0.0,5132.572049,9695.582826,-4563.010777,9,4,3,10,0,0.0,1.88903,0.0,0.0,1.2,0.0,0.0,0.0,0.0,0.175788,-0.88903,4596.2411098333,0.0,0.0
121,121,14,13,1,0.071429,54072.347744,2,15497.340157,0,0.0,0.0,8545.771194,14686.494118,-6140.722924,6,3,4,14,0,0.0,1.718569,0.0,0.286604,1.0,0.286604,0.0,0.142857,0.0,0.271608,-0.718569,3862.3105531429,7748.6700785,0.0
122,122,11,10,1,0.090909,45814.355891,2,12628.248923,5,7438.095281,0.589004,9083.664115,0.0,9083.664115,2,5,4,11,0,1.69778,0.0,0.0,0.27564,1.0,0.27564,0.589004,0.181818,0.454545,0.0,1.0,4164.9414446364,6314.1244615,1487.6190562
123,123,9,9,0,0.0,24764.459051,1,1174.464841,2,925.00622,0.787598,2317.09091,16183.709657,-13866.618747,2,3,4,9,0,1.269683,6.984495,0.0,0.047425,1.0,0.047425,0.787598,0.111111,0.222222,0.653505,-5.984495,2751.6065612222,1174.464841,462.50311
124,124,18,18,0,0.0,75870.533103,0,0.0,0,0.0,0.0,3415.841411,20992.847932,-17577.006521,10,5,4,16,0,0.0,6.145733,0.0,0.0,1.125,0.0,0.0,0.0,0.0,0.276693,-5.145733,4215.0296168333,0.0,0.0
125,125,12,12,0,0.0,46771.921269,0,0.0,0,0.0,0.0,3661.056401,18919.057721,-15258.00132,6,4,3,11,0,0.0,5.16765,0.0,0.0,1.090909,0.0,0.0,0.0,0.0,0.404496,-4.16765,3897.66010575,0.0,0.0
126,126,21,20,1,0.047619,126419.772275,0,0.0,0,0.0,0.0,38422.550612,4636.887874,33785.662738,13,5,4,21,0,0.0,0.120681,0.0,0.0,1.0,0.0,0.0,0.0,0.0,0.036679,0.879319,6019.9891559524,0.0,0.0
127,127,15,14,1,0.066667,84999.853462,0,0.0,0,0.0,0.0,18425.277745,14982.841189,3442.436556,9,5,4,15,0,0.0,0.813168,0.0,0.0,1.0,0.0,0.0,0.0,0.0,0.176269,0.186832,5666.6568974667,0.0,0.0
128,128,15,14,1,0.066667,92962.817628,4,32840.97704,0,0.0,0.0,7266.05884,16169.28189,-8903.22305,4,3,4,14,3,0.0,2.225317,0.75,0.35327,1.071429,0.35327,0.0,0.285714,0.0,0.173933,-1.225317,6197.5211752,8210.24426,0.0
129,129,11,10,1,0.090909,33868.361772,1,7194.044058,6,13131.57426,1.0,0.0,748.016374,-748.016374,3,4,3,11,0,0.547843,0.0,0.0,0.212412,1.0,0.212412,1.82534,0.090909,0.545455,0.022086,0.0,3078.9419792727,7194.044058,2188.59571
130,130,20,18,2,0.1,49076.055039,3,10780.904708,9,6814.525891,0.632092,6021.168308,119.357943,5901.810365,6,5,4,20,0,1.582048,0.019823,0.0,0.219677,1.0,0.219677,0.632092,0.15,0.45,0.002432,0.980177,2453.80275195,3593.6349026667,757.1695434444
131,131,9,9,0,0.0,36371.914082,0,0.0,0,0.0,0.0,3507.001792,21306.541293,-17799.539501,4,4,3,9,0,0.0,6.075429,0.0,0.0,1.0,0.0,0.0,0.0,0.0,0.585797,-5.075429,4041.3237868889,0.0,0.0
132,132,9,9,0,0.0,42348.18173,1,4066.244462,0,0.0,0.0,5201.445011,8510.389557,-3308.944546,5,4,2,9,0,0.0,1.636159,0.0,0.096019,1.0,0.096019,0.0,0.111111,0.0,0.200962,-0.636159,4705.3535255556,4066.244462,0.0
133,133,10,9,1,0.1,22901.628758,1,4237.119246,6,4229.876077,0.998291,9467.070309,0.0,9467.070309,1,3,4,9,0,1.001712,0.0,0.0,0.185014,1.111111,0.185014,0.998291,0.111111,0.666667,0.0,1.0,2290.1628758,4237.119246,704.9793461667
134,134,13,13,0,0.0,65944.741982,1,8909.675626,1,5098.717927,0.572268,13289.998655,14921.650753,-1631.652098,5,5,3,12,0,1.747435,1.122773,0.0,0.135108,1.083333,0.135108,0.572268,0.083333,0.083333,0.226275,-0.122773,5072.6724601538,8909.675626,5098.717927
135,135,13,13,0,0.0,35174.319958,1,1631.58475,2,1537.834018,0.94254,11805.851632,3827.122444,7978.729188,5,5,3,13,1,1.060963,0.324172,1.0,0.046386,1.0,0.046386,0.94254,0.076923,0.153846,0.108804,0.675828,2705.7169198462,1631.58475,768.917009
136,136,15,15,0,0.0,49551.770667,6,23426.299004,2,3917.088609,0.167209,0.0,0.0,0.0,1,5,4,15,6,5.980538,0.0,1.0,0.472764,1.0,0.472764,0.167209,0.4,0.133333,0.0,0.0,3303.4513778,3904.3831673333,1958.5443045
137,137,13,13,0,0.0,65523.028144,0,0.0,0,0.0,0.0,14611.283933,2991.645799,11619.638134,9,5,2,12,0,0.0,0.204749,0.0,0.0,1.083333,0.0,0.0,0.0,0.0,0.045658,0.795251,5040.2329341538,0.0,0.0
138,138,13,13,0,0.0,65517.814264,4,22344.865335,3,9896.757767,0.44291,7962.782258,9741.342074,-1778.559816,2,3,4,13,2,2.257797,1.223359,0.5,0.34105,1.0,0.34105,0.44291,0.307692,0.230769,0.148682,-0.223359,5039.8318664615,5586.21633375,3298.9192556667
139,139,13,13,0,0.0,64595.640939,0,0.0,0,0.0,0.0,16474.418646,5612.785625,10861.633021,9,5,3,13,0,0.0,0.340697,0.0,0.0,1.0,0.0,0.0,0.0,0.0,0.086891,0.659303,4968.8954568462,0.0,0.0
140,140,12,12,0,0.0,22052.825755,1,5778.807379,9,5778.792348,0.999997,1252.508168,0.0,1252.508168,1,4,4,12,0,1.000003,0.0,0.0,0.262044,1.0,0.262044,0.999997,0.083333,0.75,0.0,1.0,1837.7354795833,5778.807379,642.0880386667
141,141,14,14,0,0.0,42083.612366,1,3717.852642,5,3715.288105,0.99931,14169.28053,9122.528929,5046.751601,3,4,4,14,0,1.00069,0.643824,0.0,0.088344,1.0,0.088344,0.99931,0.071429,0.357143,0.216772,0.356176,3005.9723118571,3717.852642,743.057621
142,142,13,13,0,0.0,84329.820829,0,0.0,0,0.0,0.0,34261.717406,13871.839439,20389.877967,6,5,3,13,0,0.0,0.404879,0.0,0.0,1.0,0.0,0.0,0.0,0.0,0.164495,0.595121,6486.9092945385,0.0,0.0
143,143,19,19,0,0.0,53070.411646,2,11023.133998,13,11022.936157,0.999982,0.0,0.0,0.0,4,5,4,16,0,1.000018,0.0,0.0,0.207708,1.1875,0.207708,0.999982,0.125,0.8125,0.0,0.0,2793.1795603158,5511.566999,847.9181659231
144,144,14,14,0,0.0,83084.643065,0,0.0,0,0.0,0.0,24719.389499,21311.977597,3407.411902,7,5,4,12,0,0.0,0.862156,0.0,0.0,1.166667,0.0,0.0,0.0,0.0,0.256509,0.137844,5934.6173617857,0.0,0.0
145,145,18,17,1,0.055556,80292.096957,2,9862.203628,2,7775.810195,0.788446,11279.838091,2385.021035,8894.817056,8,5,4,18,2,1.268318,0.211441,1.0,0.122829,1.0,0.122829,0.788446,0.111111,0.111111,0.029704,0.788559,4460.6720531667,4931.101814,3887.9050975
146,146,20,19,1,0.05,87943.459619,10,36004.977292,2,4784.368157,0.132881,7565.829713,14910.826068,-7344.996355,2,5,4,18,3,7.525545,1.970812,0.3,0.409411,1.111111,0.409411,0.132881,0.555556,0.111111,0.16955,-0.970812,4397.17298095,3600.4977292,2392.1840785
147,147,6,5,1,0.166667,35200.928866,0,0.0,0,0.0,0.0,6824.193686,0.0,6824.193686,4,5,2,6,0,0.0,0.0,0.0,0.0,1.0,0.0,0.0,0.0,0.0,0.0,1.0,5866.8214776667,0.0,0.0
148,148,14,14,0,0.0,69423.73202,0,0.0,0,0.0,0.0,25656.806207,17745.085705,7911.720502,7,5,3,13,0,0.0,0.691633,0.0,0.0,1.076923,0.0,0.0,0.0,0.0,0.255605,0.308367,4958.8380014286,0.0,0.0
149,149,16,14,2,0.125,70400.107945,1,1263.34949,0,0.0,0.0,13163.708262,24965.880529,-11802.172267,8,5,4,15,0,0.0,1.896569,0.0,0.017945,1.066667,0.017945,0.0,0.066667,0.0,0.354628,-0.896569,4400.0067465625,1263.34949,0.0
150,150,13,12,1,0.076923,29257.688351,1,5205.371096,8,5548.715969,1.0,5806.315796,540.662223,5265.653573,2,5,4,12,0,0.938122,0.093116,0.0,0.177915,1.083333,0.177915,1.06596,0.083333,0.666667,0.018479,0.906884,2250.5914116154,5205.371096,693.589496125
151,151,14,14,0,0.0,49558.718766,1,5739.157433,6,5733.937377,0.99909,9408.975035,5911.955083,3497.019952,5,4,3,14,0,1.00091,0.628331,0.0,0.115805,1.0,0.115805,0.99909,0.071429,0.428571,0.119292,0.371669,3539.9084832857,5739.157433,955.6562295
152,152,18,18,0,0.0,78420.54075,1,4844.495654,4,4605.251462,0.950615,11347.787909,11088.24345,259.544459,9,5,4,18,0,1.05195,0.977128,0.0,0.061776,1.0,0.061776,0.950615,0.055556,0.222222,0.141395,0.022872,4356.6967083333,4844.495654,1151.3128655
153,153,12,11,1,0.083333,17932.183742,3,5128.570789,7,4204.445464,0.819808,0.0,7981.07153,-7981.07153,0,4,4,11,1,1.219797,0.0,0.333333,0.285998,1.090909,0.285998,0.819808,0.272727,0.636364,0.44507,0.0,1494.3486451667,1709.5235963333,600.6350662857
154,154,17,17,0,0.0,72320.195468,1,1721.623381,2,1070.757819,0.621947,18169.496161,12611.823466,5557.672695,7,5,4,17,0,1.607855,0.694121,0.0,0.023806,1.0,0.023806,0.621947,0.058824,0.117647,0.174389,0.305879,4254.1291451765,1721.623381,535.3789095
155,155,17,17,0,0.0,82186.155588,6,27558.400197,4,14273.582905,0.517939,0.0,0.0,0.0,5,5,4,17,2,1.930728,0.0,0.333333,0.335317,1.0,0.335317,0.517939,0.352941,0.235294,0.0,0.0,4834.4797404706,4593.0666995,3568.39572625
156,156,13,13,0,0.0,57560.915433,0,0.0,0,0.0,0.0,36880.799397,7650.213537,29230.58586,4,5,3,12,0,0.0,0.207431,0.0,0.0,1.083333,0.0,0.0,0.0,0.0,0.132906,0.792569,4427.7627256154,0.0,0.0
157,157,7,7,0,0.0,35322.232875,1,2495.933118,0,0.0,0.0,0.0,0.0,0.0,5,5,2,7,1,0.0,0.0,1.0,0.070662,1.0,0.070662,0.0,0.142857,0.0,0.0,0.0,5046.0332678571,2495.933118,0.0
158,158,11,11,0,0.0,34065.459088,1,8225.830275,7,8221.712093,0.999499,0.0,0.0,0.0,3,5,3,10,0,1.000501,0.0,0.0,0.241471,1.1,0.241471,0.999499,0.1,0.7,0.0,0.0,3096.8599170909,8225.830275,1174.530299
159,159,20,17,3,0.15,94139.09994,2,10016.787445,1,1411.440585,0.140908,24896.931828,5247.700734,19649.231094,11,5,4,20,0,7.096854,0.210777,0.0,0.106404,1.0,0.106404,0.140908,0.1,0.05,0.055744,0.789223,4706.954997,5008.3937225,1411.440585
160,160,13,13,0,0.0,56579.181516,0,0.0,0,0.0,0.0,13858.504195,19991.389776,-6132.885581,6,5,3,12,0,0.0,1.442536,0.0,0.0,1.083333,0.0,0.0,0.0,0.0,0.353335,-0.442536,4352.244732,0.0,0.0
161,161,19,19,0,0.0,92990.6687,5,24436.165315,2,784.059704,0.032086,0.0,16424.380186,-16424.380186,5,4,4,19,5,31.166205,0.0,1.0,0.262781,1.0,0.262781,0.032086,0.263158,0.105263,0.176624,0.0,4894.2457210526,4887.233063,392.029852
162,162,11,11,0,0.0,56777.527803,1,5650.627209,0,0.0,0.0,20084.478879,16561.084362,3523.394517,2,5,4,11,0,0.0,0.824571,0.0,0.099522,1.0,0.099522,0.0,0.090909,0.0,0.291684,0.175429,5161.5934366364,5650.627209,0.0
163,163,17,17,0,0.0,29919.007834,3,14757.599286,13,14757.431062,0.999989,0.0,0.0,0.0,1,5,4,16,0,1.000011,0.0,0.0,0.493252,1.0625,0.493252,0.999989,0.1875,0.8125,0.0,0.0,1759.9416372941,4919.199762,1135.1870047692
164,164,10,10,0,0.0,45136.131316,0,0.0,0,0.0,0.0,0.0,13088.9655,-13088.9655,7,5,3,10,0,0.0,0.0,0.0,0.0,1.0,0.0,0.0,0.0,0.0,0.289989,0.0,4513.6131316,0.0,0.0
165,165,13,13,0,0.0,76915.368672,0,0.0,0,0.0,0.0,1042.268451,6850.780657,-5808.512206,11,4,3,12,0,0.0,6.572952,0.0,0.0,1.083333,0.0,0.0,0.0,0.0,0.089069,-5.572952,5916.5668209231,0.0,0.0
166,166,20,19,1,0.05,60138.634596,1,7458.978762,8,7462.729471,1.0,9215.112895,4459.845435,4755.26746,7,5,4,20,0,0.999497,0.483971,0.0,0.12403,1.0,0.12403,1.000503,0.05,0.4,0.074159,0.516029,3006.9317298,7458.978762,932.841183875
167,167,16,15,1,0.0625,34249.733392,1,6170.669684,12,6171.228466,1.0,0.0,0.0,0.0,3,5,3,16,0,0.999909,0.0,0.0,0.180167,1.0,0.180167,1.000091,0.0625,0.75,0.0,0.0,2140.608337,6170.669684,514.2690388333
168,168,16,16,0,0.0,57964.023128,1,8241.540297,7,8239.446565,0.999746,1454.033503,21034.14431,-19580.110807,4,5,4,15,0,1.000254,14.466066,0.0,0.142184,1.066667,0.142184,0.999746,0.066667,0.466667,0.362883,-13.466066,3622.7514455,8241.540297,1177.063795
169,169,12,12,0,0.0,64080.51717,0,0.0,0,0.0,0.0,11199.12031,6234.584674,4964.535636,8,4,4,11,0,0.0,0.556703,0.0,0.0,1.090909,0.0,0.0,0.0,0.0,0.097293,0.443297,5340.0430975,0.0,0.0
170,170,21,21,0,0.0,87518.280511,1,8523.612081,0,0.0,0.0,14758.791651,12387.548083,2371.243568,13,5,4,19,0,0.0,0.839333,0.0,0.097392,1.105263,0.097392,0.0,0.052632,0.0,0.141542,0.160667,4167.5371671905,8523.612081,0.0
171,171,12,12,0,0.0,55200.845479,1,8584.650833,5,8584.150432,0.999942,0.0,1480.837388,-1480.837388,5,5,4,12,0,1.000058,0.0,0.0,0.155517,1.0,0.155517,0.999942,0.083333,0.416667,0.026826,0.0,4600.0704565833,8584.650833,1716.8300864
172,172,12,11,1,0.083333,55808.634771,1,7913.257102,5,8192.267397,1.0,6199.628095,8344.003533,-2144.375438,4,5,4,11,0,0.965942,1.345888,0.0,0.141793,1.090909,0.141793,1.035259,0.090909,0.454545,0.149511,-0.345888,4650.71956425,7913.257102,1638.4534794
173,173,20,18,2,0.1,119030.809763,0,0.0,0,0.0,0.0,29268.264509,25464.335174,3803.929335,11,5,4,18,0,0.0,0.870032,0.0,0.0,1.111111,0.0,0.0,0.0,0.0,0.213931,0.129968,5951.54048815,0.0,0.0
174,174,14,13,1,0.071429,85013.719064,0,0.0,0,0.0,0.0,27102.896993,4047.616813,23055.28018,9,4,2,14,0,0.0,0.149343,0.0,0.0,1.0,0.0,0.0,0.0,0.0,0.047611,0.850657,6072.4085045714,0.0,0.0
175,175,14,13,1,0.071429,60643.246761,0,0.0,0,0.0,0.0,11759.504875,16412.110076,-4652.605201,8,4,4,14,0,0.0,1.395646,0.0,0.0,1.0,0.0,0.0,0.0,0.0,0.270634,-0.395646,4331.6604829286,0.0,0.0
176,176,12,11,1,0.083333,36121.392663,4,17271.162224,3,9459.644066,0.547713,2390.363532,0.0,2390.363532,1,5,4,11,2,1.825773,0.0,0.5,0.478142,1.090909,0.478142,0.547713,0.363636,0.272727,0.0,1.0,3010.11605525,4317.790556,3153.2146886667
177,177,11,10,1,0.090909,32774.446804,1,3741.65272,4,3724.026896,0.995289,8029.992267,857.743975,7172.248292,3,4,4,10,0,1.004733,0.106818,0.0,0.114164,1.1,0.114164,0.995289,0.1,0.4,0.026171,0.893182,2979.495164,3741.65272,931.006724
178,178,19,17,2,0.105263,20889.165829,1,7633.867954,16,7761.661929,1.0,0.0,5493.635946,-5493.635946,0,5,4,18,0,0.983535,0.0,0.0,0.365446,1.055556,0.365446,1.01674,0.055556,0.888889,0.26299,0.0,1099.4297804737,7633.867954,485.1038705625
179,179,13,11,2,0.153846,67292.113887,0,0.0,0,0.0,0.0,22756.118584,6425.009411,16331.109173,8,3,4,11,0,0.0,0.282342,0.0,0.0,1.181818,0.0,0.0,0.0,0.0,0.095479,0.717658,5176.3164528462,0.0,0.0
180,180,13,12,1,0.076923,40859.676028,4,14735.467302,6,10147.752679,0.688662,1547.836202,0.0,1547.836202,2,4,3,13,0,1.452092,0.0,0.0,0.360636,1.0,0.360636,0.688662,0.307692,0.461538,0.0,1.0,3143.0520021538,3683.8668255,1691.2921131667
181,181,11,11,0,0.0,42772.709993,0,0.0,0,0.0,0.0,3277.563476,9276.073295,-5998.509819,6,5,2,10,0,0.0,2.830174,0.0,0.0,1.1,0.0,0.0,0.0,0.0,0.216869,-1.830174,3888.4281811818,0.0,0.0
182,182,15,15,0,0.0,41684.905786,2,9868.824145,7,9868.802758,0.999998,0.0,0.0,0.0,6,5,4,15,0,1.000002,0.0,0.0,0.236748,1.0,0.236748,0.999998,0.133333,0.466667,0.0,0.0,2778.9937190667,4934.4120725,1409.8289654286
183,183,9,8,1,0.111111,44522.798354,1,9592.537536,1,2034.837862,0.212127,8852.860748,0.0,8852.860748,4,5,4,9,0,4.714153,0.0,0.0,0.215452,1.0,0.215452,0.212127,0.111111,0.111111,0.0,1.0,4946.9775948889,9592.537536,2034.837862
184,184,13,13,0,0.0,58782.841919,1,5133.617339,2,2027.55314,0.394956,12396.620294,8098.348167,4298.272127,6,5,4,13,0,2.531927,0.653271,0.0,0.087332,1.0,0.087332,0.394956,0.076923,0.153846,0.137767,0.346729,4521.7570706923,5133.617339,1013.77657
185,185,15,14,1,0.066667,69941.931988,0,0.0,0,0.0,0.0,0.0,10499.394642,-10499.394642,13,4,4,14,0,0.0,0.0,0.0,0.0,1.071429,0.0,0.0,0.0,0.0,0.150116,0.0,4662.7954658667,0.0,0.0
186,186,14,13,1,0.071429,75598.487984,0,0.0,0,0.0,0.0,6942.556802,18503.903728,-11561.346926,9,5,4,13,0,0.0,2.665287,0.0,0.0,1.076923,0.0,0.0,0.0,0.0,0.244766,-1.665287,5399.8919988571,0.0,0.0
187,187,10,8,2,0.2,43791.015045,0,0.0,0,0.0,0.0,4478.084241,4117.215784,360.868457,7,5,2,10,0,0.0,0.919415,0.0,0.0,1.0,0.0,0.0,0.0,0.0,0.09402,0.080585,4379.1015045,0.0,0.0
188,188,14,13,1,0.071429,60322.872321,1,7228.372328,0,0.0,0.0,10177.799898,21390.165231,-11212.365333,7,5,4,14,0,0.0,2.101649,0.0,0.119828,1.0,0.119828,0.0,0.071429,0.0,0.354595,-1.101649,4308.7765943571,7228.372328,0.0
189,189,8,7,1,0.125,35565.2215,0,0.0,0,0.0,0.0,11126.902446,0.0,11126.902446,6,5,2,8,0,0.0,0.0,0.0,0.0,1.0,0.0,0.0,0.0,0.0,0.0,1.0,4445.6526875,0.0,0.0
190,190,11,11,0,0.0,34242.265053,1,7203.069,6,7201.775346,0.99982,0.0,2733.714912,-2733.714912,3,5,3,11,0,1.00018,0.0,0.0,0.210356,1.0,0.210356,0.99982,0.090909,0.545455,0.079835,0.0,3112.9331866364,7203.069,1200.295891
191,191,19,16,3,0.157895,30258.477853,2,8035.09113,14,8864.830384,1.0,3766.860004,0.0,3766.860004,2,5,4,17,0,0.906401,0.0,0.0,0.265548,1.117647,0.265548,1.103264,0.117647,0.823529,0.0,1.0,1592.5514659474,4017.545565,633.2021702857
192,192,14,14,0,0.0,35666.104435,3,11130.865893,8,10477.448757,0.941297,5783.025537,0.0,5783.025537,2,5,4,13,0,1.062364,0.0,0.0,0.312085,1.076923,0.312085,0.941297,0.230769,0.615385,0.0,1.0,2547.5788882143,3710.288631,1309.681094625
193,193,11,11,0,0.0,66157.770976,5,26180.801797,1,5227.746355,0.199679,0.0,0.0,0.0,3,4,4,10,2,5.008047,0.0,0.4,0.395733,1.1,0.395733,0.199679,0.5,0.1,0.0,0.0,6014.342816,5236.1603594,5227.746355
194,194,15,15,0,0.0,62972.890415,0,0.0,0,0.0,0.0,7844.779337,9724.168577,-1879.38924,9,5,4,15,0,0.0,1.239572,0.0,0.0,1.0,0.0,0.0,0.0,0.0,0.154418,-0.239572,4198.1926943333,0.0,0.0
195,195,13,13,0,0.0,28455.693103,1,7798.435974,8,7798.281441,0.99998,0.0,1888.861257,-1888.861257,3,5,4,12,0,1.00002,0.0,0.0,0.274055,1.083333,0.274055,0.99998,0.083333,0.666667,0.066379,0.0,2188.8994694615,7798.435974,974.785180125
196,196,13,13,0,0.0,74181.358208,1,7366.345889,1,7236.789394,0.982412,16507.286438,4077.055469,12430.230969,7,5,4,13,0,1.017902,0.246985,0.0,0.099302,1.0,0.099302,0.982412,0.076923,0.076923,0.054961,0.753015,5706.2583236923,7366.345889,7236.789394
197,197,13,13,0,0.0,40283.533947,1,3436.498236,3,3074.289023,0.894599,5412.157224,9514.825957,-4102.668733,3,5,3,12,0,1.117819,1.758047,0.0,0.085308,1.083333,0.085308,0.894599,0.083333,0.25,0.236196,-0.758047,3098.7333805385,3436.498236,1024.7630076667
198,198,15,15,0,0.0,57828.30171,1,3275.101646,2,2363.780326,0.721743,7545.642106,11116.449129,-3570.807023,7,5,3,15,0,1.385536,1.473228,0.0,0.056635,1.0,0.056635,0.721743,0.066667,0.133333,0.192232,-0.473228,3855.220114,3275.101646,1181.890163
199,199,10,10,0,0.0,44601.408792,1,7498.957367,1,3184.174283,0.424616,0.0,15425.473643,-15425.473643,5,3,3,10,0,2.355071,0.0,0.0,0.168133,1.0,0.168133,0.424616,0.1,0.1,0.345852,0.0,4460.1408792,7498.957367,3184.174283
200,200,12,12,0,0.0,31740.557553,1,6985.447198,7,6624.705101,0.948358,5017.2899,0.0,5017.2899,2,5,4,11,0,1.054454,0.0,0.0,0.22008,1.090909,0.22008,0.948358,0.090909,0.636364,0.0,1.0,2645.04646275,6985.447198,946.386443
201,201,17,16,1,0.058824,29067.358287,1,1598.389292,11,1608.716889,1.0,11970.060574,13890.191532,-1920.130958,0,5,4,17,0,0.99358,1.160411,0.0,0.054989,1.0,0.054989,1.006461,0.058824,0.647059,0.477862,-0.160411,1709.8446051176,1598.389292,146.2469899091
202,202,12,12,0,0.0,37747.901506,3,11775.23813,3,3114.759923,0.264518,9934.955147,3693.306305,6241.648842,1,5,4,12,1,3.780464,0.371749,0.333333,0.311944,1.0,0.311944,0.264518,0.25,0.25,0.097841,0.628251,3145.6584588333,3925.0793766667,1038.2533076667
203,203,11,11,0,0.0,46628.703616,3,20229.1443,6,14856.458807,0.734409,0.0,7002.670532,-7002.670532,1,4,3,11,0,1.36164,0.0,0.0,0.433835,1.0,0.433835,0.734409,0.272727,0.545455,0.150179,0.0,4238.973056,6743.0481,2476.0764678333
204,204,15,14,1,0.066667,40735.343919,1,2250.284242,6,2175.201525,0.966634,10871.07989,8429.077606,2442.002284,3,4,4,14,1,1.034518,0.775367,1.0,0.055242,1.071429,0.055242,0.966634,0.071429,0.428571,0.206923,0.224633,2715.6895946,2250.284242,362.5335875
205,205,6,6,0,0.0,28578.824644,0,0.0,0,0.0,0.0,8307.30242,9535.102866,-1227.800446,2,4,2,6,0,0.0,1.147798,0.0,0.0,1.0,0.0,0.0,0.0,0.0,0.333642,-0.147798,4763.1374406667,0.0,0.0
206,206,18,17,1,0.055556,52061.867294,1,5689.076606,12,5689.084253,1.0,0.0,0.0,0.0,5,5,3,17,0,0.999999,0.0,0.0,0.109275,1.058824,0.109275,1.000001,0.058824,0.705882,0.0,0.0,2892.3259607778,5689.076606,474.0903544167
207,207,16,16,0,0.0,30076.886659,1,8253.249377,11,8253.249199,1.0,0.0,0.0,0.0,4,5,4,15,0,1.0,0.0,0.0,0.274405,1.066667,0.274405,1.0,0.066667,0.733333,0.0,0.0,1879.8054161875,8253.249377,750.2953817273
208,208,11,9,2,0.181818,53323.677796,3,18649.695021,2,5491.805088,0.294472,8342.240188,895.845487,7446.394701,2,4,4,10,1,3.395913,0.107387,0.333333,0.349745,1.1,0.349745,0.294472,0.3,0.2,0.0168,0.892613,4847.6070723636,6216.565007,2745.902544
209,209,13,13,0,0.0,31211.273006,1,4295.590032,6,4263.548426,0.992541,15249.94977,261.047843,14988.901927,3,5,4,13,0,1.007515,0.017118,0.0,0.137629,1.0,0.137629,0.992541,0.076923,0.461538,0.008364,0.982882,2400.8671543077,4295.590032,710.5914043333
210,210,22,21,1,0.045455,78474.374442,1,238.09437,3,217.487588,0.913451,4548.243057,29616.278644,-25068.035587,10,5,4,20,0,1.094749,6.511587,0.0,0.003034,1.1,0.003034,0.913451,0.05,0.15,0.377401,-5.511587,3567.0170200909,238.09437,72.4958626667
211,211,24,23,1,0.041667,85572.940617,3,12128.954029,6,9778.488689,0.80621,16079.605453,0.0,16079.605453,9,5,4,21,1,1.240371,0.0,0.333333,0.141738,1.142857,0.141738,0.80621,0.142857,0.285714,0.0,1.0,3565.539192375,4042.9846763333,1629.7481148333
212,212,9,8,1,0.111111,13902.479319,1,1243.808331,6,1400.479264,1.0,0.0,3976.07093,-3976.07093,1,5,4,9,0,0.88813,0.0,0.0,0.089467,1.0,0.089467,1.125961,0.111111,0.666667,0.285997,0.0,1544.7199243333,1243.808331,233.4132106667
213,213,13,12,1,0.076923,27409.023515,2,9975.881033,9,9762.974319,0.978658,0.0,0.0,0.0,2,4,4,13,0,1.021808,0.0,0.0,0.363963,1.0,0.363963,0.978658,0.153846,0.692308,0.0,0.0,2108.3864242308,4987.9405165,1084.7749243333
214,214,14,14,0,0.0,68296.476266,4,18167.715946,4,8852.844421,0.487284,9254.342373,17199.516918,-7945.174545,2,5,3,13,0,2.05219,1.858535,0.0,0.266012,1.076923,0.266012,0.487284,0.307692,0.307692,0.251836,-0.858535,4878.3197332857,4541.9289865,2213.21110525
215,215,15,14,1,0.066667,79732.855377,1,6375.835011,0,0.0,0.0,2026.6648,31723.736869,-29697.072069,6,5,4,15,0,0.0,15.653174,0.0,0.079965,1.0,0.079965,0.0,0.066667,0.0,0.397875,-14.653174,5315.5236918,6375.835011,0.0
216,216,7,7,0,0.0,28063.32081,0,0.0,0,0.0,0.0,15967.052777,300.748447,15666.30433,3,4,4,7,0,0.0,0.018836,0.0,0.0,1.0,0.0,0.0,0.0,0.0,0.010717,0.981164,4009.04583,0.0,0.0
217,217,10,10,0,0.0,36362.019792,1,8508.710071,5,8500.570293,0.999043,10432.883052,0.0,10432.883052,2,4,4,10,0,1.000958,0.0,0.0,0.234,1.0,0.234,0.999043,0.1,0.5,0.0,1.0,3636.2019792,8508.710071,1700.1140586
218,218,21,21,0,0.0,104066.476177,0,0.0,0,0.0,0.0,23964.447814,33595.608065,-9631.160251,10,5,4,20,0,0.0,1.401894,0.0,0.0,1.05,0.0,0.0,0.0,0.0,0.322828,-0.401894,4955.546484619,0.0,0.0
219,219,17,16,1,0.058824,105398.917244,6,41257.36172,1,3000.026563,0.072715,5440.965652,0.0,5440.965652,3,5,4,16,5,13.752332,0.0,0.833333,0.39144,1.0625,0.39144,0.072715,0.375,0.0625,0.0,1.0,6199.9363084706,6876.2269533333,3000.026563
220,220,11,11,0,0.0,34147.335046,2,12537.120304,8,12211.503594,0.974028,0.0,9398.711148,-9398.711148,0,4,3,9,0,1.026665,0.0,0.0,0.367148,1.222222,0.367148,0.974028,0.222222,0.888889,0.27524,0.0,3104.303186,6268.560152,1526.43794925
221,221,14,14,0,0.0,26202.499185,2,1077.937346,6,720.853146,0.668734,8498.663401,0.0,8498.663401,3,5,4,13,0,1.495363,0.0,0.0,0.041139,1.076923,0.041139,0.668734,0.153846,0.461538,0.0,1.0,1871.6070846429,538.968673,120.142191
222,222,17,17,0,0.0,77801.595539,7,30828.389197,0,0.0,0.0,436.81032,13897.216751,-13460.406431,2,5,4,14,4,0.0,31.815221,0.571429,0.396244,1.214286,0.396244,0.0,0.5,0.0,0.178624,-30.815221,4576.5644434706,4404.0555995714,0.0
223,223,15,15,0,0.0,65313.192641,3,20473.625389,8,14314.456511,0.699166,0.0,9014.384686,-9014.384686,2,5,4,13,1,1.430276,0.0,0.333333,0.313468,1.153846,0.313468,0.699166,0.230769,0.615385,0.138018,0.0,4354.2128427333,6824.5417963333,1789.307063875
224,224,14,14,0,0.0,46051.77284,1,4695.934819,7,4691.582596,0.999073,11888.544934,9568.980179,2319.564755,2,5,4,14,0,1.000928,0.804891,0.0,0.101971,1.0,0.101971,0.999073,0.071429,0.5,0.207787,0.195109,3289.4123457143,4695.934819,670.2260851429
225,225,16,16,0,0.0,53926.975354,1,1108.444079,7,1108.168712,0.999752,9994.658254,15481.083591,-5486.425337,5,5,4,16,0,1.000248,1.548936,0.0,0.020555,1.0,0.020555,0.999752,0.0625,0.4375,0.287075,-0.548936,3370.435959625,1108.444079,158.309816
226,226,18,18,0,0.0,86694.32077,1,3849.967683,2,2043.676199,0.530829,8717.030912,15594.997307,-6877.966395,10,4,4,18,0,1.883844,1.789026,0.0,0.044409,1.0,0.044409,0.530829,0.055556,0.111111,0.179885,-0.789026,4816.3511538889,3849.967683,1021.8380995
227,227,10,10,0,0.0,56128.815227,0,0.0,0,0.0,0.0,3944.708025,25219.501856,-21274.793831,4,4,3,10,0,0.0,6.393249,0.0,0.0,1.0,0.0,0.0,0.0,0.0,0.449315,-5.393249,5612.8815227,0.0,0.0
228,228,14,13,1,0.071429,53378.193114,2,1271.3778,1,1168.874636,0.919376,1845.261662,20665.467493,-18820.205831,5,5,4,14,1,1.087694,11.199207,0.5,0.023818,1.0,0.023818,0.919376,0.142857,0.071429,0.387152,-10.199207,3812.7280795714,635.6889,1168.874636
229,229,11,10,1,0.090909,49283.424428,2,14497.144196,4,8803.582514,0.607263,14231.394178,0.0,14231.394178,2,5,4,10,0,1.646732,0.0,0.0,0.294159,1.1,0.294159,0.607263,0.2,0.4,0.0,1.0,4480.3113116364,7248.572098,2200.8956285
230,230,13,13,0,0.0,46908.082565,1,8745.781665,8,8720.417117,0.9971,0.0,0.0,0.0,4,5,4,12,0,1.002909,0.0,0.0,0.186445,1.083333,0.186445,0.9971,0.083333,0.666667,0.0,0.0,3608.3140434615,8745.781665,1090.052139625
231,231,13,13,0,0.0,37800.844681,2,12083.784371,7,12078.254328,0.999542,0.0,0.0,0.0,4,4,3,13,0,1.000458,0.0,0.0,0.31967,1.0,0.31967,0.999542,0.153846,0.538462,0.0,0.0,2907.7572831538,6041.8921855,1725.464904
232,232,16,16,0,0.0,42325.081929,2,11481.448221,9,6666.686463,0.580649,15169.444597,1334.715154,13834.729443,1,4,4,14,1,1.722212,0.087987,0.5,0.271268,1.142857,0.271268,0.580649,0.142857,0.642857,0.031535,0.912013,2645.3176205625,5740.7241105,740.7429403333
233,233,18,18,0,0.0,66923.749128,1,7672.525328,7,7668.964851,0.999536,9351.641634,16139.33631,-6787.694676,6,5,4,16,0,1.000464,1.725829,0.0,0.114646,1.125,0.114646,0.999536,0.0625,0.4375,0.24116,-0.725829,3717.9860626667,7672.525328,1095.5664072857
234,234,9,9,0,0.0,51922.259504,0,0.0,0,0.0,0.0,14323.303933,7087.210026,7236.093907,5,4,3,9,0,0.0,0.494803,0.0,0.0,1.0,0.0,0.0,0.0,0.0,0.136497,0.505197,5769.1399448889,0.0,0.0
235,235,20,19,1,0.05,34652.377593,1,927.719492,14,928.076279,1.0,8671.089076,8322.928719,348.160357,2,5,4,19,0,0.999616,0.959848,0.0,0.026772,1.052632,0.026772,1.000385,0.052632,0.736842,0.240183,0.040152,1732.61887965,927.719492,66.2911627857
236,236,11,11,0,0.0,34753.623017,1,4142.085627,6,4066.507794,0.981754,9430.76181,0.0,9430.76181,3,5,4,11,0,1.018585,0.0,0.0,0.119184,1.0,0.119184,0.981754,0.090909,0.545455,0.0,1.0,3159.4202742727,4142.085627,677.751299
237,237,11,11,0,0.0,33425.136102,3,11513.019069,6,11495.9774,0.99852,0.0,7185.591215,-7185.591215,1,5,3,10,0,1.001482,0.0,0.0,0.344442,1.1,0.344442,0.99852,0.3,0.6,0.214976,0.0,3038.6487365455,3837.673023,1915.9962333333
238,238,13,12,1,0.076923,47819.319402,4,19891.363811,4,15266.934937,0.767516,0.0,3201.150549,-3201.150549,2,5,4,13,2,1.302905,0.0,0.5,0.415969,1.0,0.415969,0.767516,0.307692,0.307692,0.066943,0.0,3678.4091847692,4972.84095275,3816.73373425
239,239,14,12,2,0.142857,46997.221457,2,8772.704422,5,5258.064144,0.599366,4216.267754,0.0,4216.267754,4,5,4,14,0,1.668429,0.0,0.0,0.186664,1.0,0.186664,0.599366,0.142857,0.357143,0.0,1.0,3356.9443897857,4386.352211,1051.6128288
240,240,13,13,0,0.0,31436.535628,1,741.545457,6,741.442506,0.999861,2604.485324,16519.566258,-13915.080934,3,5,4,13,0,1.000139,6.342737,0.0,0.023589,1.0,0.023589,0.999861,0.076923,0.461538,0.525489,-5.342737,2418.1950483077,741.545457,123.573751
241,241,17,17,0,0.0,80719.087803,3,21247.503101,3,9653.640934,0.454342,4291.211646,0.0,4291.211646,7,5,4,16,3,2.200983,0.0,1.0,0.263228,1.0625,0.263228,0.454342,0.1875,0.1875,0.0,1.0,4748.1816354706,7082.5010336667,3217.8803113333
242,242,18,18,0,0.0,38686.530335,2,5863.978272,11,767.082546,0.130813,24531.553626,3506.080133,21025.473493,1,5,4,16,0,7.644521,0.142921,0.0,0.151577,1.125,0.151577,0.130813,0.125,0.6875,0.090628,0.857079,2149.2516852778,2931.989136,69.7347769091
243,243,13,13,0,0.0,19287.884977,1,9643.984879,12,9643.900098,0.999991,0.0,0.0,0.0,0,4,4,13,0,1.000009,0.0,0.0,0.500002,1.0,0.500002,0.999991,0.076923,0.923077,0.0,0.0,1483.6834597692,9643.984879,803.6583415
244,244,11,11,0,0.0,42901.04986,1,4225.235615,2,2198.53221,0.520334,8701.650964,15722.855945,-7021.204981,2,4,4,11,1,1.921844,1.806882,1.0,0.098488,1.0,0.098488,0.520334,0.090909,0.181818,0.366491,-0.806882,3900.0954418182,4225.235615,1099.266105
245,245,22,22,0,0.0,68653.655309,1,7366.659542,9,7366.27094,0.999947,11688.606843,13930.81313,-2242.206287,7,5,4,21,0,1.000053,1.191828,0.0,0.107302,1.047619,0.107302,0.999947,0.047619,0.428571,0.202914,-0.191828,3120.6206958636,7366.659542,818.4745488889
246,246,9,8,1,0.111111,8468.606037,2,1669.225299,6,1600.714205,0.958956,0.0,5198.666533,-5198.666533,0,5,4,9,0,1.0428,0.0,0.0,0.197107,1.0,0.197107,0.958956,0.222222,0.666667,0.613875,0.0,940.9562263333,834.6126495,266.7857008333
247,247,5,4,1,0.2,14922.726172,0,0.0,0,0.0,0.0,4009.332912,4753.642214,-744.309302,3,3,3,5,0,0.0,1.185644,0.0,0.0,1.0,0.0,0.0,0.0,0.0,0.318551,-0.185644,2984.5452344,0.0,0.0
248,248,14,14,0,0.0,9080.588256,1,3847.428554,11,3847.418069,0.999997,0.0,0.0,0.0,2,5,4,14,0,1.000003,0.0,0.0,0.423698,1.0,0.423698,0.999997,0.071429,0.785714,0.0,0.0,648.6134468571,3847.428554,349.765279
249,249,13,12,1,0.076923,54024.876245,1,8226.842528,5,13574.234282,1.0,11004.56396,12274.030825,-1269.466865,2,4,4,13,0,0.606063,1.115358,0.0,0.152279,1.0,0.152279,1.649993,0.076923,0.384615,0.227192,-0.115358,4155.7597111538,8226.842528,2714.8468564
250,250,8,8,0,0.0,34257.808113,0,0.0,0,0.0,0.0,8737.524316,417.955429,8319.568887,6,5,3,7,0,0.0,0.047835,0.0,0.0,1.142857,0.0,0.0,0.0,0.0,0.0122,0.952165,4282.226014125,0.0,0.0
251,251,9,9,0,0.0,46440.54801,0,0.0,0,0.0,0.0,12976.511933,9287.252574,3689.259359,4,5,3,7,0,0.0,0.715697,0.0,0.0,1.285714,0.0,0.0,0.0,0.0,0.199982,0.284303,5160.06089,0.0,0.0
252,252,12,12,0,0.0,62509.990759,5,23454.554045,1,3403.818759,0.145124,13200.937725,2399.944944,10800.992781,0,5,4,12,3,6.890659,0.181801,0.6,0.375213,1.0,0.375213,0.145124,0.416667,0.083333,0.038393,0.818199,5209.1658965833,4690.910809,3403.818759
253,253,12,12,0,0.0,35760.728487,1,3013.840232,5,2804.926492,0.930682,0.0,0.0,0.0,6,5,2,11,0,1.074481,0.0,0.0,0.084278,1.090909,0.084278,0.930682,0.090909,0.454545,0.0,0.0,2980.06070725,3013.840232,560.9852984
254,254,11,10,1,0.090909,44073.483457,1,871.713899,4,807.307092,0.926115,13354.301424,6825.107322,6529.194102,3,5,3,11,0,1.07978,0.511079,0.0,0.019779,1.0,0.019779,0.926115,0.090909,0.363636,0.154857,0.488921,4006.6803142727,871.713899,201.826773
255,255,18,17,1,0.055556,32932.414598,1,6669.863937,13,6701.168618,1.0,4246.517281,0.0,4246.517281,2,4,4,17,0,0.995328,0.0,0.0,0.202532,1.058824,0.202532,1.004693,0.058824,0.764706,0.0,1.0,1829.5785887778,6669.863937,515.4745090769
256,256,11,11,0,0.0,39202.364744,1,424.980236,2,305.481446,0.718813,10922.182418,7860.03825,3062.144168,4,5,4,10,0,1.391182,0.71964,0.0,0.010841,1.1,0.010841,0.718813,0.1,0.2,0.200499,0.28036,3563.8513403636,424.980236,152.740723
257,257,10,10,0,0.0,50391.691046,0,0.0,0,0.0,0.0,6637.097273,5651.84077,985.256503,8,4,4,10,0,0.0,0.851553,0.0,0.0,1.0,0.0,0.0,0.0,0.0,0.112158,0.148447,5039.1691046,0.0,0.0
258,258,5,5,0,0.0,5384.237939,2,3250.381186,1,894.87232,0.275313,0.0,0.0,0.0,2,5,3,5,0,3.632229,0.0,0.0,0.603685,1.0,0.603685,0.275313,0.4,0.2,0.0,0.0,1076.8475878,1625.190593,894.87232
259,259,11,10,1,0.090909,35862.10672,2,9039.055984,6,8948.133739,0.989941,6278.918162,0.0,6278.918162,2,4,3,11,0,1.010161,0.0,0.0,0.25205,1.0,0.25205,0.989941,0.181818,0.545455,0.0,1.0,3260.19152,4519.527992,1491.3556231667
260,260,7,6,1,0.142857,27034.940258,0,0.0,0,0.0,0.0,1044.610412,8917.889512,-7873.2791,4,4,2,7,0,0.0,8.537048,0.0,0.0,1.0,0.0,0.0,0.0,0.0,0.329865,-7.537048,3862.1343225714,0.0,0.0
261,261,9,8,1,0.111111,25992.133796,1,9338.081411,7,10019.617346,1.0,0.0,0.0,0.0,1,4,4,8,0,0.93198,0.0,0.0,0.359266,1.125,0.359266,1.072985,0.125,0.875,0.0,0.0,2888.0148662222,9338.081411,1431.3739065714
262,262,12,12,0,0.0,49472.417813,2,7512.931559,4,3023.234056,0.402404,9881.838196,12056.123452,-2174.285256,2,5,4,12,1,2.485064,1.220028,0.5,0.151861,1.0,0.151861,0.402404,0.166667,0.333333,0.243694,-0.220028,4122.7014844167,3756.4657795,755.808514
263,263,15,14,1,0.066667,64612.889307,0,0.0,0,0.0,0.0,21223.646853,21152.938388,70.708465,6,4,3,15,0,0.0,0.996668,0.0,0.0,1.0,0.0,0.0,0.0,0.0,0.32738,0.003332,4307.5259538,0.0,0.0
264,264,12,11,1,0.083333,51221.248053,6,23852.691265,2,1597.43206,0.066971,1352.102777,0.0,1352.102777,1,5,4,10,2,14.931897,0.0,0.333333,0.46568,1.2,0.46568,0.066971,0.6,0.2,0.0,1.0,4268.43733775,3975.4485441667,798.71603
265,265,21,20,1,0.047619,49507.248517,1,861.109559,9,860.882003,0.999736,0.0,14716.235079,-14716.235079,8,5,4,20,0,1.000264,0.0,0.0,0.017394,1.05,0.017394,0.999736,0.05,0.45,0.297254,0.0,2357.488024619,861.109559,95.6535558889
266,266,11,11,0,0.0,53916.03815,0,0.0,0,0.0,0.0,6982.285678,15645.60352,-8663.317842,5,5,4,10,0,0.0,2.240757,0.0,0.0,1.1,0.0,0.0,0.0,0.0,0.290185,-1.240757,4901.4580136364,0.0,0.0
267,267,15,13,2,0.133333,80763.297866,7,36056.641977,3,9746.67357,0.270316,0.0,2964.469819,-2964.469819,2,5,4,14,2,3.699379,0.0,0.285714,0.446448,1.071429,0.446448,0.270316,0.5,0.214286,0.036706,0.0,5384.2198577333,5150.9488538571,3248.89119
268,268,16,14,2,0.125,15869.229992,1,865.720592,11,871.508339,1.0,0.0,1982.842926,-1982.842926,3,5,4,16,0,0.993359,0.0,0.0,0.054553,1.0,0.054553,1.006685,0.0625,0.6875,0.124949,0.0,991.8268745,865.720592,79.2280308182
269,269,14,14,0,0.0,59313.715389,4,20944.175712,4,17386.28724,0.830125,3937.217109,3006.656802,930.560307,2,5,4,14,1,1.204638,0.76365,0.25,0.353108,1.0,0.353108,0.830125,0.285714,0.285714,0.050691,0.23635,4236.6939563571,5236.043928,4346.57181
270,270,9,9,0,0.0,38470.748179,0,0.0,0,0.0,0.0,342.071305,10335.848063,-9993.776758,6,3,3,9,0,0.0,30.215478,0.0,0.0,1.0,0.0,0.0,0.0,0.0,0.268668,-29.215478,4274.5275754444,0.0,0.0
271,271,14,14,0,0.0,29948.464139,1,5711.534888,7,5707.740544,0.999336,7356.931091,6588.937897,767.993194,2,5,4,14,1,1.000665,0.89561,1.0,0.190712,1.0,0.190712,0.999336,0.071429,0.5,0.220009,0.10439,2139.1760099286,5711.534888,815.3915062857
272,272,16,15,1,0.0625,53067.838441,2,11469.573514,5,8470.471959,0.738517,4075.005423,6372.343525,-2297.338102,5,5,4,15,1,1.354065,1.563763,0.5,0.21613,1.066667,0.21613,0.738517,0.133333,0.333333,0.120079,-0.563763,3316.7399025625,5734.786757,1694.0943918
273,273,10,10,0,0.0,29397.499677,2,10424.986089,5,9111.627178,0.874018,0.0,0.0,0.0,3,5,4,9,0,1.144141,0.0,0.0,0.354622,1.111111,0.354622,0.874018,0.222222,0.555556,0.0,0.0,2939.7499677,5212.4930445,1822.3254356
274,274,12,12,0,0.0,53540.663731,0,0.0,0,0.0,0.0,15329.214261,0.0,15329.214261,8,5,4,11,0,0.0,0.0,0.0,0.0,1.090909,0.0,0.0,0.0,0.0,0.0,1.0,4461.7219775833,0.0,0.0
275,275,15,14,1,0.066667,15754.636423,1,3124.480518,13,3873.640339,1.0,8756.515566,0.0,8756.515566,0,4,3,14,0,0.806601,0.0,0.0,0.198321,1.071429,0.198321,1.239771,0.071429,0.928571,0.0,1.0,1050.3090948667,3124.480518,297.9723337692
276,276,14,14,0,0.0,34702.10047,1,9169.784749,10,9169.784567,1.0,272.802883,7350.016348,-7077.213465,1,5,4,13,0,1.0,26.94259,0.0,0.264243,1.076923,0.264243,1.0,0.076923,0.769231,0.211803,-25.94259,2478.7214621429,9169.784749,916.9784567
277,277,8,8,0,0.0,22050.035896,3,11457.116081,4,5620.617682,0.490579,0.0,0.0,0.0,0,3,3,8,1,2.038409,0.0,0.333333,0.519596,1.0,0.519596,0.490579,0.375,0.5,0.0,0.0,2756.254487,3819.0386936667,1405.1544205
278,278,14,13,1,0.071429,54936.017379,1,8399.321177,6,8339.241699,0.992847,0.0,12685.905313,-12685.905313,5,5,4,12,0,1.007204,0.0,0.0,0.152893,1.166667,0.152893,0.992847,0.083333,0.5,0.230921,0.0,3924.0012413571,8399.321177,1389.8736165
279,279,16,14,2,0.125,78772.375723,0,0.0,0,0.0,0.0,1260.192355,16201.275377,-14941.083022,13,5,2,16,0,0.0,12.856192,0.0,0.0,1.0,0.0,0.0,0.0,0.0,0.205672,-11.856192,4923.2734826875,0.0,0.0
280,280,15,15,0,0.0,39159.02088,1,3251.621185,9,3251.432062,0.999942,10050.136665,5084.356571,4965.780094,2,5,4,14,0,1.000058,0.505899,0.0,0.083036,1.071429,0.083036,0.999942,0.071429,0.642857,0.129839,0.494101,2610.601392,3251.621185,361.2702291111
281,281,16,15,1,0.0625,63072.158458,7,23131.706105,3,5983.58872,0.258675,0.0,7045.338683,-7045.338683,4,5,3,16,1,3.865858,0.0,0.142857,0.36675,1.0,0.36675,0.258675,0.4375,0.1875,0.111703,0.0,3942.009903625,3304.5294435714,1994.5295733333
282,282,13,13,0,0.0,60552.025273,2,14287.451806,6,13578.098852,0.950351,9057.688086,23347.56991,-14289.881824,0,5,3,12,1,1.052242,2.577652,0.5,0.235953,1.083333,0.235953,0.950351,0.166667,0.5,0.385579,-1.577652,4657.8480979231,7143.725903,2263.0164753333
283,283,17,16,1,0.058824,42713.503221,2,5143.670897,6,4481.76334,0.871316,1591.013602,0.0,1591.013602,7,5,4,17,1,1.147689,0.0,0.5,0.120423,1.0,0.120423,0.871316,0.117647,0.352941,0.0,1.0,2512.559013,2571.8354485,746.9605566667
284,284,16,16,0,0.0,45980.996451,1,9479.743043,10,9475.303781,0.999532,0.0,18832.087372,-18832.087372,3,5,4,15,0,1.000469,0.0,0.0,0.206167,1.066667,0.206167,0.999532,0.066667,0.666667,0.409562,0.0,2873.8122781875,9479.743043,947.5303781
285,285,22,22,0,0.0,111065.079342,0,0.0,0,0.0,0.0,3933.427051,20782.36963,-16848.942579,17,5,4,21,0,0.0,5.283527,0.0,0.0,1.047619,0.0,0.0,0.0,0.0,0.187119,-4.283527,5048.4126973636,0.0,0.0
286,286,18,17,1,0.055556,81891.273238,1,304.059827,3,298.079007,0.98033,37551.113592,7920.652485,29630.461107,7,5,4,16,0,1.020065,0.21093,0.0,0.003713,1.125,0.003713,0.98033,0.0625,0.1875,0.096722,0.78907,4549.5151798889,304.059827,99.359669
287,287,10,8,2,0.2,58304.551999,2,16614.464527,2,7652.884305,0.460616,13581.138861,0.0,13581.138861,3,4,3,10,1,2.171007,0.0,0.5,0.28496,1.0,0.28496,0.460616,0.2,0.2,0.0,1.0,5830.4551999,8307.2322635,3826.4421525
288,288,22,22,0,0.0,93458.594432,3,23247.271433,8,16895.612508,0.726778,8769.079066,11864.466343,-3095.387277,6,5,3,19,1,1.375935,1.352989,0.333333,0.248744,1.157895,0.248744,0.726778,0.157895,0.421053,0.126949,-0.352989,4248.1179287273,7749.0904776667,2111.9515635
289,289,13,13,0,0.0,34065.979544,1,4637.080386,7,4636.32648,0.999837,6060.566675,4883.696585,1176.87009,3,5,4,11,0,1.000163,0.805815,0.0,0.136121,1.181818,0.136121,0.999837,0.090909,0.636364,0.14336,0.194185,2620.4599649231,4637.080386,662.3323542857
290,290,13,13,0,0.0,29404.447157,5,12418.150395,2,5220.068411,0.420358,0.0,1629.071066,-1629.071066,2,5,4,12,3,2.378925,0.0,0.6,0.422322,1.083333,0.422322,0.420358,0.416667,0.166667,0.055402,0.0,2261.8805505385,2483.630079,2610.0342055
291,291,17,16,1,0.058824,74530.353305,2,15154.744663,3,9199.628944,0.607046,19478.884792,16854.809534,2624.075258,4,5,4,16,1,1.647321,0.865286,0.5,0.203337,1.0625,0.203337,0.607046,0.125,0.1875,0.226147,0.134714,4384.1384297059,7577.3723315,3066.5429813333
292,292,19,19,0,0.0,44123.881955,4,24425.990047,12,16040.026093,0.656679,3631.696299,0.0,3631.696299,0,5,4,18,2,1.522815,0.0,0.5,0.553578,1.055556,0.553578,0.656679,0.222222,0.666667,0.0,1.0,2322.3095765789,6106.49751175,1336.6688410833
293,293,7,7,0,0.0,39948.077109,0,0.0,0,0.0,0.0,20122.340872,12122.435487,7999.905385,2,3,3,7,0,0.0,0.602437,0.0,0.0,1.0,0.0,0.0,0.0,0.0,0.303455,0.397563,5706.8681584286,0.0,0.0
294,294,13,12,1,0.076923,49662.500819,2,6999.339297,2,2218.466903,0.316954,12261.280464,11966.482129,294.798335,5,4,3,12,0,3.155034,0.975957,0.0,0.140938,1.083333,0.140938,0.316954,0.166667,0.166667,0.240956,0.024043,3820.1923706923,3499.6696485,1109.2334515
295,295,9,9,0,0.0,38509.957238,0,0.0,0,0.0,0.0,9089.369323,9730.236422,-640.867099,5,4,3,9,0,0.0,1.070507,0.0,0.0,1.0,0.0,0.0,0.0,0.0,0.252668,-0.070507,4278.8841375556,0.0,0.0
296,296,11,11,0,0.0,56375.268374,3,11904.478805,0,0.0,0.0,16465.236701,0.0,16465.236701,3,5,3,11,2,0.0,0.0,0.666667,0.211165,1.0,0.211165,0.0,0.272727,0.0,0.0,1.0,5125.0243976364,3968.1596016667,0.0
297,297,11,11,0,0.0,46592.696818,3,17572.038439,1,445.747745,0.025367,0.0,3816.348324,-3816.348324,4,5,4,10,2,39.421486,0.0,0.666667,0.377141,1.1,0.377141,0.025367,0.3,0.1,0.081909,0.0,4235.6997107273,5857.3461463333,445.747745
298,298,14,13,1,0.071429,48039.419863,5,19233.957102,2,7905.311907,0.411008,0.0,5080.659764,-5080.659764,2,5,4,13,4,2.433042,0.0,0.8,0.400379,1.076923,0.400379,0.411008,0.384615,0.153846,0.10576,0.0,3431.3871330714,3846.7914204,3952.6559535
299,299,13,10,3,0.230769,26410.621824,2,9255.72449,8,241.203615,0.02606,0.0,0.0,0.0,3,5,4,11,0,38.373075,0.0,0.0,0.350455,1.181818,0.350455,0.02606,0.181818,0.727273,0.0,0.0,2031.5862941538,4627.862245,30.150451875
300,300,13,13,0,0.0,74855.818417,1,8094.601061,0,0.0,0.0,14693.139806,14751.703336,-58.56353,6,5,3,13,1,0.0,1.003986,1.0,0.108136,1.0,0.108136,0.0,0.076923,0.0,0.197068,-0.003986,5758.1398782308,8094.601061,0.0
301,301,17,17,0,0.0,86140.672214,7,30906.090567,3,2041.256812,0.066047,8919.916068,0.0,8919.916068,3,5,4,17,3,15.140716,0.0,0.428571,0.358786,1.0,0.358786,0.066047,0.411765,0.176471,0.0,1.0,5067.0983655294,4415.1557952857,680.4189373333
302,302,5,5,0,0.0,20443.499746,1,6617.455272,0,0.0,0.0,0.0,1712.904954,-1712.904954,3,4,2,5,0,0.0,0.0,0.0,0.323695,1.0,0.323695,0.0,0.2,0.0,0.083787,0.0,4088.6999492,6617.455272,0.0
303,303,21,21,0,0.0,60941.910684,1,8313.083853,11,8312.481434,0.999928,19529.133931,1631.43985,17897.694081,4,5,4,19,0,1.000072,0.083539,0.0,0.13641,1.105263,0.13641,0.999928,0.052632,0.578947,0.02677,0.916461,2901.9957468571,8313.083853,755.6801303636
304,304,11,11,0,0.0,48584.25782,4,20148.681312,4,14230.30551,0.706265,4807.776915,0.0,4807.776915,2,5,4,11,0,1.415899,0.0,0.0,0.414716,1.0,0.414716,0.706265,0.363636,0.363636,0.0,1.0,4416.7507109091,5037.170328,3557.5763775
305,305,15,14,1,0.066667,36600.182953,4,8071.559363,3,477.699705,0.059183,0.0,5832.560866,-5832.560866,5,5,4,14,2,16.896723,0.0,0.5,0.220533,1.071429,0.220533,0.059183,0.285714,0.214286,0.159359,0.0,2440.0121968667,2017.88984075,159.233235
306,306,8,8,0,0.0,27174.845655,0,0.0,0,0.0,0.0,12624.401518,10843.86458,1780.536938,2,5,4,8,0,0.0,0.858961,0.0,0.0,1.0,0.0,0.0,0.0,0.0,0.399041,0.141039,3396.855706875,0.0,0.0
307,307,12,12,0,0.0,59788.664644,6,32683.601868,2,4041.559327,0.123657,0.0,0.0,0.0,0,5,4,12,4,8.086879,0.0,0.666667,0.546652,1.0,0.546652,0.123657,0.5,0.166667,0.0,0.0,4982.3887203333,5447.266978,2020.7796635
308,308,7,7,0,0.0,28579.8652,1,8596.136991,0,0.0,0.0,390.363876,3298.563708,-2908.199832,3,5,4,7,0,0.0,8.449972,0.0,0.300776,1.0,0.300776,0.0,0.142857,0.0,0.115416,-7.449972,4082.8378857143,8596.136991,0.0
309,309,12,12,0,0.0,27967.189206,1,583.67176,6,581.23258,0.995821,8470.734638,0.0,8470.734638,3,5,4,12,0,1.004197,0.0,0.0,0.02087,1.0,0.02087,0.995821,0.083333,0.5,0.0,1.0,2330.5991005,583.67176,96.8720966667
310,310,11,11,0,0.0,24116.368091,1,7518.037559,8,7517.862772,0.999977,0.0,0.0,0.0,2,5,4,11,0,1.000023,0.0,0.0,0.31174,1.0,0.31174,0.999977,0.090909,0.727273,0.0,0.0,2192.3970991818,7518.037559,939.7328465
311,311,15,15,0,0.0,84361.462203,6,30045.942629,2,6978.30494,0.232254,0.0,0.0,0.0,3,4,4,15,4,4.305622,0.0,0.666667,0.356157,1.0,0.356157,0.232254,0.4,0.133333,0.0,0.0,5624.0974802,5007.6571048333,3489.15247
312,312,12,11,1,0.083333,74398.273389,0,0.0,0,0.0,0.0,16582.65728,14778.642627,1804.014653,8,5,4,12,0,0.0,0.891211,0.0,0.0,1.0,0.0,0.0,0.0,0.0,0.198642,0.108789,6199.85611575,0.0,0.0
313,313,8,8,0,0.0,46345.587244,4,27605.733797,1,1994.252689,0.072241,0.0,6363.414403,-6363.414403,0,3,3,8,2,13.842646,0.0,0.5,0.59565,1.0,0.59565,0.072241,0.5,0.125,0.137304,0.0,5793.1984055,6901.43344925,1994.252689
314,314,16,16,0,0.0,47347.015593,1,2329.448415,8,2329.444036,0.999998,21501.67826,6945.05779,14556.62047,3,5,4,13,0,1.000002,0.323001,0.0,0.049199,1.230769,0.049199,0.999998,0.076923,0.615385,0.146684,0.676999,2959.1884745625,2329.448415,291.1805045
315,315,11,11,0,0.0,24546.569966,1,4938.2573,7,4937.701036,0.999887,0.0,0.0,0.0,3,4,4,11,0,1.000113,0.0,0.0,0.201179,1.0,0.201179,0.999887,0.090909,0.636364,0.0,0.0,2231.5063605455,4938.2573,705.3858622857
316,316,14,14,0,0.0,43248.439179,2,10333.080977,5,10320.454642,0.998778,2614.727391,9984.207938,-7369.480547,3,5,4,14,1,1.001223,3.818451,0.5,0.238924,1.0,0.238924,0.998778,0.142857,0.357143,0.230857,-2.818451,3089.1742270714,5166.5404885,2064.0909284
317,317,14,13,1,0.071429,75417.368497,1,7308.707616,0,0.0,0.0,7478.638388,27457.783684,-19979.145296,5,5,4,14,1,0.0,3.671495,1.0,0.09691,1.0,0.09691,0.0,0.071429,0.0,0.364078,-2.671495,5386.9548926429,7308.707616,0.0
318,318,10,9,1,0.1,39400.28261,4,18530.77183,2,5341.285499,0.288239,0.0,0.0,0.0,3,5,4,10,1,3.469347,0.0,0.25,0.470321,1.0,0.470321,0.288239,0.4,0.2,0.0,0.0,3940.028261,4632.6929575,2670.6427495
319,319,9,9,0,0.0,34630.143221,0,0.0,0,0.0,0.0,15939.84936,0.0,15939.84936,6,3,3,9,0,0.0,0.0,0.0,0.0,1.0,0.0,0.0,0.0,0.0,0.0,1.0,3847.7936912222,0.0,0.0
320,320,20,20,0,0.0,80854.843685,0,0.0,0,0.0,0.0,4254.9325,2212.689154,2042.243346,17,5,4,19,0,0.0,0.520029,0.0,0.0,1.052632,0.0,0.0,0.0,0.0,0.027366,0.479971,4042.74218425,0.0,0.0
321,321,11,10,1,0.090909,58876.452325,1,5332.204313,1,3412.324961,0.639946,3767.237699,16011.875248,-12244.637549,5,5,4,11,0,1.562631,4.250296,0.0,0.090566,1.0,0.090566,0.639946,0.090909,0.090909,0.271957,-3.250296,5352.4047568182,5332.204313,3412.324961
322,322,7,7,0,0.0,34610.900873,3,16067.172264,0,0.0,0.0,0.0,0.0,0.0,1,3,3,7,3,0.0,0.0,1.0,0.464223,1.0,0.464223,0.0,0.428571,0.0,0.0,0.0,4944.4144104286,5355.724088,0.0
323,323,9,9,0,0.0,53302.68662,0,0.0,0,0.0,0.0,3367.562365,4982.526367,-1614.964002,7,4,2,9,0,0.0,1.479565,0.0,0.0,1.0,0.0,0.0,0.0,0.0,0.093476,-0.479565,5922.5207355556,0.0,0.0
324,324,14,13,1,0.071429,45013.768641,1,5893.491048,7,5893.481058,0.999998,9569.199658,0.0,9569.199658,4,5,4,12,0,1.000002,0.0,0.0,0.130926,1.166667,0.130926,0.999998,0.083333,0.583333,0.0,1.0,3215.2691886429,5893.491048,841.9258654286
325,325,18,17,1,0.055556,31179.431712,1,1335.504681,12,1335.504549,1.0,15586.956243,12500.309658,3086.646585,1,5,4,16,0,1.0,0.801972,0.0,0.042833,1.125,0.042833,1.0,0.0625,0.75,0.400915,0.198028,1732.1906506667,1335.504681,111.29204575
326,326,14,13,1,0.071429,51933.390739,2,8742.255564,7,11206.393302,1.0,6685.103273,8322.906189,-1637.802916,2,5,4,14,0,0.780113,1.244993,0.0,0.168336,1.0,0.168336,1.281865,0.142857,0.5,0.160261,-0.244993,3709.5279099286,4371.127782,1600.9133288571
327,327,15,14,1,0.066667,54167.662838,1,8022.234264,5,7133.952891,0.889273,7863.826187,802.623929,7061.202258,7,5,4,15,0,1.124515,0.102065,0.0,0.1481,1.0,0.1481,0.889273,0.066667,0.333333,0.014817,0.897935,3611.1775225333,8022.234264,1426.7905782
328,328,13,13,0,0.0,62419.651178,0,0.0,0,0.0,0.0,1532.353247,30208.07557,-28675.722323,7,5,4,12,0,0.0,19.713519,0.0,0.0,1.083333,0.0,0.0,0.0,0.0,0.483951,-18.713519,4801.5116290769,0.0,0.0
329,329,11,11,0,0.0,65224.356742,0,0.0,0,0.0,0.0,15013.256139,7514.726458,7498.529681,8,5,4,10,0,0.0,0.500539,0.0,0.0,1.1,0.0,0.0,0.0,0.0,0.115214,0.499461,5929.4869765455,0.0,0.0
330,330,14,14,0,0.0,27908.955523,1,6065.737788,10,6065.615616,0.99998,6959.681946,0.0,6959.681946,2,5,4,13,0,1.00002,0.0,0.0,0.21734,1.076923,0.21734,0.99998,0.076923,0.769231,0.0,1.0,1993.4968230714,6065.737788,606.5615616
331,331,17,17,0,0.0,43359.824597,1,6536.865574,9,6536.733412,0.99998,0.0,1398.59918,-1398.59918,5,5,4,16,0,1.00002,0.0,0.0,0.150759,1.0625,0.150759,0.99998,0.0625,0.5625,0.032256,0.0,2550.5779174706,6536.865574,726.3037124444
332,332,12,11,1,0.083333,80505.265618,3,19221.773898,0,0.0,0.0,12577.99289,8040.177059,4537.815831,3,5,4,11,3,0.0,0.639226,1.0,0.238764,1.090909,0.238764,0.0,0.272727,0.0,0.099871,0.360774,6708.7721348333,6407.257966,0.0
333,333,15,15,0,0.0,34977.29006,2,8822.245682,10,8815.834693,0.999273,0.0,1925.366436,-1925.366436,2,5,4,14,0,1.000727,0.0,0.0,0.252228,1.071429,0.252228,0.999273,0.142857,0.714286,0.055046,0.0,2331.8193373333,4411.122841,881.5834693
334,334,13,13,0,0.0,61216.823829,5,25257.118449,1,985.65594,0.039025,0.0,10536.425974,-10536.425974,3,5,4,13,2,25.62468,0.0,0.4,0.412585,1.0,0.412585,0.039025,0.384615,0.076923,0.172117,0.0,4708.9864483846,5051.4236898,985.65594
335,335,13,13,0,0.0,55914.59932,1,1259.813496,3,1255.95279,0.996935,2637.002315,7929.29288,-5292.290565,7,5,4,12,0,1.003074,3.006934,0.0,0.022531,1.083333,0.022531,0.996935,0.083333,0.25,0.141811,-2.006934,4301.1230246154,1259.813496,418.65093
336,336,15,14,1,0.066667,82574.575193,1,4292.712432,1,3511.956239,0.818121,10251.838939,9457.858477,793.980462,10,5,4,15,0,1.222314,0.922552,0.0,0.051986,1.0,0.051986,0.818121,0.066667,0.066667,0.114537,0.077448,5504.9716795333,4292.712432,3511.956239
337,337,12,12,0,0.0,75432.763948,1,5279.596191,0,0.0,0.0,17357.232513,8685.873287,8671.359226,6,4,4,12,1,0.0,0.500418,1.0,0.069991,1.0,0.069991,0.0,0.083333,0.0,0.115147,0.499582,6286.0636623333,5279.596191,0.0
338,338,16,15,1,0.0625,94199.476192,0,0.0,0,0.0,0.0,26623.712338,18689.589213,7934.123125,9,5,4,16,0,0.0,0.70199,0.0,0.0,1.0,0.0,0.0,0.0,0.0,0.198404,0.29801,5887.467262,0.0,0.0
339,339,9,8,1,0.111111,45341.506394,1,7741.799811,4,6761.746866,0.873408,7717.4642,9815.699835,-2098.235635,2,4,3,9,0,1.144941,1.271881,0.0,0.170744,1.0,0.170744,0.873408,0.111111,0.444444,0.216484,-0.271881,5037.9451548889,7741.799811,1690.4367165
340,340,11,11,0,0.0,59216.412702,0,0.0,0,0.0,0.0,7197.582032,3836.768258,3360.813774,9,5,3,10,0,0.0,0.533063,0.0,0.0,1.1,0.0,0.0,0.0,0.0,0.064792,0.466937,5383.3102456364,0.0,0.0
341,341,11,11,0,0.0,57752.962141,0,0.0,0,0.0,0.0,25341.170206,4854.37688,20486.793326,5,5,4,10,0,0.0,0.191561,0.0,0.0,1.1,0.0,0.0,0.0,0.0,0.084054,0.808439,5250.2692855455,0.0,0.0
342,342,10,10,0,0.0,18058.738311,1,3496.762369,6,3473.706293,0.993406,8925.935003,1911.242714,7014.692289,1,4,4,10,0,1.006637,0.214122,0.0,0.193633,1.0,0.193633,0.993406,0.1,0.6,0.105835,0.785878,1805.8738311,3496.762369,578.9510488333
343,343,10,10,0,0.0,54577.293153,4,21984.049786,1,1771.933402,0.080601,0.0,0.0,0.0,2,5,4,10,3,12.406815,0.0,0.75,0.402806,1.0,0.402806,0.080601,0.4,0.1,0.0,0.0,5457.7293153,5496.0124465,1771.933402
344,344,16,16,0,0.0,59468.160543,1,6008.438504,6,6005.326881,0.999482,9969.012612,0.0,9969.012612,7,5,4,13,1,1.000518,0.0,1.0,0.101036,1.230769,0.101036,0.999482,0.076923,0.461538,0.0,1.0,3716.7600339375,6008.438504,1000.8878135
345,345,8,7,1,0.125,40529.196656,0,0.0,0,0.0,0.0,5741.079038,7145.894314,-1404.815276,5,5,3,7,0,0.0,1.244695,0.0,0.0,1.142857,0.0,0.0,0.0,0.0,0.176315,-0.244695,5066.149582,0.0,0.0
346,346,15,15,0,0.0,17594.56752,1,2189.511443,11,2189.378388,0.999939,2463.881799,0.0,2463.881799,2,5,3,14,0,1.000061,0.0,0.0,0.124442,1.071429,0.124442,0.999939,0.071429,0.785714,0.0,1.0,1172.971168,2189.511443,199.0343989091
347,347,12,12,0,0.0,35813.094697,1,3664.514493,2,3000.756268,0.818869,4277.315045,2369.437452,1907.877593,7,5,3,12,0,1.221197,0.553954,0.0,0.102323,1.0,0.102323,0.818869,0.083333,0.166667,0.066161,0.446046,2984.4245580833,3664.514493,1500.378134
348,348,15,14,1,0.066667,58542.768435,1,4759.509444,4,4575.388137,0.961315,6597.51792,16063.385786,-9465.867866,6,5,4,13,0,1.040242,2.434762,0.0,0.0813,1.153846,0.0813,0.961315,0.076923,0.307692,0.274387,-1.434762,3902.851229,4759.509444,1143.84703425
349,349,13,13,0,0.0,42744.310024,1,7451.805305,4,7432.911555,0.997465,0.0,9329.425098,-9329.425098,5,5,4,12,0,1.002542,0.0,0.0,0.174334,1.083333,0.174334,0.997465,0.083333,0.333333,0.218261,0.0,3288.023848,7451.805305,1858.22788875
350,350,8,8,0,0.0,44583.467922,0,0.0,0,0.0,0.0,8336.119385,6673.561596,1662.557789,6,5,4,7,0,0.0,0.80056,0.0,0.0,1.142857,0.0,0.0,0.0,0.0,0.149687,0.19944,5572.93349025,0.0,0.0
351,351,14,14,0,0.0,9040.591903,1,126.025044,11,126.013096,0.999905,0.0,4696.771299,-4696.771299,1,5,4,14,0,1.000095,0.0,0.0,0.01394,1.0,0.01394,0.999905,0.071429,0.785714,0.51952,0.0,645.7565645,126.025044,11.455736
352,352,9,9,0,0.0,28624.460656,2,11951.358291,5,3453.871317,0.288994,0.0,5494.561005,-5494.561005,1,3,3,9,0,3.460279,0.0,0.0,0.417523,1.0,0.417523,0.288994,0.222222,0.555556,0.191953,0.0,3180.4956284444,5975.6791455,690.7742634
353,353,14,14,0,0.0,36986.758396,1,5009.510824,7,5006.894784,0.999478,9645.752423,7999.535771,1646.216652,1,5,4,13,0,1.000522,0.829332,0.0,0.135441,1.076923,0.135441,0.999478,0.076923,0.538462,0.216281,0.170668,2641.911314,5009.510824,715.2706834286
354,354,15,15,0,0.0,92548.146093,0,0.0,0,0.0,0.0,0.0,27317.137144,-27317.137144,10,5,4,13,0,0.0,0.0,0.0,0.0,1.153846,0.0,0.0,0.0,0.0,0.295167,0.0,6169.8764062,0.0,0.0
355,355,7,7,0,0.0,39575.840607,0,0.0,0,0.0,0.0,13512.388045,9599.731731,3912.656314,3,4,3,6,0,0.0,0.710439,0.0,0.0,1.166667,0.0,0.0,0.0,0.0,0.242565,0.289561,5653.6915152857,0.0,0.0
356,356,10,10,0,0.0,28560.118337,1,6764.656498,6,6650.969484,0.983194,0.0,0.0,0.0,3,4,3,10,0,1.017093,0.0,0.0,0.236857,1.0,0.236857,0.983194,0.1,0.6,0.0,0.0,2856.0118337,6764.656498,1108.494914
357,357,10,10,0,0.0,55982.374008,0,0.0,0,0.0,0.0,22090.149123,7968.894307,14121.254816,4,5,4,10,0,0.0,0.360744,0.0,0.0,1.0,0.0,0.0,0.0,0.0,0.142346,0.639256,5598.2374008,0.0,0.0
358,358,7,7,0,0.0,42086.283171,0,0.0,0,0.0,0.0,14555.142815,0.0,14555.142815,5,4,3,7,0,0.0,0.0,0.0,0.0,1.0,0.0,0.0,0.0,0.0,0.0,1.0,6012.3261672857,0.0,0.0
359,359,16,16,0,0.0,38814.725167,4,16737.958093,9,16362.409535,0.977563,0.0,0.0,0.0,3,5,4,16,0,1.022952,0.0,0.0,0.431227,1.0,0.431227,0.977563,0.25,0.5625,0.0,0.0,2425.9203229375,4184.48952325,1818.0455038889
360,360,17,17,0,0.0,61369.705035,1,3711.910665,7,3676.545736,0.990473,6505.445101,5187.243508,1318.201593,7,5,4,15,0,1.009619,0.79737,0.0,0.060484,1.133333,0.060484,0.990473,0.066667,0.466667,0.084524,0.20263,3609.9826491176,3711.910665,525.2208194286
361,361,10,10,0,0.0,56293.076409,0,0.0,0,0.0,0.0,11679.156105,6181.665511,5497.490594,7,5,3,10,0,0.0,0.52929,0.0,0.0,1.0,0.0,0.0,0.0,0.0,0.109812,0.47071,5629.3076409,0.0,0.0
362,362,10,10,0,0.0,30563.299563,1,9698.360626,7,9698.08337,0.999971,5584.170311,0.0,5584.170311,1,4,4,10,0,1.000029,0.0,0.0,0.31732,1.0,0.31732,0.999971,0.1,0.7,0.0,1.0,3056.3299563,9698.360626,1385.4404814286
363,363,20,18,2,0.1,25994.345498,2,5105.840084,11,4693.214958,0.919186,9008.937215,0.0,9008.937215,3,5,4,17,1,1.08792,0.0,0.5,0.196421,1.176471,0.196421,0.919186,0.117647,0.647059,0.0,1.0,1299.7172749,2552.920042,426.6559052727
364,364,13,12,1,0.076923,10896.448192,1,592.431042,9,624.535152,1.0,9408.164151,271.317847,9136.846304,0,4,4,13,0,0.948595,0.028839,0.0,0.054369,1.0,0.054369,1.05419,0.076923,0.692308,0.0249,0.971161,838.1883224615,592.431042,69.3927946667
365,365,9,9,0,0.0,33707.123369,1,2916.034551,3,2861.789122,0.981398,0.0,11185.047726,-11185.047726,3,5,3,9,0,1.018955,0.0,0.0,0.086511,1.0,0.086511,0.981398,0.111111,0.333333,0.33183,0.0,3745.2359298889,2916.034551,953.9297073333
366,366,18,15,3,0.166667,28924.16608,2,7162.044542,13,2633.094679,0.367646,14403.28774,4725.739119,9677.548621,0,4,4,17,0,2.72001,0.328101,0.0,0.247615,1.058824,0.247615,0.367646,0.117647,0.764706,0.163384,0.671899,1606.8981155556,3581.022271,202.5457445385
367,367,12,12,0,0.0,55817.927206,2,14683.226195,4,6405.377219,0.436238,9238.824942,5854.781768,3384.043174,3,5,4,10,1,2.292328,0.633715,0.5,0.263056,1.2,0.263056,0.436238,0.2,0.4,0.104891,0.366285,4651.4939338333,7341.6130975,1601.34430475
368,368,9,8,1,0.111111,40278.287159,4,20834.962479,0,0.0,0.0,1659.65407,1599.149796,60.504274,1,5,4,9,1,0.0,0.963544,0.25,0.517275,1.0,0.517275,0.0,0.444444,0.0,0.039703,0.036456,4475.3652398889,5208.74061975,0.0
369,369,9,9,0,0.0,49585.696018,2,11084.031961,0,0.0,0.0,0.0,18984.426071,-18984.426071,3,4,4,9,1,0.0,0.0,0.5,0.223533,1.0,0.223533,0.0,0.222222,0.0,0.382861,0.0,5509.5217797778,5542.0159805,0.0
370,370,19,19,0,0.0,78589.29886,0,0.0,0,0.0,0.0,11130.044019,9493.385313,1636.658706,12,5,4,18,0,0.0,0.852951,0.0,0.0,1.055556,0.0,0.0,0.0,0.0,0.120797,0.147049,4136.2788873684,0.0,0.0
371,371,18,18,0,0.0,75607.888925,1,8784.681814,5,8779.248412,0.999381,13922.019762,12008.610716,1913.409046,6,5,4,16,1,1.000619,0.862562,1.0,0.116187,1.125,0.116187,0.999381,0.0625,0.3125,0.158827,0.137438,4200.4382736111,8784.681814,1755.8496824
372,372,11,11,0,0.0,70736.789636,0,0.0,0,0.0,0.0,12071.30983,19453.585038,-7382.275208,5,4,4,11,0,0.0,1.611555,0.0,0.0,1.0,0.0,0.0,0.0,0.0,0.275014,-0.611555,6430.6172396364,0.0,0.0
373,373,24,22,2,0.083333,108604.57758,8,40047.228353,5,13919.119172,0.347568,0.0,19595.182162,-19595.182162,3,5,4,23,4,2.877138,0.0,0.5,0.368743,1.043478,0.368743,0.347568,0.347826,0.217391,0.180427,0.0,4525.1907325,5005.903544125,2783.8238344
446,446,8,8,0,0.0,31265.576512,0,0.0,0,0.0,0.0,7795.713503,0.0,7795.713503,7,5,3,8,0,0.0,0.0,0.0,0.0,1.0,0.0,0.0,0.0,0.0,0.0,1.0,3908.197064,0.0,0.0
374,374,14,13,1,0.071429,70318.266735,5,31314.571221,3,7882.946674,0.251734,3443.834731,0.0,3443.834731,1,5,4,14,4,3.972445,0.0,0.8,0.445326,1.0,0.445326,0.251734,0.357143,0.214286,0.0,1.0,5022.7333382143,6262.9142442,2627.6488913333
376,376,14,14,0,0.0,78853.276282,5,33256.931031,0,0.0,0.0,4928.831543,534.863965,4393.967578,2,5,4,13,4,0.0,0.108517,0.8,0.421757,1.076923,0.421757,0.0,0.384615,0.0,0.006783,0.891483,5632.3768772857,6651.3862062,0.0
377,377,10,9,1,0.1,42869.797558,1,4204.193127,1,3608.401481,0.858286,0.0,6662.337155,-6662.337155,7,5,4,9,0,1.165112,0.0,0.0,0.098069,1.111111,0.098069,0.858286,0.111111,0.111111,0.155409,0.0,4286.9797558,4204.193127,3608.401481
378,378,12,12,0,0.0,35819.287854,1,6669.344116,7,6667.59442,0.999738,0.0,15269.953327,-15269.953327,2,4,3,12,0,1.000262,0.0,0.0,0.186194,1.0,0.186194,0.999738,0.083333,0.583333,0.426305,0.0,2984.9406545,6669.344116,952.5134885714
379,379,13,12,1,0.076923,72794.577282,3,18926.166303,3,11411.996619,0.602975,16460.052055,0.0,16460.052055,4,5,3,13,0,1.658445,0.0,0.0,0.259994,1.0,0.259994,0.602975,0.230769,0.230769,0.0,1.0,5599.5828678462,6308.722101,3803.998873
380,380,13,13,0,0.0,66562.789534,3,18763.644173,0,0.0,0.0,889.398084,14113.35378,-13223.955696,4,4,4,13,2,0.0,15.868433,0.666667,0.281894,1.0,0.281894,0.0,0.230769,0.0,0.212031,-14.868433,5120.2145795385,6254.5480576667,0.0
381,381,16,14,2,0.125,64622.252947,6,25223.889891,2,3224.95679,0.127853,0.0,0.0,0.0,4,5,4,14,4,7.821466,0.0,0.666667,0.390328,1.142857,0.390328,0.127853,0.428571,0.142857,0.0,0.0,4038.8908091875,4203.9816485,1612.478395
382,382,12,12,0,0.0,54701.511642,1,8655.529567,1,8265.898058,0.954985,3845.049801,23048.47125,-19203.421449,3,5,3,12,0,1.047137,5.994323,0.0,0.158232,1.0,0.158232,0.954985,0.083333,0.083333,0.42135,-4.994323,4558.4593035,8655.529567,8265.898058
383,383,14,14,0,0.0,38166.36246,1,7528.08261,6,7525.327626,0.999634,12562.091737,0.0,12562.091737,3,5,3,13,1,1.000366,0.0,1.0,0.197244,1.076923,0.197244,0.999634,0.076923,0.461538,0.0,1.0,2726.1687471429,7528.08261,1254.221271
384,384,10,10,0,0.0,39207.071352,1,1171.983898,1,1138.096157,0.971085,0.0,1061.880562,-1061.880562,6,4,4,10,1,1.029776,0.0,1.0,0.029892,1.0,0.029892,0.971085,0.1,0.1,0.027084,0.0,3920.7071352,1171.983898,1138.096157
385,385,14,14,0,0.0,46909.729917,1,6002.709546,8,5996.022947,0.998886,3120.820303,7769.22165,-4648.401347,3,5,3,12,0,1.001115,2.489481,0.0,0.127963,1.166667,0.127963,0.998886,0.083333,0.666667,0.165621,-1.489481,3350.6949940714,6002.709546,749.502868375
386,386,14,14,0,0.0,46457.883592,1,2956.256716,4,2764.882085,0.935265,8501.473812,0.0,8501.473812,8,5,3,14,0,1.069216,0.0,0.0,0.063633,1.0,0.063633,0.935265,0.071429,0.285714,0.0,1.0,3318.4202565714,2956.256716,691.22052125
387,387,11,10,1,0.090909,49417.991386,0,0.0,0,0.0,0.0,0.0,0.0,0.0,11,5,2,10,0,0.0,0.0,0.0,0.0,1.1,0.0,0.0,0.0,0.0,0.0,0.0,4492.5446714545,0.0,0.0
388,388,18,18,0,0.0,15938.658547,1,838.484064,12,838.482226,0.999998,5622.32267,284.180071,5338.142599,3,5,4,18,0,1.000002,0.050545,0.0,0.052607,1.0,0.052607,0.999998,0.055556,0.666667,0.01783,0.949455,885.4810303889,838.484064,69.8735188333
389,389,8,8,0,0.0,14491.000073,1,1983.983901,5,1973.751039,0.994842,0.0,10533.265133,-10533.265133,0,4,3,8,0,1.005184,0.0,0.0,0.136911,1.0,0.136911,0.994842,0.125,0.625,0.726883,0.0,1811.375009125,1983.983901,394.7502078
390,390,9,8,1,0.111111,18117.067626,1,713.118621,4,705.49583,0.989311,6554.308904,316.220645,6238.088259,2,4,3,7,0,1.010805,0.048246,0.0,0.039362,1.285714,0.039362,0.989311,0.142857,0.571429,0.017454,0.951754,2013.007514,713.118621,176.3739575
391,391,14,14,0,0.0,64676.696371,4,18758.335841,2,2459.165832,0.131097,7160.99543,2851.406622,4309.588808,3,5,4,14,3,7.627926,0.398186,0.75,0.290032,1.0,0.290032,0.131097,0.285714,0.142857,0.044087,0.601814,4619.7640265,4689.58396025,1229.582916
392,392,9,9,0,0.0,30154.668215,1,6890.084096,6,6890.054537,0.999996,0.0,0.0,0.0,2,5,3,8,0,1.000004,0.0,0.0,0.228491,1.125,0.228491,0.999996,0.125,0.75,0.0,0.0,3350.5186905556,6890.084096,1148.3424228333
393,393,13,13,0,0.0,45602.612584,3,7211.390257,1,321.579258,0.044593,0.0,6854.952679,-6854.952679,5,5,4,13,3,22.424923,0.0,1.0,0.158135,1.0,0.158135,0.044593,0.230769,0.076923,0.150319,0.0,3507.8932756923,2403.7967523333,321.579258
394,394,10,10,0,0.0,66515.329939,4,25354.270561,0,0.0,0.0,2904.748336,12902.040481,-9997.292145,0,4,4,9,3,0.0,4.441707,0.75,0.381179,1.111111,0.381179,0.0,0.444444,0.0,0.193971,-3.441707,6651.5329939,6338.56764025,0.0
395,395,18,16,2,0.111111,48921.77913,3,15192.455973,12,16087.455418,1.0,0.0,6028.062749,-6028.062749,2,5,3,14,0,0.944367,0.0,0.0,0.310546,1.285714,0.310546,1.058911,0.214286,0.857143,0.123218,0.0,2717.8766183333,5064.151991,1340.6212848333
396,396,12,11,1,0.083333,40094.270793,2,5153.782139,4,2177.708448,0.422546,10554.360075,0.0,10554.360075,4,5,4,11,0,2.366608,0.0,0.0,0.128542,1.090909,0.128542,0.422546,0.181818,0.363636,0.0,1.0,3341.18923275,2576.8910695,544.427112
397,397,19,15,4,0.210526,97293.198613,4,23953.239509,4,14644.807451,0.611392,5556.041941,11256.454837,-5700.412896,4,5,4,19,4,1.635613,2.025984,1.0,0.246196,1.0,0.246196,0.611392,0.210526,0.210526,0.115696,-1.025984,5120.6946638421,5988.30987725,3661.20186275
398,398,17,17,0,0.0,76836.260577,2,16321.488565,5,11479.146128,0.703315,0.0,9773.850344,-9773.850344,8,5,4,14,0,1.421838,0.0,0.0,0.212419,1.214286,0.212419,0.703315,0.142857,0.357143,0.127204,0.0,4519.7800339412,8160.7442825,2295.8292256
399,399,12,12,0,0.0,66586.703061,0,0.0,0,0.0,0.0,0.0,26117.107525,-26117.107525,7,5,3,12,0,0.0,0.0,0.0,0.0,1.0,0.0,0.0,0.0,0.0,0.392227,0.0,5548.89192175,0.0,0.0
400,400,12,12,0,0.0,46298.413248,1,3485.001924,3,2552.770566,0.732502,14255.707031,5488.039245,8767.667786,4,5,4,12,0,1.365184,0.384971,0.0,0.075273,1.0,0.075273,0.732502,0.083333,0.25,0.118536,0.615029,3858.201104,3485.001924,850.923522
401,401,15,14,1,0.066667,46628.134097,1,7682.307193,9,7682.246334,0.999992,7262.951897,3036.280437,4226.67146,3,5,4,13,0,1.000008,0.41805,0.0,0.164757,1.153846,0.164757,0.999992,0.076923,0.692308,0.065117,0.58195,3108.5422731333,7682.307193,853.582926
402,402,11,11,0,0.0,66144.070533,0,0.0,0,0.0,0.0,28734.4334,15503.000497,13231.432903,4,5,4,10,0,0.0,0.539527,0.0,0.0,1.1,0.0,0.0,0.0,0.0,0.234382,0.460473,6013.0973211818,0.0,0.0
403,403,15,14,1,0.066667,26091.508218,1,9285.276534,12,9285.259075,0.999998,0.0,0.0,0.0,1,5,4,12,1,1.000002,0.0,1.0,0.355874,1.25,0.355874,0.999998,0.083333,1.0,0.0,0.0,1739.4338812,9285.276534,773.7715895833
404,404,19,19,0,0.0,31285.572176,3,10037.980741,12,5396.108891,0.537569,6991.81866,4217.792034,2774.026626,0,5,4,15,2,1.860226,0.603247,0.666667,0.32085,1.266667,0.32085,0.537569,0.2,0.8,0.134816,0.396753,1646.6090618947,3345.9935803333,449.6757409167
405,405,5,5,0,0.0,12827.936274,1,2831.47966,2,2703.286138,0.954726,0.0,5201.304494,-5201.304494,1,3,2,5,0,1.047421,0.0,0.0,0.220728,1.0,0.220728,0.954726,0.2,0.4,0.405467,0.0,2565.5872548,2831.47966,1351.643069
406,406,10,10,0,0.0,30289.213443,1,5368.944012,4,4841.535219,0.901767,5241.728452,8147.016204,-2905.287752,3,4,4,10,0,1.108934,1.554261,0.0,0.177256,1.0,0.177256,0.901767,0.1,0.4,0.268974,-0.554261,3028.9213443,5368.944012,1210.38380475
407,407,12,11,1,0.083333,54619.261342,1,8891.99051,2,5975.377866,0.671996,5291.424802,316.992754,4974.432048,6,3,3,11,0,1.488105,0.059907,0.0,0.1628,1.090909,0.1628,0.671996,0.090909,0.181818,0.005804,0.940093,4551.6051118333,8891.99051,2987.688933
408,408,18,18,0,0.0,2280.854807,1,126.65913,16,126.65913,1.0,0.0,0.0,0.0,1,5,4,17,0,1.0,0.0,0.0,0.055531,1.058824,0.055531,1.0,0.058824,0.941176,0.0,0.0,126.7141559444,126.65913,7.916195625
409,409,11,10,1,0.090909,43967.280877,1,5057.627213,2,3388.99089,0.670075,14189.266253,4996.421752,9192.844501,4,5,4,11,0,1.49237,0.352127,0.0,0.115032,1.0,0.115032,0.670075,0.090909,0.181818,0.11364,0.647873,3997.0255342727,5057.627213,1694.495445
410,410,9,9,0,0.0,52132.887629,0,0.0,0,0.0,0.0,5536.157073,4014.698389,1521.458684,7,4,3,9,0,0.0,0.725178,0.0,0.0,1.0,0.0,0.0,0.0,0.0,0.077009,0.274822,5792.5430698889,0.0,0.0
411,411,8,8,0,0.0,34936.589395,1,5754.294548,2,5509.949747,0.957537,0.0,5290.275786,-5290.275786,4,3,3,7,0,1.044346,0.0,0.0,0.164707,1.142857,0.164707,0.957537,0.142857,0.285714,0.151425,0.0,4367.073674375,5754.294548,2754.9748735
412,412,12,12,0,0.0,69125.454075,0,0.0,0,0.0,0.0,5616.821303,21613.480762,-15996.659459,8,5,4,11,0,0.0,3.847992,0.0,0.0,1.090909,0.0,0.0,0.0,0.0,0.31267,-2.847992,5760.45450625,0.0,0.0
413,413,12,12,0,0.0,25144.321568,1,717.294478,3,509.859019,0.710809,0.0,10737.425523,-10737.425523,6,4,3,11,0,1.406849,0.0,0.0,0.028527,1.090909,0.028527,0.710809,0.090909,0.272727,0.427032,0.0,2095.3601306667,717.294478,169.9530063333
414,414,14,13,1,0.071429,79722.311738,2,6697.235063,1,3170.803831,0.47345,0.0,38566.987415,-38566.987415,6,5,4,14,0,2.112157,0.0,0.0,0.084007,1.0,0.084007,0.47345,0.142857,0.071429,0.483767,0.0,5694.4508384286,3348.6175315,3170.803831
415,415,20,17,3,0.15,102641.853683,9,35161.381975,2,4010.748629,0.114067,2239.308469,4405.203112,-2165.894643,3,5,4,19,4,8.766788,1.967216,0.444444,0.342564,1.052632,0.342564,0.114067,0.473684,0.105263,0.042918,-0.967216,5132.09268415,3906.8202194444,2005.3743145
416,416,21,21,0,0.0,64601.127331,1,1030.370947,10,1029.02577,0.998694,2021.450761,0.0,2021.450761,9,5,4,19,0,1.001307,0.0,0.0,0.01595,1.105263,0.01595,0.998694,0.052632,0.526316,0.0,1.0,3076.244158619,1030.370947,102.902577
417,417,11,11,0,0.0,61572.270779,2,9070.759645,0,0.0,0.0,7545.704025,18148.053884,-10602.349859,4,4,4,11,1,0.0,2.405084,0.5,0.147319,1.0,0.147319,0.0,0.181818,0.0,0.294744,-1.405084,5597.4791617273,4535.3798225,0.0
418,418,15,15,0,0.0,47552.935134,1,9531.165061,7,9526.014689,0.99946,7936.343789,3725.29135,4211.052439,3,5,4,15,0,1.000541,0.469396,0.0,0.200433,1.0,0.200433,0.99946,0.066667,0.466667,0.07834,0.530604,3170.1956756,9531.165061,1360.8592412857
419,419,11,11,0,0.0,45537.564982,1,1260.620026,1,655.23082,0.519769,10138.138733,0.0,10138.138733,5,5,3,10,1,1.923933,0.0,1.0,0.027683,1.1,0.027683,0.519769,0.1,0.1,0.0,1.0,4139.7786347273,1260.620026,655.23082
420,420,14,14,0,0.0,78525.927842,6,30044.502339,3,4934.048831,0.164225,9661.218639,4434.15816,5227.060479,1,5,4,14,2,6.089219,0.458965,0.333333,0.382606,1.0,0.382606,0.164225,0.428571,0.214286,0.056467,0.541035,5608.9948458571,5007.4170565,1644.6829436667
421,421,13,13,0,0.0,43172.913549,1,604.069867,2,603.869143,0.999668,0.0,4852.254893,-4852.254893,7,5,3,13,1,1.000332,0.0,1.0,0.013992,1.0,0.013992,0.999668,0.076923,0.153846,0.112391,0.0,3320.9933499231,604.069867,301.9345715
422,422,17,17,0,0.0,67958.255009,2,13781.764626,6,10534.043476,0.764346,915.490324,22592.44161,-21676.951286,5,5,3,17,0,1.308307,24.677969,0.0,0.202798,1.0,0.202798,0.764346,0.117647,0.352941,0.332446,-23.677969,3997.5444122941,6890.882313,1755.6739126667
423,423,10,10,0,0.0,53933.318367,0,0.0,0,0.0,0.0,10967.363765,14465.376566,-3498.012801,5,5,3,10,0,0.0,1.318947,0.0,0.0,1.0,0.0,0.0,0.0,0.0,0.268209,-0.318947,5393.3318367,0.0,0.0
424,424,13,13,0,0.0,15162.804493,1,2952.734445,11,2952.733558,1.0,9257.33649,0.0,9257.33649,0,5,4,11,0,1.0,0.0,0.0,0.194735,1.181818,0.194735,1.0,0.090909,1.0,0.0,1.0,1166.3695763846,2952.734445,268.4303234545
425,425,15,14,1,0.066667,75938.737297,4,18564.319404,0,0.0,0.0,28119.798896,9291.210243,18828.588653,2,5,4,15,3,0.0,0.330415,0.75,0.244464,1.0,0.244464,0.0,0.266667,0.0,0.122351,0.669585,5062.5824864667,4641.079851,0.0
426,426,17,17,0,0.0,106089.862384,7,41087.33813,1,6836.615491,0.166392,13911.34123,8775.112135,5136.229095,2,5,4,15,3,6.009895,0.630788,0.428571,0.387288,1.133333,0.387288,0.166392,0.466667,0.066667,0.082714,0.369212,6240.5801402353,5869.6197328571,6836.615491
427,427,9,9,0,0.0,59960.474849,4,23062.59754,1,1455.971994,0.063131,0.0,0.0,0.0,2,5,4,9,2,15.840001,0.0,0.5,0.38463,1.0,0.38463,0.063131,0.444444,0.111111,0.0,0.0,6662.2749832222,5765.649385,1455.971994
428,428,21,20,1,0.047619,38115.868865,1,5345.657897,11,5361.92841,1.0,0.0,12545.379364,-12545.379364,6,5,4,18,0,0.996966,0.0,0.0,0.140248,1.166667,0.140248,1.003044,0.055556,0.611111,0.329138,0.0,1815.0413745238,5345.657897,487.4480372727
429,429,15,15,0,0.0,62721.047875,3,11606.256748,2,4168.689414,0.359176,13877.872466,13719.595087,158.277379,2,5,4,15,2,2.78415,0.988595,0.666667,0.185046,1.0,0.185046,0.359176,0.2,0.133333,0.21874,0.011405,4181.4031916667,3868.7522493333,2084.344707
430,430,16,16,0,0.0,56603.584272,2,10140.847062,4,7363.155043,0.726089,9589.533365,5337.254752,4252.278613,5,5,4,14,1,1.377242,0.556571,0.5,0.179156,1.142857,0.179156,0.726089,0.142857,0.285714,0.094292,0.443429,3537.724017,5070.423531,1840.78876075
431,431,17,16,1,0.058824,58711.049783,2,12021.448458,8,15439.091138,1.0,4298.668994,7744.539703,-3445.870709,4,5,4,16,1,0.778637,1.801613,0.5,0.204756,1.0625,0.204756,1.284295,0.125,0.5,0.131909,-0.801613,3453.5911637059,6010.724229,1929.88639225
432,432,7,6,1,0.142857,35897.176256,1,4718.069767,0,0.0,0.0,884.838631,8361.616623,-7476.777992,3,4,4,7,0,0.0,9.449877,0.0,0.131433,1.0,0.131433,0.0,0.142857,0.0,0.232932,-8.449877,5128.1680365714,4718.069767,0.0
433,433,10,10,0,0.0,28536.338811,2,9967.836519,7,9875.452449,0.990732,0.0,8693.049843,-8693.049843,0,5,3,10,0,1.009355,0.0,0.0,0.349303,1.0,0.349303,0.990732,0.2,0.7,0.304631,0.0,2853.6338811,4983.9182595,1410.7789212857
434,434,12,12,0,0.0,61577.25592,0,0.0,0,0.0,0.0,16996.334248,6497.096021,10499.238227,6,5,3,11,0,0.0,0.382265,0.0,0.0,1.090909,0.0,0.0,0.0,0.0,0.105511,0.617735,5131.4379933333,0.0,0.0
435,435,14,14,0,0.0,51315.146945,2,7347.30521,5,1747.17281,0.237798,0.0,6696.112323,-6696.112323,5,4,4,11,1,4.205254,0.0,0.5,0.14318,1.272727,0.14318,0.237798,0.181818,0.454545,0.13049,0.0,3665.3676389286,3673.652605,349.434562
436,436,11,11,0,0.0,56965.242017,0,0.0,0,0.0,0.0,11359.935423,7967.978843,3391.95658,8,5,3,11,0,0.0,0.701411,0.0,0.0,1.0,0.0,0.0,0.0,0.0,0.139874,0.298589,5178.6583651818,0.0,0.0
437,437,13,13,0,0.0,44200.329325,1,1862.258421,6,1862.245349,0.999993,8202.901274,16184.940611,-7982.039337,3,5,4,13,0,1.000007,1.973075,0.0,0.042132,1.0,0.042132,0.999993,0.076923,0.461538,0.366172,-0.973075,3400.0253326923,1862.258421,310.3742248333
438,438,10,10,0,0.0,39781.84623,3,12291.489748,5,9539.57516,0.776112,0.0,17950.781322,-17950.781322,0,4,4,10,0,1.288473,0.0,0.0,0.308972,1.0,0.308972,0.776112,0.3,0.5,0.45123,0.0,3978.184623,4097.1632493333,1907.915032
439,439,12,11,1,0.083333,22626.646311,2,2941.896468,7,3091.518264,1.0,0.0,0.0,0.0,3,5,4,11,0,0.951602,0.0,0.0,0.130019,1.090909,0.130019,1.050859,0.181818,0.636364,0.0,0.0,1885.55385925,1470.948234,441.6454662857
440,440,13,12,1,0.076923,23780.750334,1,7192.671955,11,7277.898474,1.0,0.0,0.0,0.0,1,5,4,12,0,0.98829,0.0,0.0,0.302458,1.083333,0.302458,1.011849,0.083333,0.916667,0.0,0.0,1829.2884872308,7192.671955,661.627134
441,441,7,7,0,0.0,23406.82128,1,6690.025401,3,6568.559968,0.981844,0.0,0.0,0.0,2,3,3,7,1,1.018492,0.0,1.0,0.285815,1.0,0.285815,0.981844,0.142857,0.428571,0.0,0.0,3343.8316114286,6690.025401,2189.5199893333
442,442,18,17,1,0.055556,97839.261458,0,0.0,0,0.0,0.0,25584.069061,12729.637546,12854.431515,12,5,4,15,0,0.0,0.497561,0.0,0.0,1.2,0.0,0.0,0.0,0.0,0.130108,0.502439,5435.5145254444,0.0,0.0
443,443,12,12,0,0.0,63898.08633,0,0.0,0,0.0,0.0,28879.182691,14724.868602,14154.314089,5,5,4,12,0,0.0,0.509878,0.0,0.0,1.0,0.0,0.0,0.0,0.0,0.230443,0.490122,5324.8405275,0.0,0.0
444,444,18,17,1,0.055556,52736.43339,2,15196.150925,10,15178.314945,0.998826,0.0,15616.127769,-15616.127769,3,5,4,17,0,1.001175,0.0,0.0,0.288153,1.058824,0.288153,0.998826,0.117647,0.588235,0.296116,0.0,2929.801855,7598.0754625,1517.8314945
445,445,14,11,3,0.214286,48409.212993,2,3568.83075,0,0.0,0.0,7111.35573,18372.32173,-11260.966,8,5,4,14,0,0.0,2.583519,0.0,0.073722,1.0,0.073722,0.0,0.142857,0.0,0.379521,-1.583519,3457.8009280714,1784.415375,0.0
447,447,13,12,1,0.076923,46676.375101,2,6892.709307,1,1559.28787,0.226223,0.0,8271.375211,-8271.375211,7,5,4,13,1,4.420421,0.0,0.5,0.14767,1.0,0.14767,0.226223,0.153846,0.076923,0.177207,0.0,3590.4903923846,3446.3546535,1559.28787
448,448,19,16,3,0.157895,55334.12549,3,9807.286523,9,2004.685943,0.204408,13083.104169,0.0,13083.104169,5,5,4,15,0,4.892181,0.0,0.0,0.177238,1.266667,0.177238,0.204408,0.2,0.6,0.0,1.0,2912.3223942105,3269.0955076667,222.7428825556
449,449,20,20,0,0.0,43385.735116,1,1113.514949,10,1113.514825,1.0,0.0,0.0,0.0,9,5,4,19,0,1.0,0.0,0.0,0.025665,1.052632,0.025665,1.0,0.052632,0.526316,0.0,0.0,2169.2867558,1113.514949,111.3514825
450,450,11,10,1,0.090909,47545.387352,2,5508.475618,1,966.896492,0.175529,476.808607,7112.014609,-6635.206002,5,4,3,10,0,5.697069,14.915869,0.0,0.115857,1.1,0.115857,0.175529,0.2,0.1,0.149584,-13.915869,4322.3079410909,2754.237809,966.896492
451,451,7,7,0,0.0,33106.926122,0,0.0,0,0.0,0.0,7926.011161,8534.780014,-608.768853,5,4,4,7,0,0.0,1.076806,0.0,0.0,1.0,0.0,0.0,0.0,0.0,0.257794,-0.076806,4729.5608745714,0.0,0.0
452,452,10,10,0,0.0,17972.473467,1,8838.779168,8,8837.493579,0.999855,0.0,0.0,0.0,1,5,4,10,0,1.000145,0.0,0.0,0.491795,1.0,0.491795,0.999855,0.1,0.8,0.0,0.0,1797.2473467,8838.779168,1104.686697375
453,453,11,11,0,0.0,50634.020021,3,11435.737844,2,3262.823038,0.285318,5153.01116,0.0,5153.01116,3,5,4,11,2,3.50486,0.0,0.666667,0.225851,1.0,0.225851,0.285318,0.272727,0.181818,0.0,1.0,4603.0927291818,3811.9126146667,1631.411519
454,454,9,9,0,0.0,29154.587185,1,9768.97783,6,9718.635633,0.994847,2857.585642,0.0,2857.585642,1,4,4,9,0,1.00518,0.0,0.0,0.335075,1.0,0.335075,0.994847,0.111111,0.666667,0.0,1.0,3239.3985761111,9768.97783,1619.7726055
455,455,26,25,1,0.038462,66453.854581,2,11993.359733,16,11989.581625,0.999685,9018.232129,11592.342902,-2574.110773,3,5,4,23,1,1.000315,1.285434,0.5,0.180477,1.130435,0.180477,0.999685,0.086957,0.695652,0.174442,-0.285434,2555.9174838846,5996.6798665,749.3488515625
456,456,13,13,0,0.0,53749.498496,1,9222.304475,5,8649.896472,0.937932,13403.773799,22473.52375,-9069.749951,0,4,4,11,0,1.066175,1.676656,0.0,0.171579,1.181818,0.171579,0.937932,0.090909,0.454545,0.418116,-0.676656,4134.5768073846,9222.304475,1729.9792944
457,457,14,14,0,0.0,35369.719438,4,14721.196988,7,14458.583983,0.982161,5162.260631,0.0,5162.260631,2,5,4,14,0,1.018163,0.0,0.0,0.416209,1.0,0.416209,0.982161,0.285714,0.5,0.0,1.0,2526.4085312857,3680.299247,2065.5119975714
458,458,9,9,0,0.0,47602.613178,1,3129.070659,0,0.0,0.0,4212.985504,16097.833811,-11884.848307,5,5,2,8,0,0.0,3.821004,0.0,0.065733,1.125,0.065733,0.0,0.125,0.0,0.338171,-2.821004,5289.179242,3129.070659,0.0
459,459,4,3,1,0.25,21386.255916,0,0.0,0,0.0,0.0,568.239244,0.0,568.239244,3,4,2,4,0,0.0,0.0,0.0,0.0,1.0,0.0,0.0,0.0,0.0,0.0,1.0,5346.563979,0.0,0.0
460,460,16,15,1,0.0625,29605.636848,1,3232.713781,8,3250.748915,1.0,1013.830071,0.0,1013.830071,6,5,4,14,0,0.994452,0.0,0.0,0.109193,1.142857,0.109193,1.005579,0.071429,0.571429,0.0,1.0,1850.352303,3232.713781,406.343614375
461,461,13,12,1,0.076923,71322.479081,0,0.0,0,0.0,0.0,24154.914079,15202.618083,8952.295996,7,5,3,13,0,0.0,0.62938,0.0,0.0,1.0,0.0,0.0,0.0,0.0,0.213153,0.37062,5486.3445446923,0.0,0.0
462,462,15,15,0,0.0,17546.724826,1,113.499292,10,113.498856,0.999996,7565.302261,0.0,7565.302261,3,5,3,15,0,1.000004,0.0,0.0,0.006468,1.0,0.006468,0.999996,0.066667,0.666667,0.0,1.0,1169.7816550667,113.499292,11.3498856
463,463,17,16,1,0.058824,56252.469369,1,6337.361501,8,6336.16612,0.999811,10935.033378,3618.860717,7316.172661,5,5,4,17,0,1.000189,0.330942,0.0,0.112659,1.0,0.112659,0.999811,0.058824,0.470588,0.064332,0.669058,3308.9687864118,6337.361501,792.020765
464,464,13,12,1,0.076923,82234.338075,6,36486.780834,0,0.0,0.0,0.0,3741.733029,-3741.733029,2,5,4,13,4,0.0,0.0,0.666667,0.443693,1.0,0.443693,0.0,0.461538,0.0,0.045501,0.0,6325.7183134615,6081.130139,0.0
465,465,13,13,0,0.0,49684.628337,1,9996.40968,5,9983.719901,0.998731,3713.413091,12337.125724,-8623.712633,3,5,4,12,0,1.001271,3.322314,0.0,0.201197,1.083333,0.201197,0.998731,0.083333,0.416667,0.248309,-2.322314,3821.8944874615,9996.40968,1996.7439802
466,466,16,16,0,0.0,98508.299878,0,0.0,0,0.0,0.0,20298.194566,12206.37436,8091.820206,11,5,4,16,0,0.0,0.601353,0.0,0.0,1.0,0.0,0.0,0.0,0.0,0.123912,0.398647,6156.768742375,0.0,0.0
467,467,13,11,2,0.153846,33080.472656,1,4220.376728,5,4854.481674,1.0,0.0,12637.665656,-12637.665656,4,4,4,11,1,0.869377,0.0,1.0,0.127579,1.181818,0.127579,1.150248,0.090909,0.454545,0.382028,0.0,2544.6517427692,4220.376728,970.8963348
468,468,13,13,0,0.0,72208.649137,0,0.0,0,0.0,0.0,6108.074596,18787.538704,-12679.464108,9,4,4,12,0,0.0,3.075853,0.0,0.0,1.083333,0.0,0.0,0.0,0.0,0.260184,-2.075853,5554.5114720769,0.0,0.0
469,469,18,18,0,0.0,86533.693536,0,0.0,0,0.0,0.0,7611.774418,4005.19361,3606.580808,15,5,4,18,0,0.0,0.526184,0.0,0.0,1.0,0.0,0.0,0.0,0.0,0.046285,0.473816,4807.4274186667,0.0,0.0
470,470,10,9,1,0.1,45200.550019,6,23261.960461,1,2697.71338,0.115971,0.0,7833.905314,-7833.905314,0,4,3,10,2,8.622844,0.0,0.333333,0.514639,1.0,0.514639,0.115971,0.6,0.1,0.173314,0.0,4520.0550019,3876.9934101667,2697.71338
471,471,9,9,0,0.0,49237.364707,0,0.0,0,0.0,0.0,17818.333737,3388.988951,14429.344786,5,5,3,9,0,0.0,0.190197,0.0,0.0,1.0,0.0,0.0,0.0,0.0,0.06883,0.809803,5470.8183007778,0.0,0.0
472,472,14,14,0,0.0,73998.971646,0,0.0,0,0.0,0.0,15759.769766,2935.570234,12824.199532,8,4,4,14,0,0.0,0.18627,0.0,0.0,1.0,0.0,0.0,0.0,0.0,0.03967,0.81373,5285.6408318571,0.0,0.0
473,473,19,19,0,0.0,61891.115096,3,15180.406215,9,15175.288854,0.999663,0.0,9383.815582,-9383.815582,5,5,4,18,0,1.000337,0.0,0.0,0.245276,1.055556,0.245276,0.999663,0.166667,0.5,0.151618,0.0,3257.4271103158,5060.135405,1686.143206
474,474,14,14,0,0.0,55868.063429,3,20977.909937,6,10308.215222,0.491384,9165.518214,6988.925614,2176.5926,1,5,4,12,0,2.035067,0.762524,0.0,0.37549,1.166667,0.37549,0.491384,0.25,0.5,0.125097,0.237476,3990.5759592143,6992.6366456667,1718.0358703333
475,475,6,6,0,0.0,27257.685713,1,8241.349472,1,2275.736123,0.276136,0.0,0.0,0.0,3,4,3,6,1,3.621399,0.0,1.0,0.30235,1.0,0.30235,0.276136,0.166667,0.166667,0.0,0.0,4542.9476188333,8241.349472,2275.736123
476,476,10,10,0,0.0,8677.89856,1,3839.951301,8,3828.030506,0.996896,0.0,0.0,0.0,1,5,4,10,0,1.003114,0.0,0.0,0.442498,1.0,0.442498,0.996896,0.1,0.8,0.0,0.0,867.789856,3839.951301,478.50381325
477,477,16,15,1,0.0625,108349.828159,1,9135.11288,2,9121.974667,0.998562,35549.585527,25181.61788,10367.967647,5,5,4,13,0,1.00144,0.708352,0.0,0.084311,1.230769,0.084311,0.998562,0.076923,0.153846,0.23241,0.291648,6771.8642599375,9135.11288,4560.9873335
478,478,13,12,1,0.076923,65304.844018,0,0.0,0,0.0,0.0,11602.916471,10546.355146,1056.561325,8,5,3,12,0,0.0,0.90894,0.0,0.0,1.083333,0.0,0.0,0.0,0.0,0.161494,0.09106,5023.4495398462,0.0,0.0
479,479,13,13,0,0.0,71358.783682,6,31637.620897,3,6887.059061,0.217686,0.0,0.0,0.0,2,4,4,13,2,4.593778,0.0,0.333333,0.44336,1.0,0.44336,0.217686,0.461538,0.230769,0.0,0.0,5489.1372063077,5272.9368161667,2295.6863536667
480,480,11,11,0,0.0,52274.209893,1,9141.329245,3,6345.043094,0.694105,2765.645561,4562.191592,-1796.546031,4,4,4,10,0,1.440704,1.649594,0.0,0.174873,1.1,0.174873,0.694105,0.1,0.3,0.087274,-0.649594,4752.2008993636,9141.329245,2115.0143646667
481,481,10,9,1,0.1,22375.012787,1,9158.553813,8,11783.21334,1.0,1433.245634,0.0,1433.245634,0,5,4,10,0,0.777254,0.0,0.0,0.409321,1.0,0.409321,1.28658,0.1,0.8,0.0,1.0,2237.5012787,9158.553813,1472.9016675
482,482,14,14,0,0.0,62368.821336,1,8000.68659,3,7958.178236,0.994687,108.014431,13489.226564,-13381.212133,6,5,4,14,0,1.005341,124.883559,0.0,0.12828,1.0,0.12828,0.994687,0.071429,0.214286,0.216282,-123.883559,4454.9158097143,8000.68659,2652.7260786667
483,483,20,20,0,0.0,67855.178558,1,9817.41781,12,9817.409088,0.999999,6223.68285,907.385919,5316.296931,5,5,4,19,0,1.000001,0.145796,0.0,0.144682,1.052632,0.144682,0.999999,0.052632,0.631579,0.013372,0.854204,3392.7589279,9817.41781,818.117424
484,484,17,17,0,0.0,52377.023325,2,6924.943875,8,6910.740576,0.997949,22355.382373,0.0,22355.382373,3,5,4,16,1,1.002055,0.0,0.5,0.132213,1.0625,0.132213,0.997949,0.125,0.5,0.0,1.0,3081.0013720588,3462.4719375,863.842572
485,485,14,14,0,0.0,50980.385648,1,4999.996051,5,4989.033436,0.997807,4383.709729,2427.83773,1955.871999,6,4,4,14,0,1.002197,0.553832,0.0,0.098077,1.0,0.098077,0.997807,0.071429,0.357143,0.047623,0.446168,3641.4561177143,4999.996051,997.8066872
486,486,17,16,1,0.058824,63979.167489,8,30859.158676,2,1406.489369,0.045578,0.0,1209.84905,-1209.84905,1,5,4,16,5,21.940556,0.0,0.625,0.482331,1.0625,0.482331,0.045578,0.5,0.125,0.01891,0.0,3763.4804405294,3857.3948345,703.2446845
487,487,15,14,1,0.066667,27877.028887,2,11418.28685,11,11126.819608,0.974474,1155.243057,0.0,1155.243057,1,5,4,15,0,1.026195,0.0,0.0,0.409595,1.0,0.409595,0.974474,0.133333,0.733333,0.0,1.0,1858.4685924667,5709.143425,1011.5290552727
488,488,10,10,0,0.0,45267.078173,4,19942.724541,3,8468.537028,0.424643,0.0,1357.945401,-1357.945401,1,5,4,9,1,2.35492,0.0,0.25,0.440557,1.111111,0.440557,0.424643,0.444444,0.333333,0.029999,0.0,4526.7078173,4985.68113525,2822.845676
489,489,17,17,0,0.0,53387.605752,1,8717.234845,11,8717.221343,0.999998,8829.125327,0.0,8829.125327,4,5,4,17,0,1.000002,0.0,0.0,0.163282,1.0,0.163282,0.999998,0.058824,0.647059,0.0,1.0,3140.4473971765,8717.234845,792.4746675455
490,490,17,15,2,0.117647,17932.345584,1,2426.598379,14,2455.433076,1.0,0.0,7746.134935,-7746.134935,1,5,4,16,0,0.988257,0.0,0.0,0.13532,1.0625,0.13532,1.011883,0.0625,0.875,0.431964,0.0,1054.8438578824,2426.598379,175.3880768571
491,491,9,9,0,0.0,54990.877094,0,0.0,0,0.0,0.0,14274.01492,5248.201251,9025.813669,6,5,3,9,0,0.0,0.367675,0.0,0.0,1.0,0.0,0.0,0.0,0.0,0.095438,0.632325,6110.0974548889,0.0,0.0
492,492,14,13,1,0.071429,47663.50856,3,10918.302548,2,1536.116034,0.140692,0.0,4597.32756,-4597.32756,4,4,4,12,4,7.107733,0.0,1.333333,0.22907,1.166667,0.22907,0.140692,0.25,0.166667,0.096454,0.0,3404.5363257143,3639.4341826667,768.058017
493,493,21,20,1,0.047619,94184.583989,3,17565.226392,2,3469.341775,0.197512,13035.642193,6046.434696,6989.207497,10,5,4,19,2,5.062985,0.463839,0.666667,0.186498,1.105263,0.186498,0.197512,0.157895,0.105263,0.064198,0.536161,4484.9801899524,5855.075464,1734.6708875
494,494,10,10,0,0.0,22458.235719,1,3652.939987,4,3639.309501,0.996269,2109.364049,4146.402882,-2037.038833,3,5,4,10,0,1.003745,1.965712,0.0,0.162655,1.0,0.162655,0.996269,0.1,0.4,0.184627,-0.965712,2245.8235719,3652.939987,909.82737525
495,495,9,9,0,0.0,19514.78067,1,1132.054884,5,1123.574295,0.992509,0.0,11352.740813,-11352.740813,1,4,4,9,0,1.007548,0.0,0.0,0.05801,1.0,0.05801,0.992509,0.111111,0.555556,0.581751,0.0,2168.3089633333,1132.054884,224.714859
496,496,16,15,1,0.0625,51235.557473,1,8232.795912,8,8428.458328,1.0,6353.647383,5239.647659,1113.999724,5,5,3,14,0,0.976786,0.824668,0.0,0.160685,1.142857,0.160685,1.023766,0.071429,0.571429,0.102266,0.175332,3202.2223420625,8232.795912,1053.557291
497,497,22,21,1,0.045455,70333.963526,1,3552.049792,9,4661.087535,1.0,8243.123056,24541.046222,-16297.923166,7,5,4,19,0,0.762065,2.977154,0.0,0.050503,1.157895,0.050503,1.312225,0.052632,0.473684,0.348922,-1.977154,3196.9983420909,3552.049792,517.898615
498,498,15,15,0,0.0,76198.635544,5,28040.208972,1,2685.384225,0.095769,7561.285212,1806.22178,5755.063432,2,5,4,14,5,10.441787,0.238878,1.0,0.367988,1.071429,0.367988,0.095769,0.357143,0.071429,0.023704,0.761122,5079.9090362667,5608.0417944,2685.384225
499,499,22,22,0,0.0,93254.658597,1,2809.146179,3,2034.054881,0.724083,38091.322337,24682.30522,13409.017117,8,5,4,19,0,1.381057,0.647977,0.0,0.030123,1.157895,0.030123,0.724083,0.052632,0.157895,0.264676,0.352023,4238.8481180455,2809.146179,678.0182936667
500,500,12,12,0,0.0,31787.977646,1,8003.968281,9,7945.645098,0.992713,0.0,0.0,0.0,2,5,4,11,0,1.00734,0.0,0.0,0.251792,1.090909,0.251792,0.992713,0.090909,0.818182,0.0,0.0,2648.9981371667,8003.968281,882.8494553333
501,501,15,15,0,0.0,60628.150084,6,21813.846596,1,624.914608,0.028648,4959.286564,0.0,4959.286564,2,4,4,14,5,34.906924,0.0,0.833333,0.359797,1.071429,0.359797,0.028648,0.428571,0.071429,0.0,1.0,4041.8766722667,3635.6410993333,624.914608
502,502,20,20,0,0.0,107839.015152,1,5709.287825,3,5535.66508,0.969589,20156.232092,13473.211831,6683.020261,10,5,4,18,0,1.031364,0.668439,0.0,0.052943,1.111111,0.052943,0.969589,0.055556,0.166667,0.124938,0.331561,5391.9507576,5709.287825,1845.2216933333
503,503,11,11,0,0.0,61307.1653,0,0.0,0,0.0,0.0,0.0,19743.786055,-19743.786055,7,5,4,10,0,0.0,0.0,0.0,0.0,1.1,0.0,0.0,0.0,0.0,0.322047,0.0,5573.3786636364,0.0,0.0
504,504,11,11,0,0.0,24897.044792,2,4431.881646,6,4352.452257,0.982078,0.0,0.0,0.0,2,4,4,11,1,1.018249,0.0,0.5,0.178008,1.0,0.178008,0.982078,0.181818,0.545455,0.0,0.0,2263.3677083636,2215.940823,725.4087095
505,505,16,15,1,0.0625,64246.591744,1,8487.000664,7,8599.839303,1.0,6646.827889,12674.923838,-6028.095949,5,5,4,14,0,0.986879,1.906913,0.0,0.1321,1.142857,0.1321,1.013295,0.071429,0.5,0.197286,-0.906913,4015.411984,8487.000664,1228.5484718571
506,506,20,19,1,0.05,60838.203715,2,10245.478416,10,4039.162216,0.394239,16848.345778,1004.184335,15844.161443,5,5,4,17,0,2.536536,0.059601,0.0,0.168405,1.176471,0.168405,0.394239,0.117647,0.588235,0.016506,0.940399,3041.91018575,5122.739208,403.9162216
507,507,9,9,0,0.0,30997.559602,1,8982.559155,5,8942.389101,0.995528,0.0,3959.85796,-3959.85796,2,4,4,9,0,1.004492,0.0,0.0,0.289783,1.0,0.289783,0.995528,0.111111,0.555556,0.127747,0.0,3444.1732891111,8982.559155,1788.4778202
508,508,20,20,0,0.0,58880.142083,1,3016.597157,4,3008.279327,0.997243,22429.593722,4699.438076,17730.155646,9,5,4,19,0,1.002765,0.20952,0.0,0.051233,1.052632,0.051233,0.997243,0.052632,0.210526,0.079814,0.79048,2944.00710415,3016.597157,752.06983175
509,509,11,10,1,0.090909,16094.660802,2,5118.642807,7,5115.29919,0.999347,0.0,0.0,0.0,2,5,4,11,0,1.000654,0.0,0.0,0.318034,1.0,0.318034,0.999347,0.181818,0.636364,0.0,0.0,1463.150982,2559.3214035,730.7570271429
510,510,14,12,2,0.142857,56542.125035,1,8430.80787,7,8455.119405,1.0,0.0,15586.465056,-15586.465056,3,5,4,13,0,0.997125,0.0,0.0,0.149107,1.076923,0.149107,1.002884,0.076923,0.538462,0.275661,0.0,4038.7232167857,8430.80787,1207.8742007143
511,511,14,14,0,0.0,63575.147188,0,0.0,0,0.0,0.0,28672.450907,7216.884337,21455.56657,8,4,4,14,0,0.0,0.251701,0.0,0.0,1.0,0.0,0.0,0.0,0.0,0.113517,0.748299,4541.081942,0.0,0.0
512,512,8,7,1,0.125,20083.761318,1,9835.713805,6,9754.36705,0.991729,0.0,493.680463,-493.680463,0,4,4,8,0,1.00834,0.0,0.0,0.489735,1.0,0.489735,0.991729,0.125,0.75,0.024581,0.0,2510.47016475,9835.713805,1625.7278416667
513,513,11,11,0,0.0,47550.70011,3,14112.617871,2,3672.008242,0.260193,4817.606301,7679.590083,-2861.983782,1,5,4,10,3,3.843297,1.594068,1.0,0.296791,1.1,0.296791,0.260193,0.3,0.2,0.161503,-0.594068,4322.7909190909,4704.205957,1836.004121
514,514,17,17,0,0.0,66843.953135,6,28042.515747,5,7243.012961,0.258287,0.0,0.0,0.0,3,5,4,14,3,3.871664,0.0,0.5,0.419522,1.214286,0.419522,0.258287,0.428571,0.357143,0.0,0.0,3931.9972432353,4673.7526245,1448.6025922
515,515,12,12,0,0.0,26495.643001,2,8683.981965,7,8365.501974,0.963326,0.0,0.0,0.0,3,5,3,11,0,1.038071,0.0,0.0,0.327751,1.090909,0.327751,0.963326,0.181818,0.636364,0.0,0.0,2207.9702500833,4341.9909825,1195.0717105714
516,516,15,14,1,0.066667,72431.993708,2,10489.327378,0,0.0,0.0,9963.957483,18442.977006,-8479.019523,7,5,4,12,1,0.0,1.850969,0.5,0.144816,1.25,0.144816,0.0,0.166667,0.0,0.254625,-0.850969,4828.7995805333,5244.663689,0.0
517,517,24,24,0,0.0,89720.094042,0,0.0,0,0.0,0.0,27207.276409,16322.733942,10884.542467,11,5,4,20,0,0.0,0.59994,0.0,0.0,1.2,0.0,0.0,0.0,0.0,0.18193,0.40006,3738.33725175,0.0,0.0
518,518,10,10,0,0.0,33994.308052,4,13116.077976,2,6842.906305,0.521719,0.0,0.0,0.0,2,5,4,9,2,1.916741,0.0,0.5,0.385832,1.111111,0.385832,0.521719,0.444444,0.222222,0.0,0.0,3399.4308052,3279.019494,3421.4531525
519,519,15,14,1,0.066667,64617.795627,0,0.0,0,0.0,0.0,12641.105004,14266.081149,-1624.976145,8,4,3,15,0,0.0,1.128547,0.0,0.0,1.0,0.0,0.0,0.0,0.0,0.220776,-0.128547,4307.8530418,0.0,0.0
520,520,11,11,0,0.0,70721.451883,0,0.0,0,0.0,0.0,7417.911878,16407.693731,-8989.781853,7,4,3,10,0,0.0,2.211902,0.0,0.0,1.1,0.0,0.0,0.0,0.0,0.232004,-1.211902,6429.2228984545,0.0,0.0
521,521,11,10,1,0.090909,42297.481842,2,15299.920274,6,15286.411148,0.999117,0.0,0.0,0.0,3,5,4,10,0,1.000884,0.0,0.0,0.361722,1.1,0.361722,0.999117,0.2,0.6,0.0,0.0,3845.225622,7649.960137,2547.7351913333
522,522,12,12,0,0.0,52482.590795,0,0.0,0,0.0,0.0,12646.332735,9521.483523,3124.849212,9,4,4,11,0,0.0,0.752905,0.0,0.0,1.090909,0.0,0.0,0.0,0.0,0.181422,0.247095,4373.5492329167,0.0,0.0
523,523,10,10,0,0.0,62858.62403,0,0.0,0,0.0,0.0,13677.302814,9214.158867,4463.143947,7,5,3,10,0,0.0,0.673682,0.0,0.0,1.0,0.0,0.0,0.0,0.0,0.146585,0.326318,6285.862403,0.0,0.0
524,524,10,10,0,0.0,42810.174597,1,1764.325661,1,937.07007,0.531121,12904.386822,3414.186657,9490.200165,4,4,3,10,0,1.882811,0.264576,0.0,0.041213,1.0,0.041213,0.531121,0.1,0.1,0.079752,0.735424,4281.0174597,1764.325661,937.07007
525,525,11,11,0,0.0,55785.497688,0,0.0,0,0.0,0.0,28304.922468,3196.285784,25108.636684,4,5,4,10,0,0.0,0.112923,0.0,0.0,1.1,0.0,0.0,0.0,0.0,0.057296,0.887077,5071.4088807273,0.0,0.0
526,526,14,14,0,0.0,51594.354668,2,18415.866031,9,18323.34902,0.994976,0.0,3026.762125,-3026.762125,2,5,4,12,0,1.005049,0.0,0.0,0.356936,1.166667,0.356936,0.994976,0.166667,0.75,0.058665,0.0,3685.3110477143,9207.9330155,2035.9276688889
527,527,12,12,0,0.0,64495.652625,1,8957.818008,1,6616.47255,0.738625,0.0,13685.859247,-13685.859247,7,5,4,12,0,1.353866,0.0,0.0,0.13889,1.0,0.13889,0.738625,0.083333,0.083333,0.212198,0.0,5374.63771875,8957.818008,6616.47255
528,528,11,11,0,0.0,53914.791324,0,0.0,0,0.0,0.0,28107.951952,1767.365351,26340.586601,4,4,4,11,0,0.0,0.062878,0.0,0.0,1.0,0.0,0.0,0.0,0.0,0.032781,0.937122,4901.3446658182,0.0,0.0
529,529,13,11,2,0.153846,19575.230913,1,862.461242,7,1200.854612,1.0,5675.887116,3360.955243,2314.931873,3,4,3,13,0,0.718206,0.592146,0.0,0.044059,1.0,0.044059,1.392358,0.076923,0.538462,0.171694,0.407854,1505.7869933077,862.461242,171.5506588571
530,530,10,10,0,0.0,41382.408827,0,0.0,0,0.0,0.0,0.0,11439.958023,-11439.958023,7,5,3,10,0,0.0,0.0,0.0,0.0,1.0,0.0,0.0,0.0,0.0,0.276445,0.0,4138.2408827,0.0,0.0
531,531,8,8,0,0.0,30164.25059,1,539.20999,3,512.765766,0.950957,8630.370085,9048.860311,-418.490226,2,3,3,8,0,1.051572,1.04849,0.0,0.017876,1.0,0.017876,0.950957,0.125,0.375,0.299986,-0.04849,3770.53132375,539.20999,170.921922
532,532,13,13,0,0.0,42402.845088,1,1892.40472,1,1527.485956,0.807167,7584.622702,8191.750223,-607.127521,5,5,4,13,0,1.238902,1.080047,0.0,0.044629,1.0,0.044629,0.807167,0.076923,0.076923,0.193189,-0.080047,3261.7573144615,1892.40472,1527.485956
533,533,14,14,0,0.0,46669.395285,1,4841.137671,7,4826.903238,0.99706,1835.2712,9522.61255,-7687.34135,3,5,4,14,0,1.002949,5.188668,0.0,0.103733,1.0,0.103733,0.99706,0.071429,0.5,0.204044,-4.188668,3333.5282346429,4841.137671,689.5576054286
534,534,14,13,1,0.071429,56603.297739,1,9068.64735,5,8692.007408,0.958468,2528.704444,6251.786864,-3723.08242,5,5,3,14,0,1.043332,2.472328,0.0,0.160214,1.0,0.160214,0.958468,0.071429,0.357143,0.110449,-1.472328,4043.0926956429,9068.64735,1738.4014816
535,535,9,8,1,0.111111,26578.332769,1,6851.749887,3,6767.378467,0.987686,0.0,17.78754,-17.78754,3,4,4,9,1,1.012467,0.0,1.0,0.257795,1.0,0.257795,0.987686,0.111111,0.333333,0.000669,0.0,2953.1480854444,6851.749887,2255.7928223333
536,536,10,10,0,0.0,62291.037925,4,23645.712603,0,0.0,0.0,2800.690838,7677.910068,-4877.21923,1,5,4,9,3,0.0,2.741434,0.75,0.379601,1.111111,0.379601,0.0,0.444444,0.0,0.123259,-1.741434,6229.1037925,5911.42815075,0.0
537,537,7,7,0,0.0,38209.065975,0,0.0,0,0.0,0.0,7705.946756,4393.763547,3312.183209,5,4,3,7,0,0.0,0.570178,0.0,0.0,1.0,0.0,0.0,0.0,0.0,0.114993,0.429822,5458.4379964286,0.0,0.0
538,538,23,22,1,0.043478,56713.074155,2,9330.031854,10,4183.428801,0.448383,6331.99532,14440.622015,-8108.626695,6,5,4,20,1,2.230236,2.28058,0.5,0.164513,1.15,0.164513,0.448383,0.1,0.5,0.254626,-1.28058,2465.7858328261,4665.015927,418.3428801
539,539,14,14,0,0.0,76045.938302,1,2132.617279,0,0.0,0.0,18128.900181,11799.660983,6329.239198,8,5,4,14,0,0.0,0.650876,0.0,0.028044,1.0,0.028044,0.0,0.071429,0.0,0.155165,0.349124,5431.8527358571,2132.617279,0.0
540,540,8,8,0,0.0,525.035279,1,262.519991,7,262.515288,0.999982,0.0,0.0,0.0,0,3,3,7,0,1.000018,0.0,0.0,0.500004,1.142857,0.500004,0.999982,0.142857,1.0,0.0,0.0,65.629409875,262.519991,37.502184
541,541,12,12,0,0.0,51870.555647,5,22566.628745,1,3241.823206,0.143656,2381.882479,0.0,2381.882479,3,5,4,12,2,6.961092,0.0,0.4,0.435057,1.0,0.435057,0.143656,0.416667,0.083333,0.0,1.0,4322.5463039167,4513.325749,3241.823206
542,542,14,14,0,0.0,34446.736855,2,5804.058526,8,5758.177085,0.992095,7288.395432,0.0,7288.395432,2,5,4,14,0,1.007968,0.0,0.0,0.168494,1.0,0.168494,0.992095,0.142857,0.571429,0.0,1.0,2460.4812039286,2902.029263,719.772135625
543,543,13,12,1,0.076923,44851.56796,1,8308.174805,6,8300.871807,0.999121,0.0,8471.967169,-8471.967169,5,5,4,10,0,1.00088,0.0,0.0,0.185237,1.3,0.185237,0.999121,0.1,0.6,0.188889,0.0,3450.1206123077,8308.174805,1383.4786345
544,544,18,16,2,0.111111,116974.682095,0,0.0,0,0.0,0.0,8062.197492,17648.181541,-9585.984049,14,5,4,17,0,0.0,2.189004,0.0,0.0,1.058824,0.0,0.0,0.0,0.0,0.150872,-1.189004,6498.5934497222,0.0,0.0
545,545,12,12,0,0.0,52255.058399,2,15480.268879,3,13012.134941,0.840563,5614.517697,1173.314625,4441.203072,3,5,4,12,1,1.189679,0.208979,0.5,0.296244,1.0,0.296244,0.840563,0.166667,0.25,0.022454,0.791021,4354.5881999167,7740.1344395,4337.3783136667
546,546,12,12,0,0.0,43027.616065,2,4346.385326,1,1836.863738,0.422619,21149.548654,5231.766903,15917.781751,3,5,4,10,1,2.366199,0.24737,0.5,0.101014,1.2,0.101014,0.422619,0.2,0.1,0.121591,0.75263,3585.6346720833,2173.192663,1836.863738
547,547,14,13,1,0.071429,83644.972877,5,29366.937466,0,0.0,0.0,15547.181018,7907.133695,7640.047323,3,5,3,13,3,0.0,0.50859,0.6,0.35109,1.076923,0.35109,0.0,0.384615,0.0,0.094532,0.49141,5974.6409197857,5873.3874932,0.0
548,548,11,11,0,0.0,41085.443666,1,8782.508226,3,8609.90259,0.980347,0.0,6249.642528,-6249.642528,5,5,4,10,0,1.020047,0.0,0.0,0.213762,1.1,0.213762,0.980347,0.1,0.3,0.152113,0.0,3735.0403332727,8782.508226,2869.96753
549,549,9,9,0,0.0,45987.220909,0,0.0,0,0.0,0.0,8214.554324,13048.642027,-4834.087703,4,4,3,8,0,0.0,1.588478,0.0,0.0,1.125,0.0,0.0,0.0,0.0,0.283745,-0.588478,5109.6912121111,0.0,0.0
550,550,9,9,0,0.0,25562.338171,1,762.197835,4,750.443201,0.984578,9902.241743,8071.187827,1831.053916,1,5,4,9,0,1.015664,0.815087,0.0,0.029817,1.0,0.029817,0.984578,0.111111,0.444444,0.315745,0.184913,2840.2597967778,762.197835,187.61080025
551,551,15,15,0,0.0,50806.867484,2,16126.846883,10,12800.1414,0.793716,9906.776776,0.0,9906.776776,2,5,4,15,0,1.259896,0.0,0.0,0.317415,1.0,0.317415,0.793716,0.133333,0.666667,0.0,1.0,3387.1244989333,8063.4234415,1280.01414
552,552,16,16,0,0.0,92050.00752,0,0.0,0,0.0,0.0,25306.339279,18305.593161,7000.746118,9,5,4,15,0,0.0,0.72336,0.0,0.0,1.066667,0.0,0.0,0.0,0.0,0.198866,0.27664,5753.12547,0.0,0.0
553,553,13,12,1,0.076923,31576.23241,2,10342.07119,7,4099.89102,0.396428,0.0,3724.122889,-3724.122889,2,5,3,12,1,2.522523,0.0,0.5,0.327527,1.083333,0.327527,0.396428,0.166667,0.583333,0.117941,0.0,2428.9409546154,5171.035595,585.6987171429
554,554,13,13,0,0.0,43138.58465,1,6729.332526,5,6721.952506,0.998903,6209.139845,15526.938708,-9317.798863,3,5,4,12,0,1.001098,2.500659,0.0,0.155993,1.083333,0.155993,0.998903,0.083333,0.416667,0.359932,-1.500659,3318.3526653846,6729.332526,1344.3905012
555,555,10,10,0,0.0,51141.665431,0,0.0,0,0.0,0.0,7648.076734,8035.919626,-387.842892,8,5,1,10,0,0.0,1.050711,0.0,0.0,1.0,0.0,0.0,0.0,0.0,0.157131,-0.050711,5114.1665431,0.0,0.0
556,556,10,10,0,0.0,42375.526983,0,0.0,0,0.0,0.0,5225.56941,0.0,5225.56941,7,4,3,9,0,0.0,0.0,0.0,0.0,1.111111,0.0,0.0,0.0,0.0,0.0,1.0,4237.5526983,0.0,0.0
557,557,15,15,0,0.0,61077.063964,1,5057.82477,4,5043.525284,0.997173,29968.870272,13948.464905,16020.405367,2,5,4,15,0,1.002835,0.465432,0.0,0.082811,1.0,0.082811,0.997173,0.066667,0.266667,0.228375,0.534568,4071.8042642667,5057.82477,1260.881321
558,558,13,12,1,0.076923,34059.518854,1,9722.297823,9,11261.128121,1.0,0.0,0.0,0.0,3,5,4,12,0,0.86335,0.0,0.0,0.28545,1.083333,0.28545,1.158278,0.083333,0.75,0.0,0.0,2619.9629887692,9722.297823,1251.2364578889
559,559,16,16,0,0.0,70516.432893,2,10309.150592,2,1363.306243,0.132242,6655.77906,11468.263436,-4812.484376,9,5,4,14,0,7.561874,1.723054,0.0,0.146195,1.142857,0.146195,0.132242,0.142857,0.142857,0.162632,-0.723054,4407.2770558125,5154.575296,681.6531215
560,560,11,11,0,0.0,30242.471671,1,2222.355921,3,1602.90272,0.721263,5887.971919,11776.445787,-5888.473868,4,5,3,9,0,1.386457,2.000085,0.0,0.073485,1.222222,0.073485,0.721263,0.111111,0.333333,0.389401,-1.000085,2749.3156064545,2222.355921,534.3009066667
561,561,16,16,0,0.0,33469.591651,2,5141.946442,8,4756.683716,0.925075,0.0,13607.511974,-13607.511974,3,5,4,14,1,1.080994,0.0,0.5,0.15363,1.142857,0.15363,0.925075,0.142857,0.571429,0.406563,0.0,2091.8494781875,2570.973221,594.5854645
562,562,8,8,0,0.0,33634.670397,3,14178.827359,1,2103.982467,0.148389,6745.790584,0.0,6745.790584,1,4,3,7,2,6.739043,0.0,0.666667,0.421554,1.142857,0.421554,0.148389,0.428571,0.142857,0.0,1.0,4204.333799625,4726.2757863333,2103.982467
563,563,7,7,0,0.0,31622.589699,0,0.0,0,0.0,0.0,10695.055378,193.229885,10501.825493,3,3,3,7,0,0.0,0.018067,0.0,0.0,1.0,0.0,0.0,0.0,0.0,0.006111,0.981933,4517.5128141429,0.0,0.0
564,564,10,8,2,0.2,40961.341991,3,13750.062049,1,351.804185,0.025586,0.0,14131.237982,-14131.237982,3,5,4,10,1,39.084419,0.0,0.333333,0.335684,1.0,0.335684,0.025586,0.3,0.1,0.34499,0.0,4096.1341991,4583.3540163333,351.804185
565,565,15,15,0,0.0,65565.958915,2,16588.537785,4,5994.938097,0.36139,9163.944341,9079.278221,84.66612,5,5,4,13,1,2.767091,0.990761,0.5,0.253005,1.153846,0.253005,0.36139,0.153846,0.307692,0.138475,0.009239,4371.0639276667,8294.2688925,1498.73452425
566,566,13,12,1,0.076923,57857.447776,3,14213.176346,0,0.0,0.0,10342.217169,1127.251705,9214.965464,3,5,4,13,3,0.0,0.108995,1.0,0.245659,1.0,0.245659,0.0,0.230769,0.0,0.019483,0.891005,4450.5729058462,4737.7254486667,0.0
567,567,16,16,0,0.0,82646.024412,0,0.0,0,0.0,0.0,18727.230618,14095.710986,4631.519632,10,5,3,16,0,0.0,0.752685,0.0,0.0,1.0,0.0,0.0,0.0,0.0,0.170555,0.247315,5165.37652575,0.0,0.0
568,568,12,12,0,0.0,57361.13076,2,11275.180112,3,11073.324508,0.982097,0.0,0.0,0.0,7,4,3,11,0,1.018229,0.0,0.0,0.196565,1.090909,0.196565,0.982097,0.181818,0.272727,0.0,0.0,4780.09423,5637.590056,3691.1081693333
569,569,10,8,2,0.2,25553.18394,2,8151.080526,5,6213.675128,0.762313,0.0,0.0,0.0,3,4,4,10,0,1.311797,0.0,0.0,0.318985,1.0,0.318985,0.762313,0.2,0.5,0.0,0.0,2555.318394,4075.540263,1242.7350256
570,570,13,13,0,0.0,63193.117822,0,0.0,0,0.0,0.0,14717.221936,14397.562477,319.659459,7,5,3,12,0,0.0,0.97828,0.0,0.0,1.083333,0.0,0.0,0.0,0.0,0.227834,0.02172,4861.0090632308,0.0,0.0
571,571,12,11,1,0.083333,18473.097936,1,1152.868058,7,1155.318844,1.0,2590.276658,12250.424962,-9660.148304,1,5,3,12,0,0.997879,4.729389,0.0,0.062408,1.0,0.062408,1.002126,0.083333,0.583333,0.663149,-3.729389,1539.424828,1152.868058,165.0455491429
572,572,23,23,0,0.0,127838.656283,0,0.0,0,0.0,0.0,21528.236621,38283.396095,-16755.159474,12,5,4,22,0,0.0,1.778288,0.0,0.0,1.045455,0.0,0.0,0.0,0.0,0.299467,-0.778288,5558.202447087,0.0,0.0
573,573,10,10,0,0.0,37766.846218,0,0.0,0,0.0,0.0,8302.690012,1617.784757,6684.905255,7,3,4,10,0,0.0,0.194851,0.0,0.0,1.0,0.0,0.0,0.0,0.0,0.042836,0.805149,3776.6846218,0.0,0.0
574,574,10,10,0,0.0,26132.737743,3,8205.570993,2,179.7392,0.021905,9721.595757,0.0,9721.595757,0,5,4,10,3,45.652651,0.0,1.0,0.313996,1.0,0.313996,0.021905,0.3,0.2,0.0,1.0,2613.2737743,2735.190331,89.8696
575,575,6,5,1,0.166667,23882.241374,0,0.0,0,0.0,0.0,0.0,0.0,0.0,6,5,0,5,0,0.0,0.0,0.0,0.0,1.2,0.0,0.0,0.0,0.0,0.0,0.0,3980.3735623333,0.0,0.0
576,576,11,11,0,0.0,15860.301004,2,4649.130255,8,4649.116707,0.999997,0.0,6562.054042,-6562.054042,0,5,4,9,0,1.000003,0.0,0.0,0.29313,1.222222,0.29313,0.999997,0.222222,0.888889,0.413741,0.0,1441.8455458182,2324.5651275,581.139588375
577,577,15,15,0,0.0,15812.140152,1,4380.007177,12,4380.003605,0.999999,3894.810086,3157.319284,737.490802,0,5,4,15,0,1.000001,0.810648,0.0,0.277003,1.0,0.277003,0.999999,0.066667,0.8,0.199677,0.189352,1054.1426768,4380.007177,365.0003004167
578,578,12,12,0,0.0,60382.40867,1,5811.02701,0,0.0,0.0,9447.983537,18536.050844,-9088.067307,6,5,2,12,0,0.0,1.961905,0.0,0.096237,1.0,0.096237,0.0,0.083333,0.0,0.306978,-0.961905,5031.8673891667,5811.02701,0.0
579,579,10,10,0,0.0,36134.151153,1,4429.209334,3,3191.520788,0.720562,5049.530108,0.0,5049.530108,5,5,4,8,0,1.387805,0.0,0.0,0.122577,1.25,0.122577,0.720562,0.125,0.375,0.0,1.0,3613.4151153,4429.209334,1063.8402626667
580,580,11,10,1,0.090909,32344.374545,2,8719.238993,6,8690.452817,0.996699,7229.752554,6946.557495,283.195059,1,4,4,10,0,1.003312,0.960829,0.0,0.269575,1.1,0.269575,0.996699,0.2,0.6,0.214769,0.039171,2940.3976859091,4359.6194965,1448.4088028333
581,581,14,14,0,0.0,34444.794887,1,5179.620547,8,5162.135071,0.996624,4122.822194,7607.723856,-3484.901662,3,5,4,13,0,1.003387,1.845271,0.0,0.150375,1.076923,0.150375,0.996624,0.076923,0.615385,0.220867,-0.845271,2460.3424919286,5179.620547,645.266883875
582,582,17,16,1,0.058824,67027.180646,0,0.0,0,0.0,0.0,19746.325141,6787.729307,12958.595834,11,5,4,16,0,0.0,0.343746,0.0,0.0,1.0625,0.0,0.0,0.0,0.0,0.101268,0.656254,3942.7753321176,0.0,0.0
583,583,14,13,1,0.071429,52891.804945,0,0.0,0,0.0,0.0,20671.875475,1160.20616,19511.669315,8,5,4,14,0,0.0,0.056125,0.0,0.0,1.0,0.0,0.0,0.0,0.0,0.021935,0.943875,3777.9860675,0.0,0.0
584,584,18,18,0,0.0,75590.683135,7,32477.561485,0,0.0,0.0,0.0,12492.7456,-12492.7456,4,5,4,15,5,0.0,0.0,0.714286,0.42965,1.2,0.42965,0.0,0.466667,0.0,0.165268,0.0,4199.4823963889,4639.6516407143,0.0
585,585,9,9,0,0.0,45982.08793,1,6813.948145,0,0.0,0.0,3848.343476,17303.615157,-13455.271681,4,4,3,8,0,0.0,4.49638,0.0,0.148187,1.125,0.148187,0.0,0.125,0.0,0.376312,-3.49638,5109.1208811111,6813.948145,0.0
586,586,12,12,0,0.0,32259.868158,1,7654.214636,8,7653.146219,0.99986,0.0,0.0,0.0,2,5,4,12,1,1.00014,0.0,1.0,0.237267,1.0,0.237267,0.99986,0.083333,0.666667,0.0,0.0,2688.3223465,7654.214636,956.643277375
587,587,9,9,0,0.0,53582.162918,0,0.0,0,0.0,0.0,6704.076763,8847.690331,-2143.613568,6,3,2,8,0,0.0,1.319748,0.0,0.0,1.125,0.0,0.0,0.0,0.0,0.165124,-0.319748,5953.5736575556,0.0,0.0
588,588,16,16,0,0.0,62584.108128,5,28163.980307,4,6494.357471,0.230591,6274.599781,0.0,6274.599781,2,5,4,15,3,4.336685,0.0,0.6,0.450018,1.066667,0.450018,0.230591,0.333333,0.266667,0.0,1.0,3911.506758,5632.7960614,1623.58936775
589,589,13,11,2,0.153846,43640.862012,3,23124.936636,4,11436.407047,0.494549,0.0,1743.333687,-1743.333687,3,5,4,13,1,2.022046,0.0,0.333333,0.529892,1.0,0.529892,0.494549,0.230769,0.307692,0.039947,0.0,3356.9893855385,7708.312212,2859.10176175
590,590,13,13,0,0.0,72167.530445,0,0.0,0,0.0,0.0,0.0,10416.863633,-10416.863633,9,5,4,12,0,0.0,0.0,0.0,0.0,1.083333,0.0,0.0,0.0,0.0,0.144343,0.0,5551.3484957692,0.0,0.0
591,591,10,10,0,0.0,55333.220138,3,16894.194926,0,0.0,0.0,5762.66293,11025.968371,-5263.305441,3,5,4,10,1,0.0,1.913346,0.333333,0.305317,1.0,0.305317,0.0,0.3,0.0,0.199265,-0.913346,5533.3220138,5631.3983086667,0.0
592,592,13,13,0,0.0,14184.06437,1,1720.88573,9,1720.862405,0.999986,1677.286319,0.0,1677.286319,2,5,3,12,0,1.000014,0.0,0.0,0.121325,1.083333,0.121325,0.999986,0.083333,0.75,0.0,1.0,1091.0818746154,1720.88573,191.2069338889
593,593,20,18,2,0.1,91743.56864,0,0.0,0,0.0,0.0,15192.486075,3264.520285,11927.96579,14,5,4,17,0,0.0,0.214877,0.0,0.0,1.176471,0.0,0.0,0.0,0.0,0.035583,0.785123,4587.178432,0.0,0.0
594,594,14,14,0,0.0,34563.037862,3,12181.002348,6,11715.7023,0.961801,0.0,4640.311129,-4640.311129,2,5,4,14,0,1.039716,0.0,0.0,0.352429,1.0,0.352429,0.961801,0.214286,0.428571,0.134256,0.0,2468.7884187143,4060.334116,1952.61705
595,595,8,7,1,0.125,39884.091194,0,0.0,0,0.0,0.0,12901.429013,17307.865222,-4406.436209,3,4,4,8,0,0.0,1.341546,0.0,0.0,1.0,0.0,0.0,0.0,0.0,0.433954,-0.341546,4985.51139925,0.0,0.0
596,596,20,20,0,0.0,75644.546233,1,4162.077408,5,4157.432837,0.998884,21726.834034,5680.565297,16046.268737,8,5,4,19,0,1.001117,0.261454,0.0,0.055022,1.052632,0.055022,0.998884,0.052632,0.263158,0.075096,0.738546,3782.22731165,4162.077408,831.4865674
597,597,13,13,0,0.0,68955.084211,0,0.0,0,0.0,0.0,19612.349779,16425.625348,3186.724431,7,5,3,13,0,0.0,0.837514,0.0,0.0,1.0,0.0,0.0,0.0,0.0,0.238208,0.162486,5304.237247,0.0,0.0
598,598,12,12,0,0.0,43356.099532,2,13020.816285,6,12988.250742,0.997499,0.0,9142.211531,-9142.211531,2,4,4,12,0,1.002507,0.0,0.0,0.300323,1.0,0.300323,0.997499,0.166667,0.5,0.210863,0.0,3613.0082943333,6510.4081425,2164.708457
599,599,16,15,1,0.0625,60099.284637,4,20108.484541,3,8207.192178,0.408146,12746.820511,0.0,12746.820511,5,5,4,16,1,2.450105,0.0,0.25,0.334588,1.0,0.334588,0.408146,0.25,0.1875,0.0,1.0,3756.2052898125,5027.12113525,2735.730726
600,600,13,13,0,0.0,19071.117018,1,9535.577681,12,9535.539337,0.999996,0.0,0.0,0.0,0,4,4,13,0,1.000004,0.0,0.0,0.500001,1.0,0.500001,0.999996,0.076923,0.923077,0.0,0.0,1467.0090013846,9535.577681,794.6282780833
601,601,12,12,0,0.0,42786.871954,2,4564.366792,2,1235.333391,0.270647,0.0,1268.61761,-1268.61761,5,5,4,12,1,3.694846,0.0,0.5,0.106677,1.0,0.106677,0.270647,0.166667,0.166667,0.02965,0.0,3565.5726628333,2282.183396,617.6666955
602,602,13,13,0,0.0,38991.950924,1,5479.09766,7,5479.096149,1.0,0.0,0.0,0.0,5,5,3,13,0,1.0,0.0,0.0,0.140519,1.0,0.140519,1.0,0.076923,0.538462,0.0,0.0,2999.3808403077,5479.09766,782.7280212857
603,603,13,13,0,0.0,39181.087601,1,3041.608842,6,3041.533973,0.999975,11306.075868,0.0,11306.075868,4,4,3,13,0,1.000025,0.0,0.0,0.07763,1.0,0.07763,0.999975,0.076923,0.461538,0.0,1.0,3013.9298154615,3041.608842,506.9223288333
604,604,8,8,0,0.0,44537.242053,0,0.0,0,0.0,0.0,5943.70077,9545.988562,-3602.287792,4,4,4,8,0,0.0,1.606068,0.0,0.0,1.0,0.0,0.0,0.0,0.0,0.214337,-0.606068,5567.155256625,0.0,0.0
605,605,19,19,0,0.0,55386.800941,1,5376.635685,7,5327.507008,0.990863,0.0,19776.378079,-19776.378079,7,4,4,18,0,1.009222,0.0,0.0,0.097074,1.055556,0.097074,0.990863,0.055556,0.388889,0.357059,0.0,2915.0947863684,5376.635685,761.0724297143
606,606,14,14,0,0.0,54008.698824,2,8849.376777,4,1667.845973,0.18847,0.0,4586.497111,-4586.497111,6,5,4,13,1,5.305872,0.0,0.5,0.163851,1.076923,0.163851,0.18847,0.153846,0.307692,0.084921,0.0,3857.7642017143,4424.6883885,416.96149325
607,607,10,9,1,0.1,46720.103568,1,7095.134816,3,6118.613892,0.862368,8573.975893,0.0,8573.975893,5,5,4,10,0,1.159598,0.0,0.0,0.151865,1.0,0.151865,0.862368,0.1,0.3,0.0,1.0,4672.0103568,7095.134816,2039.537964
608,608,10,10,0,0.0,55695.947548,1,7326.936047,0,0.0,0.0,3647.679854,0.0,3647.679854,8,5,3,9,0,0.0,0.0,0.0,0.131552,1.111111,0.131552,0.0,0.111111,0.0,0.0,1.0,5569.5947548,7326.936047,0.0
609,609,7,7,0,0.0,26762.293491,0,0.0,0,0.0,0.0,7384.385951,6310.495339,1073.890612,3,4,3,6,0,0.0,0.854573,0.0,0.0,1.166667,0.0,0.0,0.0,0.0,0.235798,0.145427,3823.1847844286,0.0,0.0
610,610,12,12,0,0.0,63786.416159,0,0.0,0,0.0,0.0,9580.05832,13281.11012,-3701.0518,6,5,4,12,0,0.0,1.386329,0.0,0.0,1.0,0.0,0.0,0.0,0.0,0.208212,-0.386329,5315.5346799167,0.0,0.0
611,611,15,15,0,0.0,45869.065258,2,14709.762769,10,13204.712708,0.897684,2357.083675,15597.506106,-13240.422431,0,5,4,14,0,1.113978,6.61729,0.0,0.32069,1.071429,0.32069,0.897684,0.142857,0.714286,0.340044,-5.61729,3057.9376838667,7354.8813845,1320.4712708
612,612,10,10,0,0.0,33012.082008,0,0.0,0,0.0,0.0,4450.772265,5432.058989,-981.286724,6,4,3,10,0,0.0,1.220476,0.0,0.0,1.0,0.0,0.0,0.0,0.0,0.164548,-0.220476,3301.2082008,0.0,0.0
613,613,17,17,0,0.0,34524.862908,1,121.687216,10,121.685958,0.99999,16540.787723,7816.483153,8724.30457,2,5,4,17,0,1.00001,0.472558,0.0,0.003525,1.0,0.003525,0.99999,0.058824,0.588235,0.226402,0.527442,2030.8742887059,121.687216,12.1685958
614,614,10,10,0,0.0,52128.60173,0,0.0,0,0.0,0.0,6157.616224,7794.995992,-1637.379768,7,4,4,10,0,0.0,1.265911,0.0,0.0,1.0,0.0,0.0,0.0,0.0,0.149534,-0.265911,5212.860173,0.0,0.0
615,615,19,19,0,0.0,20103.987087,1,7074.296301,16,7074.296188,1.0,0.0,0.0,0.0,2,5,4,17,0,1.0,0.0,0.0,0.351885,1.117647,0.351885,1.0,0.058824,0.941176,0.0,0.0,1058.1045835263,7074.296301,442.14351175
616,616,12,11,1,0.083333,35260.629713,1,6046.473775,3,6024.080577,0.996296,10304.132302,0.0,10304.132302,6,4,4,12,0,1.003717,0.0,0.0,0.171479,1.0,0.171479,0.996296,0.083333,0.25,0.0,1.0,2938.3858094167,6046.473775,2008.026859
617,617,12,12,0,0.0,54025.609716,4,18306.634992,0,0.0,0.0,0.0,0.0,0.0,5,5,3,11,3,0.0,0.0,0.75,0.338851,1.090909,0.338851,0.0,0.363636,0.0,0.0,0.0,4502.134143,4576.658748,0.0
618,618,8,8,0,0.0,30910.997687,0,0.0,0,0.0,0.0,6080.039131,1550.288264,4529.750867,6,5,3,7,0,0.0,0.25498,0.0,0.0,1.142857,0.0,0.0,0.0,0.0,0.050153,0.74502,3863.874710875,0.0,0.0
619,619,10,10,0,0.0,44801.32842,0,0.0,0,0.0,0.0,3838.515424,9365.270517,-5526.755093,8,5,3,10,0,0.0,2.439816,0.0,0.0,1.0,0.0,0.0,0.0,0.0,0.20904,-1.439816,4480.132842,0.0,0.0
620,620,13,13,0,0.0,41966.655423,1,2010.71372,6,2000.141562,0.994742,20299.43014,2823.532421,17475.897719,2,5,4,12,0,1.005286,0.139094,0.0,0.047912,1.083333,0.047912,0.994742,0.083333,0.5,0.06728,0.860906,3228.2042633077,2010.71372,333.356927
621,621,20,19,1,0.05,72058.745082,2,10518.445168,5,2266.998394,0.215526,19710.255573,0.0,19710.255573,9,5,4,19,1,4.639811,0.0,0.5,0.14597,1.052632,0.14597,0.215526,0.105263,0.263158,0.0,1.0,3602.9372541,5259.222584,453.3996788
622,622,12,12,0,0.0,64241.982716,0,0.0,0,0.0,0.0,11400.341897,10002.850384,1397.491513,8,4,3,12,0,0.0,0.877417,0.0,0.0,1.0,0.0,0.0,0.0,0.0,0.155706,0.122583,5353.4985596667,0.0,0.0
623,623,13,13,0,0.0,52877.068103,1,8285.833487,4,8202.033839,0.989886,8771.453418,5620.510323,3150.943095,5,5,4,12,0,1.010217,0.640773,0.0,0.1567,1.083333,0.1567,0.989886,0.083333,0.333333,0.106294,0.359227,4067.4667771538,8285.833487,2050.50845975
624,624,14,14,0,0.0,93999.253592,6,37218.504765,0,0.0,0.0,2583.559992,4499.30951,-1915.749518,3,5,4,11,3,0.0,1.741515,0.5,0.395945,1.272727,0.395945,0.0,0.545455,0.0,0.047865,-0.741515,6714.2323994286,6203.0841275,0.0
625,625,15,15,0,0.0,35454.137413,1,4962.664101,5,4944.873975,0.996415,14546.450749,3146.468395,11399.982354,4,5,4,15,0,1.003598,0.216305,0.0,0.139974,1.0,0.139974,0.996415,0.066667,0.333333,0.088748,0.783695,2363.6091608667,4962.664101,988.974795
626,626,16,16,0,0.0,65071.596737,1,2461.192878,0,0.0,0.0,17384.310414,15360.036843,2024.273571,5,5,3,14,1,0.0,0.883557,1.0,0.037823,1.142857,0.037823,0.0,0.071429,0.0,0.236048,0.116443,4066.9747960625,2461.192878,0.0
627,627,20,20,0,0.0,33492.574833,2,10133.418115,14,7554.516504,0.745505,0.0,10028.080204,-10028.080204,2,5,4,15,0,1.341372,0.0,0.0,0.302557,1.333333,0.302557,0.745505,0.133333,0.933333,0.299412,0.0,1674.62874165,5066.7090575,539.6083217143
628,628,18,17,1,0.055556,65740.555778,1,3666.866074,7,3664.327323,0.999308,13013.488725,8327.981271,4685.507454,6,5,4,17,1,1.000693,0.63995,1.0,0.055778,1.058824,0.055778,0.999308,0.058824,0.411765,0.12668,0.36005,3652.2530987778,3666.866074,523.4753318571
629,629,11,11,0,0.0,16381.81381,1,8016.608023,9,7936.04871,0.989951,0.0,429.157077,-429.157077,0,4,4,11,0,1.010151,0.0,0.0,0.48936,1.0,0.48936,0.989951,0.090909,0.818182,0.026197,0.0,1489.2558009091,8016.608023,881.78319
630,630,12,12,0,0.0,15069.525574,1,880.721602,8,880.669451,0.999941,0.0,0.0,0.0,3,4,3,12,0,1.000059,0.0,0.0,0.058444,1.0,0.058444,0.999941,0.083333,0.666667,0.0,0.0,1255.7937978333,880.721602,110.083681375
631,631,16,16,0,0.0,37384.342109,1,3664.825811,9,3663.738221,0.999703,18794.53217,0.0,18794.53217,3,5,4,16,0,1.000297,0.0,0.0,0.098031,1.0,0.098031,0.999703,0.0625,0.5625,0.0,1.0,2336.5213818125,3664.825811,407.0820245556
632,632,23,22,1,0.043478,104258.517887,7,39374.957306,8,19218.652727,0.488093,0.0,8531.007161,-8531.007161,4,5,4,19,3,2.048789,0.0,0.428571,0.377667,1.210526,0.377667,0.488093,0.368421,0.421053,0.081826,0.0,4532.9790385652,5624.9939008571,2402.331590875
633,633,17,16,1,0.058824,25763.019076,2,4304.080194,13,4898.62755,1.0,0.0,7235.611241,-7235.611241,1,5,4,16,0,0.87863,0.0,0.0,0.167064,1.0625,0.167064,1.138136,0.125,0.8125,0.280853,0.0,1515.4717103529,2152.040097,376.8175038462
634,634,18,17,1,0.055556,66326.85416,5,21765.836639,4,13714.643511,0.6301,9319.952141,4845.556254,4474.395887,4,5,4,18,2,1.587051,0.519912,0.4,0.32816,1.0,0.32816,0.6301,0.277778,0.222222,0.073056,0.480088,3684.8252311111,4353.1673278,3428.66087775
635,635,9,9,0,0.0,37781.552946,0,0.0,0,0.0,0.0,7780.985814,12222.912472,-4441.926658,3,4,3,9,0,0.0,1.570869,0.0,0.0,1.0,0.0,0.0,0.0,0.0,0.323515,-0.570869,4197.9503273333,0.0,0.0
636,636,11,11,0,0.0,30740.379574,4,15249.916225,6,14171.855645,0.929307,0.0,0.0,0.0,1,4,4,11,0,1.076071,0.0,0.0,0.496087,1.0,0.496087,0.929307,0.363636,0.545455,0.0,0.0,2794.5799612727,3812.47905625,2361.9759408333
637,637,7,7,0,0.0,34905.518447,0,0.0,0,0.0,0.0,19109.812328,7192.718358,11917.09397,3,4,3,7,0,0.0,0.376389,0.0,0.0,1.0,0.0,0.0,0.0,0.0,0.206062,0.623611,4986.5026352857,0.0,0.0
638,638,17,17,0,0.0,82952.98844,0,0.0,0,0.0,0.0,12935.597038,24900.356006,-11964.758968,10,5,3,16,0,0.0,1.924948,0.0,0.0,1.0625,0.0,0.0,0.0,0.0,0.300174,-0.924948,4879.5875552941,0.0,0.0
639,639,17,17,0,0.0,63771.711979,1,4707.718706,7,4697.264049,0.997779,16590.030391,8270.382337,8319.648054,5,5,4,17,0,1.002226,0.498515,0.0,0.073821,1.0,0.073821,0.997779,0.058824,0.411765,0.129687,0.501485,3751.2771752353,4707.718706,671.0377212857
640,640,13,12,1,0.076923,21741.087582,1,3096.833642,10,3096.834122,1.0,0.0,15547.419818,-15547.419818,0,5,4,13,0,1.0,0.0,0.0,0.142442,1.0,0.142442,1.0,0.076923,0.769231,0.715117,0.0,1672.3913524615,3096.833642,309.6834122
641,641,11,10,1,0.090909,59440.483425,2,9394.687403,1,2473.345768,0.263271,9051.894981,6771.183714,2280.711267,5,5,4,11,0,3.798372,0.74804,0.0,0.158052,1.0,0.158052,0.263271,0.181818,0.090909,0.113915,0.25196,5403.6803113636,4697.3437015,2473.345768
642,642,16,16,0,0.0,63510.279925,1,2187.599895,4,1998.381825,0.913504,16559.807819,0.0,16559.807819,8,5,4,16,0,1.094686,0.0,0.0,0.034445,1.0,0.034445,0.913504,0.0625,0.25,0.0,1.0,3969.3924953125,2187.599895,499.59545625
643,643,11,11,0,0.0,60045.085211,0,0.0,0,0.0,0.0,6882.292115,3624.25379,3258.038325,9,5,3,11,0,0.0,0.526606,0.0,0.0,1.0,0.0,0.0,0.0,0.0,0.060359,0.473394,5458.6441100909,0.0,0.0
644,644,8,8,0,0.0,39287.815957,0,0.0,0,0.0,0.0,16962.887489,5291.839673,11671.047816,4,4,3,7,0,0.0,0.311966,0.0,0.0,1.142857,0.0,0.0,0.0,0.0,0.134694,0.688034,4910.976994625,0.0,0.0
645,645,13,13,0,0.0,28307.599844,1,2894.614354,8,2893.951828,0.999771,0.0,0.0,0.0,4,4,3,12,0,1.000229,0.0,0.0,0.102256,1.083333,0.102256,0.999771,0.083333,0.666667,0.0,0.0,2177.5076803077,2894.614354,361.7439785
646,646,6,6,0,0.0,17234.57987,1,8676.357655,5,8558.222215,0.986384,0.0,0.0,0.0,0,4,4,6,0,1.013804,0.0,0.0,0.503427,1.0,0.503427,0.986384,0.166667,0.833333,0.0,0.0,2872.4299783333,8676.357655,1711.644443
647,647,12,12,0,0.0,49820.29076,0,0.0,0,0.0,0.0,9809.86365,3603.480272,6206.383378,8,5,3,11,0,0.0,0.367332,0.0,0.0,1.090909,0.0,0.0,0.0,0.0,0.07233,0.632668,4151.6908966667,0.0,0.0
648,648,13,13,0,0.0,71115.600557,1,8118.838475,0,0.0,0.0,9928.098141,8025.432162,1902.665979,8,5,4,11,0,0.0,0.808355,0.0,0.114164,1.181818,0.114164,0.0,0.090909,0.0,0.112851,0.191645,5470.4308120769,8118.838475,0.0
649,649,16,16,0,0.0,61612.237401,1,8855.938908,7,8852.840155,0.99965,0.0,16385.138052,-16385.138052,5,5,4,15,0,1.00035,0.0,0.0,0.143737,1.066667,0.143737,0.99965,0.066667,0.466667,0.26594,0.0,3850.7648375625,8855.938908,1264.6914507143
650,650,23,23,0,0.0,53743.197976,1,2612.18744,15,2611.822728,0.99986,14702.996275,8129.29199,6573.704285,4,5,4,22,0,1.00014,0.5529,0.0,0.048605,1.045455,0.048605,0.99986,0.045455,0.681818,0.151262,0.4471,2336.6607815652,2612.18744,174.1215152
651,651,16,15,1,0.0625,57720.788461,0,0.0,0,0.0,0.0,2844.983447,10028.169473,-7183.186026,13,5,4,16,0,0.0,3.52486,0.0,0.0,1.0,0.0,0.0,0.0,0.0,0.173736,-2.52486,3607.5492788125,0.0,0.0
652,652,18,18,0,0.0,80728.625547,7,31847.080954,1,758.713934,0.023824,0.0,7400.607807,-7400.607807,4,5,4,15,5,41.975084,0.0,0.714286,0.394496,1.2,0.394496,0.023824,0.466667,0.066667,0.091673,0.0,4484.9236415,4549.5829934286,758.713934
653,653,8,8,0,0.0,38724.367376,0,0.0,0,0.0,0.0,6058.895649,13362.350782,-7303.455133,5,4,4,7,0,0.0,2.20541,0.0,0.0,1.142857,0.0,0.0,0.0,0.0,0.345063,-1.20541,4840.545922,0.0,0.0
654,654,9,9,0,0.0,30170.715262,1,3549.518158,2,1194.308288,0.336471,2308.738269,10733.550112,-8424.811843,2,5,4,8,1,2.972028,4.649098,1.0,0.117648,1.125,0.117648,0.336471,0.125,0.25,0.355761,-3.649098,3352.3016957778,3549.518158,597.154144
655,655,9,9,0,0.0,50369.497659,2,9145.258557,0,0.0,0.0,7437.867426,13337.436635,-5899.569209,2,4,4,9,2,0.0,1.79318,1.0,0.181563,1.0,0.181563,0.0,0.222222,0.0,0.264792,-0.79318,5596.610851,4572.6292785,0.0
656,656,14,14,0,0.0,85994.128766,1,9027.175391,0,0.0,0.0,30473.354059,9021.34269,21452.011369,6,5,4,14,0,0.0,0.29604,0.0,0.104974,1.0,0.104974,0.0,0.071429,0.0,0.104906,0.70396,6142.437769,9027.175391,0.0
657,657,14,14,0,0.0,72453.274345,3,17133.973721,4,14080.63522,0.821796,13148.538609,0.0,13148.538609,4,5,4,14,1,1.216847,0.0,0.333333,0.236483,1.0,0.236483,0.821796,0.214286,0.285714,0.0,1.0,5175.2338817857,5711.3245736667,3520.158805
658,658,12,12,0,0.0,52001.587378,0,0.0,0,0.0,0.0,6984.782252,2693.023538,4291.758714,9,4,4,12,0,0.0,0.385556,0.0,0.0,1.0,0.0,0.0,0.0,0.0,0.051787,0.614444,4333.4656148333,0.0,0.0
659,659,12,12,0,0.0,59992.23955,0,0.0,0,0.0,0.0,16803.780616,21512.44888,-4708.668264,5,5,3,12,0,0.0,1.280215,0.0,0.0,1.0,0.0,0.0,0.0,0.0,0.358587,-0.280215,4999.3532958333,0.0,0.0
660,660,11,11,0,0.0,64572.452949,0,0.0,0,0.0,0.0,27927.073039,14133.928185,13793.144854,5,5,3,10,0,0.0,0.506101,0.0,0.0,1.1,0.0,0.0,0.0,0.0,0.218885,0.493899,5870.2229953636,0.0,0.0
661,661,20,20,0,0.0,75943.422198,2,14361.135095,6,7068.785949,0.492216,9626.489138,3263.666451,6362.822687,8,5,4,14,1,2.031627,0.33903,0.5,0.189103,1.428571,0.189103,0.492216,0.142857,0.428571,0.042975,0.66097,3797.1711099,7180.5675475,1178.1309915
662,662,11,11,0,0.0,43062.953067,0,0.0,0,0.0,0.0,1926.072305,16288.594353,-14362.522048,5,4,4,11,0,0.0,8.456897,0.0,0.0,1.0,0.0,0.0,0.0,0.0,0.378251,-7.456897,3914.8139151818,0.0,0.0
663,663,7,7,0,0.0,4393.593088,1,594.032284,5,592.101331,0.996749,0.0,0.0,0.0,1,3,4,7,0,1.003261,0.0,0.0,0.135204,1.0,0.135204,0.996749,0.142857,0.714286,0.0,0.0,627.6561554286,594.032284,118.4202662
664,664,18,15,3,0.166667,38188.07424,1,8141.715346,14,8143.52675,1.0,7195.061824,0.0,7195.061824,2,5,4,18,0,0.999778,0.0,0.0,0.2132,1.0,0.2132,1.000222,0.055556,0.777778,0.0,1.0,2121.55968,8141.715346,581.6804821429
665,665,8,7,1,0.125,37787.760431,1,7853.663397,4,11636.983538,1.0,13329.901981,0.0,13329.901981,1,4,4,7,0,0.674888,0.0,0.0,0.207836,1.142857,0.207836,1.481727,0.142857,0.571429,0.0,1.0,4723.470053875,7853.663397,2909.2458845
666,666,14,14,0,0.0,74363.234916,0,0.0,0,0.0,0.0,15257.052164,29092.557214,-13835.50505,7,5,4,12,0,0.0,1.906827,0.0,0.0,1.166667,0.0,0.0,0.0,0.0,0.391222,-0.906827,5311.6596368571,0.0,0.0
667,667,16,16,0,0.0,8660.298323,1,162.112055,12,162.042067,0.999568,790.847426,1797.486136,-1006.63871,1,5,4,16,0,1.000432,2.272861,0.0,0.018719,1.0,0.018719,0.999568,0.0625,0.75,0.207555,-1.272861,541.2686451875,162.112055,13.5035055833
668,668,10,10,0,0.0,60453.719056,0,0.0,0,0.0,0.0,7085.923538,24854.677358,-17768.75382,5,4,4,10,0,0.0,3.507613,0.0,0.0,1.0,0.0,0.0,0.0,0.0,0.411136,-2.507613,6045.3719056,0.0,0.0
669,669,4,4,0,0.0,13058.384876,2,8883.016267,0,0.0,0.0,0.0,0.0,0.0,1,2,3,3,1,0.0,0.0,0.5,0.680254,1.333333,0.680254,0.0,0.666667,0.0,0.0,0.0,3264.596219,4441.5081335,0.0
670,670,10,10,0,0.0,46987.575023,3,15217.829459,2,6886.694299,0.452541,0.0,16570.102879,-16570.102879,2,4,4,10,0,2.209744,0.0,0.0,0.323869,1.0,0.323869,0.452541,0.3,0.2,0.352649,0.0,4698.7575023,5072.6098196667,3443.3471495
671,671,12,12,0,0.0,52722.205026,1,1616.343719,2,1492.133819,0.923154,3223.674579,20293.910701,-17070.236122,4,5,4,11,0,1.083243,6.295273,0.0,0.030658,1.090909,0.030658,0.923154,0.090909,0.181818,0.384922,-5.295273,4393.5170855,1616.343719,746.0669095
672,672,17,16,1,0.058824,45315.862799,1,195.186161,6,192.62201,0.986863,17448.177167,3484.453708,13963.723459,6,5,4,17,0,1.013312,0.199703,0.0,0.004307,1.0,0.004307,0.986863,0.058824,0.352941,0.076893,0.800297,2665.6389881765,195.186161,32.1036683333
673,673,13,13,0,0.0,50454.765628,3,18605.350187,7,16327.028045,0.877545,0.0,6877.817628,-6877.817628,1,4,4,13,1,1.139543,0.0,0.333333,0.368753,1.0,0.368753,0.877545,0.230769,0.538462,0.136317,0.0,3881.1358175385,6201.7833956667,2332.4325778571
674,674,12,12,0,0.0,57617.887738,1,9648.190798,1,6189.253022,0.641494,2833.951037,14994.494976,-12160.543939,6,4,3,12,0,1.558862,5.291021,0.0,0.167451,1.0,0.167451,0.641494,0.083333,0.083333,0.26024,-4.291021,4801.4906448333,9648.190798,6189.253022
675,675,14,13,1,0.071429,32214.668239,3,12408.487353,8,7290.055625,0.587506,0.0,0.0,0.0,2,5,4,14,1,1.702111,0.0,0.333333,0.385181,1.0,0.385181,0.587506,0.214286,0.571429,0.0,0.0,2301.0477313571,4136.162451,911.256953125
676,676,12,10,2,0.166667,62920.648583,2,12659.625907,1,7407.049578,0.585092,12914.318238,0.0,12914.318238,6,4,4,11,0,1.709132,0.0,0.0,0.2012,1.090909,0.2012,0.585092,0.181818,0.090909,0.0,1.0,5243.3873819167,6329.8129535,7407.049578
677,677,10,10,0,0.0,43830.495801,1,8733.177727,4,7789.981071,0.891998,1430.690305,17984.331444,-16553.641139,1,4,4,9,0,1.121078,12.570387,0.0,0.199249,1.111111,0.199249,0.891998,0.111111,0.444444,0.410315,-11.570387,4383.0495801,8733.177727,1947.49526775
678,678,19,17,2,0.105263,81534.941567,3,9392.53407,5,1463.00327,0.155762,17067.270214,7290.12886,9777.141354,6,5,4,16,1,6.420036,0.427141,0.333333,0.115196,1.1875,0.115196,0.155762,0.1875,0.3125,0.089411,0.572859,4291.3127140526,3130.84469,292.600654
679,679,18,17,1,0.055556,126538.130593,9,58063.223177,1,5115.357912,0.0881,0.0,0.0,0.0,3,5,4,17,5,11.350765,0.0,0.555556,0.458859,1.058824,0.458859,0.0881,0.529412,0.058824,0.0,0.0,7029.8961440556,6451.4692418889,5115.357912
680,680,11,11,0,0.0,45277.309314,0,0.0,0,0.0,0.0,11288.068827,8925.217758,2362.851069,7,5,3,10,0,0.0,0.790677,0.0,0.0,1.1,0.0,0.0,0.0,0.0,0.197123,0.209323,4116.1190285455,0.0,0.0
681,681,13,13,0,0.0,54154.93887,5,19404.267563,2,14011.995643,0.722109,5635.288776,0.0,5635.288776,3,5,4,13,1,1.384833,0.0,0.2,0.35831,1.0,0.35831,0.722109,0.384615,0.153846,0.0,1.0,4165.7645284615,3880.8535126,7005.9978215
682,682,20,18,2,0.1,94995.08731,0,0.0,0,0.0,0.0,15893.491173,12431.726394,3461.764779,13,5,4,17,0,0.0,0.78219,0.0,0.0,1.176471,0.0,0.0,0.0,0.0,0.130867,0.21781,4749.7543655,0.0,0.0
683,683,11,11,0,0.0,24044.966058,1,5121.74801,6,5093.475491,0.99448,0.0,1733.60219,-1733.60219,2,4,4,8,1,1.005551,0.0,1.0,0.213007,1.375,0.213007,0.99448,0.125,0.75,0.072098,0.0,2185.9060052727,5121.74801,848.9125818333
684,684,13,13,0,0.0,35045.768716,2,3797.439268,6,3792.756155,0.998767,13738.653391,13108.735746,629.917645,1,5,2,13,0,1.001235,0.95415,0.0,0.108357,1.0,0.108357,0.998767,0.153846,0.461538,0.374046,0.04585,2695.8283627692,1898.719634,632.1260258333
685,685,8,7,1,0.125,18467.226366,3,10571.627992,3,4392.353879,0.415485,0.0,0.0,0.0,1,4,4,8,1,2.406825,0.0,0.333333,0.572453,1.0,0.572453,0.415485,0.375,0.375,0.0,0.0,2308.40329575,3523.8759973333,1464.1179596667
686,686,14,14,0,0.0,34413.617719,1,2047.098105,6,2043.415868,0.998201,3166.267927,7732.542384,-4566.274457,4,5,4,13,0,1.001802,2.442163,0.0,0.059485,1.076923,0.059485,0.998201,0.076923,0.461538,0.224694,-1.442163,2458.1155513571,2047.098105,340.5693113333
687,687,17,17,0,0.0,60135.489877,2,14766.380256,5,5609.770787,0.379902,4381.020517,14275.282231,-9894.261714,5,5,4,15,1,2.632261,3.258438,0.5,0.245552,1.133333,0.245552,0.379902,0.133333,0.333333,0.237385,-2.258438,3537.3817574706,7383.190128,1121.9541574
688,688,15,14,1,0.066667,36127.818256,1,2133.548114,6,2132.748783,0.999625,149.620884,0.0,149.620884,7,5,4,15,0,1.000375,0.0,0.0,0.059056,1.0,0.059056,0.999625,0.066667,0.4,0.0,1.0,2408.5212170667,2133.548114,355.4581305
689,689,18,18,0,0.0,86849.985732,0,0.0,0,0.0,0.0,16351.752101,20324.570065,-3972.817964,11,5,3,16,0,0.0,1.24296,0.0,0.0,1.125,0.0,0.0,0.0,0.0,0.234019,-0.24296,4824.9992073333,0.0,0.0
690,690,20,20,0,0.0,111652.166889,7,40147.031239,3,17122.09361,0.426485,2097.624354,14033.000056,-11935.375702,4,5,4,17,3,2.34475,6.689949,0.428571,0.359572,1.176471,0.359572,0.426485,0.411765,0.176471,0.125685,-5.689949,5582.60834445,5735.290177,5707.3645366667
691,691,7,7,0,0.0,7856.801506,1,1002.591374,4,997.835073,0.995256,0.0,0.0,0.0,2,2,3,7,0,1.004767,0.0,0.0,0.127608,1.0,0.127608,0.995256,0.142857,0.571429,0.0,0.0,1122.4002151429,1002.591374,249.45876825
692,692,11,11,0,0.0,53750.756656,1,1507.384074,0,0.0,0.0,5419.300297,25150.298874,-19730.998577,4,4,3,11,0,0.0,4.640876,0.0,0.028044,1.0,0.028044,0.0,0.090909,0.0,0.467906,-3.640876,4886.4324232727,1507.384074,0.0
693,693,12,12,0,0.0,54684.660515,0,0.0,0,0.0,0.0,4144.24008,28915.331871,-24771.091791,5,5,4,11,0,0.0,6.977234,0.0,0.0,1.090909,0.0,0.0,0.0,0.0,0.528765,-5.977234,4557.0550429167,0.0,0.0
694,694,15,15,0,0.0,63410.081607,0,0.0,0,0.0,0.0,11982.022699,11358.394816,623.627883,10,5,4,15,0,0.0,0.947953,0.0,0.0,1.0,0.0,0.0,0.0,0.0,0.179126,0.052047,4227.3387738,0.0,0.0
695,695,8,7,1,0.125,36666.260625,0,0.0,0,0.0,0.0,10568.025952,9349.157433,1218.868519,4,4,3,8,0,0.0,0.884665,0.0,0.0,1.0,0.0,0.0,0.0,0.0,0.25498,0.115335,4583.282578125,0.0,0.0
696,696,21,20,1,0.047619,79295.486371,1,3481.977545,7,5430.866625,1.0,1912.13919,10285.799521,-8373.660331,10,5,4,21,0,0.641146,5.379211,0.0,0.043911,1.0,0.043911,1.559708,0.047619,0.333333,0.129715,-4.379211,3775.9755414762,3481.977545,775.8380892857
697,697,13,12,1,0.076923,13607.768131,1,3665.911669,11,3665.777936,0.999964,6276.078526,0.0,6276.078526,0,5,4,13,0,1.000036,0.0,0.0,0.269398,1.0,0.269398,0.999964,0.076923,0.846154,0.0,1.0,1046.7513946923,3665.911669,333.2525396364
698,698,13,13,0,0.0,48842.389905,1,4293.70294,4,4238.558355,0.987157,7744.987355,9500.143369,-1755.156014,5,5,4,13,0,1.01301,1.226618,0.0,0.087909,1.0,0.087909,0.987157,0.076923,0.307692,0.194506,-0.226618,3757.1069157692,4293.70294,1059.63958875
699,699,11,11,0,0.0,33074.769388,1,7569.57981,5,7563.995011,0.999262,8762.601891,0.0,8762.601891,2,5,4,11,0,1.000738,0.0,0.0,0.228863,1.0,0.228863,0.999262,0.090909,0.454545,0.0,1.0,3006.7972170909,7569.57981,1512.7990022
700,700,13,13,0,0.0,52004.39612,5,21038.802244,2,3198.366999,0.152022,7813.592212,0.0,7813.592212,1,5,3,11,4,6.577983,0.0,0.8,0.404558,1.181818,0.404558,0.152022,0.454545,0.181818,0.0,1.0,4000.3381630769,4207.7604488,1599.1834995
701,701,14,14,0,0.0,59825.238192,2,14408.524133,5,12162.74497,0.844135,12759.023565,0.0,12759.023565,4,5,4,14,0,1.184644,0.0,0.0,0.240844,1.0,0.240844,0.844135,0.142857,0.357143,0.0,1.0,4273.2312994286,7204.2620665,2432.548994
702,702,15,15,0,0.0,73542.915651,0,0.0,0,0.0,0.0,24757.734882,1577.885965,23179.848917,8,5,3,15,0,0.0,0.063733,0.0,0.0,1.0,0.0,0.0,0.0,0.0,0.021455,0.936267,4902.8610434,0.0,0.0
703,703,20,18,2,0.1,85079.670887,0,0.0,0,0.0,0.0,10910.616198,7559.913764,3350.702434,13,5,4,20,0,0.0,0.692895,0.0,0.0,1.0,0.0,0.0,0.0,0.0,0.088857,0.307105,4253.98354435,0.0,0.0
704,704,10,9,1,0.1,14497.399505,1,7071.180061,9,7426.219444,1.0,0.0,0.0,0.0,0,5,4,10,0,0.952191,0.0,0.0,0.487755,1.0,0.487755,1.050209,0.1,0.9,0.0,0.0,1449.7399505,7071.180061,825.1354937778
705,705,11,11,0,0.0,57987.814709,0,0.0,0,0.0,0.0,10423.031673,13813.448896,-3390.417223,7,5,3,9,0,0.0,1.325281,0.0,0.0,1.222222,0.0,0.0,0.0,0.0,0.238213,-0.325281,5271.619519,0.0,0.0
706,706,12,12,0,0.0,14130.005091,1,405.227965,7,404.514171,0.998239,0.0,2716.132165,-2716.132165,3,5,4,12,0,1.001765,0.0,0.0,0.028679,1.0,0.028679,0.998239,0.083333,0.583333,0.192224,0.0,1177.50042425,405.227965,57.7877387143
707,707,14,14,0,0.0,47039.426034,1,8498.560932,8,8498.482845,0.999991,644.53763,19672.911861,-19028.374231,1,5,4,14,0,1.000009,30.522519,0.0,0.180669,1.0,0.180669,0.999991,0.071429,0.571429,0.418222,-29.522519,3359.9590024286,8498.560932,1062.310355625
708,708,13,13,0,0.0,47478.279664,0,0.0,0,0.0,0.0,12942.175227,4117.807239,8824.367988,8,5,4,13,0,0.0,0.31817,0.0,0.0,1.0,0.0,0.0,0.0,0.0,0.08673,0.68183,3652.1753587692,0.0,0.0
709,709,11,10,1,0.090909,59707.113636,7,35970.106378,0,0.0,0.0,0.0,0.0,0.0,0,5,4,10,4,0.0,0.0,0.571429,0.602443,1.1,0.602443,0.0,0.7,0.0,0.0,0.0,5427.9194214545,5138.5866254286,0.0
710,710,16,16,0,0.0,33607.824423,2,4063.450693,8,4057.696824,0.998584,4490.052338,15321.498902,-10831.446564,1,4,3,16,0,1.001418,3.412321,0.0,0.120908,1.0,0.120908,0.998584,0.125,0.5,0.455891,-2.412321,2100.4890264375,2031.7253465,507.212103
711,711,22,21,1,0.045455,69095.400402,1,6674.946599,9,6674.880855,0.99999,9258.21646,8967.623275,290.593185,7,5,4,18,0,1.00001,0.968612,0.0,0.096605,1.222222,0.096605,0.99999,0.055556,0.5,0.129786,0.031388,3140.7000182727,6674.946599,741.6534283333
712,712,19,17,2,0.105263,40532.474092,1,5070.963839,9,5071.999603,1.0,5544.717403,8399.370624,-2854.653221,6,5,4,17,0,0.999796,1.514842,0.0,0.125109,1.117647,0.125109,1.000204,0.058824,0.529412,0.207226,-0.514842,2133.2881101053,5070.963839,563.5555114444
713,713,23,23,0,0.0,43895.39882,1,5839.066947,13,5838.685021,0.999935,0.0,13160.653672,-13160.653672,7,5,4,23,0,1.000065,0.0,0.0,0.133022,1.0,0.133022,0.999935,0.043478,0.565217,0.299819,0.0,1908.4956008696,5839.066947,449.129617
714,714,12,11,1,0.083333,53022.244414,2,12744.117762,6,14447.964066,1.0,9607.536519,0.0,9607.536519,3,5,4,11,0,0.88207,0.0,0.0,0.240354,1.090909,0.240354,1.133697,0.181818,0.545455,0.0,1.0,4418.5203678333,6372.058881,2407.994011
715,715,15,14,1,0.066667,64594.285327,5,19208.256656,2,6552.206778,0.341114,9830.712434,0.0,9830.712434,4,5,4,14,3,2.931571,0.0,0.6,0.297368,1.071429,0.297368,0.341114,0.357143,0.142857,0.0,1.0,4306.2856884667,3841.6513312,3276.103389
716,716,12,11,1,0.083333,65603.439172,2,9516.515934,2,11337.408284,1.0,11662.737,9981.662514,1681.074486,4,5,4,11,0,0.839391,0.855859,0.0,0.145061,1.090909,0.145061,1.19134,0.181818,0.181818,0.152152,0.144141,5466.9532643333,4758.257967,5668.704142
717,717,13,13,0,0.0,67875.769573,4,21978.210484,2,965.357838,0.043923,0.0,0.0,0.0,4,5,4,13,3,22.766905,0.0,0.75,0.323801,1.0,0.323801,0.043923,0.307692,0.153846,0.0,0.0,5221.2130440769,5494.552621,482.678919
718,718,12,11,1,0.083333,59190.603077,1,6405.828852,2,6254.55864,0.976386,4232.789677,19145.094165,-14912.304488,5,5,4,11,0,1.024186,4.523044,0.0,0.108224,1.090909,0.108224,0.976386,0.090909,0.181818,0.323448,-3.523044,4932.5502564167,6405.828852,3127.27932
719,719,11,11,0,0.0,69959.791166,5,36385.45459,2,10771.501094,0.296039,0.0,5472.516412,-5472.516412,0,5,4,9,3,3.377937,0.0,0.6,0.520091,1.222222,0.520091,0.296039,0.555556,0.222222,0.078224,0.0,6359.9810150909,7277.090918,5385.750547
720,720,13,13,0,0.0,60217.477121,0,0.0,0,0.0,0.0,13736.96551,0.0,13736.96551,10,5,3,12,0,0.0,0.0,0.0,0.0,1.083333,0.0,0.0,0.0,0.0,0.0,1.0,4632.1136246923,0.0,0.0
721,721,17,17,0,0.0,51822.1739,1,9011.306603,3,8629.08945,0.957585,4296.825061,1911.055774,2385.769287,7,5,4,14,0,1.044294,0.44476,0.0,0.173889,1.214286,0.173889,0.957585,0.071429,0.214286,0.036877,0.55524,3048.3631705882,9011.306603,2876.36315
722,722,13,13,0,0.0,45755.586176,1,6745.546198,5,6561.980889,0.972787,0.0,18544.832336,-18544.832336,3,5,3,12,1,1.027974,0.0,1.0,0.147426,1.083333,0.147426,0.972787,0.083333,0.416667,0.405302,0.0,3519.6604750769,6745.546198,1312.3961778
723,723,15,14,1,0.066667,57535.675957,1,414.873916,1,232.608969,0.560674,23814.178807,12654.986254,11159.192553,5,4,4,13,0,1.783568,0.531406,0.0,0.007211,1.153846,0.007211,0.560674,0.076923,0.076923,0.21995,0.468594,3835.7117304667,414.873916,232.608969
724,724,13,13,0,0.0,43909.366545,3,16155.985335,4,7545.265942,0.467026,4347.783503,2562.395122,1785.388381,2,5,4,11,1,2.141208,0.589357,0.333333,0.367939,1.181818,0.367939,0.467026,0.272727,0.363636,0.058356,0.410643,3377.6435803846,5385.328445,1886.3164855
725,725,18,17,1,0.055556,40747.837957,1,2048.389798,11,2048.383605,0.999997,12863.61019,4893.415891,7970.194299,3,4,4,18,0,1.000003,0.380408,0.0,0.05027,1.0,0.05027,0.999997,0.055556,0.611111,0.12009,0.619592,2263.7687753889,2048.389798,186.2166913636
726,726,14,13,1,0.071429,22561.968201,1,4839.627084,10,4839.707236,1.0,10767.914352,0.0,10767.914352,1,4,4,14,0,0.999983,0.0,0.0,0.214504,1.0,0.214504,1.000017,0.071429,0.714286,0.0,1.0,1611.5691572143,4839.627084,483.9707236
727,727,11,9,2,0.181818,40671.572897,1,9290.215669,6,9178.684707,0.987995,0.0,4344.83205,-4344.83205,2,4,4,11,0,1.012151,0.0,0.0,0.22842,1.0,0.22842,0.987995,0.090909,0.545455,0.106827,0.0,3697.4157179091,9290.215669,1529.7807845
728,728,18,18,0,0.0,69628.149961,1,7193.533244,7,7188.937534,0.999361,15495.463831,8836.579642,6658.884189,5,5,4,17,0,1.000639,0.570269,0.0,0.103314,1.058824,0.103314,0.999361,0.058824,0.411765,0.126911,0.429731,3868.2305533889,7193.533244,1026.9910762857
729,729,15,15,0,0.0,73699.245817,0,0.0,0,0.0,0.0,2213.825366,9325.284158,-7111.458792,11,4,4,14,0,0.0,4.212294,0.0,0.0,1.071429,0.0,0.0,0.0,0.0,0.126532,-3.212294,4913.2830544667,0.0,0.0
730,730,11,11,0,0.0,57558.459534,1,5781.20934,0,0.0,0.0,6751.018089,13030.496217,-6279.478128,5,5,3,11,0,0.0,1.930153,0.0,0.100441,1.0,0.100441,0.0,0.090909,0.0,0.226387,-0.930153,5232.5872303636,5781.20934,0.0
731,731,8,8,0,0.0,39645.682047,1,1953.27619,2,1171.763756,0.599897,11668.672224,17067.630451,-5398.958227,1,4,3,8,0,1.666954,1.462688,0.0,0.049268,1.0,0.049268,0.599897,0.125,0.25,0.430504,-0.462688,4955.710255875,1953.27619,585.881878
732,732,21,19,2,0.095238,74838.924127,2,13952.055964,7,13886.693052,0.995315,12149.56881,8650.493633,3499.075177,8,5,4,20,1,1.004707,0.712,0.5,0.186428,1.05,0.186428,0.995315,0.1,0.35,0.115588,0.288,3563.7582917619,6976.027982,1983.8132931429
733,733,16,15,1,0.0625,82470.721716,5,33193.706946,2,1684.933552,0.050761,8407.899328,2358.065034,6049.834294,3,5,4,14,4,19.700306,0.280458,0.8,0.402491,1.142857,0.402491,0.050761,0.357143,0.142857,0.028593,0.719542,5154.42010725,6638.7413892,842.466776
734,734,9,9,0,0.0,45248.082321,0,0.0,0,0.0,0.0,15867.247684,13624.588173,2242.659511,4,4,3,9,0,0.0,0.858661,0.0,0.0,1.0,0.0,0.0,0.0,0.0,0.301109,0.141339,5027.5647023333,0.0,0.0
735,735,9,9,0,0.0,36843.120431,1,6511.185356,3,5234.688356,0.803953,4745.823417,8778.496821,-4032.673404,2,4,4,8,1,1.243853,1.849731,1.0,0.176727,1.125,0.176727,0.803953,0.125,0.375,0.238267,-0.849731,4093.6800478889,6511.185356,1744.8961186667
1,1,5,5,0,0.0,26690.668016,1,7597.172177,2,5142.102793,0.676844,0.0,0.0,0.0,2,4,4,5,0,1.477445,0.0,0.0,0.284638,1.0,0.284638,0.676844,0.2,0.4,0.0,0.0,5338.1336032,7597.172177,2571.0513965
2,2,13,13,0,0.0,34412.176958,1,1150.505484,3,1004.987206,0.873518,0.0,13544.479218,-13544.479218,5,5,2,13,0,1.144796,0.0,0.0,0.033433,1.0,0.033433,0.873518,0.076923,0.230769,0.393596,0.0,2647.0905352308,1150.505484,334.9957353333
3,3,14,14,0,0.0,52283.686577,2,10265.670259,8,10264.331905,0.99987,7895.623985,9586.314183,-1690.690198,2,5,4,14,0,1.00013,1.21413,0.0,0.196346,1.0,0.196346,0.99987,0.142857,0.571429,0.183352,-0.21413,3734.5490412143,5132.8351295,1283.041488125
4,4,17,17,0,0.0,75906.007155,1,9255.218339,6,9253.928833,0.999861,8470.640433,19269.161186,-10798.520753,6,5,4,15,0,1.000139,2.274818,0.0,0.12193,1.133333,0.12193,0.999861,0.066667,0.4,0.253856,-1.274818,4465.0592444118,9255.218339,1542.3214721667
5,5,12,12,0,0.0,13262.687677,1,6631.344099,11,6631.343578,1.0,0.0,0.0,0.0,0,5,4,10,0,1.0,0.0,0.0,0.5,1.2,0.5,1.0,0.1,1.1,0.0,0.0,1105.2239730833,6631.344099,602.8494161818
6,6,16,16,0,0.0,69455.351709,6,25730.072319,1,1677.465875,0.065195,3158.194898,0.0,3158.194898,4,4,4,14,3,15.338656,0.0,0.5,0.370455,1.142857,0.370455,0.065195,0.428571,0.071429,0.0,1.0,4340.9594818125,4288.3453865,1677.465875
7,7,9,9,0,0.0,46319.847487,1,9672.926749,1,4334.154144,0.448071,6140.987417,1438.910565,4702.076852,4,4,3,9,0,2.231791,0.234313,0.0,0.208829,1.0,0.208829,0.448071,0.111111,0.111111,0.031065,0.765687,5146.6497207778,9672.926749,4334.154144
8,8,14,14,0,0.0,19292.50497,1,3512.483141,9,3512.308963,0.99995,6156.494813,0.0,6156.494813,2,5,4,13,0,1.00005,0.0,0.0,0.182065,1.076923,0.182065,0.99995,0.076923,0.692308,0.0,1.0,1378.0360692857,3512.483141,390.2565514444
9,9,16,15,1,0.0625,67810.638278,5,24887.050735,4,3203.669341,0.128728,0.0,3225.495821,-3225.495821,3,5,4,15,3,7.768296,0.0,0.6,0.367008,1.066667,0.367008,0.128728,0.333333,0.266667,0.047566,0.0,4238.164892375,4977.410147,800.91733525
10,10,10,10,0,0.0,50153.154933,1,7027.254347,1,1323.638875,0.188358,14435.049457,9947.471319,4487.578138,3,5,3,10,0,5.309042,0.689119,0.0,0.140116,1.0,0.140116,0.188358,0.1,0.1,0.198342,0.310881,5015.3154933,7027.254347,1323.638875
12,12,13,13,0,0.0,76351.609947,0,0.0,0,0.0,0.0,19671.212352,12222.483191,7448.729161,8,5,4,12,0,0.0,0.621339,0.0,0.0,1.083333,0.0,0.0,0.0,0.0,0.160082,0.378661,5873.2007651538,0.0,0.0
13,13,11,11,0,0.0,30193.875191,2,7616.416684,3,5942.492414,0.780222,4121.789757,7678.899297,-3557.10954,2,4,4,11,1,1.281687,1.863001,0.5,0.25225,1.0,0.25225,0.780222,0.181818,0.272727,0.25432,-0.863001,2744.8977446364,3808.208342,1980.8308046667
14,14,14,14,0,0.0,19395.26287,1,2044.847991,9,2044.643247,0.9999,755.671695,3685.747837,-2930.076142,2,5,4,14,0,1.0001,4.877446,0.0,0.10543,1.0,0.10543,0.9999,0.071429,0.642857,0.190033,-3.877446,1385.3759192857,2044.847991,227.182583
15,15,6,6,0,0.0,21317.267278,1,3332.966609,3,3297.174434,0.989261,0.0,14687.126235,-14687.126235,0,5,3,6,0,1.010855,0.0,0.0,0.156351,1.0,0.156351,0.989261,0.166667,0.5,0.688978,0.0,3552.8778796667,3332.966609,1099.0581446667
16,16,15,15,0,0.0,53891.480576,2,15857.46551,8,13978.578534,0.881514,0.0,5912.831513,-5912.831513,3,5,4,15,1,1.134412,0.0,0.5,0.294248,1.0,0.294248,0.881514,0.133333,0.533333,0.109717,0.0,3592.7653717333,7928.732755,1747.32231675
18,18,6,6,0,0.0,25018.691875,3,12722.37557,1,6413.001168,0.504073,0.0,5883.315137,-5883.315137,0,4,3,6,0,1.983841,0.0,0.0,0.508515,1.0,0.508515,0.504073,0.5,0.166667,0.235157,0.0,4169.7819791667,4240.7918566667,6413.001168
375,375,16,14,2,0.125,84719.995331,0,0.0,0,0.0,0.0,12624.388313,9415.451061,3208.937252,11,5,4,16,0,0.0,0.745814,0.0,0.0,1.0,0.0,0.0,0.0,0.0,0.111136,0.254186,5294.9997081875,0.0,0.0
736,736,19,19,0,0.0,73211.908823,1,476.637175,1,231.015654,0.484678,10950.070776,11661.068307,-710.997531,10,5,4,19,0,2.063225,1.064931,0.0,0.00651,1.0,0.00651,0.484678,0.052632,0.052632,0.159278,-0.064931,3853.2583591053,476.637175,231.015654
737,737,15,14,1,0.066667,48247.017243,1,5120.278944,6,5122.963402,1.0,9327.946784,23647.299818,-14319.353034,2,4,4,14,0,0.999476,2.535102,0.0,0.106126,1.071429,0.106126,1.000524,0.071429,0.428571,0.49013,-1.535102,3216.4678162,5120.278944,853.8272336667
738,738,9,9,0,0.0,42087.34896,3,13725.623507,1,1146.040319,0.083496,4874.237012,0.0,4874.237012,1,4,4,7,3,11.976562,0.0,1.0,0.326122,1.285714,0.326122,0.083496,0.428571,0.142857,0.0,1.0,4676.3721066667,4575.2078356667,1146.040319
739,739,13,12,1,0.076923,29108.569929,1,6352.225821,8,6418.962047,1.0,16015.394326,0.0,16015.394326,1,5,4,13,0,0.989603,0.0,0.0,0.218225,1.0,0.218225,1.010506,0.076923,0.615385,0.0,1.0,2239.1207637692,6352.225821,802.370255875
740,740,10,10,0,0.0,65928.53152,0,0.0,0,0.0,0.0,27080.214073,9088.340069,17991.874004,5,4,3,8,0,0.0,0.335608,0.0,0.0,1.25,0.0,0.0,0.0,0.0,0.137851,0.664392,6592.853152,0.0,0.0
741,741,5,5,0,0.0,12421.577455,1,721.49861,1,661.656837,0.917059,0.0,0.0,0.0,2,3,2,5,1,1.090442,0.0,1.0,0.058084,1.0,0.058084,0.917059,0.2,0.2,0.0,0.0,2484.315491,721.49861,661.656837
742,742,12,12,0,0.0,57214.622802,2,10227.785469,2,6629.683246,0.648203,110.708411,19463.635759,-19352.927348,4,5,3,11,0,1.542726,175.80991,0.0,0.178762,1.090909,0.178762,0.648203,0.181818,0.181818,0.340186,-174.80991,4767.8852335,5113.8927345,3314.841623
743,743,11,11,0,0.0,46539.235491,1,7048.200809,4,7008.587573,0.99438,9003.319608,4394.851688,4608.46792,3,4,4,11,0,1.005652,0.488137,0.0,0.151446,1.0,0.151446,0.99438,0.090909,0.363636,0.094433,0.511863,4230.8395900909,7048.200809,1752.14689325
744,744,13,13,0,0.0,34192.828324,1,3341.297785,6,3341.255388,0.999987,840.802894,8492.551456,-7651.748562,4,5,4,13,0,1.000013,10.100526,0.0,0.097719,1.0,0.097719,0.999987,0.076923,0.461538,0.248372,-9.100526,2630.2175633846,3341.297785,556.875898
745,745,15,15,0,0.0,28548.537298,2,11577.821489,9,1824.076628,0.157549,197.910294,0.0,197.910294,3,5,4,14,0,6.347223,0.0,0.0,0.405549,1.071429,0.405549,0.157549,0.142857,0.642857,0.0,1.0,1903.2358198667,5788.9107445,202.6751808889
746,746,17,17,0,0.0,103151.80893,8,41045.709113,1,929.577538,0.022647,0.0,1913.427495,-1913.427495,2,4,4,15,5,44.155229,0.0,0.625,0.397916,1.133333,0.397916,0.022647,0.533333,0.066667,0.01855,0.0,6067.7534664706,5130.713639125,929.577538
747,747,11,11,0,0.0,57367.13341,2,9380.872741,1,1129.133087,0.120365,0.0,8776.235691,-8776.235691,6,4,4,11,1,8.308031,0.0,0.5,0.163523,1.0,0.163523,0.120365,0.181818,0.090909,0.152984,0.0,5215.1939463636,4690.4363705,1129.133087
748,748,13,13,0,0.0,35986.712003,3,15533.939526,5,12570.656377,0.809238,0.0,0.0,0.0,4,4,4,13,1,1.23573,0.0,0.333333,0.431658,1.0,0.431658,0.809238,0.230769,0.384615,0.0,0.0,2768.2086156154,5177.979842,2514.1312754
749,749,16,14,2,0.125,82120.898446,3,23504.956699,6,14414.820394,0.613267,8375.822616,0.0,8375.822616,5,5,4,15,1,1.63061,0.0,0.333333,0.286224,1.066667,0.286224,0.613267,0.2,0.4,0.0,1.0,5132.556152875,7834.9855663333,2402.4700656667
750,750,16,16,0,0.0,97402.132838,6,37208.273992,1,7287.838069,0.195866,17370.743051,0.0,17370.743051,2,5,4,14,5,5.10553,0.0,0.833333,0.382007,1.142857,0.382007,0.195866,0.428571,0.071429,0.0,1.0,6087.633302375,6201.3789986667,7287.838069
751,751,20,18,2,0.1,97285.19046,1,5867.911126,7,8825.30099,1.0,36848.571345,9011.810559,27836.760786,6,5,4,18,0,0.664896,0.244563,0.0,0.060317,1.111111,0.060317,1.503994,0.055556,0.388889,0.092633,0.755437,4864.259523,5867.911126,1260.7572842857
752,752,15,15,0,0.0,44820.514572,1,6539.074783,10,6532.222334,0.998952,9679.579669,0.0,9679.579669,3,5,4,13,0,1.001049,0.0,0.0,0.145895,1.153846,0.145895,0.998952,0.076923,0.769231,0.0,1.0,2988.0343048,6539.074783,653.2222334
753,753,12,12,0,0.0,65816.492538,1,251.126018,1,134.237013,0.53454,0.0,24653.217425,-24653.217425,7,5,4,12,0,1.870766,0.0,0.0,0.003816,1.0,0.003816,0.53454,0.083333,0.083333,0.374575,0.0,5484.7077115,251.126018,134.237013
754,754,15,14,1,0.066667,74921.163387,3,19387.762541,1,4513.086037,0.23278,25185.920357,5494.538296,19691.382061,4,4,4,15,1,4.295899,0.218159,0.333333,0.258776,1.0,0.258776,0.23278,0.2,0.066667,0.073338,0.781841,4994.7442258,6462.5875136667,4513.086037
755,755,15,14,1,0.066667,76075.177612,4,20447.427972,0,0.0,0.0,0.0,12007.374651,-12007.374651,4,5,4,15,4,0.0,0.0,1.0,0.268779,1.0,0.268779,0.0,0.266667,0.0,0.157836,0.0,5071.6785074667,5111.856993,0.0
756,756,16,16,0,0.0,67771.565453,1,3533.145063,5,3529.509152,0.998971,16852.631621,0.0,16852.631621,6,5,4,15,0,1.00103,0.0,0.0,0.052133,1.066667,0.052133,0.998971,0.066667,0.333333,0.0,1.0,4235.7228408125,3533.145063,705.9018304
757,757,10,10,0,0.0,65273.733251,0,0.0,0,0.0,0.0,3734.597782,29595.055529,-25860.457747,5,3,3,10,0,0.0,7.924563,0.0,0.0,1.0,0.0,0.0,0.0,0.0,0.453399,-6.924563,6527.3733251,0.0,0.0
758,758,17,17,0,0.0,45780.384629,1,1202.896234,10,1202.894673,0.999999,11537.796577,16372.566786,-4834.770209,2,5,4,16,0,1.000001,1.419038,0.0,0.026275,1.0625,0.026275,0.999999,0.0625,0.625,0.357633,-0.419038,2692.9638017059,1202.896234,120.2894673
759,759,15,14,1,0.066667,87958.154527,4,22913.640667,0,0.0,0.0,8318.21636,11862.597631,-3544.381271,5,5,4,12,2,0.0,1.426099,0.5,0.260506,1.25,0.260506,0.0,0.333333,0.0,0.134866,-0.426099,5863.8769684667,5728.41016675,0.0
760,760,11,11,0,0.0,64514.473901,0,0.0,0,0.0,0.0,17888.298729,11372.521275,6515.777454,5,5,3,11,0,0.0,0.635752,0.0,0.0,1.0,0.0,0.0,0.0,0.0,0.176279,0.364248,5864.9521728182,0.0,0.0
761,761,13,12,1,0.076923,47566.741404,2,4403.353494,4,3080.197922,0.699512,18284.93185,15256.771801,3028.160049,1,4,4,13,0,1.429568,0.83439,0.0,0.092572,1.0,0.092572,0.699512,0.153846,0.307692,0.320745,0.16561,3658.980108,2201.676747,770.0494805
762,762,18,16,2,0.111111,33469.853657,2,9889.714226,13,11400.171714,1.0,5820.840867,0.0,5820.840867,2,5,4,18,0,0.867506,0.0,0.0,0.295481,1.0,0.295481,1.15273,0.111111,0.722222,0.0,1.0,1859.4363142778,4944.857113,876.9362856923
763,763,11,11,0,0.0,61680.011602,0,0.0,0,0.0,0.0,5948.508899,9507.52293,-3559.014031,7,5,3,10,0,0.0,1.598304,0.0,0.0,1.1,0.0,0.0,0.0,0.0,0.154143,-0.598304,5607.273782,0.0,0.0
764,764,18,17,1,0.055556,58982.911771,2,4089.212359,6,3899.143608,0.953519,3050.722962,14867.498,-11816.775038,6,5,4,17,1,1.048746,4.873434,0.5,0.069329,1.058824,0.069329,0.953519,0.117647,0.352941,0.252064,-3.873434,3276.8284317222,2044.6061795,649.857268
765,765,12,12,0,0.0,14561.857872,1,5880.429758,10,5880.175507,0.999957,0.0,0.0,0.0,1,4,4,11,0,1.000043,0.0,0.0,0.403824,1.090909,0.403824,0.999957,0.090909,0.909091,0.0,0.0,1213.488156,5880.429758,588.0175507
766,766,15,15,0,0.0,40251.054048,1,7632.352555,9,7632.216047,0.999982,4008.448848,5579.00308,-1570.554232,3,5,4,15,0,1.000018,1.391811,0.0,0.189619,1.0,0.189619,0.999982,0.066667,0.6,0.138605,-0.391811,2683.4036032,7632.352555,848.0240052222
767,767,12,11,1,0.083333,39409.264389,1,7538.082367,3,7279.241489,0.965662,2202.438772,0.0,2202.438772,7,5,3,12,0,1.035559,0.0,0.0,0.191277,1.0,0.191277,0.965662,0.083333,0.25,0.0,1.0,3284.10536575,7538.082367,2426.4138296667
768,768,12,12,0,0.0,47016.598706,1,8894.772171,5,8891.366091,0.999617,5387.880797,0.0,5387.880797,5,5,4,11,0,1.000383,0.0,0.0,0.189184,1.090909,0.189184,0.999617,0.090909,0.454545,0.0,1.0,3918.0498921667,8894.772171,1778.2732182
769,769,13,13,0,0.0,59641.190628,0,0.0,0,0.0,0.0,0.0,12848.921615,-12848.921615,11,5,3,13,0,0.0,0.0,0.0,0.0,1.0,0.0,0.0,0.0,0.0,0.215437,0.0,4587.7838944615,0.0,0.0
770,770,10,10,0,0.0,54766.014804,4,19503.134045,0,0.0,0.0,8171.506823,8430.523292,-259.016469,1,5,3,8,3,0.0,1.031698,0.75,0.356117,1.25,0.356117,0.0,0.5,0.0,0.153937,-0.031698,5476.6014804,4875.78351125,0.0
771,771,15,15,0,0.0,73235.597898,6,32927.042821,1,6359.758701,0.193147,1036.491142,4435.422754,-3398.931612,2,5,4,15,3,5.177404,4.279267,0.5,0.449604,1.0,0.449604,0.193147,0.4,0.066667,0.060564,-3.279267,4882.3731932,5487.8404701667,6359.758701
772,772,14,14,0,0.0,39643.318632,1,3892.598688,4,3107.006332,0.798183,13240.349925,5404.023243,7836.326682,5,5,4,13,0,1.252845,0.408148,0.0,0.098191,1.076923,0.098191,0.798183,0.076923,0.307692,0.136316,0.591852,2831.6656165714,3892.598688,776.751583
773,773,17,17,0,0.0,34811.807928,1,158.269111,11,158.267532,0.99999,843.013639,0.0,843.013639,4,5,4,16,0,1.00001,0.0,0.0,0.004546,1.0625,0.004546,0.99999,0.0625,0.6875,0.0,1.0,2047.7534075294,158.269111,14.3879574545
775,775,15,15,0,0.0,71727.407058,2,13012.572448,0,0.0,0.0,23902.502811,814.712655,23087.790156,8,5,3,15,0,0.0,0.034085,0.0,0.181417,1.0,0.181417,0.0,0.133333,0.0,0.011358,0.965915,4781.8271372,6506.286224,0.0
776,776,11,11,0,0.0,44010.77189,2,3328.74491,1,327.415349,0.09836,11790.064161,0.0,11790.064161,4,5,4,11,2,10.166734,0.0,1.0,0.075635,1.0,0.075635,0.09836,0.181818,0.090909,0.0,1.0,4000.9792627273,1664.372455,327.415349
777,777,16,16,0,0.0,36986.839794,1,4654.117995,9,4654.015736,0.999978,8995.970387,4160.202347,4835.76804,2,5,4,15,0,1.000022,0.462452,0.0,0.125832,1.066667,0.125832,0.999978,0.066667,0.6,0.112478,0.537548,2311.677487125,4654.117995,517.1128595556
778,778,8,8,0,0.0,23747.825671,1,9419.313948,6,9419.069909,0.999974,0.0,4909.441814,-4909.441814,0,5,4,8,0,1.000026,0.0,0.0,0.396639,1.0,0.396639,0.999974,0.125,0.75,0.206732,0.0,2968.478208875,9419.313948,1569.8449848333
779,779,15,15,0,0.0,37222.919099,1,3761.69507,8,3761.682597,0.999997,0.0,5888.272997,-5888.272997,4,5,4,15,0,1.000003,0.0,0.0,0.101059,1.0,0.101059,0.999997,0.066667,0.533333,0.158189,0.0,2481.5279399333,3761.69507,470.210324625
780,780,10,10,0,0.0,25564.856118,1,9002.454029,7,8665.93043,0.962619,3076.051496,0.0,3076.051496,1,5,3,9,0,1.038833,0.0,0.0,0.352142,1.111111,0.352142,0.962619,0.111111,0.777778,0.0,1.0,2556.4856118,9002.454029,1237.9900614286
781,781,14,14,0,0.0,21230.939572,2,5848.470997,8,5773.95653,0.987259,0.0,9536.810005,-9536.810005,0,4,4,14,1,1.012905,0.0,0.5,0.275469,1.0,0.275469,0.987259,0.142857,0.571429,0.449194,0.0,1516.4956837143,2924.2354985,721.74456625
782,782,10,10,0,0.0,33773.984224,1,4295.382956,6,4295.233488,0.999965,0.0,0.0,0.0,3,5,4,10,0,1.000035,0.0,0.0,0.12718,1.0,0.12718,0.999965,0.1,0.6,0.0,0.0,3377.3984224,4295.382956,715.872248
783,783,9,9,0,0.0,42419.810337,1,8018.857407,1,1005.405074,0.12538,8606.7948,0.0,8606.7948,4,4,4,9,1,7.975748,0.0,1.0,0.189036,1.0,0.189036,0.12538,0.111111,0.111111,0.0,1.0,4713.3122596667,8018.857407,1005.405074
784,784,12,12,0,0.0,36190.509856,1,7055.813394,6,7052.096713,0.999473,0.0,0.0,0.0,5,5,3,12,0,1.000527,0.0,0.0,0.194963,1.0,0.194963,0.999473,0.083333,0.5,0.0,0.0,3015.8758213333,7055.813394,1175.3494521667
785,785,14,13,1,0.071429,55324.508653,1,8947.48551,7,8950.067182,1.0,8046.599178,3370.200574,4676.398604,4,5,3,14,0,0.999712,0.418835,0.0,0.161727,1.0,0.161727,1.000289,0.071429,0.5,0.060917,0.581165,3951.7506180714,8947.48551,1278.581026
786,786,14,14,0,0.0,81779.134451,0,0.0,0,0.0,0.0,0.0,33803.459444,-33803.459444,7,5,4,11,0,0.0,0.0,0.0,0.0,1.272727,0.0,0.0,0.0,0.0,0.413351,0.0,5841.3667465,0.0,0.0
787,787,15,15,0,0.0,31259.454198,2,1457.562602,5,993.783338,0.681812,1907.85134,9949.2872,-8041.43586,4,5,4,13,1,1.46668,5.214917,0.5,0.046628,1.153846,0.046628,0.681812,0.153846,0.384615,0.318281,-4.214917,2083.9636132,728.781301,198.7566676
788,788,9,8,1,0.111111,49307.605282,3,23728.130532,1,3781.026485,0.159348,45.788819,0.0,45.788819,2,5,4,8,2,6.275579,0.0,0.666667,0.481227,1.125,0.481227,0.159348,0.375,0.125,0.0,1.0,5478.6228091111,7909.376844,3781.026485
789,789,11,11,0,0.0,44774.152893,5,18686.450637,1,1544.909661,0.082675,0.0,0.0,0.0,1,5,4,11,4,12.095497,0.0,0.8,0.417349,1.0,0.417349,0.082675,0.454545,0.090909,0.0,0.0,4070.3775357273,3737.2901274,1544.909661
790,790,13,13,0,0.0,46163.619866,5,13762.580361,5,11924.389848,0.866436,9531.625413,0.0,9531.625413,2,5,4,13,0,1.154154,0.0,0.0,0.298126,1.0,0.298126,0.866436,0.384615,0.384615,0.0,1.0,3551.047682,2752.5160722,2384.8779696
791,791,11,11,0,0.0,50632.065924,1,8290.146042,1,5806.132671,0.700366,1682.921456,6801.496869,-5118.575413,4,5,3,11,0,1.427826,4.041482,0.0,0.163733,1.0,0.163733,0.700366,0.090909,0.090909,0.134332,-3.041482,4602.915084,8290.146042,5806.132671
792,792,10,10,0,0.0,44989.625555,1,8653.071243,3,7585.595853,0.876636,0.0,0.0,0.0,5,5,4,10,1,1.140724,0.0,1.0,0.192335,1.0,0.192335,0.876636,0.1,0.3,0.0,0.0,4498.9625555,8653.071243,2528.531951
793,793,7,7,0,0.0,10252.058551,1,2002.286355,5,1962.4093,0.980084,0.0,0.0,0.0,1,4,4,6,0,1.02032,0.0,0.0,0.195306,1.166667,0.195306,0.980084,0.166667,0.833333,0.0,0.0,1464.579793,2002.286355,392.48186
794,794,12,11,1,0.083333,60786.621275,0,0.0,0,0.0,0.0,12284.449693,0.0,12284.449693,10,5,4,11,0,0.0,0.0,0.0,0.0,1.090909,0.0,0.0,0.0,0.0,0.0,1.0,5065.5517729167,0.0,0.0
795,795,21,21,0,0.0,31335.896551,1,1652.149973,14,1652.149965,1.0,874.548314,10811.869743,-9937.321429,3,5,4,19,0,1.0,12.362804,0.0,0.052724,1.105263,0.052724,1.0,0.052632,0.736842,0.345031,-11.362804,1492.1855500476,1652.149973,118.0107117857
796,796,19,18,1,0.052632,113059.020676,10,58566.313704,1,131.679143,0.002248,0.0,182.181137,-182.181137,2,5,4,18,5,444.765301,0.0,0.5,0.518015,1.055556,0.518015,0.002248,0.555556,0.055556,0.001611,0.0,5950.4747724211,5856.6313704,131.679143
797,797,12,12,0,0.0,31613.196004,1,4929.632066,5,4310.850298,0.874477,0.0,11279.926819,-11279.926819,4,4,4,11,0,1.143541,0.0,0.0,0.155936,1.090909,0.155936,0.874477,0.090909,0.454545,0.356811,0.0,2634.4330003333,4929.632066,862.1700596
798,798,7,7,0,0.0,17871.34108,1,8935.67054,5,7093.232209,0.793811,0.0,0.0,0.0,0,4,4,7,1,1.259746,0.0,1.0,0.5,1.0,0.5,0.793811,0.142857,0.714286,0.0,0.0,2553.0487257143,8935.67054,1418.6464418
799,799,10,9,1,0.1,9115.886242,1,927.974598,8,927.95658,0.999981,0.0,0.0,0.0,1,4,4,9,0,1.000019,0.0,0.0,0.101798,1.111111,0.101798,0.999981,0.111111,0.888889,0.0,0.0,911.5886242,927.974598,115.9945725
800,800,15,15,0,0.0,98302.673204,5,36449.90991,1,2446.736462,0.067126,13029.253487,0.0,13029.253487,2,5,4,15,4,14.897358,0.0,0.8,0.370793,1.0,0.370793,0.067126,0.333333,0.066667,0.0,1.0,6553.5115469333,7289.981982,2446.736462
801,801,15,14,1,0.066667,73910.718346,0,0.0,0,0.0,0.0,28144.292405,5573.930535,22570.36187,10,5,3,15,0,0.0,0.198048,0.0,0.0,1.0,0.0,0.0,0.0,0.0,0.075414,0.801952,4927.3812230667,0.0,0.0
802,802,7,7,0,0.0,31637.074362,0,0.0,0,0.0,0.0,7448.778612,0.0,7448.778612,5,4,2,7,0,0.0,0.0,0.0,0.0,1.0,0.0,0.0,0.0,0.0,0.0,1.0,4519.5820517143,0.0,0.0
803,803,12,11,1,0.083333,32711.427576,2,8879.62249,7,3378.976755,0.380532,0.0,7975.808209,-7975.808209,2,5,4,11,0,2.627903,0.0,0.0,0.271453,1.090909,0.271453,0.380532,0.181818,0.636364,0.243823,0.0,2725.952298,4439.811245,482.710965
804,804,12,11,1,0.083333,32529.034433,1,217.467724,6,217.225318,0.998885,16534.225857,8849.947574,7684.278283,2,5,3,12,0,1.001116,0.53525,0.0,0.006685,1.0,0.006685,0.998885,0.083333,0.5,0.272063,0.46475,2710.7528694167,217.467724,36.2042196667
805,805,13,13,0,0.0,16563.978346,1,393.670853,9,393.670724,1.0,4336.965992,0.0,4336.965992,2,5,4,12,0,1.0,0.0,0.0,0.023767,1.083333,0.023767,1.0,0.083333,0.75,0.0,1.0,1274.1521804615,393.670853,43.7411915556
806,806,14,14,0,0.0,68444.585376,2,9499.594074,0,0.0,0.0,15616.421711,15901.545218,-285.123507,4,5,4,11,1,0.0,1.018258,0.5,0.138792,1.272727,0.138792,0.0,0.181818,0.0,0.232327,-0.018258,4888.8989554286,4749.797037,0.0
807,807,12,11,1,0.083333,24159.840048,1,2486.85359,8,2485.473683,0.999445,17839.433223,0.0,17839.433223,1,4,4,12,0,1.000555,0.0,0.0,0.102933,1.0,0.102933,0.999445,0.083333,0.666667,0.0,1.0,2013.320004,2486.85359,310.684210375
808,808,9,9,0,0.0,29370.758132,2,12572.183045,5,12350.540864,0.98237,0.0,4226.392042,-4226.392042,0,4,3,7,1,1.017946,0.0,0.5,0.428051,1.285714,0.428051,0.98237,0.285714,0.714286,0.143898,0.0,3263.4175702222,6286.0915225,2470.1081728
809,809,15,15,0,0.0,60660.168014,3,8368.025128,1,607.648112,0.072615,506.84127,4992.665671,-4485.824401,8,5,4,15,1,13.771169,9.850551,0.333333,0.137949,1.0,0.137949,0.072615,0.2,0.066667,0.082306,-8.850551,4044.0112009333,2789.3417093333,607.648112
810,810,16,14,2,0.125,72093.773547,4,32715.310878,7,11133.313118,0.340309,5189.257018,14452.482927,-9263.225909,2,5,4,16,0,2.938506,2.785077,0.0,0.453788,1.0,0.453788,0.340309,0.25,0.4375,0.200468,-1.785077,4505.8608466875,8178.8277195,1590.4733025714
811,811,16,16,0,0.0,41700.847738,2,10310.152036,9,9737.830303,0.944489,3820.476676,3983.666452,-163.189776,2,5,4,15,0,1.058773,1.042715,0.0,0.247241,1.066667,0.247241,0.944489,0.133333,0.6,0.09553,-0.042715,2606.302983625,5155.076018,1081.9811447778
812,812,10,10,0,0.0,54988.873502,0,0.0,0,0.0,0.0,8850.95894,9467.77839,-616.81945,7,5,2,10,0,0.0,1.06969,0.0,0.0,1.0,0.0,0.0,0.0,0.0,0.172176,-0.06969,5498.8873502,0.0,0.0
813,813,17,17,0,0.0,57813.846462,1,7633.142262,7,7632.570599,0.999925,28576.318881,729.174786,27847.144095,3,5,4,14,0,1.000075,0.025517,0.0,0.13203,1.214286,0.13203,0.999925,0.071429,0.5,0.012612,0.974483,3400.8144977647,7633.142262,1090.3672284286
814,814,9,9,0,0.0,26537.507999,2,6077.203531,5,5844.698359,0.961741,0.0,0.0,0.0,2,5,3,9,0,1.039781,0.0,0.0,0.229004,1.0,0.229004,0.961741,0.222222,0.555556,0.0,0.0,2948.6119998889,3038.6017655,1168.9396718
815,815,11,11,0,0.0,20749.372297,1,4509.798778,7,4460.060468,0.988971,1209.792559,0.0,1209.792559,2,4,4,9,0,1.011152,0.0,0.0,0.217346,1.222222,0.217346,0.988971,0.111111,0.777778,0.0,1.0,1886.3065724545,4509.798778,637.1514954286
816,816,15,15,0,0.0,39093.761132,1,4541.489094,9,4541.485354,0.999999,0.0,14537.030891,-14537.030891,2,5,4,15,0,1.000001,0.0,0.0,0.116169,1.0,0.116169,0.999999,0.066667,0.6,0.37185,0.0,2606.2507421333,4541.489094,504.6094837778
817,817,9,9,0,0.0,41932.504248,1,6071.760656,4,5831.507415,0.960431,0.0,7898.542857,-7898.542857,3,5,4,9,0,1.041199,0.0,0.0,0.144798,1.0,0.144798,0.960431,0.111111,0.444444,0.188363,0.0,4659.1671386667,6071.760656,1457.87685375
818,818,16,14,2,0.125,22123.246232,1,5382.942155,13,9292.802414,1.0,0.0,0.0,0.0,2,5,4,16,0,0.579259,0.0,0.0,0.243316,1.0,0.243316,1.726343,0.0625,0.8125,0.0,0.0,1382.7028895,5382.942155,714.8309549231
819,819,15,14,1,0.066667,40861.774103,2,13087.082414,8,13053.262041,0.997416,5342.526171,3306.770089,2035.756082,3,5,4,13,0,1.002591,0.618953,0.0,0.320277,1.153846,0.320277,0.997416,0.153846,0.615385,0.080926,0.381047,2724.1182735333,6543.541207,1631.657755125
820,820,13,12,1,0.076923,36162.987896,2,9484.104691,5,6523.521288,0.687837,1422.177124,0.0,1422.177124,4,4,4,12,1,1.453832,0.0,0.5,0.26226,1.083333,0.26226,0.687837,0.166667,0.416667,0.0,1.0,2781.7682996923,4742.0523455,1304.7042576
821,821,11,10,1,0.090909,50393.226888,4,16731.59667,1,341.722364,0.020424,9495.280789,9314.643201,180.637588,1,4,3,11,3,48.962545,0.980976,0.75,0.332021,1.0,0.332021,0.020424,0.363636,0.090909,0.184839,0.019024,4581.2024443636,4182.8991675,341.722364
822,822,13,12,1,0.076923,27593.20471,1,7785.703702,9,7785.600083,0.999987,0.0,3225.115197,-3225.115197,2,5,4,11,0,1.000013,0.0,0.0,0.28216,1.181818,0.28216,0.999987,0.090909,0.818182,0.116881,0.0,2122.5542084615,7785.703702,865.0666758889
823,823,16,16,0,0.0,80405.350639,5,30448.169046,8,23802.565664,0.78174,6252.152067,9983.441823,-3731.289756,1,5,4,16,0,1.279197,1.596801,0.0,0.378683,1.0,0.378683,0.78174,0.3125,0.5,0.124164,-0.596801,5025.3344149375,6089.6338092,2975.320708
824,824,20,19,1,0.05,65985.390078,2,8009.044797,6,4260.630754,0.531977,0.0,8355.173456,-8355.173456,9,5,4,19,1,1.879779,0.0,0.5,0.121376,1.052632,0.121376,0.531977,0.105263,0.315789,0.126622,0.0,3299.2695039,4004.5223985,710.1051256667
825,825,13,12,1,0.076923,61988.488827,0,0.0,0,0.0,0.0,41586.093673,0.0,41586.093673,6,5,4,13,0,0.0,0.0,0.0,0.0,1.0,0.0,0.0,0.0,0.0,0.0,1.0,4768.3452943846,0.0,0.0
826,826,15,15,0,0.0,75276.751819,0,0.0,0,0.0,0.0,21744.116616,2507.339649,19236.776967,10,5,4,13,0,0.0,0.115311,0.0,0.0,1.153846,0.0,0.0,0.0,0.0,0.033308,0.884689,5018.4501212667,0.0,0.0
827,827,13,13,0,0.0,47557.463064,6,14462.905702,0,0.0,0.0,7722.639036,0.0,7722.639036,3,5,3,11,3,0.0,0.0,0.5,0.304114,1.181818,0.304114,0.0,0.545455,0.0,0.0,1.0,3658.2663895385,2410.4842836667,0.0
828,828,9,7,2,0.222222,51328.282984,1,7685.053441,1,3448.80321,0.448768,12357.40432,4612.548268,7744.856052,4,4,3,9,0,2.228325,0.373262,0.0,0.149724,1.0,0.149724,0.448768,0.111111,0.111111,0.089864,0.626738,5703.1425537778,7685.053441,3448.80321
829,829,18,18,0,0.0,48392.284291,3,7910.889668,7,6020.092617,0.760988,8830.979284,8511.987587,318.991697,3,5,4,16,2,1.314081,0.963878,0.666667,0.163474,1.125,0.163474,0.760988,0.1875,0.4375,0.175896,0.036122,2688.4602383889,2636.9632226667,860.013231
830,830,11,10,1,0.090909,43088.283256,0,0.0,0,0.0,0.0,6404.673115,0.0,6404.673115,9,5,4,9,0,0.0,0.0,0.0,0.0,1.222222,0.0,0.0,0.0,0.0,0.0,1.0,3917.1166596364,0.0,0.0
831,831,17,17,0,0.0,30803.800272,1,7808.466863,13,7808.417859,0.999994,0.0,0.0,0.0,3,5,4,17,0,1.000006,0.0,0.0,0.25349,1.0,0.25349,0.999994,0.058824,0.764706,0.0,0.0,1811.9882512941,7808.466863,600.6475276154
832,832,16,16,0,0.0,42199.404614,1,6197.539268,6,6148.587429,0.992101,0.0,5623.276141,-5623.276141,7,5,4,15,1,1.007961,0.0,1.0,0.146863,1.066667,0.146863,0.992101,0.066667,0.4,0.133255,0.0,2637.462788375,6197.539268,1024.7645715
833,833,12,11,1,0.083333,28110.88702,1,5807.226168,8,5845.9127,1.0,5163.058832,0.0,5163.058832,2,4,4,11,0,0.993382,0.0,0.0,0.206583,1.090909,0.206583,1.006662,0.090909,0.727273,0.0,1.0,2342.5739183333,5807.226168,730.7390875
834,834,17,16,1,0.058824,69429.393051,1,7004.527904,3,6548.97029,0.934962,15189.735307,0.0,15189.735307,10,5,4,16,0,1.069562,0.0,0.0,0.100887,1.0625,0.100887,0.934962,0.0625,0.1875,0.0,1.0,4084.0819441765,7004.527904,2182.9900966667
835,835,12,11,1,0.083333,42773.862145,2,5170.197507,1,1459.635804,0.282317,3824.538316,14780.980439,-10956.442123,5,5,4,11,1,3.542115,3.864775,0.5,0.120873,1.090909,0.120873,0.282317,0.181818,0.090909,0.345561,-2.864775,3564.4885120833,2585.0987535,1459.635804
836,836,9,8,1,0.111111,52173.024699,3,17378.555862,1,7403.499504,0.426014,12514.209276,8336.222215,4177.987061,1,5,3,9,1,2.347343,0.666141,0.333333,0.333095,1.0,0.333095,0.426014,0.333333,0.111111,0.15978,0.333859,5797.0027443333,5792.851954,7403.499504
837,837,8,7,1,0.125,41940.937249,0,0.0,0,0.0,0.0,8289.316975,7841.533481,447.783494,5,4,3,8,0,0.0,0.945981,0.0,0.0,1.0,0.0,0.0,0.0,0.0,0.186966,0.054019,5242.617156125,0.0,0.0
838,838,8,8,0,0.0,38933.517614,0,0.0,0,0.0,0.0,6187.476996,6465.887003,-278.410007,6,5,4,7,0,0.0,1.044996,0.0,0.0,1.142857,0.0,0.0,0.0,0.0,0.166075,-0.044996,4866.68970175,0.0,0.0
839,839,13,12,1,0.076923,64218.1927,0,0.0,0,0.0,0.0,14043.667407,3757.146064,10286.521343,8,5,4,11,0,0.0,0.267533,0.0,0.0,1.181818,0.0,0.0,0.0,0.0,0.058506,0.732467,4939.8609769231,0.0,0.0
840,840,11,11,0,0.0,31181.46414,1,4264.050041,4,4175.947277,0.979338,9372.481925,829.876577,8542.605348,3,5,4,9,0,1.021098,0.088544,0.0,0.13675,1.222222,0.13675,0.979338,0.111111,0.444444,0.026614,0.911456,2834.6785581818,4264.050041,1043.98681925
841,841,10,10,0,0.0,46948.035064,4,21794.41275,2,6489.246783,0.297748,0.0,0.0,0.0,2,5,4,10,2,3.358543,0.0,0.5,0.464224,1.0,0.464224,0.297748,0.4,0.2,0.0,0.0,4694.8035064,5448.6031875,3244.6233915
842,842,15,14,1,0.066667,74989.285179,0,0.0,0,0.0,0.0,0.0,42677.071736,-42677.071736,8,5,4,14,0,0.0,0.0,0.0,0.0,1.071429,0.0,0.0,0.0,0.0,0.569109,0.0,4999.2856786,0.0,0.0
843,843,9,9,0,0.0,59013.684847,2,12030.556673,2,6254.545459,0.519888,16574.040138,7517.171275,9056.868863,2,4,4,8,0,1.92349,0.453551,0.0,0.20386,1.125,0.20386,0.519888,0.25,0.25,0.12738,0.546449,6557.0760941111,6015.2783365,3127.2727295
844,844,18,17,1,0.055556,72461.405444,2,13679.592622,3,4358.458894,0.31861,140.803248,2735.62615,-2594.822902,9,5,4,15,1,3.138631,19.428715,0.5,0.188785,1.2,0.188785,0.31861,0.133333,0.2,0.037753,-18.428715,4025.6336357778,6839.796311,1452.8196313333
845,845,13,13,0,0.0,54631.662692,5,24950.632017,2,6393.254775,0.256236,0.0,0.0,0.0,4,5,4,12,2,3.902649,0.0,0.4,0.456706,1.083333,0.456706,0.256236,0.416667,0.166667,0.0,0.0,4202.4355916923,4990.1264034,3196.6273875
846,846,17,17,0,0.0,43862.603839,1,8351.80184,6,8305.436201,0.994448,2191.565415,16983.013968,-14791.448553,5,5,4,17,0,1.005583,7.749262,0.0,0.190408,1.0,0.190408,0.994448,0.058824,0.352941,0.387187,-6.749262,2580.153167,8351.80184,1384.2393668333
847,847,15,13,2,0.133333,22299.523824,1,3757.604058,9,3790.825575,1.0,0.0,1313.018405,-1313.018405,4,5,4,15,0,0.991236,0.0,0.0,0.168506,1.0,0.168506,1.008841,0.066667,0.6,0.058881,0.0,1486.6349216,3757.604058,421.2028416667
848,848,7,7,0,0.0,33408.05428,0,0.0,0,0.0,0.0,7459.537597,6253.98737,1205.550227,4,4,3,7,0,0.0,0.838388,0.0,0.0,1.0,0.0,0.0,0.0,0.0,0.1872,0.161612,4772.5791828571,0.0,0.0
849,849,11,11,0,0.0,19189.728261,1,1460.85892,4,1400.154095,0.958446,1181.124372,12805.558384,-11624.434012,2,5,4,10,0,1.043356,10.841837,0.0,0.076127,1.1,0.076127,0.958446,0.1,0.4,0.667313,-9.841837,1744.520751,1460.85892,350.03852375
850,850,14,13,1,0.071429,66180.385291,0,0.0,0,0.0,0.0,10519.553166,23246.114852,-12726.561686,7,5,3,13,0,0.0,2.209801,0.0,0.0,1.076923,0.0,0.0,0.0,0.0,0.351254,-1.209801,4727.1703779286,0.0,0.0
851,851,14,12,2,0.142857,64421.425194,1,9819.306073,5,9538.628513,0.971416,10818.055272,8738.277685,2079.777587,4,4,4,13,0,1.029425,0.807749,0.0,0.152423,1.076923,0.152423,0.971416,0.076923,0.384615,0.135642,0.192251,4601.530371,9819.306073,1907.7257026
852,852,19,19,0,0.0,77194.715377,1,3350.542117,1,870.037759,0.259671,0.0,14744.524234,-14744.524234,11,5,3,17,1,3.851031,0.0,1.0,0.043404,1.117647,0.043404,0.259671,0.058824,0.058824,0.191004,0.0,4062.8797566842,3350.542117,870.037759
853,853,9,9,0,0.0,22156.86904,1,1814.59922,0,0.0,0.0,0.0,4884.085332,-4884.085332,6,4,2,8,0,0.0,0.0,0.0,0.081898,1.125,0.081898,0.0,0.125,0.0,0.220432,0.0,2461.8743377778,1814.59922,0.0
854,854,16,15,1,0.0625,83811.697707,0,0.0,0,0.0,0.0,21642.426867,30892.746107,-9250.31924,7,5,4,15,0,0.0,1.427416,0.0,0.0,1.066667,0.0,0.0,0.0,0.0,0.368597,-0.427416,5238.2311066875,0.0,0.0
855,855,17,16,1,0.058824,108056.013947,5,23874.514726,1,3996.716062,0.167405,9464.854827,7250.748903,2214.105924,8,5,4,17,1,5.973533,0.766071,0.2,0.220946,1.0,0.220946,0.167405,0.294118,0.058824,0.067102,0.233929,6356.2361145294,4774.9029452,3996.716062
856,856,8,7,1,0.125,48493.721878,0,0.0,0,0.0,0.0,0.0,0.0,0.0,8,5,4,8,0,0.0,0.0,0.0,0.0,1.0,0.0,0.0,0.0,0.0,0.0,0.0,6061.71523475,0.0,0.0
857,857,6,6,0,0.0,39508.304468,1,6646.166149,0,0.0,0.0,0.0,2279.501892,-2279.501892,3,4,4,6,1,0.0,0.0,1.0,0.168222,1.0,0.168222,0.0,0.166667,0.0,0.057697,0.0,6584.7174113333,6646.166149,0.0
858,858,9,9,0,0.0,18608.284901,3,4021.072577,0,0.0,0.0,0.0,2357.766356,-2357.766356,3,4,3,8,2,0.0,0.0,0.666667,0.21609,1.125,0.21609,0.0,0.375,0.0,0.126705,0.0,2067.5872112222,1340.3575256667,0.0
859,859,18,17,1,0.055556,116570.459109,0,0.0,0,0.0,0.0,5393.31866,46336.832671,-40943.514011,10,5,3,18,0,0.0,8.591525,0.0,0.0,1.0,0.0,0.0,0.0,0.0,0.397501,-7.591525,6476.1366171667,0.0,0.0
860,860,11,10,1,0.090909,20984.167018,1,6276.501786,6,6276.236497,0.999958,4131.78213,0.0,4131.78213,2,5,4,11,0,1.000042,0.0,0.0,0.299107,1.0,0.299107,0.999958,0.090909,0.545455,0.0,1.0,1907.6515470909,6276.501786,1046.0394161667
861,861,15,15,0,0.0,21727.848462,1,3970.130943,11,3969.930871,0.99995,0.0,4465.340106,-4465.340106,2,5,3,14,0,1.00005,0.0,0.0,0.182721,1.071429,0.182721,0.99995,0.071429,0.785714,0.205512,0.0,1448.5232308,3970.130943,360.9028064545
862,862,14,14,0,0.0,32600.462246,3,7935.863017,7,7733.354772,0.974482,0.0,9972.28945,-9972.28945,3,5,4,14,0,1.026186,0.0,0.0,0.243428,1.0,0.243428,0.974482,0.214286,0.5,0.305894,0.0,2328.6044461429,2645.2876723333,1104.7649674286
863,863,18,18,0,0.0,69759.236551,0,0.0,0,0.0,0.0,12210.140317,6220.517717,5989.6226,12,5,4,17,0,0.0,0.509455,0.0,0.0,1.058824,0.0,0.0,0.0,0.0,0.089171,0.490545,3875.5131417222,0.0,0.0
864,864,12,11,1,0.083333,66762.234165,0,0.0,0,0.0,0.0,2838.484197,23859.132028,-21020.647831,7,5,3,12,0,0.0,8.405589,0.0,0.0,1.0,0.0,0.0,0.0,0.0,0.357375,-7.405589,5563.51951375,0.0,0.0
865,865,10,8,2,0.2,43677.851247,1,212.877196,0,0.0,0.0,5438.144718,16190.971804,-10752.827086,5,3,3,10,0,0.0,2.977297,0.0,0.004874,1.0,0.004874,0.0,0.1,0.0,0.370691,-1.977297,4367.7851247,212.877196,0.0
866,866,8,7,1,0.125,44671.66496,0,0.0,0,0.0,0.0,8066.295237,13307.2968,-5241.001563,5,3,3,8,0,0.0,1.649741,0.0,0.0,1.0,0.0,0.0,0.0,0.0,0.297891,-0.649741,5583.95812,0.0,0.0
867,867,15,15,0,0.0,47106.619502,2,7388.768013,6,7282.464232,0.985613,8119.275521,19890.917226,-11771.641705,1,5,4,15,1,1.014597,2.449839,0.5,0.156852,1.0,0.156852,0.985613,0.133333,0.4,0.422253,-1.449839,3140.4413001333,3694.3840065,1213.7440386667
868,868,13,13,0,0.0,65140.618901,2,13306.938887,1,728.993742,0.054783,2451.162938,8598.539433,-6147.376495,7,5,4,13,1,18.253845,3.507943,0.5,0.20428,1.0,0.20428,0.054783,0.153846,0.076923,0.132,-2.507943,5010.8168385385,6653.4694435,728.993742
869,869,18,18,0,0.0,110768.441747,0,0.0,0,0.0,0.0,10774.373925,9146.981649,1627.392276,14,4,3,18,0,0.0,0.848957,0.0,0.0,1.0,0.0,0.0,0.0,0.0,0.082578,0.151043,6153.8023192778,0.0,0.0
870,870,17,16,1,0.058824,54219.620803,1,4754.617404,7,4754.596284,0.999996,0.0,15088.310111,-15088.310111,6,5,4,16,0,1.000004,0.0,0.0,0.087692,1.0625,0.087692,0.999996,0.0625,0.4375,0.278281,0.0,3189.389459,4754.617404,679.2280405714
871,871,9,9,0,0.0,37655.111407,3,12093.867751,2,9697.710179,0.80187,4885.024122,0.0,4885.024122,1,5,4,9,2,1.247085,0.0,0.666667,0.321175,1.0,0.321175,0.80187,0.333333,0.222222,0.0,1.0,4183.9012674444,4031.2892503333,4848.8550895
872,872,13,12,1,0.076923,50266.45834,1,3624.899697,4,3298.056359,0.909834,0.0,18406.073146,-18406.073146,5,5,4,12,0,1.099102,0.0,0.0,0.072114,1.083333,0.072114,0.909834,0.083333,0.333333,0.36617,0.0,3866.6506415385,3624.899697,824.51408975
873,873,16,16,0,0.0,37059.112419,3,5683.317125,6,1522.870444,0.267955,0.0,10968.485914,-10968.485914,3,5,4,16,1,3.731977,0.0,0.333333,0.153358,1.0,0.153358,0.267955,0.1875,0.375,0.295973,0.0,2316.1945261875,1894.4390416667,253.8117406667
874,874,11,11,0,0.0,70836.604316,0,0.0,0,0.0,0.0,15454.072233,28517.990279,-13063.918046,5,4,4,10,0,0.0,1.845338,0.0,0.0,1.1,0.0,0.0,0.0,0.0,0.402588,-0.845338,6439.6913014545,0.0,0.0
875,875,9,9,0,0.0,48657.006439,0,0.0,0,0.0,0.0,2638.270063,19268.725484,-16630.455421,5,4,3,9,0,0.0,7.303546,0.0,0.0,1.0,0.0,0.0,0.0,0.0,0.396011,-6.303546,5406.3340487778,0.0,0.0
876,876,13,13,0,0.0,36709.694088,1,833.474437,2,724.144599,0.868826,12321.088508,5765.908515,6555.179993,7,5,4,11,0,1.150978,0.467971,0.0,0.022704,1.181818,0.022704,0.868826,0.090909,0.181818,0.157068,0.532029,2823.8226221538,833.474437,362.0722995
877,877,17,16,1,0.058824,75900.525168,5,23035.290441,1,135.724429,0.005892,24.511869,0.0,24.511869,6,5,4,16,4,169.721034,0.0,0.8,0.303493,1.0625,0.303493,0.005892,0.3125,0.0625,0.0,1.0,4464.7367745882,4607.0580882,135.724429
878,878,9,9,0,0.0,43654.363463,0,0.0,0,0.0,0.0,9264.085224,9129.670039,134.415185,6,5,1,9,0,0.0,0.985491,0.0,0.0,1.0,0.0,0.0,0.0,0.0,0.209135,0.014509,4850.4848292222,0.0,0.0
879,879,11,11,0,0.0,46715.937025,0,0.0,0,0.0,0.0,13751.985588,0.0,13751.985588,8,5,3,11,0,0.0,0.0,0.0,0.0,1.0,0.0,0.0,0.0,0.0,0.0,1.0,4246.9033659091,0.0,0.0
880,880,17,15,2,0.117647,107794.914693,0,0.0,0,0.0,0.0,20477.640478,15482.499586,4995.140892,10,5,4,16,0,0.0,0.756069,0.0,0.0,1.0625,0.0,0.0,0.0,0.0,0.143629,0.243931,6340.8773348824,0.0,0.0
881,881,21,19,2,0.095238,101343.712865,8,35895.201023,2,2326.605037,0.064817,4696.290448,15999.287197,-11302.996749,2,5,4,20,5,15.428145,3.406793,0.625,0.354193,1.05,0.354193,0.064817,0.4,0.1,0.157872,-2.406793,4825.8910888095,4486.900127875,1163.3025185
882,882,9,8,1,0.111111,39286.301383,1,1319.790133,1,952.101677,0.721404,7289.241659,4058.091949,3231.14971,4,5,2,9,0,1.386186,0.556723,0.0,0.033594,1.0,0.033594,0.721404,0.111111,0.111111,0.103295,0.443277,4365.1445981111,1319.790133,952.101677
883,883,19,18,1,0.052632,97639.257573,1,3669.250169,2,3242.265564,0.883632,13608.567308,16051.248272,-2442.680964,10,5,4,19,0,1.131693,1.179496,0.0,0.03758,1.0,0.03758,0.883632,0.052632,0.105263,0.164393,-0.179496,5138.9082933158,3669.250169,1621.132782
884,884,13,13,0,0.0,34701.919212,2,14315.538392,9,13748.919296,0.960419,0.0,0.0,0.0,2,5,4,13,0,1.041212,0.0,0.0,0.412529,1.0,0.412529,0.960419,0.153846,0.692308,0.0,0.0,2669.3784009231,7157.769196,1527.6576995556
885,885,10,10,0,0.0,46249.856542,0,0.0,0,0.0,0.0,5363.064049,7749.46891,-2386.404861,8,5,1,10,0,0.0,1.44497,0.0,0.0,1.0,0.0,0.0,0.0,0.0,0.167557,-0.44497,4624.9856542,0.0,0.0
886,886,10,10,0,0.0,62162.295689,0,0.0,0,0.0,0.0,15899.573353,29293.518589,-13393.945236,3,5,4,10,0,0.0,1.842409,0.0,0.0,1.0,0.0,0.0,0.0,0.0,0.471243,-0.842409,6216.2295689,0.0,0.0
887,887,14,14,0,0.0,24683.378876,1,8086.019152,11,8079.056072,0.999139,0.0,8086.100916,-8086.100916,1,5,4,14,0,1.000862,0.0,0.0,0.32759,1.0,0.32759,0.999139,0.071429,0.785714,0.327593,0.0,1763.0984911429,8086.019152,734.4596429091
888,888,12,12,0,0.0,36034.038903,1,437.22785,4,408.624512,0.93458,8803.519423,3537.042015,5266.477408,4,5,4,11,0,1.069999,0.401776,0.0,0.012134,1.090909,0.012134,0.93458,0.090909,0.363636,0.098158,0.598224,3002.83657525,437.22785,102.156128
889,889,13,13,0,0.0,26171.452247,1,1279.113406,6,1275.828988,0.997432,2499.90767,3997.285962,-1497.378292,2,5,4,13,0,1.002574,1.598973,0.0,0.048874,1.0,0.048874,0.997432,0.076923,0.461538,0.152735,-0.598973,2013.1886343846,1279.113406,212.6381646667
890,890,12,11,1,0.083333,19703.084172,1,3732.936479,7,3768.722246,1.0,0.0,0.0,0.0,4,5,4,12,0,0.990505,0.0,0.0,0.18946,1.0,0.18946,1.009586,0.083333,0.583333,0.0,0.0,1641.923681,3732.936479,538.3888922857
891,891,11,11,0,0.0,27235.854493,2,12975.520462,7,12975.068815,0.999965,0.0,0.0,0.0,2,5,3,11,0,1.000035,0.0,0.0,0.476413,1.0,0.476413,0.999965,0.181818,0.636364,0.0,0.0,2475.9867720909,6487.760231,1853.5812592857
892,892,16,15,1,0.0625,40244.975825,3,6921.583743,7,5092.606962,0.735757,7826.518932,8539.111313,-712.592381,3,5,4,15,0,1.359144,1.091048,0.0,0.171986,1.066667,0.171986,0.735757,0.2,0.466667,0.212178,-0.091048,2515.3109890625,2307.194581,727.5152802857
893,893,11,9,2,0.181818,24499.819688,1,2953.605624,8,4535.849407,1.0,8729.093192,0.0,8729.093192,1,5,3,11,0,0.651169,0.0,0.0,0.120556,1.0,0.120556,1.535699,0.090909,0.727273,0.0,1.0,2227.2563352727,2953.605624,566.981175875
894,894,17,16,1,0.058824,76125.081523,0,0.0,0,0.0,0.0,9751.212992,18100.493365,-8349.280373,11,5,4,17,0,0.0,1.85623,0.0,0.0,1.0,0.0,0.0,0.0,0.0,0.237773,-0.85623,4477.9459719412,0.0,0.0
895,895,9,8,1,0.111111,11544.784266,1,3063.757217,7,3062.428087,0.999566,5418.598962,0.0,5418.598962,0,5,3,9,0,1.000434,0.0,0.0,0.26538,1.0,0.26538,0.999566,0.111111,0.777778,0.0,1.0,1282.7538073333,3063.757217,437.4897267143
896,896,20,20,0,0.0,72247.677824,3,19669.30747,10,10622.643571,0.540062,0.0,23808.284363,-23808.284363,3,5,4,18,1,1.85164,0.0,0.333333,0.272248,1.111111,0.272248,0.540062,0.166667,0.555556,0.329537,0.0,3612.3838912,6556.4358233333,1062.2643571
897,897,14,14,0,0.0,75059.875714,0,0.0,0,0.0,0.0,44890.725669,0.0,44890.725669,7,5,3,14,0,0.0,0.0,0.0,0.0,1.0,0.0,0.0,0.0,0.0,0.0,1.0,5361.4196938571,0.0,0.0
898,898,18,18,0,0.0,19155.553272,1,5460.80426,16,5460.804135,1.0,8233.944877,0.0,8233.944877,0,5,4,16,0,1.0,0.0,0.0,0.285077,1.125,0.285077,1.0,0.0625,1.0,0.0,1.0,1064.197404,5460.80426,341.3002584375
899,899,10,9,1,0.1,41192.125205,0,0.0,0,0.0,0.0,409.581857,11777.723905,-11368.142048,6,5,4,10,0,0.0,28.755482,0.0,0.0,1.0,0.0,0.0,0.0,0.0,0.285922,-27.755482,4119.2125205,0.0,0.0
900,900,12,12,0,0.0,62919.873488,0,0.0,0,0.0,0.0,15689.772686,1967.466041,13722.306645,7,5,3,11,0,0.0,0.125398,0.0,0.0,1.090909,0.0,0.0,0.0,0.0,0.031269,0.874602,5243.3227906667,0.0,0.0
901,901,9,7,2,0.222222,57298.873933,0,0.0,0,0.0,0.0,14222.161007,6709.255194,7512.905813,5,4,3,9,0,0.0,0.471747,0.0,0.0,1.0,0.0,0.0,0.0,0.0,0.117092,0.528253,6366.5415481111,0.0,0.0
902,902,9,9,0,0.0,50595.821487,0,0.0,0,0.0,0.0,8619.295319,0.0,8619.295319,7,5,4,9,0,0.0,0.0,0.0,0.0,1.0,0.0,0.0,0.0,0.0,0.0,1.0,5621.757943,0.0,0.0
903,903,19,19,0,0.0,40458.144816,2,4037.213767,11,1056.962532,0.261805,1001.095596,9986.259315,-8985.163719,4,5,4,17,0,3.819638,9.97533,0.0,0.099787,1.117647,0.099787,0.261805,0.117647,0.647059,0.246829,-8.97533,2129.3760429474,2018.6068835,96.0875029091
904,904,15,15,0,0.0,47511.112253,2,13421.403568,7,12084.6466,0.900401,5842.908921,3459.546866,2383.362055,3,5,4,14,0,1.110616,0.592093,0.0,0.28249,1.071429,0.28249,0.900401,0.142857,0.5,0.072816,0.407907,3167.4074835333,6710.701784,1726.3780857143
905,905,13,13,0,0.0,57429.344478,4,16648.770196,1,4728.049006,0.283988,0.0,15258.204457,-15258.204457,3,5,4,13,3,3.521277,0.0,0.75,0.2899,1.0,0.2899,0.283988,0.307692,0.076923,0.265687,0.0,4417.6418829231,4162.192549,4728.049006
906,906,15,15,0,0.0,32254.353549,1,2932.894167,5,2932.334166,0.999809,7220.367822,0.0,7220.367822,8,4,4,14,0,1.000191,0.0,0.0,0.09093,1.071429,0.09093,0.999809,0.071429,0.357143,0.0,1.0,2150.2902366,2932.894167,586.4668332
907,907,12,11,1,0.083333,59131.414552,3,15716.397716,5,18119.250614,1.0,0.0,0.0,0.0,4,3,3,11,0,0.867387,0.0,0.0,0.265788,1.090909,0.265788,1.152888,0.272727,0.454545,0.0,0.0,4927.6178793333,5238.7992386667,3623.8501228
908,908,15,15,0,0.0,44010.191476,1,4506.012881,6,4505.450343,0.999875,6367.030144,2002.086622,4364.943522,5,5,4,15,1,1.000125,0.314446,1.0,0.102386,1.0,0.102386,0.999875,0.066667,0.4,0.045491,0.685554,2934.0127650667,4506.012881,750.9083905
909,909,13,13,0,0.0,44856.180031,1,8716.37055,8,8715.817251,0.999937,8906.491377,0.0,8906.491377,3,4,4,12,0,1.000063,0.0,0.0,0.194318,1.083333,0.194318,0.999937,0.083333,0.666667,0.0,1.0,3450.475387,8716.37055,1089.477156375
910,910,10,9,1,0.1,46233.629682,1,5079.257704,2,4277.798337,0.842209,18915.720865,4245.387123,14670.333742,3,5,4,10,0,1.187353,0.224437,0.0,0.109861,1.0,0.109861,0.842209,0.1,0.2,0.091825,0.775563,4623.3629682,5079.257704,2138.8991685
911,911,6,6,0,0.0,23421.176341,0,0.0,0,0.0,0.0,7229.600191,3132.321117,4097.279074,4,3,3,6,0,0.0,0.433263,0.0,0.0,1.0,0.0,0.0,0.0,0.0,0.133739,0.566737,3903.5293901667,0.0,0.0
912,912,11,11,0,0.0,35664.189299,1,5863.067773,4,5854.595725,0.998555,2084.791709,0.0,2084.791709,5,5,4,10,0,1.001447,0.0,0.0,0.164396,1.1,0.164396,0.998555,0.1,0.4,0.0,1.0,3242.1990271818,5863.067773,1463.64893125
913,913,8,8,0,0.0,31239.641847,2,9740.819824,2,3968.291284,0.407388,8608.292263,0.0,8608.292263,2,4,3,8,0,2.454664,0.0,0.0,0.31181,1.0,0.31181,0.407388,0.25,0.25,0.0,1.0,3904.955230875,4870.409912,1984.145642
914,914,11,11,0,0.0,33521.230259,2,11411.071485,6,11187.531011,0.98041,0.0,7749.784035,-7749.784035,1,5,4,11,0,1.019981,0.0,0.0,0.340413,1.0,0.340413,0.98041,0.181818,0.545455,0.23119,0.0,3047.384569,5705.5357425,1864.5885018333
915,915,17,17,0,0.0,83787.818453,0,0.0,0,0.0,0.0,26504.563143,11146.692027,15357.871116,9,5,4,17,0,0.0,0.420557,0.0,0.0,1.0,0.0,0.0,0.0,0.0,0.133035,0.579443,4928.6952031176,0.0,0.0
916,916,13,13,0,0.0,78728.916297,0,0.0,0,0.0,0.0,15693.324117,12218.218601,3475.105516,9,5,3,13,0,0.0,0.778562,0.0,0.0,1.0,0.0,0.0,0.0,0.0,0.155194,0.221438,6056.0704843846,0.0,0.0
917,917,14,14,0,0.0,14021.781265,1,5205.237907,12,5205.222192,0.999997,0.0,3611.321166,-3611.321166,0,5,4,14,0,1.000003,0.0,0.0,0.371225,1.0,0.371225,0.999997,0.071429,0.857143,0.257551,0.0,1001.5558046429,5205.237907,433.768516
918,918,14,14,0,0.0,26217.444169,1,2129.097578,9,2129.097179,1.0,17098.281346,1840.219721,15258.061625,1,5,4,13,0,1.0,0.107626,0.0,0.081209,1.076923,0.081209,1.0,0.076923,0.692308,0.070191,0.892374,1872.6745835,2129.097578,236.5663532222
919,919,17,17,0,0.0,58168.125803,1,239.083542,7,238.100482,0.995888,28490.825058,0.0,28490.825058,5,5,4,16,0,1.004129,0.0,0.0,0.00411,1.0625,0.00411,0.995888,0.0625,0.4375,0.0,1.0,3421.654459,239.083542,34.0143545714
920,920,11,11,0,0.0,30411.091158,3,14089.514478,5,7032.584488,0.499136,0.0,0.0,0.0,3,5,3,11,0,2.003462,0.0,0.0,0.463302,1.0,0.463302,0.499136,0.272727,0.454545,0.0,0.0,2764.6446507273,4696.504826,1406.5168976
921,921,10,10,0,0.0,43951.105368,1,3080.091733,0,0.0,0.0,6657.848993,12122.333364,-5464.484371,6,5,4,10,0,0.0,1.820758,0.0,0.07008,1.0,0.07008,0.0,0.1,0.0,0.275814,-0.820758,4395.1105368,3080.091733,0.0
922,922,16,15,1,0.0625,71226.193435,1,9585.020395,2,7826.895008,0.816576,0.0,0.0,0.0,12,4,3,15,0,1.224626,0.0,0.0,0.134572,1.066667,0.134572,0.816576,0.066667,0.133333,0.0,0.0,4451.6370896875,9585.020395,3913.447504
923,923,20,20,0,0.0,30674.69113,2,3872.022725,15,3871.974501,0.999988,0.0,0.0,0.0,3,5,4,18,0,1.000012,0.0,0.0,0.126229,1.111111,0.126229,0.999988,0.111111,0.833333,0.0,0.0,1533.7345565,1936.0113625,258.1316334
924,924,10,10,0,0.0,14727.213646,1,2752.945928,5,2719.656962,0.987908,2374.297633,0.0,2374.297633,2,5,4,9,1,1.01224,0.0,1.0,0.186929,1.111111,0.186929,0.987908,0.111111,0.555556,0.0,1.0,1472.7213646,2752.945928,543.9313924
925,925,12,12,0,0.0,41055.604033,2,9757.263524,5,8770.95569,0.898916,4701.533314,618.985437,4082.547877,3,5,4,10,0,1.112452,0.131656,0.0,0.23766,1.2,0.23766,0.898916,0.2,0.5,0.015077,0.868344,3421.3003360833,4878.631762,1754.191138
926,926,10,10,0,0.0,17176.9221,1,667.227881,6,666.86754,0.99946,0.0,8015.515398,-8015.515398,2,5,4,10,0,1.00054,0.0,0.0,0.038844,1.0,0.038844,0.99946,0.1,0.6,0.466644,0.0,1717.69221,667.227881,111.14459
927,927,14,13,1,0.071429,77424.121547,2,7818.940307,1,825.32383,0.105554,13394.177138,14232.433644,-838.256506,7,5,4,13,0,9.473785,1.062584,0.0,0.100988,1.076923,0.100988,0.105554,0.153846,0.076923,0.183824,-0.062584,5530.2943962143,3909.4701535,825.32383
928,928,10,10,0,0.0,39051.293268,4,10254.52569,0,0.0,0.0,6859.744319,0.0,6859.744319,2,4,4,10,3,0.0,0.0,0.75,0.262591,1.0,0.262591,0.0,0.4,0.0,0.0,1.0,3905.1293268,2563.6314225,0.0
929,929,12,12,0,0.0,40405.345373,0,0.0,0,0.0,0.0,11134.075285,3529.00767,7605.067615,9,5,4,12,0,0.0,0.316956,0.0,0.0,1.0,0.0,0.0,0.0,0.0,0.08734,0.683044,3367.1121144167,0.0,0.0
930,930,11,11,0,0.0,50412.075128,0,0.0,0,0.0,0.0,9218.851455,695.751374,8523.100081,7,5,4,10,0,0.0,0.075471,0.0,0.0,1.1,0.0,0.0,0.0,0.0,0.013801,0.924529,4582.9159207273,0.0,0.0
931,931,8,8,0,0.0,35667.091868,0,0.0,0,0.0,0.0,7297.897009,20.703283,7277.193726,6,5,4,8,0,0.0,0.002837,0.0,0.0,1.0,0.0,0.0,0.0,0.0,0.00058,0.997163,4458.3864835,0.0,0.0
932,932,10,9,1,0.1,45769.579678,1,2690.84524,0,0.0,0.0,0.0,24576.431113,-24576.431113,4,5,3,10,1,0.0,0.0,1.0,0.058791,1.0,0.058791,0.0,0.1,0.0,0.53696,0.0,4576.9579678,2690.84524,0.0
933,933,13,13,0,0.0,33281.881465,4,18462.185604,3,9174.295948,0.496924,0.0,1631.298392,-1631.298392,3,5,3,12,2,2.012382,0.0,0.5,0.554722,1.083333,0.554722,0.496924,0.333333,0.25,0.049015,0.0,2560.1447280769,4615.546401,3058.0986493333
934,934,12,12,0,0.0,48192.035526,1,5688.149165,2,1773.087727,0.311716,14627.946558,5910.402054,8717.544504,3,5,4,11,0,3.208047,0.404049,0.0,0.118031,1.090909,0.118031,0.311716,0.090909,0.181818,0.122643,0.595951,4016.0029605,5688.149165,886.5438635
935,935,8,8,0,0.0,46556.164702,0,0.0,0,0.0,0.0,16922.568538,3242.285541,13680.282997,3,5,3,8,0,0.0,0.191595,0.0,0.0,1.0,0.0,0.0,0.0,0.0,0.069642,0.808405,5819.52058775,0.0,0.0
936,936,9,9,0,0.0,27357.221033,2,3538.946351,3,3036.713083,0.858084,11690.259657,0.0,11690.259657,2,5,4,7,0,1.165387,0.0,0.0,0.129361,1.285714,0.129361,0.858084,0.285714,0.428571,0.0,1.0,3039.6912258889,1769.4731755,1012.2376943333
937,937,13,13,0,0.0,51825.850947,3,16525.74193,3,8010.863552,0.484751,11034.140814,0.0,11034.140814,3,5,4,13,2,2.062916,0.0,0.666667,0.318871,1.0,0.318871,0.484751,0.230769,0.230769,0.0,1.0,3986.603919,5508.5806433333,2670.2878506667
938,938,8,8,0,0.0,52233.720728,0,0.0,0,0.0,0.0,13401.518919,9100.233371,4301.285548,4,4,4,8,0,0.0,0.679045,0.0,0.0,1.0,0.0,0.0,0.0,0.0,0.174221,0.320955,6529.215091,0.0,0.0
939,939,20,20,0,0.0,76108.956307,2,10763.383783,8,10763.238969,0.999987,19696.623711,17071.130779,2625.492932,3,5,4,19,1,1.000013,0.866703,0.5,0.141421,1.052632,0.141421,0.999987,0.105263,0.421053,0.224299,0.133297,3805.44781535,5381.6918915,1345.404871125
940,940,11,11,0,0.0,30778.735407,1,1895.141028,1,1125.788923,0.59404,1704.875398,19151.222251,-17446.346853,5,5,4,11,0,1.683389,11.233209,0.0,0.061573,1.0,0.061573,0.59404,0.090909,0.090909,0.622223,-10.233209,2798.0668551818,1895.141028,1125.788923
941,941,17,16,1,0.058824,77832.453292,1,8473.395377,7,8477.390879,1.0,12901.688012,5607.478288,7294.209724,6,5,4,16,0,0.999529,0.434631,0.0,0.108867,1.0625,0.108867,1.000472,0.0625,0.4375,0.072046,0.565369,4578.3796054118,8473.395377,1211.0558398571
942,942,13,13,0,0.0,50210.888874,0,0.0,0,0.0,0.0,9770.364481,5535.274412,4235.090069,9,5,4,12,0,0.0,0.566537,0.0,0.0,1.083333,0.0,0.0,0.0,0.0,0.110241,0.433463,3862.3760672308,0.0,0.0
943,943,14,14,0,0.0,67505.897226,1,8598.253222,5,8028.1917,0.9337,9579.502944,8035.887515,1543.615429,4,5,4,14,0,1.071007,0.838863,0.0,0.12737,1.0,0.12737,0.9337,0.071429,0.357143,0.11904,0.161137,4821.8498018571,8598.253222,1605.63834
944,944,20,20,0,0.0,52693.397131,1,5075.008878,10,5075.008203,1.0,11353.119614,14411.901541,-3058.781927,4,4,4,19,0,1.0,1.269422,0.0,0.096312,1.052632,0.096312,1.0,0.052632,0.526316,0.273505,-0.269422,2634.66985655,5075.008878,507.5008203
945,945,17,17,0,0.0,30260.395843,1,1464.892169,10,1464.891189,0.999999,0.0,5286.040565,-5286.040565,4,5,4,16,0,1.000001,0.0,0.0,0.04841,1.0625,0.04841,0.999999,0.0625,0.625,0.174685,0.0,1780.0232848824,1464.892169,146.4891189
946,946,12,12,0,0.0,57325.360627,4,13497.386297,1,7397.79327,0.548091,5551.356771,0.0,5551.356771,4,5,3,12,2,1.824515,0.0,0.5,0.235452,1.0,0.235452,0.548091,0.333333,0.083333,0.0,1.0,4777.1133855833,3374.34657425,7397.79327
947,947,13,12,1,0.076923,63910.33346,0,0.0,0,0.0,0.0,27937.619173,5141.679286,22795.939887,8,5,3,12,0,0.0,0.184041,0.0,0.0,1.083333,0.0,0.0,0.0,0.0,0.080451,0.815959,4916.1794969231,0.0,0.0
948,948,10,10,0,0.0,61823.681359,2,9770.622754,0,0.0,0.0,17822.752748,5731.434301,12091.318447,5,5,4,10,0,0.0,0.32158,0.0,0.15804,1.0,0.15804,0.0,0.2,0.0,0.092706,0.67842,6182.3681359,4885.311377,0.0
949,949,17,17,0,0.0,73935.305183,1,8645.326445,3,8549.506607,0.988917,25700.158068,2155.299956,23544.858112,6,5,4,17,0,1.011208,0.083863,0.0,0.116931,1.0,0.116931,0.988917,0.058824,0.176471,0.029151,0.916137,4349.135599,8645.326445,2849.8355356667
950,950,12,10,2,0.166667,59111.109101,2,8734.244881,2,2445.391087,0.279977,35948.405246,5421.105874,30527.299372,2,5,4,12,0,3.571717,0.150802,0.0,0.14776,1.0,0.14776,0.279977,0.166667,0.166667,0.09171,0.849198,4925.9257584167,4367.1224405,1222.6955435
951,951,20,20,0,0.0,59894.212351,3,13395.928727,8,7730.375494,0.577069,14886.978977,5285.089113,9601.889864,3,5,4,20,1,1.732895,0.355014,0.333333,0.22366,1.0,0.22366,0.577069,0.15,0.4,0.08824,0.644986,2994.71061755,4465.3095756667,966.29693675
952,952,11,10,1,0.090909,53812.056821,1,5726.364196,0,0.0,0.0,5460.90911,2828.897608,2632.011502,5,5,3,11,1,0.0,0.518027,1.0,0.106414,1.0,0.106414,0.0,0.090909,0.0,0.05257,0.481973,4892.0051655455,5726.364196,0.0
953,953,16,15,1,0.0625,65232.165017,1,5306.946725,5,5306.940167,0.999999,10457.368485,23598.43762,-13141.069135,4,5,4,15,0,1.000001,2.256633,0.0,0.081355,1.066667,0.081355,0.999999,0.066667,0.333333,0.361761,-1.256633,4077.0103135625,5306.946725,1061.3880334
954,954,12,12,0,0.0,85950.257833,4,26592.644875,1,549.436887,0.020661,6844.642991,0.0,6844.642991,4,5,3,12,2,48.399817,0.0,0.5,0.309396,1.0,0.309396,0.020661,0.333333,0.083333,0.0,1.0,7162.5214860833,6648.16121875,549.436887
955,955,14,12,2,0.142857,75476.681465,2,12977.850434,3,8418.927533,0.648715,7212.864309,0.0,7212.864309,7,5,4,14,0,1.541509,0.0,0.0,0.171945,1.0,0.171945,0.648715,0.142857,0.214286,0.0,1.0,5391.1915332143,6488.925217,2806.3091776667
956,956,15,14,1,0.066667,89603.870184,0,0.0,0,0.0,0.0,20167.311637,32588.528589,-12421.216952,6,5,4,14,0,0.0,1.615908,0.0,0.0,1.071429,0.0,0.0,0.0,0.0,0.363696,-0.615908,5973.5913456,0.0,0.0
957,957,14,13,1,0.071429,38453.849292,2,11014.431396,7,10714.950178,0.97281,0.0,0.0,0.0,4,4,4,13,1,1.02795,0.0,0.5,0.286432,1.076923,0.286432,0.97281,0.153846,0.538462,0.0,0.0,2746.7035208571,5507.215698,1530.7071682857
958,958,20,19,1,0.05,50759.600169,2,12762.259048,12,12744.890122,0.998639,7398.559089,909.813799,6488.74529,3,5,4,18,0,1.001363,0.122972,0.0,0.251426,1.111111,0.251426,0.998639,0.111111,0.666667,0.017924,0.877028,2537.98000845,6381.129524,1062.0741768333
959,959,12,12,0,0.0,17767.041692,3,6775.144585,8,5850.979704,0.863595,0.0,0.0,0.0,1,5,4,12,0,1.15795,0.0,0.0,0.381332,1.0,0.381332,0.863595,0.25,0.666667,0.0,0.0,1480.5868076667,2258.3815283333,731.372463
960,960,21,21,0,0.0,42180.896132,1,3701.991467,12,3701.989944,1.0,6622.017547,2034.159531,4587.858016,5,5,4,17,0,1.0,0.307181,0.0,0.087765,1.235294,0.087765,1.0,0.058824,0.705882,0.048225,0.692819,2008.6141015238,3701.991467,308.499162
961,961,15,15,0,0.0,13810.909503,1,6686.125014,13,6686.124518,1.0,0.0,0.0,0.0,1,4,4,14,0,1.0,0.0,0.0,0.484119,1.071429,0.484119,1.0,0.071429,0.928571,0.0,0.0,920.7273002,6686.125014,514.3172706154
962,962,20,20,0,0.0,18821.055892,1,5060.763394,15,5060.763394,1.0,0.0,4946.491927,-4946.491927,2,5,4,19,0,1.0,0.0,0.0,0.268888,1.052632,0.268888,1.0,0.052632,0.789474,0.262817,0.0,941.0527946,5060.763394,337.3842262667
963,963,6,6,0,0.0,8115.46981,1,4111.306754,5,4004.163056,0.973939,0.0,0.0,0.0,0,3,2,6,0,1.026758,0.0,0.0,0.506601,1.0,0.506601,0.973939,0.166667,0.833333,0.0,0.0,1352.5783016667,4111.306754,800.8326112
964,964,13,13,0,0.0,59014.820571,5,25838.681155,3,6972.815028,0.26986,0.0,7337.458261,-7337.458261,0,5,4,11,4,3.705631,0.0,0.8,0.437834,1.181818,0.437834,0.26986,0.454545,0.272727,0.124332,0.0,4539.6015823846,5167.736231,2324.271676
965,965,11,11,0,0.0,41981.121292,0,0.0,0,0.0,0.0,9957.485377,10395.90735,-438.421973,7,5,4,10,0,0.0,1.044029,0.0,0.0,1.1,0.0,0.0,0.0,0.0,0.247633,-0.044029,3816.465572,0.0,0.0
966,966,12,11,1,0.083333,55074.530894,0,0.0,0,0.0,0.0,10523.567017,0.0,10523.567017,9,5,4,12,0,0.0,0.0,0.0,0.0,1.0,0.0,0.0,0.0,0.0,0.0,1.0,4589.5442411667,0.0,0.0
967,967,16,16,0,0.0,24795.465344,1,4964.808377,12,4964.805254,0.999999,5781.327945,0.0,5781.327945,2,4,4,15,0,1.000001,0.0,0.0,0.20023,1.066667,0.20023,0.999999,0.066667,0.8,0.0,1.0,1549.716584,4964.808377,413.7337711667
968,968,13,13,0,0.0,44630.897478,1,7550.775329,6,7548.129785,0.99965,8528.157514,2802.133344,5726.02417,3,5,4,13,0,1.00035,0.328574,0.0,0.169183,1.0,0.169183,0.99965,0.076923,0.461538,0.062785,0.671426,3433.1459598462,7550.775329,1258.0216308333
969,969,16,16,0,0.0,73372.152624,0,0.0,0,0.0,0.0,14118.984012,11161.994251,2956.989761,11,5,4,16,0,0.0,0.790566,0.0,0.0,1.0,0.0,0.0,0.0,0.0,0.152128,0.209434,4585.759539,0.0,0.0
970,970,10,10,0,0.0,58547.761191,0,0.0,0,0.0,0.0,2681.911607,4073.913367,-1392.00176,8,5,3,10,0,0.0,1.519033,0.0,0.0,1.0,0.0,0.0,0.0,0.0,0.069583,-0.519033,5854.7761191,0.0,0.0
971,971,10,9,1,0.1,52983.294424,0,0.0,0,0.0,0.0,13496.815391,16322.936623,-2826.121232,4,5,4,10,0,0.0,1.209392,0.0,0.0,1.0,0.0,0.0,0.0,0.0,0.308077,-0.209392,5298.3294424,0.0,0.0
972,972,13,12,1,0.076923,74021.403182,0,0.0,0,0.0,0.0,7887.498364,17862.069858,-9974.571494,8,4,3,12,0,0.0,2.264605,0.0,0.0,1.083333,0.0,0.0,0.0,0.0,0.24131,-1.264605,5693.9540909231,0.0,0.0
973,973,18,17,1,0.055556,27849.959791,1,3176.570188,12,3176.567894,0.999999,6672.95046,1068.609259,5604.341201,3,5,4,17,0,1.000001,0.16014,0.0,0.11406,1.058824,0.11406,0.999999,0.058824,0.705882,0.03837,0.83986,1547.2199883889,3176.570188,264.7139911667
974,974,8,8,0,0.0,15407.428885,1,762.597837,3,723.485463,0.948712,5741.616213,0.0,5741.616213,3,5,2,7,0,1.054061,0.0,0.0,0.049495,1.142857,0.049495,0.948712,0.142857,0.428571,0.0,1.0,1925.928610625,762.597837,241.161821
975,975,11,10,1,0.090909,35809.027038,2,8203.70888,5,8151.198468,0.993599,6166.052191,0.0,6166.052191,2,5,4,11,0,1.006442,0.0,0.0,0.229096,1.0,0.229096,0.993599,0.181818,0.454545,0.0,1.0,3255.3660943636,4101.85444,1630.2396936
976,976,11,11,0,0.0,64843.846712,4,25586.553699,2,5446.559167,0.212868,0.0,0.0,0.0,4,5,3,10,1,4.697746,0.0,0.25,0.394587,1.1,0.394587,0.212868,0.4,0.2,0.0,0.0,5894.8951556364,6396.63842475,2723.2795835
977,977,12,11,1,0.083333,53929.981623,1,8372.933519,1,2312.326953,0.276167,7357.015696,17101.551441,-9744.535745,3,4,3,10,0,3.620999,2.324523,0.0,0.155256,1.2,0.155256,0.276167,0.1,0.1,0.317107,-1.324523,4494.16513525,8372.933519,2312.326953
978,978,19,16,3,0.157895,42204.912591,2,13787.672457,14,6044.978984,0.438434,0.0,9255.87589,-9255.87589,2,5,4,16,0,2.280847,0.0,0.0,0.326684,1.1875,0.326684,0.438434,0.125,0.875,0.219308,0.0,2221.311189,6893.8362285,431.7842131429
979,979,16,16,0,0.0,62609.071484,1,4420.7858,0,0.0,0.0,10812.942459,7020.968964,3791.973495,10,5,4,14,0,0.0,0.649312,0.0,0.070609,1.142857,0.070609,0.0,0.071429,0.0,0.11214,0.350688,3913.06696775,4420.7858,0.0
980,980,18,17,1,0.055556,103956.576272,6,42640.962498,2,8786.741986,0.206063,10388.652563,0.0,10388.652563,5,5,4,15,2,4.852875,0.0,0.333333,0.410181,1.2,0.410181,0.206063,0.4,0.133333,0.0,1.0,5775.3653484444,7106.827083,4393.370993
981,981,18,17,1,0.055556,12163.818808,1,5058.512129,15,5061.352079,1.0,62.812035,0.0,62.812035,1,5,4,18,0,0.999439,0.0,0.0,0.415865,1.0,0.415865,1.000561,0.055556,0.833333,0.0,1.0,675.7677115556,5058.512129,337.4234719333
982,982,8,8,0,0.0,31344.441073,1,4959.063682,1,1474.893507,0.297414,5093.785183,7829.750646,-2735.965463,3,5,3,8,0,3.36232,1.537118,0.0,0.158212,1.0,0.158212,0.297414,0.125,0.125,0.249797,-0.537118,3918.055134125,4959.063682,1474.893507
983,983,15,14,1,0.066667,40120.437221,2,10474.879026,8,8311.619691,0.793481,0.0,0.0,0.0,5,5,4,15,0,1.260269,0.0,0.0,0.261086,1.0,0.261086,0.793481,0.133333,0.533333,0.0,0.0,2674.6958147333,5237.439513,1038.952461375
984,984,16,16,0,0.0,52170.225846,1,1502.712568,3,1464.882915,0.974826,6737.397528,11102.266848,-4364.86932,8,4,4,14,0,1.025824,1.647857,0.0,0.028804,1.142857,0.028804,0.974826,0.071429,0.214286,0.212808,-0.647857,3260.639115375,1502.712568,488.294305
985,985,18,17,1,0.055556,83690.043673,3,20071.919383,5,18675.217673,0.930415,21233.706252,6673.229648,14560.476604,4,5,4,17,1,1.074789,0.314275,0.333333,0.239836,1.058824,0.239836,0.930415,0.176471,0.294118,0.079737,0.685725,4649.4468707222,6690.6397943333,3735.0435346
986,986,18,18,0,0.0,38903.440226,2,18436.697128,15,18431.337405,0.999709,2035.405693,0.0,2035.405693,0,5,4,17,0,1.000291,0.0,0.0,0.473909,1.058824,0.473909,0.999709,0.117647,0.882353,0.0,1.0,2161.3022347778,9218.348564,1228.755827
987,987,9,9,0,0.0,55345.536492,0,0.0,0,0.0,0.0,8816.860398,12414.639554,-3597.779156,5,4,2,8,0,0.0,1.408057,0.0,0.0,1.125,0.0,0.0,0.0,0.0,0.224311,-0.408057,6149.5040546667,0.0,0.0
988,988,14,14,0,0.0,49295.675901,1,2806.204984,4,2789.556045,0.994067,0.0,782.480071,-782.480071,8,5,4,13,0,1.005968,0.0,0.0,0.056926,1.076923,0.056926,0.994067,0.076923,0.307692,0.015873,0.0,3521.1197072143,2806.204984,697.38901125
989,989,13,13,0,0.0,7468.109894,1,672.304873,11,672.304862,1.0,6123.500159,0.0,6123.500159,0,5,3,13,0,1.0,0.0,0.0,0.090023,1.0,0.090023,1.0,0.076923,0.846154,0.0,1.0,574.4699918462,672.304873,61.1186238182
990,990,12,12,0,0.0,54286.8817,0,0.0,0,0.0,0.0,1613.357709,21347.997325,-19734.639616,7,5,4,11,0,0.0,13.23203,0.0,0.0,1.090909,0.0,0.0,0.0,0.0,0.393244,-12.23203,4523.9068083333,0.0,0.0
991,991,9,9,0,0.0,54676.671033,0,0.0,0,0.0,0.0,14357.647295,13737.006918,620.640377,4,4,4,9,0,0.0,0.956773,0.0,0.0,1.0,0.0,0.0,0.0,0.0,0.251241,0.043227,6075.1856703333,0.0,0.0
992,992,11,10,1,0.090909,20598.183042,1,4030.732694,7,4080.842317,1.0,0.0,7487.462202,-7487.462202,2,5,4,11,0,0.987721,0.0,0.0,0.195684,1.0,0.195684,1.012432,0.090909,0.636364,0.363501,0.0,1872.5620947273,4030.732694,582.9774738571
993,993,14,14,0,0.0,41899.683953,1,5647.118817,7,5646.773151,0.999939,6851.066063,9540.926628,-2689.860565,4,5,4,12,0,1.000061,1.392619,0.0,0.134777,1.166667,0.134777,0.999939,0.083333,0.583333,0.227709,-0.392619,2992.8345680714,5647.118817,806.6818787143
994,994,11,10,1,0.090909,39117.653207,2,12331.708006,6,13337.608246,1.0,0.0,0.0,0.0,3,5,4,10,0,0.924582,0.0,0.0,0.315247,1.1,0.315247,1.08157,0.2,0.6,0.0,0.0,3556.1502915455,6165.854003,2222.9347076667
995,995,10,9,1,0.1,51243.902727,5,29973.201979,0,0.0,0.0,7285.492629,1181.272597,6104.220032,0,4,4,10,2,0.0,0.16214,0.4,0.584913,1.0,0.584913,0.0,0.5,0.0,0.023052,0.83786,5124.3902727,5994.6403958,0.0
996,996,18,18,0,0.0,87073.195993,0,0.0,0,0.0,0.0,3101.922547,17307.237079,-14205.314532,14,4,4,18,0,0.0,5.579519,0.0,0.0,1.0,0.0,0.0,0.0,0.0,0.198767,-4.579519,4837.3997773889,0.0,0.0
997,997,20,20,0,0.0,86761.016173,1,2138.979805,5,2137.421485,0.999271,23912.186475,15262.724784,8649.461691,7,5,4,20,0,1.000729,0.638282,0.0,0.024654,1.0,0.024654,0.999271,0.05,0.25,0.175917,0.361718,4338.05080865,2138.979805,427.484297
998,998,12,11,1,0.083333,48510.051969,1,7963.889495,3,7900.808008,0.992079,0.0,7904.553857,-7904.553857,6,5,3,12,0,1.007984,0.0,0.0,0.16417,1.0,0.16417,0.992079,0.083333,0.25,0.162947,0.0,4042.50433075,7963.889495,2633.6026693333
999,999,14,11,3,0.214286,45527.013125,3,16831.181475,8,13947.023048,0.828642,1247.775244,13501.033358,-12253.258114,0,4,4,14,0,1.206794,10.820084,0.0,0.369697,1.0,0.369697,0.828642,0.214286,0.571429,0.29655,-9.820084,3251.9295089286,5610.393825,1743.377881
1000,1000,16,13,3,0.1875,14319.633933,2,2099.052669,12,2115.527662,1.0,0.0,2553.546193,-2553.546193,1,5,4,14,0,0.992212,0.0,0.0,0.146586,1.142857,0.146586,1.007849,0.142857,0.857143,0.178325,0.0,894.9771208125,1049.5263345,176.2939718333
