event_id,transaction_id,account_id,protocol_id,event_type,token_id,amount,collateral_amount,debt_amount,timestamp
1,1,545,3,DEPOSIT,2,3209.961036,3209.961036,,2025-01-01 00:09:59
2,3,314,1,DEPOSIT,3,5280.225797,5280.225797,,2025-01-01 00:25:49
3,6,698,4,WITHDRAW,1,9500.143369,,,2025-01-01 00:54:42
4,10,728,3,DEPOSIT,2,4097.942044,4097.942044,,2025-01-01 02:18:26
5,13,501,3,BORROW,5,1756.930679,4170.3190124617,1756.930679,2025-01-01 02:59:26
6,16,235,2,BORROW,4,927.719492,2141.2959061692,927.719492,2025-01-01 03:21:16
7,17,631,1,DEPOSIT,4,6632.138852,6632.138852,,2025-01-01 03:21:46
8,20,200,4,DEPOSIT,1,703.134996,703.134996,,2025-01-01 04:02:36
9,21,165,1,WITHDRAW,1,6850.780657,,,2025-01-01 04:39:54
10,22,738,3,BORROW,3,480.457211,1071.3656270331,480.457211,2025-01-01 04:41:25
11,23,391,4,BORROW,1,7710.084789,16944.0834475328,7710.084789,2025-01-01 05:03:45
12,25,397,4,BORROW,2,6164.824167,12261.1437292159,6164.824167,2025-01-01 05:38:27
13,27,398,1,WITHDRAW,3,4323.048504,,,2025-01-01 06:21:18
14,28,728,2,WITHDRAW,4,8402.952127,,,2025-01-01 06:31:27
15,33,161,2,WITHDRAW,4,9432.560809,,,2025-01-01 07:49:20
16,34,684,2,WITHDRAW,5,6415.969029,,,2025-01-01 08:03:26
17,36,628,1,DEPOSIT,1,7871.752941,7871.752941,,2025-01-01 09:06:38
18,37,891,3,BORROW,1,9322.4702,19825.8004666702,9322.4702,2025-01-01 09:32:31
19,38,219,3,BORROW,1,6269.993691,12671.2262463698,6269.993691,2025-01-01 09:43:13
20,41,1000,4,BORROW,2,1060.982445,2093.3990838416,1060.982445,2025-01-01 10:24:45
21,44,139,1,DEPOSIT,2,9929.039054,9929.039054,,2025-01-01 11:58:12
22,45,650,3,DEPOSIT,1,6032.097457,6032.097457,,2025-01-01 12:26:48
23,47,25,2,WITHDRAW,1,7008.143702,,,2025-01-01 13:21:25
24,48,280,1,DEPOSIT,4,3335.859453,3335.859453,,2025-01-01 14:03:11
25,49,640,1,BORROW,5,3096.833642,5050.4042825111,3096.833642,2025-01-01 14:20:03
26,51,725,2,WITHDRAW,3,4893.415891,,,2025-01-01 14:28:44
27,52,87,1,WITHDRAW,5,239.844511,,,2025-01-01 14:34:57
28,54,755,1,WITHDRAW,5,1570.875468,,,2025-01-01 15:01:36
29,55,647,1,DEPOSIT,1,571.102493,571.102493,,2025-01-01 15:24:48
30,56,191,1,BORROW,1,4386.396738,6543.5892718813,4386.396738,2025-01-01 15:33:11
31,57,82,2,BORROW,5,4812.836685,7348.7391219778,4812.836685,2025-01-01 16:11:12
32,58,191,1,REPAY,5,2185.586635,,2185.586635,2025-01-01 16:27:52
33,59,203,2,WITHDRAW,5,7002.670532,,,2025-01-01 16:46:47
34,60,869,4,WITHDRAW,2,6356.616278,,,2025-01-01 17:08:07
35,63,82,3,BORROW,1,5922.572371,14638.4082621784,5922.572371,2025-01-01 17:46:54
36,68,15,2,WITHDRAW,2,5933.442264,,,2025-01-01 19:28:58
37,70,234,4,DEPOSIT,4,4356.724659,4356.724659,,2025-01-01 20:00:46
38,73,701,2,DEPOSIT,5,5301.070837,5301.070837,,2025-01-01 20:44:19
39,75,705,4,WITHDRAW,3,7870.193323,,,2025-01-01 21:39:23
40,78,330,4,BORROW,4,6065.737788,13773.3919480548,6065.737788,2025-01-01 21:44:38
41,81,497,2,DEPOSIT,5,8243.123056,8243.123056,,2025-01-01 22:31:05
42,82,303,3,DEPOSIT,2,2489.782432,2489.782432,,2025-01-01 23:01:42
43,84,477,4,WITHDRAW,4,5557.09098,,,2025-01-01 23:22:10
44,86,18,4,BORROW,3,3751.337746,5415.3329732418,3751.337746,2025-01-01 23:32:22
45,87,27,2,DEPOSIT,4,3272.83855,3272.83855,,2025-01-01 23:39:47
46,88,332,1,BORROW,5,8844.27017,11459.3877176853,8844.27017,2025-01-01 23:43:20
47,89,509,2,BORROW,1,1600.542268,3464.6269122179,1600.542268,2025-01-02 00:01:16
48,93,44,2,BORROW,2,9548.768099,12239.838290227,9548.768099,2025-01-02 00:17:46
49,95,42,2,BORROW,1,2372.109304,5772.0037243584,2372.109304,2025-01-02 00:39:22
50,98,267,4,BORROW,3,385.293034,596.9975427027,385.293034,2025-01-02 01:29:22
51,99,789,1,BORROW,2,512.434873,648.1701263368,512.434873,2025-01-02 01:57:58
52,100,211,3,BORROW,5,8346.004013,11250.7567252877,8346.004013,2025-01-02 02:06:33
53,101,370,3,DEPOSIT,2,2175.892519,2175.892519,,2025-01-02 02:09:56
54,105,100,2,BORROW,2,9712.307962,16203.6239215052,9712.307962,2025-01-02 03:03:17
55,107,124,4,DEPOSIT,1,1754.067081,1754.067081,,2025-01-02 03:14:57
56,110,673,3,BORROW,3,7216.821287,12148.7906398159,7216.821287,2025-01-02 03:44:32
57,113,613,2,WITHDRAW,5,3738.941943,,,2025-01-02 05:35:28
58,114,150,2,DEPOSIT,4,5806.315796,5806.315796,,2025-01-02 05:36:41
59,115,152,4,DEPOSIT,4,3609.68524,3609.68524,,2025-01-02 05:43:23
60,118,84,1,WITHDRAW,5,5200.492776,,,2025-01-02 06:03:46
61,119,681,4,DEPOSIT,3,1178.04424,1178.04424,,2025-01-02 06:22:21
62,120,960,2,DEPOSIT,4,5774.424139,5774.424139,,2025-01-02 06:36:46
63,121,109,2,BORROW,4,8360.05787,18738.2700635466,8360.05787,2025-01-02 06:37:57
64,124,124,1,WITHDRAW,1,2541.804676,,,2025-01-02 06:48:56
65,125,678,3,DEPOSIT,3,3883.595656,3883.595656,,2025-01-02 06:50:46
66,126,942,4,DEPOSIT,1,9770.364481,9770.364481,,2025-01-02 06:52:06
67,127,718,1,DEPOSIT,5,4232.789677,4232.789677,,2025-01-02 07:03:41
68,129,85,4,WITHDRAW,1,3804.712647,,,2025-01-02 07:32:17
69,135,887,4,WITHDRAW,2,8086.100916,,,2025-01-02 09:09:14
70,136,143,1,BORROW,5,4437.163214,10071.1787834592,4437.163214,2025-01-02 09:15:12
71,137,726,1,DEPOSIT,5,4192.059663,4192.059663,,2025-01-02 09:31:36
72,138,433,3,BORROW,1,8790.032154,19174.8468768004,8790.032154,2025-01-02 09:38:17
73,139,942,1,WITHDRAW,2,250.851661,,,2025-01-02 09:39:58
74,144,649,2,WITHDRAW,1,6674.152656,,,2025-01-02 10:09:46
75,145,70,2,WITHDRAW,1,2478.207534,,,2025-01-02 10:14:31
76,148,522,2,DEPOSIT,2,5993.798723,5993.798723,,2025-01-02 11:26:32
77,149,615,1,BORROW,1,7074.296301,17113.7610793239,7074.296301,2025-01-02 12:16:29
78,152,546,3,DEPOSIT,3,9342.26707,9342.26707,,2025-01-02 12:48:31
79,155,143,3,REPAY,2,3289.530588,,3289.530588,2025-01-02 13:08:20
80,157,346,3,DEPOSIT,4,2463.881799,2463.881799,,2025-01-02 13:25:02
81,159,403,3,BORROW,2,9285.276534,15404.7709317735,9285.276534,2025-01-02 13:39:50
82,163,115,3,DEPOSIT,3,4303.728404,4303.728404,,2025-01-02 14:45:37
83,164,770,3,BORROW,5,8423.603163,13925.6816396145,8423.603163,2025-01-02 14:50:24
84,165,781,2,BORROW,4,5462.941626,13002.0639647481,5462.941626,2025-01-02 14:50:36
85,166,759,1,WITHDRAW,4,965.879748,,,2025-01-02 15:14:00
86,169,757,1,WITHDRAW,4,5417.23357,,,2025-01-02 15:29:42
87,172,415,2,BORROW,3,3856.496191,5143.1863642688,3856.496191,2025-01-02 15:46:14
88,173,577,1,DEPOSIT,4,3894.810086,3894.810086,,2025-01-02 15:47:22
89,174,447,4,WITHDRAW,1,2556.708047,,,2025-01-02 17:01:41
90,176,235,3,DEPOSIT,1,801.761059,801.761059,,2025-01-02 17:18:28
91,178,893,2,BORROW,1,2953.605624,5028.1141042105,2953.605624,2025-01-02 17:28:03
92,179,242,1,BORROW,2,767.08282,1044.0617017423,767.08282,2025-01-02 17:36:58
93,180,547,3,BORROW,4,7259.764109,9584.1416297846,7259.764109,2025-01-02 18:30:09
94,181,9,3,BORROW,2,5181.134499,11923.238024634,5181.134499,2025-01-02 18:33:38
95,182,404,4,BORROW,1,1643.503164,2538.2100591343,1643.503164,2025-01-02 18:33:39
96,186,592,4,DEPOSIT,3,1677.286319,1677.286319,,2025-01-02 19:11:17
97,187,212,3,BORROW,3,1243.808331,2559.6116777182,1243.808331,2025-01-02 19:13:11
98,188,383,2,BORROW,4,7528.08261,13736.3152955037,7528.08261,2025-01-02 19:16:49
99,191,150,3,WITHDRAW,3,540.662223,,,2025-01-02 19:47:21
100,194,277,2,BORROW,5,6343.677625,8774.1077420119,6343.677625,2025-01-02 20:18:13
101,197,677,2,DEPOSIT,3,1430.690305,1430.690305,,2025-01-02 20:42:54
102,203,533,2,WITHDRAW,2,8151.169229,,,2025-01-02 21:21:47
103,204,522,1,WITHDRAW,4,9521.483523,,,2025-01-02 21:24:08
104,205,844,2,BORROW,2,8819.386941,17718.5424591965,8819.386941,2025-01-02 21:46:12
105,207,493,1,DEPOSIT,3,4361.878019,4361.878019,,2025-01-02 22:06:01
106,211,813,1,DEPOSIT,1,4717.369334,4717.369334,,2025-01-02 23:15:25
107,212,376,1,WITHDRAW,3,413.89402,,,2025-01-02 23:52:22
108,216,403,4,REPAY,4,3926.52738,,3926.52738,2025-01-03 00:38:52
109,217,835,3,WITHDRAW,2,6665.891094,,,2025-01-03 01:09:22
110,220,660,3,DEPOSIT,5,9374.987623,9374.987623,,2025-01-03 01:21:38
111,221,373,3,BORROW,2,753.947969,1421.5433762435,753.947969,2025-01-03 01:25:48
112,223,433,1,WITHDRAW,2,8693.049843,,,2025-01-03 01:50:26
113,225,739,1,BORROW,1,6352.225821,14925.1466417442,6352.225821,2025-01-03 02:02:23
114,226,346,2,BORROW,4,2189.511443,3913.4895784962,2189.511443,2025-01-03 02:11:14
115,229,811,4,BORROW,4,9149.641538,13989.6120986292,9149.641538,2025-01-03 02:48:08
116,233,656,4,DEPOSIT,1,9888.795215,9888.795215,,2025-01-03 03:57:49
117,236,174,2,DEPOSIT,4,9060.485884,9060.485884,,2025-01-03 04:53:51
118,238,874,3,WITHDRAW,1,9651.785308,,,2025-01-03 05:17:17
119,239,513,1,DEPOSIT,4,4817.606301,4817.606301,,2025-01-03 05:17:39
120,240,808,4,BORROW,2,8085.358793,18795.0526044677,8085.358793,2025-01-03 05:46:17
121,241,933,1,WITHDRAW,1,1631.298392,,,2025-01-03 06:00:25
122,242,548,1,WITHDRAW,3,3408.405951,,,2025-01-03 06:04:16
123,243,827,2,BORROW,4,1758.477829,3232.6402575224,1758.477829,2025-01-03 06:04:21
124,244,766,4,WITHDRAW,2,5579.00308,,,2025-01-03 06:16:08
125,246,665,3,DEPOSIT,1,8621.448397,8621.448397,,2025-01-03 06:56:18
126,250,422,1,WITHDRAW,3,4987.887597,,,2025-01-03 07:24:53
127,251,292,1,DEPOSIT,2,3631.696299,3631.696299,,2025-01-03 07:43:23
128,255,71,1,BORROW,5,1157.604093,2756.1159069929,1157.604093,2025-01-03 08:14:10
129,257,665,1,DEPOSIT,1,4708.453584,4708.453584,,2025-01-03 08:51:35
130,258,981,4,DEPOSIT,2,62.812035,62.812035,,2025-01-03 08:53:32
131,261,877,4,DEPOSIT,3,24.511869,24.511869,,2025-01-03 09:16:08
132,263,256,2,DEPOSIT,4,9652.546743,9652.546743,,2025-01-03 09:30:16
133,266,455,2,WITHDRAW,2,3898.218204,,,2025-01-03 09:37:10
134,267,679,3,BORROW,4,4430.763109,10712.5974905089,4430.763109,2025-01-03 09:52:25
135,268,63,3,WITHDRAW,4,2046.36039,,,2025-01-03 09:53:43
136,269,287,4,BORROW,1,7878.38271,10077.0687087409,7878.38271,2025-01-03 10:09:01
137,272,957,3,BORROW,3,5268.079497,8197.0523759399,5268.079497,2025-01-03 10:47:32
138,273,529,1,DEPOSIT,1,5675.887116,5675.887116,,2025-01-03 11:01:22
139,275,21,4,DEPOSIT,5,5683.831123,5683.831123,,2025-01-03 11:24:59
140,276,751,3,DEPOSIT,3,5866.061637,5866.061637,,2025-01-03 11:30:53
141,279,918,1,BORROW,4,2129.097578,3476.4593821431,2129.097578,2025-01-03 12:06:26
142,282,96,2,DEPOSIT,5,451.26384,451.26384,,2025-01-03 12:33:31
143,284,103,2,BORROW,5,9255.629514,21514.3047039277,9255.629514,2025-01-03 13:10:53
144,286,282,1,WITHDRAW,2,7327.077869,,,2025-01-03 13:56:37
145,287,303,2,DEPOSIT,2,324.594096,324.594096,,2025-01-03 14:00:14
146,288,643,2,DEPOSIT,4,6882.292115,6882.292115,,2025-01-03 14:54:00
147,290,426,2,BORROW,2,2734.787002,5753.6476178696,2734.787002,2025-01-03 15:11:56
148,291,544,3,WITHDRAW,5,8865.018127,,,2025-01-03 15:29:41
149,295,491,1,DEPOSIT,2,5184.364784,5184.364784,,2025-01-03 16:00:06
150,298,823,2,DEPOSIT,1,6252.152067,6252.152067,,2025-01-03 16:46:47
151,300,799,1,BORROW,1,927.974598,2024.5260876802,927.974598,2025-01-03 17:36:14
152,301,600,4,BORROW,2,9535.577681,14393.453546615,9535.577681,2025-01-03 17:38:13
153,305,808,4,REPAY,1,4209.088194,,4209.088194,2025-01-03 18:06:54
231,450,512,4,WITHDRAW,2,493.680463,,,2025-01-05 05:56:39
154,310,791,2,DEPOSIT,5,1266.409134,1266.409134,,2025-01-03 18:58:25
155,312,641,4,WITHDRAW,2,4989.487764,,,2025-01-03 19:51:15
156,314,634,3,DEPOSIT,5,4082.335707,4082.335707,,2025-01-03 20:42:06
157,316,474,4,WITHDRAW,3,1575.15339,,,2025-01-03 21:37:05
158,318,301,1,BORROW,1,4751.337301,11026.6218478036,4751.337301,2025-01-03 21:52:47
159,319,298,1,BORROW,5,7743.165279,14057.4841073501,7743.165279,2025-01-03 21:58:17
160,322,214,3,WITHDRAW,2,5875.344345,,,2025-01-03 23:06:05
161,323,228,1,WITHDRAW,1,7115.942278,,,2025-01-03 23:27:36
162,324,807,2,BORROW,1,2486.85359,3861.1374379422,2486.85359,2025-01-03 23:36:47
163,325,222,2,BORROW,3,488.190342,911.944617611,488.190342,2025-01-04 00:17:32
164,326,980,4,BORROW,5,7608.143702,10320.8088488188,7608.143702,2025-01-04 00:22:31
165,328,831,3,BORROW,1,7808.466863,19062.3650966379,7808.466863,2025-01-04 00:50:33
166,333,28,2,DEPOSIT,4,1714.300879,1714.300879,,2025-01-04 01:18:55
167,334,518,4,BORROW,2,2822.694665,3955.7061013214,2822.694665,2025-01-04 01:51:59
168,335,957,2,REPAY,3,2990.753101,,2990.753101,2025-01-04 01:58:51
169,336,376,2,DEPOSIT,3,4928.831543,4928.831543,,2025-01-04 02:01:50
170,337,762,1,BORROW,1,7488.794841,10266.5051173356,7488.794841,2025-01-04 02:13:36
171,338,44,2,REPAY,1,4060.039661,,4060.039661,2025-01-04 02:14:23
172,339,893,1,REPAY,4,1147.004367,,1147.004367,2025-01-04 02:44:40
173,340,787,3,BORROW,3,615.315511,1509.8010335595,615.315511,2025-01-04 03:06:58
174,341,586,4,BORROW,4,7654.214636,16574.1583355627,7654.214636,2025-01-04 03:14:35
175,343,541,3,DEPOSIT,3,2381.882479,2381.882479,,2025-01-04 03:30:12
176,344,542,2,BORROW,1,2414.099827,3216.1755580398,2414.099827,2025-01-04 03:35:24
177,347,613,4,DEPOSIT,4,8697.104116,8697.104116,,2025-01-04 03:52:35
178,348,620,1,DEPOSIT,4,8892.62232,8892.62232,,2025-01-04 03:58:29
179,349,594,2,WITHDRAW,2,3310.234543,,,2025-01-04 04:30:53
180,350,909,2,DEPOSIT,2,8906.491377,8906.491377,,2025-01-04 04:33:10
181,351,840,4,DEPOSIT,4,5643.512225,5643.512225,,2025-01-04 05:11:14
182,352,717,4,BORROW,5,1634.508081,2834.4095701314,1634.508081,2025-01-04 05:18:19
183,353,996,2,DEPOSIT,2,3101.922547,3101.922547,,2025-01-04 05:30:10
184,354,622,3,DEPOSIT,5,6505.393982,6505.393982,,2025-01-04 05:32:01
185,356,121,4,WITHDRAW,5,3419.983902,,,2025-01-04 05:46:41
186,358,388,1,DEPOSIT,2,5622.32267,5622.32267,,2025-01-04 05:56:58
187,363,207,3,BORROW,2,8253.249377,11230.3027402244,8253.249377,2025-01-04 08:28:06
188,364,68,3,BORROW,1,893.033908,1707.5651085187,893.033908,2025-01-04 08:59:37
189,365,330,2,REPAY,2,5366.094892,,5366.094892,2025-01-04 09:02:49
190,367,401,2,DEPOSIT,4,7262.951897,7262.951897,,2025-01-04 09:45:57
191,368,611,1,BORROW,1,7484.043893,15324.31410897,7484.043893,2025-01-04 10:14:57
192,371,960,2,WITHDRAW,3,2034.159531,,,2025-01-04 10:48:36
193,373,769,2,WITHDRAW,3,4682.599818,,,2025-01-04 11:29:27
194,377,111,2,WITHDRAW,4,9152.553589,,,2025-01-04 12:19:41
195,378,95,2,WITHDRAW,5,1032.356231,,,2025-01-04 12:29:40
196,379,430,3,BORROW,5,7372.024917,13271.005149176,7372.024917,2025-01-04 13:37:14
197,383,242,1,REPAY,2,328.754573,,328.754573,2025-01-04 14:47:19
198,385,676,4,DEPOSIT,5,9371.217037,9371.217037,,2025-01-04 14:58:51
199,386,751,1,DEPOSIT,2,9817.203394,9817.203394,,2025-01-04 15:14:03
200,387,468,3,WITHDRAW,5,2359.839646,,,2025-01-04 15:14:11
201,388,560,1,WITHDRAW,2,8510.21587,,,2025-01-04 15:14:27
202,390,621,1,DEPOSIT,5,6476.234839,6476.234839,,2025-01-04 15:38:39
203,391,520,4,WITHDRAW,1,925.740445,,,2025-01-04 15:50:24
204,393,987,4,DEPOSIT,4,6108.214965,6108.214965,,2025-01-04 16:15:16
205,396,378,1,BORROW,3,6669.344116,13648.1756416313,6669.344116,2025-01-04 16:50:24
206,397,391,1,REPAY,4,983.581114,,983.581114,2025-01-04 16:54:41
207,399,404,3,REPAY,5,439.012564,,439.012564,2025-01-04 18:23:20
208,402,495,2,WITHDRAW,4,9686.593656,,,2025-01-04 19:28:19
209,411,822,1,BORROW,1,7785.703702,15647.5124733728,7785.703702,2025-01-04 20:52:16
210,412,971,4,DEPOSIT,5,5619.241109,5619.241109,,2025-01-04 21:20:20
211,413,490,2,BORROW,3,2426.598379,5673.5026222836,2426.598379,2025-01-04 21:27:02
212,414,357,4,WITHDRAW,3,4166.670222,,,2025-01-04 21:34:12
213,415,519,4,DEPOSIT,5,2802.585442,2802.585442,,2025-01-04 21:42:25
214,417,325,2,WITHDRAW,3,5025.291322,,,2025-01-04 22:17:31
215,418,991,1,DEPOSIT,3,1369.891482,1369.891482,,2025-01-04 23:04:27
216,419,821,2,BORROW,2,820.206873,1191.5580184828,820.206873,2025-01-04 23:04:53
217,421,535,2,BORROW,4,6851.749887,12598.1153244917,6851.749887,2025-01-05 00:32:35
218,424,757,2,WITHDRAW,3,9497.534535,,,2025-01-05 00:48:49
219,425,178,2,WITHDRAW,1,1912.332946,,,2025-01-05 00:58:02
220,429,267,4,REPAY,3,85.573574,,85.573574,2025-01-05 02:12:46
221,430,334,4,BORROW,1,3885.886552,6248.2750731304,3885.886552,2025-01-05 02:24:56
222,431,402,1,WITHDRAW,4,6457.748812,,,2025-01-05 02:34:35
223,432,204,2,DEPOSIT,2,9567.343121,9567.343121,,2025-01-05 02:50:09
224,435,373,2,REPAY,5,292.670036,,292.670036,2025-01-05 03:13:01
225,437,260,1,WITHDRAW,4,1812.800067,,,2025-01-05 03:55:58
226,439,611,1,REPAY,4,2191.428899,,2191.428899,2025-01-05 04:07:13
227,440,594,2,WITHDRAW,5,1315.3766,,,2025-01-05 04:08:36
228,441,101,4,BORROW,3,7319.110576,14461.3946537532,7319.110576,2025-01-05 04:09:36
229,442,178,3,BORROW,1,7633.867954,16299.4064587559,7633.867954,2025-01-05 04:30:14
230,447,585,2,WITHDRAW,1,6432.687578,,,2025-01-05 05:35:46
232,451,162,4,DEPOSIT,4,4670.862617,4670.862617,,2025-01-05 06:07:17
233,454,220,2,BORROW,5,4371.340663,7312.4294584982,4371.340663,2025-01-05 06:41:53
234,455,184,1,WITHDRAW,3,1504.821424,,,2025-01-05 07:03:51
235,456,292,4,BORROW,5,6290.949091,14221.7092344751,6290.949091,2025-01-05 07:08:14
236,457,591,3,WITHDRAW,2,3762.013597,,,2025-01-05 07:37:45
237,458,718,4,WITHDRAW,3,8398.064161,,,2025-01-05 08:18:52
238,460,844,2,LIQUIDATION,1,8819.386941,8204.7975968068,8819.386941,2025-01-05 08:45:56
239,464,739,1,REPAY,5,2992.578226,,2992.578226,2025-01-05 09:44:39
240,466,8,1,DEPOSIT,3,2504.477424,2504.477424,,2025-01-05 09:57:15
241,468,454,3,DEPOSIT,3,2857.585642,2857.585642,,2025-01-05 10:24:44
242,469,862,4,BORROW,3,4398.430229,10253.182895257,4398.430229,2025-01-05 10:55:15
243,471,103,4,REPAY,1,2273.98712,,2273.98712,2025-01-05 11:18:44
244,472,100,1,REPAY,4,2266.065283,,2266.065283,2025-01-05 11:21:56
245,475,180,1,BORROW,2,272.553132,506.4721088912,272.553132,2025-01-05 11:49:56
246,477,204,4,WITHDRAW,2,1574.278857,,,2025-01-05 12:00:33
247,479,717,3,REPAY,1,756.263851,,756.263851,2025-01-05 12:24:52
248,480,642,1,DEPOSIT,1,4474.844501,4474.844501,,2025-01-05 13:05:26
249,481,259,2,BORROW,3,5484.392075,8174.5682283264,5484.392075,2025-01-05 13:09:11
250,482,577,1,WITHDRAW,3,3157.319284,,,2025-01-05 13:12:02
251,484,842,4,WITHDRAW,5,6392.42714,,,2025-01-05 14:21:07
252,485,450,3,WITHDRAW,4,1029.533632,,,2025-01-05 14:22:53
253,487,448,3,DEPOSIT,5,5832.810746,5832.810746,,2025-01-05 14:27:07
254,488,16,2,BORROW,3,8845.907432,13391.9085453981,8845.907432,2025-01-05 14:32:37
255,489,220,2,REPAY,5,852.945034,,852.945034,2025-01-05 14:41:48
256,490,682,1,DEPOSIT,3,8497.697463,8497.697463,,2025-01-05 15:25:47
257,491,819,4,BORROW,3,9018.241358,18976.584711867,9018.241358,2025-01-05 15:31:43
258,492,986,3,BORROW,5,9285.253386,21922.8403918374,9285.253386,2025-01-05 15:47:11
259,493,73,3,WITHDRAW,3,5355.68844,,,2025-01-05 15:51:07
260,497,524,3,DEPOSIT,5,7916.718236,7916.718236,,2025-01-05 16:48:43
261,498,517,4,DEPOSIT,4,6649.188436,6649.188436,,2025-01-05 16:58:50
262,499,235,4,REPAY,1,186.6977,,186.6977,2025-01-05 16:59:12
263,501,472,2,WITHDRAW,4,2935.570234,,,2025-01-05 18:28:12
264,502,719,4,WITHDRAW,4,5472.516412,,,2025-01-05 18:54:25
265,505,588,4,DEPOSIT,3,5331.707387,5331.707387,,2025-01-05 19:11:42
266,508,918,2,REPAY,3,2126.37465,,2126.37465,2025-01-05 20:00:16
267,512,281,4,BORROW,5,4080.440995,8721.474850165,4080.440995,2025-01-05 21:46:36
268,513,919,2,DEPOSIT,5,7004.94412,7004.94412,,2025-01-05 21:51:33
269,514,646,1,BORROW,5,8676.357655,14377.4748655942,8676.357655,2025-01-05 21:53:08
270,516,404,2,DEPOSIT,5,6991.81866,6991.81866,,2025-01-05 22:14:30
271,518,51,2,BORROW,5,7251.577729,17305.9412070427,7251.577729,2025-01-05 22:29:02
272,519,800,2,BORROW,3,7000.209828,10376.2794705704,7000.209828,2025-01-05 22:37:48
273,520,117,4,BORROW,1,6859.38395,10622.1112757707,6859.38395,2025-01-05 23:00:11
274,521,771,4,WITHDRAW,2,3150.736208,,,2025-01-05 23:29:31
275,522,103,1,REPAY,3,3079.495186,,3079.495186,2025-01-05 23:29:37
276,523,667,3,WITHDRAW,3,1797.486136,,,2025-01-05 23:40:46
277,524,699,4,DEPOSIT,5,4319.086652,4319.086652,,2025-01-05 23:56:13
278,525,269,3,BORROW,3,4293.547746,5488.9631984769,4293.547746,2025-01-06 00:07:51
279,528,875,3,DEPOSIT,3,551.382099,551.382099,,2025-01-06 00:45:53
280,530,186,4,DEPOSIT,4,6942.556802,6942.556802,,2025-01-06 00:59:32
281,532,996,4,WITHDRAW,3,9933.801327,,,2025-01-06 01:07:55
282,534,82,3,LIQUIDATION,5,10735.409056,11105.1114838377,10735.409056,2025-01-06 01:33:45
283,536,748,1,BORROW,2,2118.520365,5216.0785664928,2118.520365,2025-01-06 02:12:53
284,539,770,3,LIQUIDATION,3,8423.603163,9048.494173704,8423.603163,2025-01-06 02:29:32
285,540,275,3,BORROW,4,3124.480518,5204.5213591298,3124.480518,2025-01-06 02:47:07
286,541,758,1,BORROW,2,1202.896234,2794.6715754679,1202.896234,2025-01-06 02:49:03
287,543,249,4,DEPOSIT,2,1705.513163,1705.513163,,2025-01-06 02:52:09
288,544,389,3,WITHDRAW,4,7145.025595,,,2025-01-06 03:08:09
289,549,438,2,BORROW,5,8212.5475,18630.9113160603,8212.5475,2025-01-06 05:00:38
290,552,262,4,DEPOSIT,5,9881.838196,9881.838196,,2025-01-06 05:20:44
291,557,512,2,BORROW,2,9835.713805,12218.2400163509,9835.713805,2025-01-06 07:13:05
292,558,729,2,WITHDRAW,2,1220.054585,,,2025-01-06 07:26:15
293,559,180,4,REPAY,5,140.413437,,140.413437,2025-01-06 07:27:38
294,562,327,1,DEPOSIT,1,7863.826187,7863.826187,,2025-01-06 07:55:42
295,567,276,4,BORROW,1,9169.784749,18589.926985416,9169.784749,2025-01-06 09:38:34
296,568,721,3,WITHDRAW,2,25.840604,,,2025-01-06 09:53:47
297,569,629,4,WITHDRAW,3,429.157077,,,2025-01-06 09:58:57
298,572,580,4,BORROW,5,7837.733888,15142.7805639611,7837.733888,2025-01-06 10:23:09
299,578,288,4,BORROW,5,9405.657294,13121.7980798123,9405.657294,2025-01-06 12:13:48
300,580,376,1,BORROW,2,8250.74421,16313.0868934973,8250.74421,2025-01-06 12:33:07
301,583,420,4,BORROW,1,1799.602988,3139.6286209856,1799.602988,2025-01-06 13:04:36
302,585,92,2,DEPOSIT,5,1617.568463,1617.568463,,2025-01-06 13:13:17
303,587,68,1,LIQUIDATION,3,893.033908,727.7169331568,893.033908,2025-01-06 14:05:32
304,588,2,1,WITHDRAW,1,3156.683859,,,2025-01-06 14:17:36
305,593,286,1,DEPOSIT,4,9593.768301,9593.768301,,2025-01-06 14:58:30
306,594,486,1,BORROW,3,2210.852179,3969.8265917383,2210.852179,2025-01-06 15:06:56
307,602,333,3,BORROW,4,7333.136716,13046.0900869478,7333.136716,2025-01-06 16:29:34
308,604,704,3,BORROW,3,7071.180061,16847.1838827025,7071.180061,2025-01-06 16:48:36
309,605,720,3,DEPOSIT,4,9194.578769,9194.578769,,2025-01-06 17:17:27
310,606,86,2,WITHDRAW,1,1830.586434,,,2025-01-06 17:19:15
311,607,580,1,BORROW,4,881.505105,1429.4732820115,881.505105,2025-01-06 17:23:50
312,608,953,3,WITHDRAW,5,4407.143952,,,2025-01-06 17:24:08
313,609,290,1,BORROW,4,7673.351189,9503.5435416399,7673.351189,2025-01-06 17:25:19
314,610,610,3,WITHDRAW,5,6442.693858,,,2025-01-06 17:28:07
315,611,68,3,BORROW,4,9578.186969,20795.3753620326,9578.186969,2025-01-06 17:34:54
316,612,13,1,BORROW,5,129.741534,284.8697920785,129.741534,2025-01-06 17:44:14
317,613,439,3,BORROW,5,737.653705,1440.308703618,737.653705,2025-01-06 17:46:51
318,614,97,2,WITHDRAW,3,9598.845105,,,2025-01-06 18:03:56
319,617,76,3,DEPOSIT,4,450.447426,450.447426,,2025-01-06 18:31:17
320,618,513,2,BORROW,2,6655.902348,14255.7077041812,6655.902348,2025-01-06 18:42:19
321,620,161,2,BORROW,1,1690.733114,3604.2648580399,1690.733114,2025-01-06 19:42:27
322,627,557,1,WITHDRAW,2,1718.209324,,,2025-01-06 21:24:08
323,632,70,4,WITHDRAW,1,7230.6661,,,2025-01-06 23:57:24
324,633,109,3,REPAY,2,3336.366776,,3336.366776,2025-01-07 00:01:34
325,635,726,2,BORROW,3,4839.627084,7744.3008639676,4839.627084,2025-01-07 00:26:19
326,636,222,2,LIQUIDATION,4,488.190342,446.4281672656,488.190342,2025-01-07 00:51:10
327,646,551,2,DEPOSIT,1,9906.776776,9906.776776,,2025-01-07 03:07:45
328,649,283,4,BORROW,4,1705.803358,3115.2146095794,1705.803358,2025-01-07 03:23:53
329,650,962,1,BORROW,4,5060.763394,7684.4108551729,5060.763394,2025-01-07 03:39:37
330,651,993,4,WITHDRAW,4,9540.926628,,,2025-01-07 03:53:42
331,653,294,1,DEPOSIT,3,4415.342956,4415.342956,,2025-01-07 03:56:45
332,654,620,4,DEPOSIT,5,3444.461155,3444.461155,,2025-01-07 04:16:43
333,655,465,2,WITHDRAW,4,4344.060392,,,2025-01-07 04:59:27
334,656,151,3,DEPOSIT,2,9408.975035,9408.975035,,2025-01-07 05:24:23
335,657,155,1,BORROW,5,5384.629333,12248.1476175328,5384.629333,2025-01-07 05:31:20
336,658,633,4,BORROW,5,1560.437187,3021.1463106192,1560.437187,2025-01-07 05:34:17
337,659,729,3,DEPOSIT,4,2213.825366,2213.825366,,2025-01-07 05:41:09
338,660,138,4,WITHDRAW,3,9741.342074,,,2025-01-07 05:46:04
339,661,374,2,BORROW,2,2681.346251,6570.5613187224,2681.346251,2025-01-07 06:06:17
340,662,707,3,BORROW,1,8498.560932,20568.763052473,8498.560932,2025-01-07 06:08:36
341,663,737,3,WITHDRAW,4,4998.801088,,,2025-01-07 06:12:02
342,664,917,2,WITHDRAW,3,3611.321166,,,2025-01-07 06:12:16
343,666,130,3,BORROW,3,3762.396981,5768.11225731,3762.396981,2025-01-07 06:24:40
344,667,948,1,DEPOSIT,3,8149.511817,8149.511817,,2025-01-07 06:33:31
345,669,14,2,WITHDRAW,2,3685.747837,,,2025-01-07 06:50:24
346,670,395,1,BORROW,3,9977.192857,20018.6087719212,9977.192857,2025-01-07 06:54:52
347,671,201,1,WITHDRAW,4,3016.964295,,,2025-01-07 07:08:40
348,674,82,4,BORROW,5,1014.543058,1355.6977113142,1014.543058,2025-01-07 07:57:41
349,675,215,2,WITHDRAW,3,4335.126254,,,2025-01-07 08:05:33
350,676,274,1,DEPOSIT,4,1133.161881,1133.161881,,2025-01-07 08:16:29
351,677,957,4,REPAY,5,1860.505915,,1860.505915,2025-01-07 08:22:12
352,681,943,2,WITHDRAW,2,666.468683,,,2025-01-07 09:08:15
353,685,590,3,WITHDRAW,2,1286.92699,,,2025-01-07 10:54:21
354,686,915,2,DEPOSIT,2,1698.069819,1698.069819,,2025-01-07 11:23:34
355,688,708,3,WITHDRAW,2,2262.763419,,,2025-01-07 11:56:37
356,690,983,2,BORROW,5,8314.672525,14778.8577684378,8314.672525,2025-01-07 12:15:09
357,691,504,1,BORROW,4,3606.785526,7171.9141466927,3606.785526,2025-01-07 12:28:36
358,693,446,3,DEPOSIT,5,7795.713503,7795.713503,,2025-01-07 12:40:59
359,694,269,2,REPAY,2,976.657415,,976.657415,2025-01-07 13:18:54
360,695,650,3,BORROW,5,2612.18744,5866.6202599392,2612.18744,2025-01-07 13:19:58
361,697,188,2,DEPOSIT,3,3722.19036,3722.19036,,2025-01-07 13:37:48
362,698,919,1,DEPOSIT,2,8552.28506,8552.28506,,2025-01-07 13:45:05
363,706,831,2,REPAY,4,5465.904744,,5465.904744,2025-01-07 15:30:05
364,707,99,2,BORROW,1,3144.061889,4596.2357540461,3144.061889,2025-01-07 16:03:14
365,708,734,4,WITHDRAW,4,5324.483224,,,2025-01-07 16:31:28
366,710,789,4,LIQUIDATION,4,512.434873,530.8625688885,512.434873,2025-01-07 17:28:41
367,711,348,4,WITHDRAW,5,6490.995939,,,2025-01-07 17:32:26
368,712,959,3,BORROW,5,2109.851455,3382.4753449095,2109.851455,2025-01-07 17:39:46
369,714,163,3,BORROW,1,8437.43255,19642.235372656,8437.43255,2025-01-07 18:13:25
370,717,946,4,BORROW,1,8180.535828,11319.0773611777,8180.535828,2025-01-07 19:08:11
371,720,904,4,DEPOSIT,2,2235.174207,2235.174207,,2025-01-07 20:37:55
372,722,437,3,WITHDRAW,3,9162.489746,,,2025-01-07 20:48:22
373,724,896,3,WITHDRAW,2,7093.276433,,,2025-01-07 21:42:48
374,725,627,2,BORROW,5,7554.51681,11292.3056428099,7554.51681,2025-01-07 21:54:30
375,729,277,4,REPAY,1,1371.375492,,1371.375492,2025-01-07 22:21:57
376,730,780,3,BORROW,3,9002.454029,21632.0118803107,9002.454029,2025-01-07 22:34:55
377,733,29,1,BORROW,3,1449.968159,3319.6695407294,1449.968159,2025-01-07 23:07:48
378,734,342,4,WITHDRAW,5,1911.242714,,,2025-01-07 23:09:19
379,740,811,3,DEPOSIT,2,3820.476676,3820.476676,,2025-01-08 02:08:51
380,741,825,4,DEPOSIT,4,8893.793032,8893.793032,,2025-01-08 02:20:49
381,742,39,2,WITHDRAW,1,2291.525118,,,2025-01-08 02:35:21
382,743,49,3,WITHDRAW,5,4227.021825,,,2025-01-08 02:37:33
383,744,748,2,BORROW,2,5251.108236,10910.8709393831,5251.108236,2025-01-08 02:49:50
384,745,140,4,BORROW,3,5778.807379,14111.3666633646,5778.807379,2025-01-08 03:07:57
385,746,236,3,BORROW,2,4142.085627,10294.9851987051,4142.085627,2025-01-08 03:10:45
386,747,687,1,DEPOSIT,3,4381.020517,4381.020517,,2025-01-08 03:11:33
387,748,625,1,WITHDRAW,2,1743.872171,,,2025-01-08 03:20:17
388,749,965,3,WITHDRAW,5,8162.486692,,,2025-01-08 03:28:55
389,750,734,2,DEPOSIT,1,5406.435787,5406.435787,,2025-01-08 03:51:44
390,751,760,1,WITHDRAW,1,4547.646658,,,2025-01-08 04:17:36
391,752,136,1,BORROW,3,4449.53144,8522.8356154889,4449.53144,2025-01-08 04:26:59
392,754,424,2,DEPOSIT,5,9257.33649,9257.33649,,2025-01-08 04:28:14
393,755,233,4,WITHDRAW,2,6292.933848,,,2025-01-08 04:30:45
394,757,937,4,DEPOSIT,2,2498.546706,2498.546706,,2025-01-08 04:52:09
395,760,939,1,WITHDRAW,4,8630.909089,,,2025-01-08 06:07:34
396,764,386,4,DEPOSIT,3,8501.473812,8501.473812,,2025-01-08 06:20:06
397,765,2,3,WITHDRAW,2,2951.332153,,,2025-01-08 06:22:54
398,767,881,3,BORROW,4,806.577263,1437.6889265693,806.577263,2025-01-08 06:36:18
399,772,74,2,WITHDRAW,4,429.9947,,,2025-01-08 08:02:33
400,775,639,3,DEPOSIT,5,979.989463,979.989463,,2025-01-08 08:33:46
401,778,768,3,DEPOSIT,1,5387.880797,5387.880797,,2025-01-08 09:59:42
402,779,512,1,REPAY,1,7742.85414,,7742.85414,2025-01-08 10:24:15
403,780,551,3,BORROW,3,7525.758344,11981.5980095406,7525.758344,2025-01-08 10:24:31
404,782,336,3,WITHDRAW,4,9457.858477,,,2025-01-08 10:45:21
405,783,122,3,DEPOSIT,2,6588.454991,6588.454991,,2025-01-08 10:48:01
406,785,627,3,REPAY,1,5737.391342,,5737.391342,2025-01-08 11:28:43
407,786,717,4,REPAY,5,209.093987,,209.093987,2025-01-08 11:55:04
408,787,628,2,DEPOSIT,1,5141.735784,5141.735784,,2025-01-08 12:42:04
409,791,567,2,WITHDRAW,5,6603.247736,,,2025-01-08 13:21:08
410,792,462,4,DEPOSIT,2,7565.302261,7565.302261,,2025-01-08 13:42:37
411,793,865,4,WITHDRAW,5,6735.01771,,,2025-01-08 13:55:24
412,794,496,3,DEPOSIT,5,6353.647383,6353.647383,,2025-01-08 14:02:30
413,799,667,2,BORROW,3,162.112055,227.8167189842,162.112055,2025-01-08 14:38:33
414,802,307,2,BORROW,4,7370.799961,16454.3073286722,7370.799961,2025-01-08 15:38:38
415,803,155,4,REPAY,4,4239.574065,,4239.574065,2025-01-08 15:49:29
416,804,97,2,BORROW,4,3149.674163,6992.7194474844,3149.674163,2025-01-08 15:51:44
417,806,908,1,BORROW,5,4506.012881,5600.7886794886,4506.012881,2025-01-08 16:18:17
418,807,422,1,WITHDRAW,3,7647.053731,,,2025-01-08 16:30:54
419,808,576,4,BORROW,5,3139.235916,5912.7047562184,3139.235916,2025-01-08 16:35:03
420,814,259,1,REPAY,2,3294.220746,,3294.220746,2025-01-08 17:50:29
421,816,854,3,WITHDRAW,5,4165.780465,,,2025-01-08 17:58:39
422,822,961,3,BORROW,4,6686.125014,9770.7099047841,6686.125014,2025-01-08 19:29:54
423,826,31,4,BORROW,3,9017.58911,21691.2433776817,9017.58911,2025-01-08 19:57:01
424,827,334,3,REPAY,4,985.65594,,985.65594,2025-01-08 20:22:12
425,830,70,2,DEPOSIT,2,6336.740228,6336.740228,,2025-01-08 21:22:09
426,832,176,2,BORROW,3,6844.551704,16124.9007161096,6844.551704,2025-01-08 21:27:26
427,833,104,4,WITHDRAW,3,3688.7515,,,2025-01-08 21:40:14
428,834,939,3,BORROW,1,3154.286864,5817.9017161354,3154.286864,2025-01-08 22:00:54
429,836,115,3,WITHDRAW,1,5810.003785,,,2025-01-08 22:29:17
430,837,267,2,BORROW,3,4934.470865,6268.878964245,4934.470865,2025-01-08 22:33:25
431,844,956,1,WITHDRAW,5,9869.499922,,,2025-01-08 23:44:23
432,847,592,3,BORROW,2,1720.88573,2505.3367725322,1720.88573,2025-01-08 23:58:45
433,848,680,3,WITHDRAW,2,3904.725801,,,2025-01-09 01:49:30
434,849,305,4,WITHDRAW,5,5832.560866,,,2025-01-09 01:55:08
435,850,380,3,WITHDRAW,3,7544.794881,,,2025-01-09 02:31:37
436,852,919,2,DEPOSIT,1,2999.404891,2999.404891,,2025-01-09 02:45:54
437,853,881,3,REPAY,1,625.542195,,625.542195,2025-01-09 02:55:28
438,854,831,4,REPAY,2,1280.692226,,1280.692226,2025-01-09 03:04:43
439,855,536,2,BORROW,2,6418.13368,8673.5018523844,6418.13368,2025-01-09 03:25:42
440,857,82,2,WITHDRAW,1,8335.611188,,,2025-01-09 03:35:30
441,858,324,4,BORROW,4,5893.491048,9300.2058828483,5893.491048,2025-01-09 03:42:11
442,860,13,1,BORROW,4,7486.67515,14391.5363979786,7486.67515,2025-01-09 04:12:21
443,863,548,1,WITHDRAW,1,2841.236577,,,2025-01-09 04:49:01
444,867,441,4,BORROW,3,6690.025401,11154.6136500642,6690.025401,2025-01-09 05:23:35
445,868,841,4,BORROW,5,5724.188223,7963.0474902215,5724.188223,2025-01-09 05:40:20
446,871,937,1,BORROW,2,3839.338793,4909.2278432787,3839.338793,2025-01-09 06:40:42
447,872,700,1,BORROW,1,6272.173254,15381.3221586948,6272.173254,2025-01-09 06:52:57
448,873,210,4,WITHDRAW,3,8284.072512,,,2025-01-09 06:53:02
449,875,214,1,WITHDRAW,5,2640.338258,,,2025-01-09 07:30:06
450,876,542,2,REPAY,3,2254.548362,,2254.548362,2025-01-09 07:31:48
451,878,178,4,REPAY,3,6021.096466,,6021.096466,2025-01-09 08:55:59
452,880,127,4,WITHDRAW,1,8062.380543,,,2025-01-09 09:42:23
453,881,776,1,BORROW,3,2110.641226,4779.9646208545,2110.641226,2025-01-09 09:52:26
454,882,536,4,BORROW,4,6553.805786,14066.7839701742,6553.805786,2025-01-09 10:00:39
455,884,620,3,BORROW,1,2010.71372,4530.1817123752,2010.71372,2025-01-09 10:33:36
456,885,24,4,BORROW,2,1419.078602,2413.7099976169,1419.078602,2025-01-09 10:38:27
457,886,947,2,DEPOSIT,2,8945.442385,8945.442385,,2025-01-09 11:29:28
458,893,53,4,BORROW,3,5305.820598,7186.1202238544,5305.820598,2025-01-09 12:35:24
459,894,487,4,BORROW,5,4541.643042,11056.8361619394,4541.643042,2025-01-09 12:36:40
460,897,62,2,BORROW,2,3402.029696,4383.3554090259,3402.029696,2025-01-09 12:46:13
461,899,390,1,DEPOSIT,4,6554.308904,6554.308904,,2025-01-09 13:11:40
462,901,172,4,WITHDRAW,1,8344.003533,,,2025-01-09 13:23:05
463,904,751,3,DEPOSIT,1,3057.858189,3057.858189,,2025-01-09 14:09:29
464,905,905,1,BORROW,5,2161.616863,2700.5811128893,2161.616863,2025-01-09 14:12:36
465,907,694,3,WITHDRAW,3,1128.348102,,,2025-01-09 14:59:29
466,908,684,1,BORROW,5,1790.222361,2693.4316417522,1790.222361,2025-01-09 15:25:27
467,909,720,4,DEPOSIT,5,2560.439596,2560.439596,,2025-01-09 15:30:19
468,915,121,3,WITHDRAW,4,2750.467316,,,2025-01-09 16:28:16
469,917,925,1,WITHDRAW,2,618.985437,,,2025-01-09 17:07:49
470,918,813,4,DEPOSIT,4,2400.33423,2400.33423,,2025-01-09 17:08:40
471,919,534,1,DEPOSIT,1,2528.704444,2528.704444,,2025-01-09 17:23:05
472,925,88,3,DEPOSIT,5,6946.085783,6946.085783,,2025-01-09 18:50:41
473,926,986,2,REPAY,1,6242.752318,,6242.752318,2025-01-09 18:55:15
474,927,372,4,DEPOSIT,3,4117.046947,4117.046947,,2025-01-09 19:03:56
475,929,98,3,BORROW,2,8824.222304,20245.9895480128,8824.222304,2025-01-09 19:26:13
476,930,789,2,BORROW,1,9214.440079,18238.0681362603,9214.440079,2025-01-09 19:47:24
477,931,945,4,WITHDRAW,2,1415.976746,,,2025-01-09 19:52:02
478,932,509,4,REPAY,2,487.623391,,487.623391,2025-01-09 19:58:27
479,933,422,3,WITHDRAW,2,9957.500282,,,2025-01-09 20:00:32
480,934,635,3,DEPOSIT,2,1080.75689,1080.75689,,2025-01-09 20:06:02
481,935,644,3,DEPOSIT,3,5648.963533,5648.963533,,2025-01-09 20:07:26
482,937,88,2,BORROW,2,4636.984222,10554.6771280534,4636.984222,2025-01-09 20:34:10
483,938,930,4,WITHDRAW,2,695.751374,,,2025-01-09 20:38:39
484,939,271,4,DEPOSIT,1,7356.931091,7356.931091,,2025-01-09 20:53:13
485,940,835,3,DEPOSIT,3,3824.538316,3824.538316,,2025-01-09 21:02:57
486,942,243,2,BORROW,4,9643.984879,12171.1762385714,9643.984879,2025-01-09 21:10:26
487,943,241,1,BORROW,4,4962.573451,5997.8100858844,4962.573451,2025-01-09 21:13:49
488,944,326,4,DEPOSIT,2,6685.103273,6685.103273,,2025-01-09 21:20:29
489,951,366,4,DEPOSIT,1,6602.648855,6602.648855,,2025-01-09 22:14:47
490,954,295,1,WITHDRAW,2,5287.068541,,,2025-01-09 23:01:36
491,955,24,3,REPAY,1,1223.342279,,1223.342279,2025-01-09 23:09:01
492,957,726,4,REPAY,5,502.218542,,502.218542,2025-01-10 00:24:51
493,958,731,1,WITHDRAW,4,9874.668339,,,2025-01-10 00:42:11
494,959,207,1,REPAY,5,1420.910068,,1420.910068,2025-01-10 00:42:26
495,960,215,2,WITHDRAW,1,1078.30886,,,2025-01-10 00:59:40
496,961,843,1,DEPOSIT,4,7808.9361,7808.9361,,2025-01-10 01:31:39
497,962,906,1,DEPOSIT,3,7220.367822,7220.367822,,2025-01-10 02:03:56
498,969,294,3,DEPOSIT,5,7845.937508,7845.937508,,2025-01-10 04:31:20
499,970,174,2,DEPOSIT,3,7986.04151,7986.04151,,2025-01-10 05:30:43
500,974,57,2,WITHDRAW,3,3890.067956,,,2025-01-10 06:27:04
501,975,373,3,LIQUIDATION,5,461.277933,474.7851815253,461.277933,2025-01-10 06:33:33
502,976,217,2,DEPOSIT,5,5783.094178,5783.094178,,2025-01-10 06:45:36
503,977,68,3,LIQUIDATION,1,9578.186969,9345.4156743089,9578.186969,2025-01-10 06:55:25
504,978,829,2,WITHDRAW,3,478.038689,,,2025-01-10 07:30:41
505,979,737,4,WITHDRAW,5,6985.876014,,,2025-01-10 07:31:30
506,980,684,2,REPAY,3,678.265794,,678.265794,2025-01-10 07:42:43
507,981,840,4,BORROW,3,4264.050041,8771.2186328577,4264.050041,2025-01-10 07:46:55
508,983,114,4,DEPOSIT,4,3301.862826,3301.862826,,2025-01-10 07:55:26
509,986,863,4,DEPOSIT,4,4690.952547,4690.952547,,2025-01-10 09:02:17
510,988,493,4,DEPOSIT,2,6649.148919,6649.148919,,2025-01-10 10:05:36
511,990,333,1,REPAY,4,1802.469497,,1802.469497,2025-01-10 10:21:36
512,991,404,4,REPAY,2,322.011942,,322.011942,2025-01-10 10:25:53
513,993,969,3,WITHDRAW,2,2090.375734,,,2025-01-10 10:45:48
514,994,709,2,BORROW,5,2257.092275,4434.649510885,2257.092275,2025-01-10 10:47:38
515,995,487,3,REPAY,1,2567.441808,,2567.441808,2025-01-10 10:50:53
516,996,240,2,DEPOSIT,3,2604.485324,2604.485324,,2025-01-10 10:52:32
517,997,967,2,DEPOSIT,4,5781.327945,5781.327945,,2025-01-10 11:01:40
518,1000,79,3,WITHDRAW,2,1480.154153,,,2025-01-10 11:58:41
519,1003,504,2,REPAY,3,2362.838667,,2362.838667,2025-01-10 12:45:20
520,1005,9,2,LIQUIDATION,2,5181.134499,4327.1876196007,5181.134499,2025-01-10 13:21:18
521,1006,985,1,DEPOSIT,1,9968.870447,9968.870447,,2025-01-10 13:21:34
522,1007,276,1,REPAY,4,8083.315467,,8083.315467,2025-01-10 13:42:45
523,1009,964,2,BORROW,5,2165.91789,2863.0433521907,2165.91789,2025-01-10 13:48:22
524,1010,939,4,REPAY,1,769.389602,,769.389602,2025-01-10 15:03:28
525,1012,161,1,WITHDRAW,3,6991.819377,,,2025-01-10 15:19:04
526,1013,474,2,WITHDRAW,4,5413.772224,,,2025-01-10 15:23:26
527,1015,61,4,BORROW,4,4580.36874,11450.6852903725,4580.36874,2025-01-10 16:00:19
528,1016,884,3,BORROW,3,9774.581859,18294.8987630178,9774.581859,2025-01-10 16:25:04
529,1018,429,1,WITHDRAW,4,1704.76513,,,2025-01-10 16:49:16
530,1019,106,1,WITHDRAW,2,1667.380457,,,2025-01-10 17:21:34
531,1020,968,1,WITHDRAW,5,2802.133344,,,2025-01-10 17:23:26
532,1021,178,2,REPAY,2,460.705873,,460.705873,2025-01-10 18:39:04
533,1024,828,2,DEPOSIT,2,7552.979589,7552.979589,,2025-01-10 19:26:21
534,1026,759,2,DEPOSIT,1,8318.21636,8318.21636,,2025-01-10 19:37:23
535,1029,381,1,BORROW,1,3900.914735,8665.0381036144,3900.914735,2025-01-10 20:24:04
536,1030,96,1,WITHDRAW,3,5863.709007,,,2025-01-10 20:35:02
537,1031,235,2,REPAY,4,703.777077,,703.777077,2025-01-10 21:00:12
767,1432,809,4,WITHDRAW,5,4992.665671,,,2025-01-14 17:28:45
538,1036,307,4,LIQUIDATION,1,7370.799961,6745.0134683984,7370.799961,2025-01-10 22:24:43
539,1037,144,3,DEPOSIT,2,6927.317148,6927.317148,,2025-01-10 23:07:27
540,1039,811,3,REPAY,1,7269.341657,,7269.341657,2025-01-10 23:41:17
541,1040,650,2,REPAY,2,2042.203756,,2042.203756,2025-01-10 23:54:34
542,1041,98,2,REPAY,1,3584.963638,,3584.963638,2025-01-11 00:06:01
543,1042,444,3,WITHDRAW,3,7355.056472,,,2025-01-11 00:10:41
544,1043,176,4,REPAY,4,1515.918403,,1515.918403,2025-01-11 00:17:56
545,1047,422,1,DEPOSIT,2,915.490324,915.490324,,2025-01-11 01:10:01
546,1049,428,1,WITHDRAW,4,1352.44497,,,2025-01-11 01:41:53
547,1050,914,3,WITHDRAW,5,4308.782658,,,2025-01-11 01:46:10
548,1051,663,1,BORROW,2,594.032284,827.9115881627,594.032284,2025-01-11 02:31:23
549,1054,675,3,BORROW,4,4062.309442,8980.7416071014,4062.309442,2025-01-11 02:47:53
550,1055,861,2,BORROW,4,3970.130943,5909.5094513846,3970.130943,2025-01-11 02:50:08
551,1056,363,3,BORROW,5,2359.86479,3753.1243955555,2359.86479,2025-01-11 02:51:44
552,1057,456,1,DEPOSIT,2,2063.804151,2063.804151,,2025-01-11 02:56:46
553,1058,118,3,BORROW,5,2902.831467,6536.2033721297,2902.831467,2025-01-11 02:59:31
554,1059,962,3,REPAY,3,4604.967609,,4604.967609,2025-01-11 03:13:09
555,1060,183,3,DEPOSIT,4,4771.321813,4771.321813,,2025-01-11 03:17:03
556,1062,439,1,REPAY,3,413.408688,,413.408688,2025-01-11 04:16:22
557,1065,816,3,BORROW,4,4541.489094,7049.0919880385,4541.489094,2025-01-11 04:37:32
558,1067,288,4,REPAY,5,7153.453727,,7153.453727,2025-01-11 04:46:33
559,1068,981,2,BORROW,3,5058.512129,9874.0264658908,5058.512129,2025-01-11 04:58:36
560,1070,818,4,BORROW,2,5382.942155,9636.9447544706,5382.942155,2025-01-11 05:56:45
561,1072,53,4,REPAY,5,4557.260634,,4557.260634,2025-01-11 06:22:01
562,1073,263,4,WITHDRAW,2,7552.633443,,,2025-01-11 06:24:44
563,1074,801,3,DEPOSIT,1,8166.59947,8166.59947,,2025-01-11 06:28:38
564,1075,62,1,REPAY,2,374.167734,,374.167734,2025-01-11 06:51:44
565,1076,466,1,WITHDRAW,4,2907.65882,,,2025-01-11 07:05:32
566,1082,711,4,WITHDRAW,4,250.463247,,,2025-01-11 07:43:47
567,1083,331,2,WITHDRAW,3,1398.59918,,,2025-01-11 07:53:55
568,1085,192,2,DEPOSIT,4,5783.025537,5783.025537,,2025-01-11 08:02:00
569,1088,475,4,BORROW,1,8241.349472,14252.5879259834,8241.349472,2025-01-11 09:29:45
570,1092,3,2,WITHDRAW,5,9586.314183,,,2025-01-11 10:14:36
571,1093,761,1,DEPOSIT,2,6976.773577,6976.773577,,2025-01-11 10:27:25
572,1094,759,1,BORROW,5,4201.424305,8670.1683258328,4201.424305,2025-01-11 10:43:32
573,1100,425,3,DEPOSIT,3,8426.048599,8426.048599,,2025-01-11 11:56:49
574,1102,283,4,REPAY,1,1609.175224,,1609.175224,2025-01-11 12:01:10
575,1105,432,3,WITHDRAW,3,2700.541761,,,2025-01-11 12:15:16
576,1106,667,4,REPAY,5,147.520549,,147.520549,2025-01-11 12:20:55
577,1107,303,3,WITHDRAW,2,1631.43985,,,2025-01-11 12:54:27
578,1108,20,2,WITHDRAW,2,4590.708191,,,2025-01-11 12:56:26
579,1111,364,1,DEPOSIT,3,7002.124087,7002.124087,,2025-01-11 13:16:18
580,1113,122,4,DEPOSIT,4,2495.209124,2495.209124,,2025-01-11 13:40:31
581,1114,156,4,WITHDRAW,2,394.019315,,,2025-01-11 13:48:07
582,1115,640,1,REPAY,5,670.195028,,670.195028,2025-01-11 14:00:39
583,1116,992,2,WITHDRAW,2,7487.462202,,,2025-01-11 14:02:27
584,1117,397,2,LIQUIDATION,4,6164.824167,5254.8506432025,6164.824167,2025-01-11 14:09:56
585,1118,990,4,WITHDRAW,5,1777.437927,,,2025-01-11 14:12:21
586,1119,605,2,WITHDRAW,2,2161.20907,,,2025-01-11 14:17:47
587,1121,309,2,BORROW,3,583.67176,1396.9052597274,583.67176,2025-01-11 14:18:38
588,1124,953,3,WITHDRAW,1,7414.500443,,,2025-01-11 14:47:18
589,1125,292,3,REPAY,2,1298.375748,,1298.375748,2025-01-11 14:47:29
590,1126,330,4,REPAY,5,153.330753,,153.330753,2025-01-11 14:53:12
591,1129,966,4,DEPOSIT,3,1259.772531,1259.772531,,2025-01-11 16:27:07
592,1130,944,4,WITHDRAW,3,5344.141614,,,2025-01-11 16:28:31
593,1131,374,4,LIQUIDATION,1,2681.346251,2195.3905149767,2681.346251,2025-01-11 16:36:59
594,1133,790,3,BORROW,1,2554.297261,5198.7913706781,2554.297261,2025-01-11 17:45:04
595,1135,14,4,BORROW,4,2044.847991,3478.358367625,2044.847991,2025-01-11 17:58:48
596,1136,359,1,BORROW,4,7599.936389,16222.0735659359,7599.936389,2025-01-11 18:14:33
597,1137,151,1,WITHDRAW,5,5911.955083,,,2025-01-11 18:21:53
598,1138,42,3,WITHDRAW,3,8467.820257,,,2025-01-11 18:48:43
599,1140,68,4,WITHDRAW,4,3220.314128,,,2025-01-11 19:21:45
600,1141,483,3,WITHDRAW,5,907.385919,,,2025-01-11 19:45:13
601,1144,463,4,DEPOSIT,5,6694.078081,6694.078081,,2025-01-11 20:23:55
602,1145,408,4,BORROW,4,126.65913,181.7594517015,126.65913,2025-01-11 20:33:11
603,1146,849,3,DEPOSIT,3,1181.124372,1181.124372,,2025-01-11 20:34:07
604,1147,255,2,DEPOSIT,5,1790.328601,1790.328601,,2025-01-11 20:37:07
605,1148,603,2,DEPOSIT,1,5142.277768,5142.277768,,2025-01-11 20:37:52
606,1149,701,4,DEPOSIT,1,5346.440232,5346.440232,,2025-01-11 20:51:41
607,1153,44,2,WITHDRAW,1,419.852455,,,2025-01-11 21:12:02
608,1154,630,2,BORROW,3,880.721602,1073.46181387,880.721602,2025-01-11 21:12:09
609,1155,831,3,REPAY,3,635.200319,,635.200319,2025-01-11 21:13:57
610,1157,163,4,REPAY,5,5993.180043,,5993.180043,2025-01-11 21:30:52
611,1158,286,2,DEPOSIT,1,9186.1534,9186.1534,,2025-01-11 21:45:42
612,1159,66,3,DEPOSIT,5,7294.654706,7294.654706,,2025-01-11 21:56:17
613,1160,498,4,WITHDRAW,2,1806.22178,,,2025-01-11 22:31:25
614,1161,945,1,BORROW,2,1464.892169,2676.6445454592,1464.892169,2025-01-11 23:02:53
615,1164,749,3,DEPOSIT,4,8375.822616,8375.822616,,2025-01-11 23:59:59
616,1166,243,1,REPAY,2,6244.278083,,6244.278083,2025-01-12 00:01:46
617,1170,45,3,DEPOSIT,5,6937.923053,6937.923053,,2025-01-12 01:54:45
618,1171,128,4,DEPOSIT,1,3485.129124,3485.129124,,2025-01-12 02:11:30
619,1172,860,4,DEPOSIT,4,1577.433631,1577.433631,,2025-01-12 02:41:49
620,1173,153,4,BORROW,5,618.095959,798.2263580321,618.095959,2025-01-12 02:45:53
621,1178,383,2,REPAY,1,2414.74888,,2414.74888,2025-01-12 03:47:49
622,1179,58,2,WITHDRAW,3,979.76747,,,2025-01-12 03:57:15
623,1184,868,3,DEPOSIT,5,2451.162938,2451.162938,,2025-01-12 05:04:22
624,1185,191,4,REPAY,4,699.210476,,699.210476,2025-01-12 05:24:47
625,1187,191,4,DEPOSIT,4,3766.860004,3766.860004,,2025-01-12 05:56:18
626,1188,170,2,WITHDRAW,5,2246.10544,,,2025-01-12 06:21:46
627,1189,48,1,BORROW,2,5794.793332,10231.6264095467,5794.793332,2025-01-12 07:09:35
628,1190,632,3,BORROW,2,3004.017304,6643.8037683824,3004.017304,2025-01-12 07:41:52
629,1193,583,2,DEPOSIT,2,1251.927853,1251.927853,,2025-01-12 09:01:30
630,1194,292,2,REPAY,2,3974.643235,,3974.643235,2025-01-12 09:03:17
631,1196,978,1,WITHDRAW,4,9255.87589,,,2025-01-12 09:18:43
632,1197,54,3,BORROW,1,6182.190476,10171.4784283106,6182.190476,2025-01-12 09:42:40
633,1199,136,4,REPAY,4,3574.535985,,3574.535985,2025-01-12 10:05:11
634,1200,431,1,BORROW,5,8434.387847,17231.1888436207,8434.387847,2025-01-12 10:33:28
635,1201,41,2,BORROW,4,8068.017517,19030.5858390788,8068.017517,2025-01-12 10:38:50
636,1205,604,1,WITHDRAW,3,8669.086351,,,2025-01-12 11:59:44
637,1206,147,3,DEPOSIT,4,2172.617662,2172.617662,,2025-01-12 12:11:45
638,1208,77,3,WITHDRAW,3,5628.224957,,,2025-01-12 12:26:11
639,1209,717,4,LIQUIDATION,4,669.150243,745.94184006,669.150243,2025-01-12 12:37:39
640,1210,198,4,WITHDRAW,3,3008.710414,,,2025-01-12 12:47:11
641,1211,408,1,REPAY,4,109.246067,,109.246067,2025-01-12 13:33:03
642,1212,989,4,BORROW,4,672.304873,1446.5282501598,672.304873,2025-01-12 13:39:02
643,1214,589,4,WITHDRAW,3,254.769173,,,2025-01-12 14:18:56
644,1221,366,3,BORROW,4,2628.004571,3453.25188324,2628.004571,2025-01-12 15:22:02
645,1224,326,4,WITHDRAW,1,208.599751,,,2025-01-12 15:51:51
646,1225,638,2,WITHDRAW,2,5131.818479,,,2025-01-12 15:53:36
647,1227,765,1,BORROW,3,5880.429758,9425.0872580695,5880.429758,2025-01-12 16:26:09
648,1228,488,4,WITHDRAW,5,1357.945401,,,2025-01-12 16:48:41
649,1229,113,3,BORROW,4,5313.604982,12719.0204166915,5313.604982,2025-01-12 16:51:51
650,1231,511,3,WITHDRAW,5,6771.537519,,,2025-01-12 17:43:04
651,1232,780,1,REPAY,4,2266.162585,,2266.162585,2025-01-12 17:48:19
652,1233,893,1,REPAY,2,755.876204,,755.876204,2025-01-12 17:54:33
653,1234,534,4,WITHDRAW,1,1920.185896,,,2025-01-12 18:33:55
654,1235,578,3,DEPOSIT,4,5330.578021,5330.578021,,2025-01-12 18:49:17
655,1237,163,3,REPAY,2,1975.046645,,1975.046645,2025-01-12 18:54:15
656,1239,440,4,BORROW,3,7192.671955,15804.0778267193,7192.671955,2025-01-12 19:21:49
657,1240,859,1,WITHDRAW,2,8494.572246,,,2025-01-12 19:24:30
658,1245,234,1,WITHDRAW,1,7087.210026,,,2025-01-12 20:10:59
659,1246,280,1,DEPOSIT,4,6714.277212,6714.277212,,2025-01-12 20:12:17
660,1247,458,4,DEPOSIT,1,4212.985504,4212.985504,,2025-01-12 20:32:37
661,1248,80,1,WITHDRAW,5,8431.499272,,,2025-01-12 20:46:58
662,1250,781,2,REPAY,4,3031.796889,,3031.796889,2025-01-12 21:54:37
663,1251,538,1,BORROW,2,6883.953636,11251.6266106949,6883.953636,2025-01-12 22:13:39
664,1255,938,1,DEPOSIT,5,8732.032591,8732.032591,,2025-01-12 22:32:00
665,1259,14,2,REPAY,1,1750.14022,,1750.14022,2025-01-13 00:24:16
666,1261,96,3,DEPOSIT,2,7111.974362,7111.974362,,2025-01-13 00:57:04
667,1263,719,2,BORROW,2,9779.99121,18692.2658212461,9779.99121,2025-01-13 01:05:38
668,1266,366,4,REPAY,4,1621.621993,,1621.621993,2025-01-13 02:15:06
669,1267,840,3,REPAY,4,3551.796656,,3551.796656,2025-01-13 02:15:33
670,1269,511,2,DEPOSIT,2,6628.838382,6628.838382,,2025-01-13 02:28:18
671,1271,723,2,DEPOSIT,2,1758.752925,1758.752925,,2025-01-13 02:48:22
672,1274,126,3,DEPOSIT,3,6506.514384,6506.514384,,2025-01-13 04:30:34
673,1275,955,1,DEPOSIT,4,4425.11497,4425.11497,,2025-01-13 04:52:29
674,1277,102,4,DEPOSIT,3,3872.173676,3872.173676,,2025-01-13 05:21:57
675,1279,881,3,LIQUIDATION,4,181.035068,191.6371661271,181.035068,2025-01-13 06:06:51
676,1280,790,1,BORROW,3,5793.865911,7540.1006490939,5793.865911,2025-01-13 06:09:00
677,1281,192,4,BORROW,2,3833.404641,8187.2019617571,3833.404641,2025-01-13 06:24:01
678,1282,426,4,BORROW,3,9161.178999,20697.109827158,9161.178999,2025-01-13 06:38:07
679,1284,558,4,BORROW,2,9722.297823,17249.7582884353,9722.297823,2025-01-13 06:50:46
680,1285,633,1,REPAY,4,615.839095,,615.839095,2025-01-13 07:08:32
681,1288,393,4,BORROW,2,2260.034309,3776.9246283216,2260.034309,2025-01-13 07:19:18
682,1290,450,3,WITHDRAW,1,6082.480977,,,2025-01-13 07:55:24
683,1292,214,3,DEPOSIT,3,9254.342373,9254.342373,,2025-01-13 08:18:43
684,1293,145,2,BORROW,5,5769.362832,7276.0491158086,5769.362832,2025-01-13 08:31:53
685,1294,240,4,WITHDRAW,3,7314.838576,,,2025-01-13 08:42:11
686,1296,530,1,WITHDRAW,2,1348.790725,,,2025-01-13 08:54:23
687,1297,330,4,REPAY,4,101.222202,,101.222202,2025-01-13 08:58:05
688,1298,383,4,REPAY,5,4952.398115,,4952.398115,2025-01-13 09:08:33
689,1299,333,4,REPAY,2,2949.18945,,2949.18945,2025-01-13 09:13:17
690,1300,820,1,BORROW,5,5533.047296,6724.4210640647,5533.047296,2025-01-13 09:17:38
691,1302,3,2,BORROW,4,2519.472092,3788.5945607413,2519.472092,2025-01-13 09:39:54
692,1303,270,4,DEPOSIT,1,342.071305,342.071305,,2025-01-13 09:56:35
693,1305,142,3,DEPOSIT,1,7884.730789,7884.730789,,2025-01-13 10:07:19
694,1307,915,2,WITHDRAW,5,1295.962683,,,2025-01-13 10:38:11
695,1308,328,2,WITHDRAW,2,6651.743926,,,2025-01-13 11:29:04
696,1309,29,1,LIQUIDATION,5,1449.968159,1224.6363730967,1449.968159,2025-01-13 11:30:08
697,1313,625,3,DEPOSIT,2,5840.66183,5840.66183,,2025-01-13 12:27:41
698,1314,764,3,BORROW,5,2550.420443,3148.9588645382,2550.420443,2025-01-13 13:08:04
699,1315,641,3,WITHDRAW,3,1781.69595,,,2025-01-13 13:08:11
700,1317,868,4,BORROW,4,9608.367689,23386.0824038287,9608.367689,2025-01-13 13:22:12
701,1318,524,3,WITHDRAW,4,1061.211582,,,2025-01-13 13:34:20
702,1319,415,3,BORROW,4,9245.659067,22757.5717566094,9245.659067,2025-01-13 13:46:08
703,1322,487,2,REPAY,4,1521.027283,,1521.027283,2025-01-13 14:34:35
704,1326,86,2,WITHDRAW,5,6949.435653,,,2025-01-13 15:09:06
705,1328,98,1,REPAY,4,3145.330012,,3145.330012,2025-01-13 16:20:46
706,1329,213,3,BORROW,1,4042.495732,9362.4610899308,4042.495732,2025-01-13 16:24:33
707,1332,143,3,REPAY,5,126.484429,,126.484429,2025-01-13 16:40:52
708,1333,867,2,WITHDRAW,1,6423.890977,,,2025-01-13 16:50:43
709,1334,581,1,DEPOSIT,4,4122.822194,4122.822194,,2025-01-13 17:03:26
710,1336,117,3,REPAY,5,5201.082925,,5201.082925,2025-01-13 17:07:14
711,1337,232,2,BORROW,3,4814.756611,7456.6664034386,4814.756611,2025-01-13 17:15:11
712,1339,978,4,BORROW,4,6044.904752,10601.4996718038,6044.904752,2025-01-13 17:47:50
713,1341,26,2,BORROW,3,8946.957258,21698.8472199628,8946.957258,2025-01-13 18:24:30
714,1344,268,3,WITHDRAW,2,1982.842926,,,2025-01-13 19:23:34
715,1345,688,1,BORROW,5,2133.548114,3630.5772122621,2133.548114,2025-01-13 19:39:29
716,1346,807,2,DEPOSIT,1,8770.281572,8770.281572,,2025-01-13 19:51:41
717,1347,317,3,WITHDRAW,2,9063.060093,,,2025-01-13 20:07:07
718,1348,956,3,WITHDRAW,1,929.236242,,,2025-01-13 20:07:18
719,1352,657,3,BORROW,3,8782.087686,19134.0589217156,8782.087686,2025-01-13 20:44:06
720,1353,344,4,BORROW,1,6008.438504,12822.3805728516,6008.438504,2025-01-13 21:06:01
721,1355,758,3,REPAY,2,426.662644,,426.662644,2025-01-13 22:22:05
722,1358,444,2,WITHDRAW,4,3662.546975,,,2025-01-13 23:02:56
723,1360,415,4,LIQUIDATION,3,13102.155258,15637.3691995,13102.155258,2025-01-13 23:22:46
724,1361,44,1,REPAY,3,4692.582896,,4692.582896,2025-01-14 00:16:12
725,1363,898,4,BORROW,4,5460.80426,10744.8056879894,5460.80426,2025-01-14 00:27:58
726,1365,125,2,DEPOSIT,2,2301.391032,2301.391032,,2025-01-14 00:54:16
727,1367,305,1,BORROW,3,486.235892,992.9112327851,486.235892,2025-01-14 01:03:18
728,1368,822,1,REPAY,1,7337.334764,,7337.334764,2025-01-14 01:09:50
729,1372,75,1,BORROW,3,6258.390785,12537.9499742689,6258.390785,2025-01-14 01:42:15
730,1373,249,1,DEPOSIT,2,9299.050797,9299.050797,,2025-01-14 01:47:11
731,1375,935,2,DEPOSIT,1,4651.94492,4651.94492,,2025-01-14 02:38:08
732,1376,100,3,REPAY,4,6984.923855,,6984.923855,2025-01-14 02:43:28
733,1377,611,3,REPAY,3,5091.704555,,5091.704555,2025-01-14 02:46:48
734,1379,51,4,REPAY,2,821.570478,,821.570478,2025-01-14 02:52:24
735,1380,431,3,REPAY,3,4214.216218,,4214.216218,2025-01-14 02:53:56
736,1381,455,1,WITHDRAW,4,2995.420885,,,2025-01-14 03:20:58
737,1384,692,2,DEPOSIT,3,2133.792671,2133.792671,,2025-01-14 04:02:10
738,1385,82,3,REPAY,1,413.737974,,413.737974,2025-01-14 04:08:20
739,1387,829,3,BORROW,2,1728.96801,4274.7759059472,1728.96801,2025-01-14 04:40:59
740,1388,219,3,LIQUIDATION,2,6269.993691,5978.0248702298,6269.993691,2025-01-14 04:45:12
741,1389,954,3,BORROW,1,6436.355794,9040.674522328,6436.355794,2025-01-14 04:55:16
742,1390,232,2,LIQUIDATION,1,4814.756611,4173.6576157649,4814.756611,2025-01-14 05:39:25
743,1391,903,2,DEPOSIT,4,1001.095596,1001.095596,,2025-01-14 05:43:31
744,1397,189,1,DEPOSIT,4,3774.060826,3774.060826,,2025-01-14 06:49:16
745,1398,736,3,DEPOSIT,1,3545.434654,3545.434654,,2025-01-14 07:03:54
746,1399,594,2,WITHDRAW,2,14.699986,,,2025-01-14 07:46:45
747,1400,223,1,BORROW,2,9627.494311,23262.2746432957,9627.494311,2025-01-14 07:52:56
748,1402,14,3,REPAY,3,81.407286,,81.407286,2025-01-14 08:49:52
749,1404,918,2,REPAY,1,1.629392,,1.629392,2025-01-14 09:13:13
750,1405,561,1,BORROW,1,1643.208658,3341.1274898573,1643.208658,2025-01-14 09:39:09
751,1406,490,1,REPAY,4,1086.494403,,1086.494403,2025-01-14 10:18:09
752,1407,344,1,REPAY,4,3516.354322,,3516.354322,2025-01-14 10:46:14
753,1409,867,2,BORROW,3,313.577125,393.5280487083,313.577125,2025-01-14 11:22:38
754,1410,851,2,WITHDRAW,5,8738.277685,,,2025-01-14 11:25:13
755,1414,892,3,BORROW,4,1720.307933,2611.5654042113,1720.307933,2025-01-14 11:51:06
756,1415,456,1,WITHDRAW,3,8056.766606,,,2025-01-14 12:16:18
757,1416,354,4,WITHDRAW,2,9502.320756,,,2025-01-14 12:23:42
758,1417,770,4,BORROW,4,2675.75936,5309.789906426,2675.75936,2025-01-14 12:24:07
759,1418,164,3,WITHDRAW,5,7084.496376,,,2025-01-14 13:19:58
760,1420,547,4,BORROW,1,7682.56499,13918.4885082747,7682.56499,2025-01-14 13:29:18
761,1423,923,2,BORROW,2,2997.803385,5210.8845938945,2997.803385,2025-01-14 14:09:12
762,1425,141,1,WITHDRAW,3,4594.965115,,,2025-01-14 15:55:39
763,1426,138,2,BORROW,4,7764.295521,14010.8161457931,7764.295521,2025-01-14 16:01:56
764,1427,160,3,WITHDRAW,3,649.672546,,,2025-01-14 16:06:01
765,1428,748,2,REPAY,4,5186.833893,,5186.833893,2025-01-14 16:08:42
766,1431,557,4,WITHDRAW,2,8492.661778,,,2025-01-14 16:49:27
768,1433,391,3,LIQUIDATION,3,6726.503675,5768.4710392089,6726.503675,2025-01-14 17:35:53
769,1434,898,3,REPAY,5,5053.997254,,5053.997254,2025-01-14 17:46:47
770,1435,117,3,REPAY,5,1305.477549,,1305.477549,2025-01-14 18:05:01
771,1436,384,1,BORROW,1,1171.983898,2316.4446757056,1171.983898,2025-01-14 18:13:45
772,1438,776,1,REPAY,3,327.415349,,327.415349,2025-01-14 18:17:47
773,1442,269,1,LIQUIDATION,5,3316.890331,2729.994593783,3316.890331,2025-01-14 19:30:29
774,1444,951,4,WITHDRAW,5,1137.099266,,,2025-01-14 19:58:34
775,1445,395,2,REPAY,5,6960.050118,,6960.050118,2025-01-14 20:00:57
776,1446,43,2,WITHDRAW,3,3755.490368,,,2025-01-14 20:29:15
777,1448,593,2,DEPOSIT,5,2830.063756,2830.063756,,2025-01-14 20:40:36
778,1449,480,1,DEPOSIT,3,674.692997,674.692997,,2025-01-14 20:42:58
779,1452,831,3,REPAY,1,354.095432,,354.095432,2025-01-14 22:21:38
780,1453,896,1,WITHDRAW,4,9683.125355,,,2025-01-14 22:43:13
781,1455,655,2,WITHDRAW,5,9501.809163,,,2025-01-14 23:22:54
782,1456,765,3,REPAY,5,1330.080864,,1330.080864,2025-01-14 23:42:01
783,1458,50,2,DEPOSIT,3,1942.686511,1942.686511,,2025-01-15 00:06:21
784,1460,97,4,WITHDRAW,1,1092.280927,,,2025-01-15 02:01:18
785,1461,791,3,DEPOSIT,4,416.512322,416.512322,,2025-01-15 02:17:28
786,1463,844,3,WITHDRAW,4,1970.803864,,,2025-01-15 03:11:58
787,1466,118,1,LIQUIDATION,3,2902.831467,2655.1836013306,2902.831467,2025-01-15 03:47:20
788,1467,407,1,WITHDRAW,4,316.992754,,,2025-01-15 03:47:38
789,1468,586,3,REPAY,4,4884.047407,,4884.047407,2025-01-15 03:49:46
790,1473,403,2,REPAY,5,5303.292266,,5303.292266,2025-01-15 04:19:29
791,1474,41,4,DEPOSIT,1,6644.067518,6644.067518,,2025-01-15 04:20:32
792,1475,809,1,BORROW,1,5638.835574,9925.0717597767,5638.835574,2025-01-15 04:27:31
793,1477,328,4,WITHDRAW,2,5986.744213,,,2025-01-15 04:35:38
794,1481,640,1,REPAY,2,2259.482494,,2259.482494,2025-01-15 06:33:57
795,1482,435,4,BORROW,4,1786.897501,3110.5497525007,1786.897501,2025-01-15 06:40:23
796,1484,868,2,LIQUIDATION,3,9608.367689,10761.6511893081,9608.367689,2025-01-15 06:53:19
797,1485,91,2,BORROW,3,6775.997502,9707.2450273288,6775.997502,2025-01-15 07:30:38
798,1488,664,4,BORROW,1,8141.715346,15349.1105115243,8141.715346,2025-01-15 07:42:42
799,1493,192,1,REPAY,5,1983.478688,,1983.478688,2025-01-15 08:51:04
800,1494,580,4,REPAY,3,4640.77159,,4640.77159,2025-01-15 09:06:27
801,1496,325,3,BORROW,1,1335.504681,2081.6107712285,1335.504681,2025-01-15 09:16:38
802,1499,894,2,DEPOSIT,1,2626.283667,2626.283667,,2025-01-15 10:24:17
803,1501,18,2,BORROW,1,3464.964481,7049.7901725048,3464.964481,2025-01-15 10:29:51
804,1503,186,2,WITHDRAW,4,8210.189759,,,2025-01-15 10:51:16
805,1505,434,4,DEPOSIT,5,3641.165607,3641.165607,,2025-01-15 11:03:02
806,1506,296,4,DEPOSIT,3,8842.454526,8842.454526,,2025-01-15 12:04:07
807,1507,284,3,WITHDRAW,5,9013.901639,,,2025-01-15 12:29:11
808,1508,738,2,LIQUIDATION,4,480.457211,464.3700578166,480.457211,2025-01-15 12:42:21
809,1511,235,4,WITHDRAW,2,8322.928719,,,2025-01-15 12:55:18
810,1513,923,2,REPAY,4,2072.077189,,2072.077189,2025-01-15 13:27:28
811,1514,999,1,WITHDRAW,3,3566.750368,,,2025-01-15 13:27:56
812,1515,819,3,BORROW,2,4068.841056,7749.6547802942,4068.841056,2025-01-15 13:31:02
813,1519,113,3,DEPOSIT,3,241.364759,241.364759,,2025-01-15 14:05:44
814,1520,215,4,WITHDRAW,2,5970.284219,,,2025-01-15 14:11:53
815,1521,239,3,DEPOSIT,5,1889.026143,1889.026143,,2025-01-15 15:01:19
816,1522,115,1,BORROW,3,2820.235161,3705.1303920611,2820.235161,2025-01-15 15:23:21
817,1524,353,3,BORROW,1,5009.510824,12298.9134059459,5009.510824,2025-01-15 16:06:01
818,1525,359,3,REPAY,1,5082.295362,,5082.295362,2025-01-15 16:51:13
819,1527,367,1,DEPOSIT,4,9238.824942,9238.824942,,2025-01-15 17:53:03
820,1529,684,2,REPAY,4,872.825296,,872.825296,2025-01-15 18:19:11
821,1530,435,4,REPAY,1,809.517249,,809.517249,2025-01-15 19:32:12
822,1531,435,2,REPAY,4,115.487108,,115.487108,2025-01-15 19:38:34
823,1532,973,1,BORROW,4,3176.570188,5892.2808568186,3176.570188,2025-01-15 19:54:27
824,1534,693,3,WITHDRAW,2,7818.629771,,,2025-01-15 20:03:04
825,1537,262,3,BORROW,3,4471.477812,7999.1735384302,4471.477812,2025-01-15 20:35:46
826,1538,113,3,REPAY,1,3538.009186,,3538.009186,2025-01-15 20:38:31
827,1542,932,1,WITHDRAW,5,8420.110536,,,2025-01-15 21:02:10
828,1545,141,1,DEPOSIT,4,4426.288502,4426.288502,,2025-01-15 21:55:54
829,1547,182,2,BORROW,4,5648.567104,13264.7268452456,5648.567104,2025-01-15 22:04:45
830,1548,763,2,DEPOSIT,1,5948.508899,5948.508899,,2025-01-15 22:12:14
831,1549,49,1,DEPOSIT,3,6049.823926,6049.823926,,2025-01-15 22:18:43
832,1550,702,1,DEPOSIT,3,5369.329954,5369.329954,,2025-01-15 22:28:46
833,1553,153,2,LIQUIDATION,2,618.095959,738.0858357682,618.095959,2025-01-15 22:44:20
834,1554,790,4,REPAY,1,4764.085423,,4764.085423,2025-01-15 23:02:04
835,1555,426,1,REPAY,5,6836.615491,,6836.615491,2025-01-15 23:09:01
836,1556,615,3,REPAY,5,4833.2614,,4833.2614,2025-01-15 23:10:20
837,1557,24,1,REPAY,1,189.83903,,189.83903,2025-01-15 23:15:25
838,1559,83,1,WITHDRAW,5,6225.935638,,,2025-01-15 23:49:16
839,1560,958,4,DEPOSIT,2,3447.730276,3447.730276,,2025-01-16 00:06:09
840,1562,514,4,BORROW,2,2481.124961,5793.8335165175,2481.124961,2025-01-16 00:37:24
841,1564,101,4,LIQUIDATION,5,7319.110576,5992.4475628558,7319.110576,2025-01-16 01:03:53
842,1567,825,2,DEPOSIT,3,6265.832557,6265.832557,,2025-01-16 01:17:02
843,1570,985,3,BORROW,1,5458.708615,9765.0621567143,5458.708615,2025-01-16 02:16:21
844,1572,149,1,DEPOSIT,5,6616.593183,6616.593183,,2025-01-16 02:36:18
845,1574,97,2,REPAY,2,1110.85616,,1110.85616,2025-01-16 02:36:53
846,1575,550,1,DEPOSIT,4,8481.343336,8481.343336,,2025-01-16 02:44:56
847,1576,628,3,WITHDRAW,5,8327.981271,,,2025-01-16 02:58:48
848,1578,420,1,BORROW,1,9949.518804,22013.0221695327,9949.518804,2025-01-16 03:12:18
849,1579,505,4,WITHDRAW,3,8617.089907,,,2025-01-16 03:13:14
850,1580,97,3,REPAY,3,1027.091683,,1027.091683,2025-01-16 03:35:03
851,1584,700,2,REPAY,2,3007.083883,,3007.083883,2025-01-16 04:10:35
852,1586,58,3,DEPOSIT,5,7499.853468,7499.853468,,2025-01-16 04:16:22
853,1588,648,1,WITHDRAW,3,4385.074191,,,2025-01-16 04:32:02
854,1589,758,3,REPAY,1,658.916971,,658.916971,2025-01-16 04:35:58
855,1591,845,3,BORROW,5,3251.556389,7732.2928975541,3251.556389,2025-01-16 05:24:19
856,1592,54,4,REPAY,4,3518.808805,,3518.808805,2025-01-16 05:29:58
857,1593,48,3,REPAY,3,5179.017475,,5179.017475,2025-01-16 05:34:48
858,1597,232,3,WITHDRAW,2,1334.715154,,,2025-01-16 06:02:56
859,1598,968,2,DEPOSIT,5,8109.476446,8109.476446,,2025-01-16 06:19:32
860,1601,287,4,DEPOSIT,3,4119.413886,4119.413886,,2025-01-16 07:04:15
861,1602,754,4,DEPOSIT,3,9897.03697,9897.03697,,2025-01-16 07:06:23
862,1604,652,1,BORROW,3,6875.334262,14045.3482303673,6875.334262,2025-01-16 07:30:49
863,1608,96,2,DEPOSIT,5,6092.209641,6092.209641,,2025-01-16 08:16:01
864,1611,962,3,REPAY,4,345.716208,,345.716208,2025-01-16 08:29:41
865,1613,352,2,BORROW,3,3466.255603,8472.7498273989,3466.255603,2025-01-16 09:01:12
866,1614,168,3,WITHDRAW,5,6091.698268,,,2025-01-16 09:08:38
867,1615,887,4,BORROW,5,8086.019152,17106.1221618355,8086.019152,2025-01-16 09:29:12
868,1618,973,4,DEPOSIT,5,6672.95046,6672.95046,,2025-01-16 10:15:04
869,1620,23,1,WITHDRAW,4,859.185278,,,2025-01-16 10:22:56
870,1621,83,3,BORROW,2,7981.565528,19907.0646358549,7981.565528,2025-01-16 10:42:55
871,1623,967,4,BORROW,1,4964.808377,7760.4405269444,4964.808377,2025-01-16 11:44:31
872,1624,700,2,LIQUIDATION,3,3265.089371,3422.132047566,3265.089371,2025-01-16 11:56:26
873,1626,419,4,DEPOSIT,2,3438.125287,3438.125287,,2025-01-16 12:52:10
874,1627,923,4,REPAY,5,152.64382,,152.64382,2025-01-16 12:54:05
875,1629,552,4,DEPOSIT,4,7448.236097,7448.236097,,2025-01-16 13:07:16
876,1630,809,2,LIQUIDATION,4,5638.835574,5601.8051112789,5638.835574,2025-01-16 13:07:43
877,1631,777,4,WITHDRAW,1,1966.664855,,,2025-01-16 13:16:03
878,1633,214,3,BORROW,3,1559.554438,3152.7680097816,1559.554438,2025-01-16 13:52:00
879,1634,359,4,BORROW,2,3342.724244,8349.0941427353,3342.724244,2025-01-16 13:59:31
880,1635,221,3,DEPOSIT,2,4035.633729,4035.633729,,2025-01-16 14:27:01
881,1637,489,4,DEPOSIT,1,8829.125327,8829.125327,,2025-01-16 14:57:20
882,1644,483,1,DEPOSIT,2,6223.68285,6223.68285,,2025-01-16 17:17:47
883,1645,48,4,REPAY,1,268.072225,,268.072225,2025-01-16 17:46:55
884,1647,375,2,WITHDRAW,2,9415.451061,,,2025-01-16 18:31:33
885,1648,938,3,DEPOSIT,1,4669.486328,4669.486328,,2025-01-16 18:46:07
886,1649,72,3,BORROW,2,5890.651686,7402.7241590816,5890.651686,2025-01-16 19:12:29
887,1655,238,2,BORROW,2,5014.157987,6346.3918773382,5014.157987,2025-01-16 21:04:25
888,1656,285,4,DEPOSIT,5,1755.604452,1755.604452,,2025-01-16 21:15:25
889,1658,219,3,BORROW,1,4592.451218,11324.2272061383,4592.451218,2025-01-16 21:50:59
890,1660,953,2,WITHDRAW,2,7833.079586,,,2025-01-16 22:01:30
891,1661,85,4,DEPOSIT,4,3107.837034,3107.837034,,2025-01-16 22:19:29
892,1663,923,1,REPAY,3,320.315555,,320.315555,2025-01-16 23:08:01
893,1664,374,3,DEPOSIT,4,3443.834731,3443.834731,,2025-01-16 23:13:44
894,1665,592,2,REPAY,1,1676.165146,,1676.165146,2025-01-16 23:18:11
895,1666,828,4,WITHDRAW,1,4612.548268,,,2025-01-16 23:45:27
896,1667,211,3,REPAY,2,4834.373833,,4834.373833,2025-01-17 00:05:53
897,1668,734,1,DEPOSIT,2,8193.051144,8193.051144,,2025-01-17 00:06:27
898,1669,721,2,WITHDRAW,3,1036.935473,,,2025-01-17 00:08:29
899,1670,763,1,WITHDRAW,1,1742.154876,,,2025-01-17 00:31:30
900,1671,198,4,WITHDRAW,3,890.329519,,,2025-01-17 00:41:17
901,1672,365,3,WITHDRAW,1,2242.335593,,,2025-01-17 00:42:16
902,1674,563,4,DEPOSIT,3,4073.704537,4073.704537,,2025-01-17 01:06:58
903,1675,820,1,DEPOSIT,2,1422.177124,1422.177124,,2025-01-17 01:07:57
904,1677,430,1,WITHDRAW,4,182.520891,,,2025-01-17 01:20:42
905,1679,428,1,WITHDRAW,2,6331.868464,,,2025-01-17 01:59:26
906,1680,666,4,WITHDRAW,5,9546.48861,,,2025-01-17 02:38:14
907,1681,509,1,BORROW,1,3518.100539,5143.8491965725,3518.100539,2025-01-17 02:39:19
908,1682,649,4,WITHDRAW,3,1303.767447,,,2025-01-17 03:14:04
909,1684,753,4,WITHDRAW,5,9393.363328,,,2025-01-17 03:14:35
910,1685,343,3,BORROW,1,6801.225021,10736.4784691729,6801.225021,2025-01-17 03:53:35
911,1686,724,4,WITHDRAW,5,169.196628,,,2025-01-17 03:57:18
912,1687,178,1,REPAY,3,549.141443,,549.141443,2025-01-17 03:58:43
913,1688,270,3,WITHDRAW,5,426.163912,,,2025-01-17 03:59:31
914,1689,650,3,REPAY,5,280.481236,,280.481236,2025-01-17 04:09:43
915,1690,97,4,REPAY,3,834.404311,,834.404311,2025-01-17 04:36:28
916,1692,244,1,BORROW,4,4225.235615,6413.6362233231,4225.235615,2025-01-17 05:05:38
917,1693,24,4,WITHDRAW,5,101.123928,,,2025-01-17 05:33:19
918,1694,682,1,WITHDRAW,1,2151.04735,,,2025-01-17 05:33:49
919,1695,739,2,DEPOSIT,3,5605.593691,5605.593691,,2025-01-17 05:35:00
920,1696,76,4,DEPOSIT,3,8090.702026,8090.702026,,2025-01-17 05:35:26
921,1697,452,3,BORROW,2,8838.779168,11559.8868419319,8838.779168,2025-01-17 05:41:12
922,1698,655,3,BORROW,5,7314.257225,18197.5716101369,7314.257225,2025-01-17 05:45:54
923,1701,191,1,REPAY,2,1177.438657,,1177.438657,2025-01-17 06:57:00
924,1702,383,3,REPAY,5,77.954721,,77.954721,2025-01-17 07:02:28
925,1703,433,1,REPAY,4,5711.15339,,5711.15339,2025-01-17 07:08:24
926,1707,995,4,DEPOSIT,2,4443.190337,4443.190337,,2025-01-17 07:39:07
927,1708,121,3,DEPOSIT,4,3353.105309,3353.105309,,2025-01-17 07:41:12
928,1709,326,4,BORROW,3,3175.737027,5374.645567588,3175.737027,2025-01-17 07:46:46
929,1710,614,1,WITHDRAW,1,5661.588045,,,2025-01-17 08:37:38
930,1712,487,2,REPAY,3,96.810386,,96.810386,2025-01-17 08:55:08
931,1713,221,4,DEPOSIT,2,3821.888315,3821.888315,,2025-01-17 09:19:39
932,1714,785,1,DEPOSIT,1,8046.599178,8046.599178,,2025-01-17 09:20:21
933,1715,813,1,WITHDRAW,5,729.174786,,,2025-01-17 09:34:20
934,1716,766,4,DEPOSIT,5,4008.448848,4008.448848,,2025-01-17 09:46:02
935,1720,358,3,DEPOSIT,2,7381.25149,7381.25149,,2025-01-17 10:32:23
936,1721,973,2,REPAY,2,2778.882117,,2778.882117,2025-01-17 10:33:36
937,1723,490,1,REPAY,4,671.700218,,671.700218,2025-01-17 10:56:04
938,1727,251,4,DEPOSIT,5,2728.411908,2728.411908,,2025-01-17 11:13:00
939,1729,726,4,DEPOSIT,5,6575.854689,6575.854689,,2025-01-17 11:40:26
940,1732,53,3,REPAY,3,386.338754,,386.338754,2025-01-17 11:57:59
941,1733,985,4,DEPOSIT,5,1343.583832,1343.583832,,2025-01-17 12:02:40
942,1734,513,1,LIQUIDATION,3,6655.902348,6751.6108805089,6655.902348,2025-01-17 12:09:22
943,1738,514,4,LIQUIDATION,4,2481.124961,2240.4084820489,2481.124961,2025-01-17 12:50:14
944,1740,754,4,WITHDRAW,3,28.790725,,,2025-01-17 13:33:26
945,1743,222,3,BORROW,3,7167.458182,9072.3056331257,7167.458182,2025-01-17 14:54:54
946,1745,777,4,BORROW,1,4654.117995,6813.8603524701,4654.117995,2025-01-17 15:25:25
947,1746,501,2,LIQUIDATION,5,1756.930679,1672.1940594069,1756.930679,2025-01-17 15:25:30
948,1747,101,1,BORROW,2,7517.685058,18404.1187490799,7517.685058,2025-01-17 15:34:16
949,1748,681,4,DEPOSIT,5,4457.244536,4457.244536,,2025-01-17 15:37:01
950,1749,810,3,WITHDRAW,3,7035.277351,,,2025-01-17 15:55:27
951,1752,505,4,WITHDRAW,2,4057.833931,,,2025-01-17 16:12:37
952,1756,686,3,WITHDRAW,4,7078.344511,,,2025-01-17 17:13:30
953,1758,816,3,REPAY,2,3996.798648,,3996.798648,2025-01-17 17:20:46
954,1759,600,2,REPAY,5,8187.358492,,8187.358492,2025-01-17 17:41:00
955,1760,777,3,REPAY,3,2046.825951,,2046.825951,2025-01-17 17:46:50
956,1762,682,1,WITHDRAW,3,2146.153409,,,2025-01-17 18:35:08
957,1764,222,3,LIQUIDATION,4,7167.458182,7006.6501082453,7167.458182,2025-01-17 18:44:07
958,1765,287,1,DEPOSIT,2,9461.724975,9461.724975,,2025-01-17 18:59:58
959,1766,249,1,WITHDRAW,1,1853.995078,,,2025-01-17 19:08:36
960,1769,3,4,REPAY,1,672.667809,,672.667809,2025-01-17 20:30:25
961,1771,232,3,DEPOSIT,4,6546.869863,6546.869863,,2025-01-17 20:48:53
962,1772,479,1,BORROW,5,4072.652538,7832.9841665871,4072.652538,2025-01-17 21:10:49
963,1774,16,4,REPAY,1,6319.598901,,6319.598901,2025-01-17 21:34:38
964,1775,383,2,REPAY,4,51.582538,,51.582538,2025-01-17 21:48:11
965,1776,180,1,REPAY,2,84.374499,,84.374499,2025-01-17 21:52:05
966,1777,800,2,BORROW,1,1824.898934,3724.2447806614,1824.898934,2025-01-17 22:13:51
967,1778,26,3,REPAY,3,5036.771422,,5036.771422,2025-01-17 22:31:36
968,1779,238,2,LIQUIDATION,3,5014.157987,4342.6306414404,5014.157987,2025-01-17 22:36:55
969,1780,699,4,DEPOSIT,1,3627.25672,3627.25672,,2025-01-17 22:50:04
970,1782,27,1,DEPOSIT,3,9074.388265,9074.388265,,2025-01-17 23:12:21
971,1784,777,4,REPAY,4,451.847148,,451.847148,2025-01-18 00:14:21
972,1787,775,4,DEPOSIT,4,4653.23439,4653.23439,,2025-01-18 00:24:33
973,1789,239,2,DEPOSIT,4,455.625942,455.625942,,2025-01-18 00:37:12
974,1794,736,1,WITHDRAW,4,1060.809865,,,2025-01-18 01:09:15
975,1796,156,3,DEPOSIT,2,5074.030144,5074.030144,,2025-01-18 02:08:01
976,1797,209,4,DEPOSIT,3,5288.963066,5288.963066,,2025-01-18 02:11:15
977,1799,488,4,BORROW,4,8914.669415,19582.2061700097,8914.669415,2025-01-18 02:12:21
978,1801,945,1,REPAY,1,1394.163127,,1394.163127,2025-01-18 02:18:08
979,1804,236,1,REPAY,4,3525.190822,,3525.190822,2025-01-18 04:06:32
980,1807,855,3,BORROW,4,2612.703214,3306.3868869554,2612.703214,2025-01-18 04:34:45
981,1808,545,1,WITHDRAW,2,1173.314625,,,2025-01-18 04:46:47
982,1810,332,4,LIQUIDATION,4,8844.27017,10010.2028941076,8844.27017,2025-01-18 05:29:35
983,1813,256,1,WITHDRAW,1,6218.106634,,,2025-01-18 06:38:58
984,1815,796,4,BORROW,5,2109.528657,4943.6463490671,2109.528657,2025-01-18 06:46:59
985,1817,318,1,BORROW,4,2421.102344,5378.1877332949,2421.102344,2025-01-18 07:15:46
986,1821,276,3,REPAY,4,744.460222,,744.460222,2025-01-18 07:50:18
987,1823,493,2,DEPOSIT,3,2024.615255,2024.615255,,2025-01-18 08:06:24
988,1824,506,2,BORROW,2,4039.17471,6173.4493813231,4039.17471,2025-01-18 08:06:34
989,1825,815,3,BORROW,3,4509.798778,7072.7849846492,4509.798778,2025-01-18 08:10:02
990,1826,498,3,BORROW,5,5051.659374,9840.3536716695,5051.659374,2025-01-18 08:14:16
991,1829,362,2,BORROW,2,9698.360626,18493.1424448207,9698.360626,2025-01-18 08:55:01
992,1831,988,1,WITHDRAW,3,782.480071,,,2025-01-18 09:21:07
993,1832,455,2,BORROW,5,9738.595968,22773.8976594879,9738.595968,2025-01-18 09:32:28
994,1833,959,2,BORROW,3,3060.364572,7065.385908832,3060.364572,2025-01-18 09:37:05
995,1835,308,4,WITHDRAW,4,2363.988025,,,2025-01-18 09:41:57
996,1836,473,3,WITHDRAW,3,1920.78081,,,2025-01-18 09:44:35
997,1838,113,2,REPAY,3,1606.726723,,1606.726723,2025-01-18 10:06:09
998,1840,596,1,WITHDRAW,1,5680.565297,,,2025-01-18 11:39:33
999,1841,363,3,REPAY,2,2102.835436,,2102.835436,2025-01-18 11:48:56
1000,1843,237,3,BORROW,1,9237.230431,18448.6722375494,9237.230431,2025-01-18 12:05:08
1001,1845,265,1,WITHDRAW,4,8789.23207,,,2025-01-18 12:12:29
1002,1848,817,1,WITHDRAW,2,7898.542857,,,2025-01-18 12:27:59
1003,1849,760,4,DEPOSIT,2,3251.227972,3251.227972,,2025-01-18 12:35:23
1004,1850,577,1,BORROW,1,4380.007177,7774.1057553395,4380.007177,2025-01-18 12:35:49
1005,1851,861,4,REPAY,4,1288.218528,,1288.218528,2025-01-18 12:36:29
1006,1852,675,2,REPAY,3,2750.865457,,2750.865457,2025-01-18 12:37:47
1007,1853,148,4,DEPOSIT,4,9504.142353,9504.142353,,2025-01-18 12:51:28
1008,1855,758,3,REPAY,2,30.158082,,30.158082,2025-01-18 13:17:17
1009,1856,468,1,WITHDRAW,5,8920.447322,,,2025-01-18 13:23:30
1010,1857,349,1,WITHDRAW,2,1816.077284,,,2025-01-18 13:26:45
1011,1858,184,1,DEPOSIT,3,6339.074959,6339.074959,,2025-01-18 13:29:04
1012,1859,470,2,BORROW,2,3533.723396,8682.3570978612,3533.723396,2025-01-18 13:29:20
1013,1861,880,1,WITHDRAW,3,2741.094534,,,2025-01-18 13:54:51
1014,1863,877,2,BORROW,3,5155.848429,11776.7136183067,5155.848429,2025-01-18 14:00:44
1015,1864,78,1,WITHDRAW,3,3499.472265,,,2025-01-18 14:02:53
1016,1865,626,4,WITHDRAW,1,1109.651105,,,2025-01-18 14:32:19
1017,1868,686,2,DEPOSIT,4,3166.267927,3166.267927,,2025-01-18 14:57:38
1018,1871,956,1,DEPOSIT,5,1101.949826,1101.949826,,2025-01-18 15:36:14
1019,1872,428,2,WITHDRAW,2,4861.06593,,,2025-01-18 15:47:23
1020,1873,551,1,REPAY,4,3366.169064,,3366.169064,2025-01-18 15:49:07
1021,1874,991,1,DEPOSIT,3,5279.147807,5279.147807,,2025-01-18 15:52:26
1022,1875,47,4,DEPOSIT,5,3347.373114,3347.373114,,2025-01-18 15:56:03
1023,1877,2,3,WITHDRAW,1,4479.811641,,,2025-01-18 16:30:12
1024,1878,431,1,REPAY,2,4066.070365,,4066.070365,2025-01-18 16:34:09
1025,1879,455,3,REPAY,5,1878.732835,,1878.732835,2025-01-18 16:43:43
1026,1880,210,4,WITHDRAW,3,4813.251667,,,2025-01-18 16:58:55
1027,1882,363,3,REPAY,5,215.628126,,215.628126,2025-01-18 17:04:58
1028,1884,138,2,BORROW,3,2478.241593,5449.3883346064,2478.241593,2025-01-18 17:45:52
1029,1885,248,1,BORROW,2,3847.428554,6679.8473589445,3847.428554,2025-01-18 17:53:29
1030,1887,681,3,BORROW,3,3436.450987,6782.9578476288,3436.450987,2025-01-18 18:30:58
1031,1890,208,2,DEPOSIT,2,7726.745555,7726.745555,,2025-01-18 20:18:32
1032,1893,525,1,DEPOSIT,3,5223.470872,5223.470872,,2025-01-18 20:29:50
1033,1897,883,1,WITHDRAW,3,4134.049242,,,2025-01-18 20:42:29
1034,1899,629,4,BORROW,5,8016.608023,11933.2636072492,8016.608023,2025-01-18 21:25:11
1035,1900,401,3,WITHDRAW,3,3036.280437,,,2025-01-18 21:54:34
1036,1903,936,4,DEPOSIT,4,6316.671511,6316.671511,,2025-01-18 22:48:26
1037,1904,619,1,DEPOSIT,4,3838.515424,3838.515424,,2025-01-18 22:54:48
1038,1905,807,1,REPAY,1,2071.858502,,2071.858502,2025-01-18 22:59:35
1039,1908,72,1,REPAY,5,2243.427729,,2243.427729,2025-01-19 00:22:22
1040,1910,462,4,BORROW,3,113.499292,195.9999423369,113.499292,2025-01-19 00:42:50
1041,1916,836,1,WITHDRAW,1,8336.222215,,,2025-01-19 01:32:08
1042,1917,829,1,REPAY,1,713.916216,,713.916216,2025-01-19 01:42:07
1043,1921,666,1,WITHDRAW,1,9214.318223,,,2025-01-19 01:59:59
1044,1922,74,4,WITHDRAW,2,3138.854317,,,2025-01-19 02:04:17
1045,1924,54,2,REPAY,1,2476.205268,,2476.205268,2025-01-19 02:23:39
1046,1927,697,2,BORROW,2,3665.911669,4512.3286528719,3665.911669,2025-01-19 02:38:53
1047,1929,735,4,BORROW,5,6511.185356,14003.8599853139,6511.185356,2025-01-19 02:59:45
1048,1930,222,2,WITHDRAW,4,2737.732498,,,2025-01-19 03:06:22
1049,1931,941,3,BORROW,5,8473.395377,11286.7290394649,8473.395377,2025-01-19 03:24:28
1050,1934,960,3,BORROW,1,3701.991467,4879.7489705915,3701.991467,2025-01-19 04:06:16
1051,1935,845,4,BORROW,1,1448.850135,3331.4010191183,1448.850135,2025-01-19 04:21:51
1052,1936,571,3,WITHDRAW,3,3937.517704,,,2025-01-19 04:37:55
1053,1939,102,2,WITHDRAW,4,3627.537465,,,2025-01-19 05:53:12
1054,1940,57,4,DEPOSIT,2,9849.271337,9849.271337,,2025-01-19 06:12:06
1055,1942,867,3,REPAY,3,304.529978,,304.529978,2025-01-19 06:36:10
1056,1943,143,2,BORROW,5,6585.970784,15212.4181540922,6585.970784,2025-01-19 06:49:26
1057,1944,995,1,BORROW,5,7665.204111,18691.7975603343,7665.204111,2025-01-19 07:12:07
1058,1946,506,3,DEPOSIT,4,9694.576766,9694.576766,,2025-01-19 07:29:39
1059,1948,408,1,REPAY,4,11.741062,,11.741062,2025-01-19 08:26:32
1060,1952,547,4,LIQUIDATION,4,14942.329099,17334.1920780811,14942.329099,2025-01-19 08:47:28
1061,1953,617,3,BORROW,5,6089.632578,7458.8154900444,6089.632578,2025-01-19 09:24:06
1062,1957,533,4,BORROW,5,4841.137671,7102.0377371553,4841.137671,2025-01-19 09:44:58
1063,1958,609,4,DEPOSIT,1,6989.018325,6989.018325,,2025-01-19 10:19:45
1064,1960,978,1,REPAY,2,2848.423646,,2848.423646,2025-01-19 11:17:25
1065,1961,24,3,REPAY,5,0.974317,,0.974317,2025-01-19 11:35:17
1066,1962,353,4,REPAY,4,3970.566798,,3970.566798,2025-01-19 11:46:53
1067,1967,408,2,REPAY,5,3.517961,,3.517961,2025-01-19 12:31:36
1068,1970,558,2,REPAY,4,1029.835833,,1029.835833,2025-01-19 13:13:17
1069,1971,303,3,BORROW,4,8313.083853,17158.1751506423,8313.083853,2025-01-19 13:15:04
1070,1973,362,1,REPAY,1,9322.990932,,9322.990932,2025-01-19 13:19:34
1071,1974,634,3,BORROW,5,7129.052388,17026.5275087118,7129.052388,2025-01-19 13:25:16
1072,1975,49,1,BORROW,4,9960.722066,23880.9816623753,9960.722066,2025-01-19 13:51:28
1073,1978,621,4,BORROW,4,2289.023984,3291.0197749335,2289.023984,2025-01-19 14:36:04
1074,1979,395,1,REPAY,3,977.120727,,977.120727,2025-01-19 14:36:57
1075,1980,932,1,WITHDRAW,4,4364.582107,,,2025-01-19 14:45:19
1076,1983,303,1,REPAY,3,5725.863039,,5725.863039,2025-01-19 15:16:50
1077,1984,723,1,DEPOSIT,2,3305.663068,3305.663068,,2025-01-19 15:35:22
1078,1986,858,3,WITHDRAW,4,2357.766356,,,2025-01-19 15:54:43
1079,1988,373,1,BORROW,1,1246.533666,1617.8489537821,1246.533666,2025-01-19 16:35:12
1080,1992,870,2,WITHDRAW,2,6095.43053,,,2025-01-19 16:56:50
1081,1993,337,2,DEPOSIT,3,461.503789,461.503789,,2025-01-19 17:14:54
1082,1996,333,4,REPAY,1,259.454288,,259.454288,2025-01-19 17:52:38
1083,1997,544,1,WITHDRAW,1,8783.163414,,,2025-01-19 17:54:39
1084,1998,796,4,LIQUIDATION,4,2109.528657,2177.6489015835,2109.528657,2025-01-19 18:12:12
1085,2000,925,2,BORROW,1,7332.173977,11941.7119377894,7332.173977,2025-01-19 18:34:06
1086,2001,592,4,REPAY,2,8.703488,,8.703488,2025-01-19 18:40:00
1087,2002,958,2,BORROW,2,5256.619026,11414.2679274101,5256.619026,2025-01-19 18:46:34
1088,2003,693,3,WITHDRAW,5,7341.464878,,,2025-01-19 19:10:30
1089,2004,525,3,DEPOSIT,5,7761.66385,7761.66385,,2025-01-19 19:18:56
1090,2005,249,1,WITHDRAW,5,6454.048276,,,2025-01-19 19:25:02
1091,2006,631,3,DEPOSIT,3,3133.203038,3133.203038,,2025-01-19 19:27:00
1092,2007,891,4,REPAY,1,4313.439773,,4313.439773,2025-01-19 19:31:37
1093,2008,139,3,DEPOSIT,3,6545.379592,6545.379592,,2025-01-19 19:34:48
1094,2010,626,1,WITHDRAW,5,4625.991786,,,2025-01-19 19:57:31
1095,2011,440,2,REPAY,4,6687.31151,,6687.31151,2025-01-19 19:59:30
1096,2013,711,4,WITHDRAW,1,4662.260383,,,2025-01-19 20:38:18
1097,2015,153,3,BORROW,5,2896.959839,6327.7521856859,2896.959839,2025-01-19 21:16:42
1098,2020,712,1,WITHDRAW,2,419.135564,,,2025-01-19 21:49:22
1099,2023,805,3,BORROW,4,393.670853,811.6612344628,393.670853,2025-01-19 22:05:21
1100,2024,173,2,WITHDRAW,5,6565.590331,,,2025-01-19 22:07:53
1101,2025,291,1,DEPOSIT,2,9368.731043,9368.731043,,2025-01-19 22:16:06
1102,2027,499,2,DEPOSIT,3,2328.547255,2328.547255,,2025-01-19 22:57:22
1103,2028,197,4,DEPOSIT,3,363.302831,363.302831,,2025-01-19 23:06:00
1104,2033,392,2,BORROW,1,6890.084096,15557.1164191753,6890.084096,2025-01-19 23:50:24
1105,2034,753,2,WITHDRAW,5,5784.134414,,,2025-01-20 00:27:55
1106,2035,116,2,BORROW,3,346.41618,793.1992741862,346.41618,2025-01-20 00:39:23
1107,2036,44,2,REPAY,2,445.695863,,445.695863,2025-01-20 00:42:33
1108,2038,456,1,WITHDRAW,2,4008.291218,,,2025-01-20 01:21:34
1109,2039,851,2,DEPOSIT,1,4219.670587,4219.670587,,2025-01-20 01:39:22
1110,2041,865,4,WITHDRAW,1,8862.304092,,,2025-01-20 01:53:07
1111,2042,643,2,WITHDRAW,3,3624.25379,,,2025-01-20 01:58:20
1112,2044,427,4,BORROW,4,7776.818077,16108.7048894331,7776.818077,2025-01-20 02:13:07
1113,2047,28,4,BORROW,2,837.865025,1567.6173454568,837.865025,2025-01-20 03:32:23
1114,2049,313,3,WITHDRAW,5,6363.414403,,,2025-01-20 03:41:01
1115,2050,920,3,BORROW,2,1422.007951,2608.7662317982,1422.007951,2025-01-20 03:54:31
1116,2053,498,1,REPAY,2,2685.384225,,2685.384225,2025-01-20 04:20:59
1117,2055,612,4,DEPOSIT,3,841.54259,841.54259,,2025-01-20 04:37:40
1118,2056,949,4,WITHDRAW,1,519.452836,,,2025-01-20 05:15:21
1119,2058,781,2,REPAY,5,314.820841,,314.820841,2025-01-20 05:40:54
1120,2059,923,4,REPAY,5,154.903919,,154.903919,2025-01-20 05:51:57
1121,2060,881,4,DEPOSIT,5,3219.698173,3219.698173,,2025-01-20 06:25:20
1122,2064,800,4,DEPOSIT,4,3799.411783,3799.411783,,2025-01-20 07:32:51
1123,2065,786,3,WITHDRAW,3,4969.081,,,2025-01-20 08:03:06
1124,2066,614,3,DEPOSIT,5,6157.616224,6157.616224,,2025-01-20 08:04:00
1125,2068,291,3,DEPOSIT,4,2662.677674,2662.677674,,2025-01-20 08:11:12
1126,2070,100,3,REPAY,1,378.56411,,378.56411,2025-01-20 08:38:43
1127,2072,422,1,BORROW,2,8205.469133,19290.0297772334,8205.469133,2025-01-20 08:46:30
1128,2073,282,1,WITHDRAW,1,8848.649918,,,2025-01-20 09:08:35
1129,2074,159,2,WITHDRAW,4,96.432479,,,2025-01-20 09:25:36
1130,2076,824,3,WITHDRAW,3,4474.095849,,,2025-01-20 09:37:49
1131,2078,441,1,REPAY,3,5538.036204,,5538.036204,2025-01-20 09:59:55
1132,2081,119,2,WITHDRAW,2,4165.32904,,,2025-01-20 10:17:52
1133,2082,986,3,REPAY,4,2121.047476,,2121.047476,2025-01-20 10:20:29
1134,2085,420,1,DEPOSIT,2,9661.218639,9661.218639,,2025-01-20 10:40:38
1135,2086,344,2,REPAY,3,478.291498,,478.291498,2025-01-20 10:51:37
1136,2088,936,1,DEPOSIT,4,5373.588146,5373.588146,,2025-01-20 10:59:04
1137,2090,504,1,REPAY,4,1138.900069,,1138.900069,2025-01-20 11:07:24
1138,2091,306,4,WITHDRAW,3,3773.322697,,,2025-01-20 11:19:56
1139,2092,304,2,BORROW,1,6321.939768,13810.5196029818,6321.939768,2025-01-20 11:52:38
1140,2093,143,4,REPAY,5,3723.777197,,3723.777197,2025-01-20 12:04:43
1141,2094,629,3,REPAY,5,2068.628031,,2068.628031,2025-01-20 12:09:27
1142,2095,861,3,REPAY,1,640.182903,,640.182903,2025-01-20 12:12:04
1143,2096,691,4,BORROW,5,1002.591374,2144.4657017453,1002.591374,2025-01-20 12:26:03
1144,2099,483,4,BORROW,4,9817.41781,23170.7948124912,9817.41781,2025-01-20 13:31:08
1145,2101,682,3,WITHDRAW,3,8134.525635,,,2025-01-20 13:48:16
1146,2102,492,2,BORROW,4,2009.490431,3474.3101335079,2009.490431,2025-01-20 14:12:42
1147,2103,860,1,DEPOSIT,1,2554.348499,2554.348499,,2025-01-20 14:12:45
1148,2105,564,1,BORROW,4,3190.507382,6515.0100433375,3190.507382,2025-01-20 14:17:19
1149,2108,551,4,REPAY,5,2803.016724,,2803.016724,2025-01-20 14:40:21
1150,2110,950,4,DEPOSIT,4,7463.64725,7463.64725,,2025-01-20 14:50:35
1151,2111,869,3,DEPOSIT,3,3528.970269,3528.970269,,2025-01-20 14:50:38
1152,2114,88,2,REPAY,2,2867.179811,,2867.179811,2025-01-20 15:34:50
1153,2116,640,1,WITHDRAW,1,9466.991142,,,2025-01-20 15:53:44
1154,2117,287,4,REPAY,4,937.986505,,937.986505,2025-01-20 15:59:21
1155,2119,714,3,DEPOSIT,3,9607.536519,9607.536519,,2025-01-20 16:05:01
1156,2121,577,3,REPAY,1,2463.979461,,2463.979461,2025-01-20 16:16:05
1157,2122,77,3,DEPOSIT,2,1318.504768,1318.504768,,2025-01-20 16:34:55
1158,2124,895,1,BORROW,2,3063.757217,3856.4025236935,3063.757217,2025-01-20 16:44:39
1159,2125,303,1,REPAY,2,2097.053173,,2097.053173,2025-01-20 17:04:05
1160,2127,59,2,DEPOSIT,2,7237.719428,7237.719428,,2025-01-20 18:07:31
1161,2128,292,2,REPAY,2,1016.710119,,1016.710119,2025-01-20 18:11:56
1162,2133,269,1,DEPOSIT,4,2029.264845,2029.264845,,2025-01-20 19:06:40
1163,2134,709,4,LIQUIDATION,4,2257.092275,2126.9039351031,2257.092275,2025-01-20 19:39:15
1164,2137,633,1,REPAY,5,586.176121,,586.176121,2025-01-20 20:48:32
1165,2138,162,1,WITHDRAW,1,5136.238099,,,2025-01-20 20:51:20
1166,2139,402,1,DEPOSIT,2,4428.263932,4428.263932,,2025-01-20 21:06:12
1167,2140,884,1,REPAY,3,8994.133118,,8994.133118,2025-01-20 21:17:42
1168,2142,245,2,DEPOSIT,1,2731.58406,2731.58406,,2025-01-20 21:20:42
1169,2144,508,3,DEPOSIT,2,7077.787473,7077.787473,,2025-01-20 21:46:52
1170,2145,846,4,DEPOSIT,1,270.713852,270.713852,,2025-01-20 21:59:33
1171,2147,868,4,WITHDRAW,5,8598.539433,,,2025-01-20 22:21:09
1172,2148,473,3,BORROW,3,4085.677423,5295.4363944584,4085.677423,2025-01-20 22:26:48
1173,2150,30,1,DEPOSIT,3,7815.695451,7815.695451,,2025-01-20 22:39:18
1174,2151,281,2,BORROW,2,3052.620479,5011.4338855958,3052.620479,2025-01-20 22:49:11
1175,2152,346,3,REPAY,3,1956.364531,,1956.364531,2025-01-20 23:03:05
1176,2154,146,2,WITHDRAW,5,6862.108454,,,2025-01-20 23:31:24
1177,2155,365,1,WITHDRAW,2,8942.712133,,,2025-01-20 23:34:17
1178,2156,220,2,REPAY,2,1708.283108,,1708.283108,2025-01-20 23:37:42
1179,2157,501,2,BORROW,5,1539.164389,2251.2922312258,1539.164389,2025-01-20 23:38:34
1180,2159,442,1,WITHDRAW,3,3935.019337,,,2025-01-20 23:54:15
1181,2161,310,1,BORROW,1,7518.037559,13759.9334647315,7518.037559,2025-01-21 00:14:54
1182,2163,391,4,BORROW,3,9182.585902,14602.7431148686,9182.585902,2025-01-21 00:29:38
1183,2168,237,2,BORROW,4,1606.658759,3441.2054088712,1606.658759,2025-01-21 01:58:06
1184,2174,985,4,REPAY,1,1394.418828,,1394.418828,2025-01-21 03:20:17
1185,2175,677,3,WITHDRAW,1,8114.897454,,,2025-01-21 03:47:57
1186,2177,863,2,WITHDRAW,4,4751.760106,,,2025-01-21 04:14:34
1187,2178,115,4,WITHDRAW,1,2054.889759,,,2025-01-21 04:18:51
1188,2179,292,2,REPAY,2,0.465719,,0.465719,2025-01-21 04:20:02
1189,2181,873,4,BORROW,1,226.316274,310.24499573,226.316274,2025-01-21 04:26:15
1190,2182,730,4,DEPOSIT,3,4056.306683,4056.306683,,2025-01-21 04:30:50
1191,2183,877,3,LIQUIDATION,5,5155.848429,5714.0956303874,5155.848429,2025-01-21 04:57:37
1192,2184,874,3,DEPOSIT,2,7139.193779,7139.193779,,2025-01-21 05:09:08
1193,2186,881,1,BORROW,4,6629.493051,11987.7856769176,6629.493051,2025-01-21 05:20:13
1194,2188,67,1,WITHDRAW,4,6754.606398,,,2025-01-21 06:26:15
1195,2191,62,2,REPAY,3,2296.05506,,2296.05506,2025-01-21 07:10:01
1196,2192,750,3,DEPOSIT,5,9700.981236,9700.981236,,2025-01-21 07:14:07
1197,2195,790,2,REPAY,2,1668.606962,,1668.606962,2025-01-21 08:26:20
1198,2197,221,4,DEPOSIT,3,641.141357,641.141357,,2025-01-21 08:56:08
1199,2198,543,1,BORROW,1,8308.174805,16341.9696086823,8308.174805,2025-01-21 09:20:53
1200,2200,647,2,DEPOSIT,4,1650.571476,1650.571476,,2025-01-21 09:58:04
1201,2201,724,2,BORROW,5,2802.328007,4701.4619492815,2802.328007,2025-01-21 10:08:11
1202,2202,709,4,BORROW,3,8665.795412,10715.488122365,8665.795412,2025-01-21 10:13:16
1203,2203,356,3,BORROW,4,6764.656498,14671.3764955563,6764.656498,2025-01-21 10:22:55
1204,2204,453,4,BORROW,4,3668.461168,8010.8475743689,3668.461168,2025-01-21 10:23:34
1205,2206,42,2,REPAY,2,367.461344,,367.461344,2025-01-21 10:43:27
1206,2207,232,4,BORROW,2,6666.69161,15103.8841663801,6666.69161,2025-01-21 11:15:04
1207,2209,795,3,DEPOSIT,2,874.548314,874.548314,,2025-01-21 11:31:27
1208,2210,279,1,DEPOSIT,3,1260.192355,1260.192355,,2025-01-21 11:43:54
1209,2211,649,3,WITHDRAW,1,8407.217949,,,2025-01-21 12:17:38
1210,2212,786,2,WITHDRAW,2,4930.74372,,,2025-01-21 12:18:44
1211,2213,546,2,DEPOSIT,2,4658.877122,4658.877122,,2025-01-21 12:24:02
1212,2215,483,1,REPAY,1,5781.442539,,5781.442539,2025-01-21 13:27:40
1213,2217,202,2,DEPOSIT,5,5338.417858,5338.417858,,2025-01-21 13:39:18
1214,2218,85,1,DEPOSIT,5,2701.128224,2701.128224,,2025-01-21 13:44:14
1215,2219,821,4,DEPOSIT,1,9495.280789,9495.280789,,2025-01-21 14:02:29
1216,2220,916,3,DEPOSIT,3,8443.064351,8443.064351,,2025-01-21 14:19:17
1217,2223,543,2,REPAY,2,5583.868689,,5583.868689,2025-01-21 14:51:10
1218,2224,629,2,REPAY,5,4222.75405,,4222.75405,2025-01-21 15:01:23
1219,2227,415,4,DEPOSIT,4,2239.308469,2239.308469,,2025-01-21 15:13:29
1220,2228,892,4,REPAY,5,553.856255,,553.856255,2025-01-21 15:29:51
1221,2230,157,4,BORROW,3,2495.933118,5579.4182135072,2495.933118,2025-01-21 15:32:21
1222,2233,204,4,BORROW,1,2250.284242,4126.5953399399,2250.284242,2025-01-21 16:00:08
1223,2234,17,2,DEPOSIT,4,3807.892496,3807.892496,,2025-01-21 16:03:32
1224,2237,817,1,BORROW,1,6071.760656,15157.7080982033,6071.760656,2025-01-21 16:11:18
1225,2239,947,2,DEPOSIT,5,6648.090859,6648.090859,,2025-01-21 16:42:49
1226,2240,962,1,REPAY,4,88.966624,,88.966624,2025-01-21 16:43:35
1227,2242,733,3,BORROW,4,2623.92181,4084.8058811922,2623.92181,2025-01-21 17:34:30
1228,2244,399,2,WITHDRAW,1,4430.595536,,,2025-01-21 17:47:21
1229,2245,454,2,BORROW,5,9768.97783,20876.3453113014,9768.97783,2025-01-21 17:53:06
1230,2248,953,3,DEPOSIT,2,2518.841806,2518.841806,,2025-01-21 18:34:08
1231,2249,115,4,REPAY,3,363.737686,,363.737686,2025-01-21 18:43:57
1232,2251,307,2,BORROW,1,4821.700188,6710.2100579396,4821.700188,2025-01-21 18:54:47
1233,2254,728,1,WITHDRAW,1,433.627515,,,2025-01-21 19:27:51
1234,2255,617,3,LIQUIDATION,2,6089.632578,7228.4555833529,6089.632578,2025-01-21 20:03:26
1235,2256,733,3,REPAY,2,1007.8171,,1007.8171,2025-01-21 20:10:06
1236,2257,601,1,WITHDRAW,2,1068.220906,,,2025-01-21 20:13:16
1237,2258,877,4,BORROW,3,1037.301277,1703.9520543129,1037.301277,2025-01-21 20:28:53
1238,2259,395,1,BORROW,3,1977.958372,4713.2154624647,1977.958372,2025-01-21 20:58:21
1239,2262,12,2,DEPOSIT,2,7074.281856,7074.281856,,2025-01-21 21:44:11
1240,2264,833,3,BORROW,2,5807.226168,9255.4176761375,5807.226168,2025-01-21 22:13:29
1241,2265,893,4,DEPOSIT,2,8729.093192,8729.093192,,2025-01-21 22:15:10
1242,2266,535,3,REPAY,4,4020.683342,,4020.683342,2025-01-21 22:16:03
1243,2267,941,1,DEPOSIT,2,6500.168755,6500.168755,,2025-01-21 22:22:24
1244,2270,799,2,REPAY,5,256.214114,,256.214114,2025-01-21 22:38:31
1245,2271,764,1,REPAY,2,1240.197878,,1240.197878,2025-01-21 22:45:19
1246,2272,836,1,DEPOSIT,5,8459.726417,8459.726417,,2025-01-21 22:48:37
1247,2274,773,4,BORROW,2,158.269111,311.0915673405,158.269111,2025-01-21 23:20:49
1248,2275,106,3,WITHDRAW,1,2558.536705,,,2025-01-21 23:28:39
1249,2276,898,4,REPAY,5,372.770702,,372.770702,2025-01-21 23:29:14
1250,2277,861,3,REPAY,3,719.588178,,719.588178,2025-01-21 23:48:13
1251,2278,12,1,WITHDRAW,3,4145.569378,,,2025-01-21 23:50:42
1252,2279,408,3,REPAY,5,1.323332,,1.323332,2025-01-22 00:44:04
1253,2280,281,1,LIQUIDATION,2,7133.061474,6645.0507470199,7133.061474,2025-01-22 00:56:23
1254,2281,881,2,BORROW,3,6777.380957,10646.2768287852,6777.380957,2025-01-22 01:11:05
1255,2282,771,3,BORROW,1,2032.985817,3078.1579705138,2032.985817,2025-01-22 01:19:21
1256,2283,508,1,WITHDRAW,4,4699.438076,,,2025-01-22 01:58:24
1257,2284,532,4,WITHDRAW,2,1303.477302,,,2025-01-22 02:17:29
1258,2285,777,4,REPAY,5,1060.150449,,1060.150449,2025-01-22 02:33:19
1259,2286,131,4,WITHDRAW,5,4836.337382,,,2025-01-22 02:37:59
1260,2287,162,1,DEPOSIT,3,1589.789464,1589.789464,,2025-01-22 02:47:12
1261,2288,975,2,BORROW,1,3290.664995,7238.1026385851,3290.664995,2025-01-22 03:11:48
1262,2292,424,2,BORROW,5,2952.734445,5062.7799679898,2952.734445,2025-01-22 04:31:53
1263,2294,232,3,DEPOSIT,1,8622.574734,8622.574734,,2025-01-22 04:50:12
1264,2295,498,2,LIQUIDATION,3,2366.275149,2774.2918451217,2366.275149,2025-01-22 04:53:15
1265,2296,855,1,BORROW,3,7587.616985,9543.6708403795,7587.616985,2025-01-22 04:57:23
1266,2298,515,1,BORROW,1,8059.782806,16319.9669542535,8059.782806,2025-01-22 05:15:14
1267,2301,515,4,REPAY,2,6782.859347,,6782.859347,2025-01-22 05:40:01
1268,2302,191,1,REPAY,3,52.140512,,52.140512,2025-01-22 05:40:38
1269,2303,776,3,LIQUIDATION,1,1783.225877,2019.7627751603,1783.225877,2025-01-22 05:41:54
1270,2307,842,3,WITHDRAW,5,6045.730682,,,2025-01-22 06:47:39
1271,2308,140,4,REPAY,1,4953.92499,,4953.92499,2025-01-22 06:50:32
1272,2309,978,1,REPAY,1,2636.273693,,2636.273693,2025-01-22 07:13:52
1273,2311,610,1,WITHDRAW,1,6838.416262,,,2025-01-22 08:09:00
1274,2313,47,2,DEPOSIT,3,2951.983204,2951.983204,,2025-01-22 08:48:09
1275,2315,488,1,REPAY,2,3830.815583,,3830.815583,2025-01-22 09:15:22
1276,2318,462,2,REPAY,3,92.819747,,92.819747,2025-01-22 09:31:31
1277,2320,781,4,REPAY,4,2044.621856,,2044.621856,2025-01-22 09:44:50
1278,2321,873,2,BORROW,5,1297.130195,2688.1574138248,1297.130195,2025-01-22 10:06:28
1279,2322,516,4,WITHDRAW,2,5560.414013,,,2025-01-22 10:06:38
1280,2324,660,2,WITHDRAW,5,6625.952035,,,2025-01-22 10:17:52
1281,2325,990,3,WITHDRAW,5,9885.485303,,,2025-01-22 10:38:43
1282,2326,937,3,LIQUIDATION,3,3839.338793,4553.7457705694,3839.338793,2025-01-22 10:41:47
1283,2328,30,1,DEPOSIT,4,4743.658736,4743.658736,,2025-01-22 11:35:09
1284,2329,744,1,DEPOSIT,3,840.802894,840.802894,,2025-01-22 11:44:21
1285,2330,948,3,WITHDRAW,5,5731.434301,,,2025-01-22 12:06:15
1286,2331,512,2,REPAY,1,1646.570194,,1646.570194,2025-01-22 12:22:55
1287,2334,355,1,WITHDRAW,5,9599.731731,,,2025-01-22 12:42:44
1288,2335,443,2,WITHDRAW,2,6081.978086,,,2025-01-22 12:55:38
1289,2336,416,1,BORROW,1,1030.370947,2337.5765220116,1030.370947,2025-01-22 12:58:30
1290,2338,161,1,REPAY,5,301.504737,,301.504737,2025-01-22 13:02:53
1291,2339,100,4,REPAY,3,60.71152,,60.71152,2025-01-22 13:08:29
1292,2340,820,3,REPAY,1,5439.631944,,5439.631944,2025-01-22 13:09:11
1293,2341,28,4,REPAY,5,432.012373,,432.012373,2025-01-22 13:26:27
1294,2343,59,4,DEPOSIT,5,9809.348702,9809.348702,,2025-01-22 13:48:24
1295,2344,481,3,BORROW,3,9158.553813,17783.8617473211,9158.553813,2025-01-22 13:56:08
1296,2345,898,3,REPAY,1,12.846289,,12.846289,2025-01-22 14:01:49
1297,2346,693,4,DEPOSIT,2,55.97754,55.97754,,2025-01-22 14:32:24
1298,2347,417,4,DEPOSIT,5,7545.704025,7545.704025,,2025-01-22 14:35:34
1299,2350,53,4,REPAY,4,309.949576,,309.949576,2025-01-22 15:32:14
1300,2351,360,3,WITHDRAW,3,5187.243508,,,2025-01-22 15:44:20
1301,2352,266,1,DEPOSIT,4,3495.216033,3495.216033,,2025-01-22 15:45:39
1302,2353,282,1,WITHDRAW,3,7171.842123,,,2025-01-22 15:51:28
1303,2354,248,3,REPAY,1,2736.689252,,2736.689252,2025-01-22 16:25:47
1304,2355,900,1,DEPOSIT,3,2377.863558,2377.863558,,2025-01-22 16:28:54
1305,2356,888,1,DEPOSIT,4,3752.229015,3752.229015,,2025-01-22 16:39:47
1306,2357,381,1,BORROW,5,2551.979079,5600.2469499614,2551.979079,2025-01-22 16:56:59
1307,2362,764,4,REPAY,2,362.812961,,362.812961,2025-01-22 18:55:51
1308,2363,115,3,REPAY,1,2054.480819,,2054.480819,2025-01-22 19:02:08
1309,2365,307,4,REPAY,4,2937.395783,,2937.395783,2025-01-22 19:31:07
1310,2366,242,3,REPAY,1,143.092273,,143.092273,2025-01-22 19:40:12
1311,2367,381,2,LIQUIDATION,4,6452.893814,7581.483731713,6452.893814,2025-01-22 19:41:24
1312,2368,934,4,DEPOSIT,2,326.726186,326.726186,,2025-01-22 19:51:44
1313,2371,884,4,REPAY,2,402.359295,,402.359295,2025-01-22 20:22:32
1314,2372,989,2,REPAY,2,368.696332,,368.696332,2025-01-22 20:25:37
1315,2373,939,1,BORROW,5,7609.096919,11324.8582427684,7609.096919,2025-01-22 20:58:19
1316,2377,636,1,BORROW,2,6181.957296,12361.6681202132,6181.957296,2025-01-22 21:51:40
1317,2382,371,2,WITHDRAW,1,6074.446557,,,2025-01-22 22:19:36
1318,2383,201,2,WITHDRAW,2,3588.58232,,,2025-01-22 22:26:16
1319,2385,62,1,BORROW,2,1263.002541,1649.2971030622,1263.002541,2025-01-22 23:22:57
1320,2386,221,1,BORROW,3,317.717335,786.726870452,317.717335,2025-01-22 23:23:03
1321,2387,545,4,BORROW,1,9339.475344,15547.3066795583,9339.475344,2025-01-22 23:25:04
1322,2388,896,2,BORROW,1,9109.471367,21490.1223768054,9109.471367,2025-01-22 23:28:08
1323,2393,429,3,DEPOSIT,1,9053.584384,9053.584384,,2025-01-23 00:23:20
1324,2394,526,3,BORROW,4,8465.163883,18075.591953645,8465.163883,2025-01-23 00:42:31
1325,2396,731,2,DEPOSIT,5,6547.526714,6547.526714,,2025-01-23 01:13:01
1326,2397,244,3,REPAY,4,1740.808843,,1740.808843,2025-01-23 01:13:16
1327,2400,379,2,DEPOSIT,2,5148.000797,5148.000797,,2025-01-23 02:29:44
1328,2402,915,3,WITHDRAW,5,5696.214433,,,2025-01-23 02:45:20
1329,2403,945,4,REPAY,4,15.511915,,15.511915,2025-01-23 02:58:40
1330,2404,675,3,REPAY,3,822.945562,,822.945562,2025-01-23 03:04:07
1331,2405,796,3,BORROW,4,6278.246178,11746.3848158048,6278.246178,2025-01-23 03:07:24
1332,2406,802,4,DEPOSIT,2,1483.777754,1483.777754,,2025-01-23 03:08:07
1333,2407,65,2,WITHDRAW,1,2770.28723,,,2025-01-23 03:20:13
1334,2408,58,2,WITHDRAW,3,7905.154301,,,2025-01-23 03:23:14
1335,2409,910,1,WITHDRAW,2,4245.387123,,,2025-01-23 04:02:49
1336,2410,382,4,WITHDRAW,4,4153.464729,,,2025-01-23 04:06:57
1337,2412,301,1,LIQUIDATION,4,4751.337301,4246.1603002894,4751.337301,2025-01-23 04:21:36
1338,2414,909,2,BORROW,5,8716.37055,11060.4150136581,8716.37055,2025-01-23 04:46:59
1339,2415,590,3,WITHDRAW,5,6465.835565,,,2025-01-23 04:47:59
1340,2417,416,2,REPAY,2,759.232305,,759.232305,2025-01-23 05:25:26
1341,2418,602,2,BORROW,1,5479.09766,11751.3435654544,5479.09766,2025-01-23 05:28:29
1342,2420,771,3,BORROW,2,8818.712833,21752.1358026489,8818.712833,2025-01-23 05:36:49
1343,2421,239,3,DEPOSIT,2,1871.615669,1871.615669,,2025-01-23 06:10:47
1344,2422,285,3,WITHDRAW,3,8483.793257,,,2025-01-23 06:16:57
1345,2424,667,4,REPAY,5,7.285016,,7.285016,2025-01-23 06:27:36
1346,2426,813,1,DEPOSIT,2,8105.632778,8105.632778,,2025-01-23 06:38:34
1347,2427,670,3,BORROW,5,201.345419,274.6599066196,201.345419,2025-01-23 06:57:10
1348,2428,598,4,WITHDRAW,5,2690.007019,,,2025-01-23 08:01:55
1349,2429,684,2,REPAY,1,204.649491,,204.649491,2025-01-23 08:19:05
1350,2431,213,1,REPAY,3,3974.273027,,3974.273027,2025-01-23 08:48:52
1351,2432,424,3,REPAY,5,1612.76923,,1612.76923,2025-01-23 08:49:15
1352,2433,336,4,DEPOSIT,3,6629.297621,6629.297621,,2025-01-23 09:19:42
1353,2435,135,4,DEPOSIT,4,2618.771343,2618.771343,,2025-01-23 09:49:38
1354,2438,454,2,REPAY,3,1422.736908,,1422.736908,2025-01-23 10:39:24
1355,2439,586,3,REPAY,1,1296.336111,,1296.336111,2025-01-23 11:06:05
1356,2442,688,2,REPAY,3,611.232798,,611.232798,2025-01-23 11:37:10
1357,2443,943,1,WITHDRAW,5,7369.418832,,,2025-01-23 11:45:23
1358,2444,130,4,REPAY,3,3424.392412,,3424.392412,2025-01-23 11:50:05
1359,2447,46,4,WITHDRAW,4,7318.416873,,,2025-01-23 12:32:11
1360,2448,42,2,REPAY,2,396.642582,,396.642582,2025-01-23 12:34:22
1361,2449,823,3,WITHDRAW,1,9983.441823,,,2025-01-23 12:42:40
1362,2450,291,3,DEPOSIT,4,2496.618352,2496.618352,,2025-01-23 12:54:09
1363,2452,23,3,BORROW,2,4591.522688,8615.50441853,4591.522688,2025-01-23 13:05:39
1364,2453,963,2,BORROW,1,4111.306754,9512.1263895909,4111.306754,2025-01-23 13:27:38
1365,2459,193,2,BORROW,1,417.465385,772.1265501902,417.465385,2025-01-23 14:34:54
1366,2460,423,1,DEPOSIT,3,5739.635148,5739.635148,,2025-01-23 14:44:14
1367,2461,877,1,BORROW,3,7812.672915,15389.1168978631,7812.672915,2025-01-23 14:45:18
1368,2462,292,2,REPAY,2,0.741047,,0.741047,2025-01-23 15:14:07
1369,2465,806,4,WITHDRAW,3,624.261804,,,2025-01-23 16:00:15
1370,2466,895,2,REPAY,2,2844.34059,,2844.34059,2025-01-23 16:31:24
1371,2467,95,3,WITHDRAW,5,3813.015591,,,2025-01-23 16:32:07
1372,2468,384,2,REPAY,4,1138.096157,,1138.096157,2025-01-23 16:40:55
1373,2469,719,3,LIQUIDATION,1,9779.99121,10790.5884898009,9779.99121,2025-01-23 16:52:27
1374,2470,794,2,DEPOSIT,2,7177.569761,7177.569761,,2025-01-23 16:59:00
1375,2471,911,3,DEPOSIT,1,7229.600191,7229.600191,,2025-01-23 17:01:17
1376,2472,821,2,WITHDRAW,3,9314.643201,,,2025-01-23 17:18:05
1377,2473,873,1,REPAY,3,942.852454,,942.852454,2025-01-23 18:13:29
1378,2474,551,2,REPAY,2,685.272753,,685.272753,2025-01-23 18:21:30
1379,2475,27,1,WITHDRAW,4,1221.597733,,,2025-01-23 18:37:13
1380,2476,758,1,DEPOSIT,4,5880.473952,5880.473952,,2025-01-23 18:38:28
1381,2478,416,4,REPAY,3,140.570531,,140.570531,2025-01-23 18:46:44
1382,2480,664,3,REPAY,4,3994.429009,,3994.429009,2025-01-23 18:53:35
1383,2481,326,1,REPAY,5,3148.553577,,3148.553577,2025-01-23 19:03:30
1384,2482,887,3,REPAY,2,3728.798091,,3728.798091,2025-01-23 19:11:49
1385,2483,957,2,REPAY,3,173.620421,,173.620421,2025-01-23 19:15:30
1386,2486,951,3,DEPOSIT,3,2169.439922,2169.439922,,2025-01-23 19:39:58
1387,2489,92,2,WITHDRAW,5,2116.080483,,,2025-01-23 20:17:33
1388,2492,140,4,REPAY,5,270.745377,,270.745377,2025-01-23 20:43:06
1389,2493,162,2,WITHDRAW,5,2910.924476,,,2025-01-23 20:48:21
1390,2495,928,3,DEPOSIT,5,6859.744319,6859.744319,,2025-01-23 21:04:36
1391,2496,777,4,REPAY,3,792.391743,,792.391743,2025-01-23 21:07:15
1392,2497,577,2,REPAY,1,1345.790271,,1345.790271,2025-01-23 21:16:30
1393,2498,359,4,BORROW,3,3582.012122,6114.0359556767,3582.012122,2025-01-23 21:17:33
1394,2499,471,1,DEPOSIT,5,7333.398099,7333.398099,,2025-01-23 21:34:25
1395,2500,383,2,REPAY,4,28.065559,,28.065559,2025-01-23 21:34:55
1396,2501,417,1,WITHDRAW,4,8067.800107,,,2025-01-23 21:45:07
1397,2503,805,4,REPAY,2,315.554601,,315.554601,2025-01-23 22:11:03
1398,2505,656,1,DEPOSIT,5,2149.137626,2149.137626,,2025-01-23 22:11:47
1399,2508,858,4,BORROW,2,1955.026553,2675.165782021,1955.026553,2025-01-23 22:58:03
1400,2510,813,2,DEPOSIT,2,6639.477355,6639.477355,,2025-01-23 23:26:24
1401,2511,881,2,LIQUIDATION,4,13406.874008,11927.325546676,13406.874008,2025-01-23 23:27:31
1402,2512,393,4,WITHDRAW,3,6854.952679,,,2025-01-23 23:33:19
1403,2513,816,4,WITHDRAW,1,5785.117583,,,2025-01-23 23:39:24
1404,2514,346,2,REPAY,1,23.410179,,23.410179,2025-01-23 23:43:29
1405,2517,531,3,WITHDRAW,1,9048.860311,,,2025-01-24 00:29:17
1406,2521,526,2,REPAY,4,5269.047998,,5269.047998,2025-01-24 01:12:50
1407,2522,158,2,BORROW,1,8225.830275,10987.9112685653,8225.830275,2025-01-24 01:29:23
1408,2523,44,3,REPAY,5,256.40889,,256.40889,2025-01-24 01:36:44
1409,2525,615,3,REPAY,4,2139.026058,,2139.026058,2025-01-24 01:41:58
1410,2527,914,1,BORROW,2,5222.085545,11865.2118364816,5222.085545,2025-01-24 02:43:06
1411,2529,745,4,BORROW,3,1824.138153,3645.1857798675,1824.138153,2025-01-24 03:03:43
1412,2531,163,4,REPAY,1,247.1205,,247.1205,2025-01-24 03:28:03
1413,2532,941,4,DEPOSIT,5,6401.519257,6401.519257,,2025-01-24 03:35:43
1414,2535,811,4,REPAY,5,1823.658086,,1823.658086,2025-01-24 04:13:58
1415,2536,999,2,BORROW,3,4379.379697,8030.3240023045,4379.379697,2025-01-24 04:26:55
1416,2537,831,2,REPAY,2,38.961899,,38.961899,2025-01-24 04:34:08
1417,2539,565,2,WITHDRAW,5,9079.278221,,,2025-01-24 04:54:38
1418,2540,796,4,BORROW,1,8857.927745,20081.4311317792,8857.927745,2025-01-24 05:18:01
1419,2541,667,2,REPAY,4,1.250622,,1.250622,2025-01-24 05:20:11
1420,2542,73,2,DEPOSIT,5,6747.876483,6747.876483,,2025-01-24 05:36:27
1421,2544,384,3,LIQUIDATION,5,33.887741,28.7685358638,33.887741,2025-01-24 06:22:57
1422,2545,627,4,REPAY,3,799.71021,,799.71021,2025-01-24 06:40:27
1423,2546,73,3,WITHDRAW,3,738.863565,,,2025-01-24 06:46:52
1424,2547,758,3,REPAY,2,54.424326,,54.424326,2025-01-24 06:50:15
1425,2548,845,3,LIQUIDATION,1,4700.406524,5411.4230580944,4700.406524,2025-01-24 06:57:49
1426,2549,596,1,DEPOSIT,3,9207.982545,9207.982545,,2025-01-24 07:08:01
1427,2551,775,1,DEPOSIT,3,2525.570213,2525.570213,,2025-01-24 07:49:48
1428,2552,928,3,BORROW,2,1429.651104,2885.4562798285,1429.651104,2025-01-24 08:21:29
1429,2553,806,2,WITHDRAW,1,8836.361816,,,2025-01-24 08:32:05
1430,2555,670,3,WITHDRAW,4,8774.486122,,,2025-01-24 08:33:35
1431,2557,90,2,WITHDRAW,2,9905.417987,,,2025-01-24 08:53:30
1432,2558,516,4,WITHDRAW,1,7322.712889,,,2025-01-24 08:54:37
1433,2560,305,1,REPAY,1,450.218329,,450.218329,2025-01-24 09:23:23
1434,2562,650,2,REPAY,2,226.836591,,226.836591,2025-01-24 10:00:27
1435,2564,508,3,DEPOSIT,3,1305.795874,1305.795874,,2025-01-24 10:14:07
1436,2566,241,3,REPAY,4,1090.983026,,1090.983026,2025-01-24 10:40:26
1437,2568,476,4,BORROW,1,3839.951301,7855.0616783368,3839.951301,2025-01-24 10:42:58
1438,2569,783,4,DEPOSIT,5,7155.99011,7155.99011,,2025-01-24 10:55:00
1439,2571,219,2,REPAY,5,3000.026563,,3000.026563,2025-01-24 10:59:14
1440,2573,420,2,BORROW,4,2877.438548,5495.6943667658,2877.438548,2025-01-24 11:44:37
1441,2574,985,2,DEPOSIT,1,6267.521698,6267.521698,,2025-01-24 11:49:00
1442,2577,188,3,DEPOSIT,3,320.656518,320.656518,,2025-01-24 12:58:32
1443,2578,431,4,REPAY,1,149.043741,,149.043741,2025-01-24 13:00:27
1444,2583,994,2,BORROW,1,3020.947111,7248.7078691718,3020.947111,2025-01-24 14:00:47
1445,2584,504,1,REPAY,3,99.621094,,99.621094,2025-01-24 14:07:37
1446,2585,566,1,BORROW,4,5265.984925,12275.8326303463,5265.984925,2025-01-24 14:11:04
1447,2586,444,3,BORROW,3,8254.883692,11766.2953745053,8254.883692,2025-01-24 14:28:14
1448,2587,577,1,REPAY,1,559.79974,,559.79974,2025-01-24 14:40:02
1449,2588,237,3,REPAY,1,6936.521229,,6936.521229,2025-01-24 15:10:50
1450,2589,251,4,WITHDRAW,4,6576.112623,,,2025-01-24 15:14:44
1451,2590,62,3,REPAY,1,1632.323393,,1632.323393,2025-01-24 15:34:59
1452,2594,128,1,BORROW,3,8985.612751,13185.9466394461,8985.612751,2025-01-24 16:31:08
1453,2595,248,2,REPAY,2,465.055166,,465.055166,2025-01-24 16:40:10
1454,2596,30,2,DEPOSIT,3,3805.6258,3805.6258,,2025-01-24 16:48:05
1455,2597,211,1,DEPOSIT,1,6404.376335,6404.376335,,2025-01-24 16:48:42
1456,2598,254,1,DEPOSIT,2,7842.753015,7842.753015,,2025-01-24 17:13:14
1457,2601,987,3,DEPOSIT,5,2708.645433,2708.645433,,2025-01-24 17:58:34
1458,2602,547,3,BORROW,3,2175.576436,2742.4290698797,2175.576436,2025-01-24 18:05:21
1459,2603,158,3,REPAY,5,1266.972784,,1266.972784,2025-01-24 18:18:03
1460,2608,288,4,REPAY,4,738.274142,,738.274142,2025-01-24 19:45:01
1461,2613,363,1,REPAY,1,32.297076,,32.297076,2025-01-24 21:02:27
1462,2615,140,2,DEPOSIT,3,1252.508168,1252.508168,,2025-01-24 21:08:40
1463,2616,381,3,BORROW,2,2540.600323,3909.2379299085,2540.600323,2025-01-24 21:25:57
1464,2617,265,3,WITHDRAW,4,1561.38809,,,2025-01-24 21:34:24
1465,2618,872,4,WITHDRAW,5,7261.828048,,,2025-01-24 21:40:43
1466,2622,937,1,BORROW,4,4670.530118,10720.1944469827,4670.530118,2025-01-24 22:08:14
1467,2623,785,4,WITHDRAW,3,3370.200574,,,2025-01-24 22:14:34
1468,2625,135,4,DEPOSIT,1,7751.699763,7751.699763,,2025-01-24 23:09:30
1469,2626,366,4,DEPOSIT,2,7800.638885,7800.638885,,2025-01-24 23:15:08
1470,2627,280,2,BORROW,5,3251.621185,5476.6555110514,3251.621185,2025-01-24 23:23:02
1471,2629,192,2,BORROW,1,3855.618763,7387.715489945,3855.618763,2025-01-24 23:31:25
1472,2630,264,4,BORROW,3,9568.491428,15079.8434480798,9568.491428,2025-01-24 23:34:04
1473,2632,993,1,BORROW,2,5647.118817,10633.5925190037,5647.118817,2025-01-24 23:59:41
1474,2633,228,3,BORROW,5,612.22196,1305.4612336889,612.22196,2025-01-25 00:05:22
1475,2637,155,4,LIQUIDATION,5,1145.055268,1309.3416517868,1145.055268,2025-01-25 00:55:11
1476,2638,125,3,WITHDRAW,3,1808.07698,,,2025-01-25 01:00:37
1477,2639,584,2,BORROW,1,2422.314382,4979.8531409513,2422.314382,2025-01-25 01:08:54
1478,2640,929,3,DEPOSIT,4,1158.728137,1158.728137,,2025-01-25 01:17:21
1479,2641,203,1,BORROW,1,7964.22065,17443.9033916663,7964.22065,2025-01-25 01:43:28
1480,2643,526,4,REPAY,3,1253.157777,,1253.157777,2025-01-25 02:08:48
1481,2644,6,1,BORROW,5,3106.241675,6055.1133077701,3106.241675,2025-01-25 02:17:53
1482,2646,440,3,REPAY,1,399.464616,,399.464616,2025-01-25 02:35:14
1483,2647,941,1,REPAY,3,6048.149531,,6048.149531,2025-01-25 02:37:57
1484,2649,110,4,BORROW,4,2638.455779,6359.5102240972,2638.455779,2025-01-25 02:59:13
1485,2650,574,3,DEPOSIT,5,5333.655374,5333.655374,,2025-01-25 03:18:35
1486,2651,770,4,LIQUIDATION,4,2675.75936,2852.8079003212,2675.75936,2025-01-25 03:56:06
1487,2653,54,3,LIQUIDATION,2,187.176403,165.7129728902,187.176403,2025-01-25 04:46:37
1488,2654,759,2,LIQUIDATION,5,4201.424305,3591.3136794845,4201.424305,2025-01-25 04:54:28
1489,2655,959,1,REPAY,4,1879.129903,,1879.129903,2025-01-25 05:03:29
1490,2656,353,3,REPAY,4,472.221901,,472.221901,2025-01-25 05:06:17
1491,2657,925,2,DEPOSIT,2,4701.533314,4701.533314,,2025-01-25 05:13:26
1492,2659,5,4,BORROW,3,6631.344099,9087.5941264931,6631.344099,2025-01-25 05:22:34
1493,2660,118,3,BORROW,2,1898.124048,4301.8858865642,1898.124048,2025-01-25 05:26:30
1494,2661,595,3,DEPOSIT,1,9169.564959,9169.564959,,2025-01-25 05:43:59
1495,2664,696,1,WITHDRAW,4,7366.306686,,,2025-01-25 06:43:41
1496,2666,751,3,DEPOSIT,4,8918.454404,8918.454404,,2025-01-25 07:09:49
1497,2667,85,2,DEPOSIT,4,5042.302281,5042.302281,,2025-01-25 07:20:09
1498,2668,82,3,DEPOSIT,1,2557.117317,2557.117317,,2025-01-25 07:38:38
1499,2674,800,4,LIQUIDATION,4,8825.108762,8313.0308894587,8825.108762,2025-01-25 09:09:24
1500,2675,273,4,BORROW,4,3966.818992,9291.1783793176,3966.818992,2025-01-25 09:12:17
1501,2676,858,1,LIQUIDATION,1,1955.026553,1900.1584484423,1955.026553,2025-01-25 09:53:04
1502,2677,380,4,BORROW,4,9214.189045,16446.1765630902,9214.189045,2025-01-25 10:23:54
1503,2678,410,4,WITHDRAW,4,4014.698389,,,2025-01-25 10:25:27
1504,2679,362,2,REPAY,3,235.545972,,235.545972,2025-01-25 10:54:12
1505,2681,514,4,BORROW,2,3669.868938,7931.037670707,3669.868938,2025-01-25 11:13:43
1506,2682,442,1,DEPOSIT,3,4147.399276,4147.399276,,2025-01-25 11:27:25
1507,2683,479,4,REPAY,5,3285.04174,,3285.04174,2025-01-25 11:46:42
1508,2685,264,1,LIQUIDATION,2,9568.491428,10772.457763877,9568.491428,2025-01-25 12:04:09
1509,2686,841,1,REPAY,1,1131.356033,,1131.356033,2025-01-25 12:15:57
1510,2687,685,3,BORROW,3,5067.498006,11580.9336739387,5067.498006,2025-01-25 12:32:52
1511,2688,381,3,LIQUIDATION,3,2540.600323,2103.3795078489,2540.600323,2025-01-25 12:35:49
1512,2690,960,2,REPAY,5,2536.42029,,2536.42029,2025-01-25 12:44:30
1513,2693,145,1,DEPOSIT,5,7751.385676,7751.385676,,2025-01-25 13:07:16
1514,2694,882,4,DEPOSIT,4,7039.77534,7039.77534,,2025-01-25 13:20:22
1515,2696,445,1,DEPOSIT,5,913.654026,913.654026,,2025-01-25 13:54:24
1516,2699,132,1,WITHDRAW,3,5725.590558,,,2025-01-25 15:01:48
1517,2700,392,4,REPAY,3,4959.242507,,4959.242507,2025-01-25 15:20:30
1518,2701,436,2,DEPOSIT,2,9854.257089,9854.257089,,2025-01-25 15:21:41
1519,2703,322,3,BORROW,5,748.903075,929.1554239942,748.903075,2025-01-25 16:26:26
1520,2705,764,2,REPAY,2,534.284298,,534.284298,2025-01-25 16:50:59
1521,2708,951,4,BORROW,4,6333.037868,8904.6626622918,6333.037868,2025-01-25 17:10:45
1522,2709,264,4,BORROW,1,1360.010559,1768.0089635146,1360.010559,2025-01-25 17:22:14
1523,2710,318,1,REPAY,4,633.728451,,633.728451,2025-01-25 17:28:49
1524,2712,143,2,REPAY,1,3480.375279,,3480.375279,2025-01-25 17:41:56
1525,2713,584,4,LIQUIDATION,2,2422.314382,1995.5529324565,2422.314382,2025-01-25 17:48:30
1526,2715,853,1,WITHDRAW,5,2218.262457,,,2025-01-25 17:53:07
1527,2717,90,1,WITHDRAW,1,4220.009916,,,2025-01-25 18:21:34
1528,2718,949,1,WITHDRAW,3,468.122941,,,2025-01-25 18:21:35
1529,2719,404,3,REPAY,3,287.583968,,287.583968,2025-01-25 18:27:09
1530,2722,521,4,BORROW,5,9225.233077,19660.811203532,9225.233077,2025-01-25 19:32:36
1531,2724,62,3,REPAY,2,204.090908,,204.090908,2025-01-25 19:52:37
1532,2726,317,3,DEPOSIT,2,2749.434758,2749.434758,,2025-01-25 19:59:16
1533,2729,528,4,DEPOSIT,4,5693.125161,5693.125161,,2025-01-25 20:47:34
1534,2731,235,2,REPAY,3,9.836496,,9.836496,2025-01-25 21:26:55
1535,2735,48,2,REPAY,4,90.765969,,90.765969,2025-01-25 22:04:57
1536,2736,798,3,BORROW,2,8935.67054,15067.543908105,8935.67054,2025-01-25 22:08:02
1537,2738,472,3,DEPOSIT,5,1989.384062,1989.384062,,2025-01-25 22:48:59
1538,2740,311,4,BORROW,4,6114.905552,8994.5036819773,6114.905552,2025-01-25 23:06:02
1539,2741,701,3,DEPOSIT,5,2111.512496,2111.512496,,2025-01-25 23:36:53
1540,2742,762,3,REPAY,5,3009.381493,,3009.381493,2025-01-25 23:51:10
1541,2743,170,4,DEPOSIT,4,5659.998698,5659.998698,,2025-01-25 23:58:10
1542,2744,797,2,BORROW,4,4929.632066,8111.7235547221,4929.632066,2025-01-26 00:05:12
1543,2746,182,4,BORROW,3,4220.257041,9838.6183170519,4220.257041,2025-01-26 00:19:33
1544,2748,765,2,REPAY,4,1568.301533,,1568.301533,2025-01-26 00:51:39
1545,2749,773,3,DEPOSIT,5,843.013639,843.013639,,2025-01-26 00:52:37
1546,2752,481,2,REPAY,2,4987.415324,,4987.415324,2025-01-26 01:38:00
1547,2753,994,2,BORROW,2,9310.760895,22043.5711830832,9310.760895,2025-01-26 01:49:30
1548,2754,514,2,REPAY,1,1161.198813,,1161.198813,2025-01-26 02:11:13
1549,2755,951,1,DEPOSIT,2,2917.976917,2917.976917,,2025-01-26 02:40:32
1550,2757,116,2,REPAY,1,65.096756,,65.096756,2025-01-26 03:04:31
1551,2758,409,1,DEPOSIT,1,6994.570909,6994.570909,,2025-01-26 03:09:00
1552,2759,770,3,WITHDRAW,4,8430.523292,,,2025-01-26 03:20:55
1553,2760,962,3,REPAY,2,20.945506,,20.945506,2025-01-26 03:35:32
1554,2761,493,3,BORROW,1,2918.314217,4594.6511748072,2918.314217,2025-01-26 04:30:25
1555,2762,117,4,REPAY,5,38.710144,,38.710144,2025-01-26 04:31:17
1556,2763,928,1,LIQUIDATION,3,1429.651104,1601.1694572932,1429.651104,2025-01-26 04:45:28
1557,2765,657,1,BORROW,4,347.570897,742.2584010617,347.570897,2025-01-26 04:47:30
1558,2767,394,1,BORROW,2,8852.152366,11064.416419786,8852.152366,2025-01-26 05:20:06
1559,2768,479,2,BORROW,2,8916.320028,16251.3586907606,8916.320028,2025-01-26 05:24:42
1560,2769,776,1,BORROW,4,1218.103684,2789.9695447613,1218.103684,2025-01-26 05:31:41
1561,2770,760,1,DEPOSIT,5,1803.388707,1803.388707,,2025-01-26 06:07:33
1562,2771,896,2,REPAY,4,7303.448354,,7303.448354,2025-01-26 06:08:20
1563,2772,307,2,LIQUIDATION,3,1884.304405,2236.4218012396,1884.304405,2025-01-26 06:09:14
1564,2773,690,1,BORROW,2,6122.510301,14134.5230817387,6122.510301,2025-01-26 06:11:19
1565,2774,351,3,BORROW,3,126.025044,220.4879138426,126.025044,2025-01-26 06:16:37
1566,2776,752,1,BORROW,2,6539.074783,7879.1723423932,6539.074783,2025-01-26 06:51:39
1567,2777,42,3,REPAY,3,1199.72888,,1199.72888,2025-01-26 07:16:46
1568,2778,453,4,LIQUIDATION,5,3668.461168,3760.3133427113,3668.461168,2025-01-26 07:22:35
1569,2779,192,2,REPAY,5,1240.342535,,1240.342535,2025-01-26 07:35:32
1570,2781,611,1,REPAY,3,92.641164,,92.641164,2025-01-26 08:07:31
1571,2782,731,1,WITHDRAW,4,7192.962112,,,2025-01-26 08:20:59
1572,2783,554,4,WITHDRAW,4,9124.468301,,,2025-01-26 08:23:52
1573,2784,92,1,WITHDRAW,3,4483.831645,,,2025-01-26 08:36:47
1574,2785,305,1,REPAY,2,22.323481,,22.323481,2025-01-26 08:53:52
1575,2786,972,4,WITHDRAW,3,5003.47712,,,2025-01-26 09:08:41
1576,2787,924,2,BORROW,3,2752.945928,4935.5586015354,2752.945928,2025-01-26 09:10:37
1577,2788,40,4,DEPOSIT,4,3071.172057,3071.172057,,2025-01-26 09:24:51
1578,2790,359,2,REPAY,5,4687.055248,,4687.055248,2025-01-26 10:02:29
1579,2791,747,3,BORROW,5,6397.498635,8104.1324064874,6397.498635,2025-01-26 10:46:29
1580,2793,898,4,REPAY,3,19.125562,,19.125562,2025-01-26 11:14:35
1581,2794,262,2,LIQUIDATION,5,4471.477812,3806.3798610566,4471.477812,2025-01-26 11:24:16
1582,2795,201,4,DEPOSIT,3,2868.956297,2868.956297,,2025-01-26 11:25:30
1583,2799,873,3,REPAY,2,465.398352,,465.398352,2025-01-26 11:50:24
1584,2800,95,3,DEPOSIT,3,1778.756164,1778.756164,,2025-01-26 12:27:02
1585,2801,819,2,REPAY,2,2754.624451,,2754.624451,2025-01-26 13:02:53
1586,2802,373,2,WITHDRAW,3,2716.242348,,,2025-01-26 13:09:55
1587,2805,388,3,BORROW,1,838.484064,1657.2026574059,838.484064,2025-01-26 13:47:58
1588,2807,514,2,REPAY,4,980.608501,,980.608501,2025-01-26 14:11:41
1589,2808,904,1,DEPOSIT,5,3607.734714,3607.734714,,2025-01-26 14:12:37
1590,2809,829,1,LIQUIDATION,3,1015.051794,856.9603315348,1015.051794,2025-01-26 14:34:16
1591,2810,492,1,REPAY,2,815.137561,,815.137561,2025-01-26 14:45:34
1592,2811,333,1,BORROW,5,1489.108966,2640.4591649645,1489.108966,2025-01-26 14:47:22
1593,2814,642,1,DEPOSIT,3,8810.710547,8810.710547,,2025-01-26 15:05:05
1594,2816,449,1,BORROW,5,1113.514949,2754.2925142157,1113.514949,2025-01-26 15:58:51
1595,2817,745,1,REPAY,1,1676.012153,,1676.012153,2025-01-26 15:59:56
1596,2818,493,4,LIQUIDATION,5,2918.314217,3380.7670874067,2918.314217,2025-01-26 16:02:44
1597,2820,632,4,REPAY,1,1972.526336,,1972.526336,2025-01-26 16:16:29
1598,2822,140,2,REPAY,4,475.43274,,475.43274,2025-01-26 16:37:42
1599,2823,940,3,DEPOSIT,3,1704.875398,1704.875398,,2025-01-26 16:55:30
1600,2827,224,1,DEPOSIT,5,3171.42556,3171.42556,,2025-01-26 17:43:22
1601,2828,584,3,BORROW,2,9733.536776,14774.5674249506,9733.536776,2025-01-26 18:11:38
1602,2830,366,1,REPAY,4,921.925872,,921.925872,2025-01-26 18:23:03
1603,2831,90,3,BORROW,5,1382.353054,3179.4162305814,1382.353054,2025-01-26 18:25:33
1604,2832,859,1,WITHDRAW,5,8765.726797,,,2025-01-26 18:28:57
1605,2833,301,2,BORROW,3,3284.338186,3949.7107701718,3284.338186,2025-01-26 18:30:24
1606,2835,949,2,DEPOSIT,4,4863.548664,4863.548664,,2025-01-26 18:56:15
1607,2836,819,3,REPAY,2,1684.436787,,1684.436787,2025-01-26 19:30:19
1608,2839,166,3,DEPOSIT,4,6789.649397,6789.649397,,2025-01-26 19:58:31
1609,2840,146,3,BORROW,2,2765.129026,4611.1166941646,2765.129026,2025-01-26 20:30:23
1610,2841,778,1,BORROW,5,9419.313948,16235.9315556882,9419.313948,2025-01-26 20:46:47
1611,2846,184,2,WITHDRAW,5,6593.526743,,,2025-01-26 21:33:28
1612,2851,1000,4,REPAY,4,540.493592,,540.493592,2025-01-26 22:35:13
1613,2853,339,3,DEPOSIT,2,7717.4642,7717.4642,,2025-01-26 22:59:43
1614,2855,770,2,BORROW,2,6562.731293,12082.1024726372,6562.731293,2025-01-26 23:30:14
1615,2856,764,3,REPAY,5,166.375913,,166.375913,2025-01-26 23:55:54
1616,2859,576,2,REPAY,3,1594.25884,,1594.25884,2025-01-27 00:14:30
1617,2861,683,3,BORROW,2,5121.74801,10871.8218296822,5121.74801,2025-01-27 00:55:03
1618,2864,597,3,DEPOSIT,5,3142.53742,3142.53742,,2025-01-27 01:43:46
1619,2865,306,2,DEPOSIT,2,8248.417486,8248.417486,,2025-01-27 01:46:41
1620,2866,380,4,LIQUIDATION,2,9214.189045,10923.7643285398,9214.189045,2025-01-27 01:48:43
1621,2868,463,2,DEPOSIT,5,4240.955297,4240.955297,,2025-01-27 02:01:28
1622,2869,926,1,BORROW,2,667.227881,1371.7301431655,667.227881,2025-01-27 02:01:58
1623,2871,255,2,BORROW,1,6669.863937,12511.7114611549,6669.863937,2025-01-27 02:22:28
1624,2872,131,3,DEPOSIT,4,3507.001792,3507.001792,,2025-01-27 02:41:00
1625,2873,296,2,DEPOSIT,2,7605.204295,7605.204295,,2025-01-27 02:45:38
1626,2874,515,1,REPAY,3,613.707893,,613.707893,2025-01-27 02:46:54
1627,2875,72,3,REPAY,1,1562.197568,,1562.197568,2025-01-27 03:01:43
1628,2876,432,1,WITHDRAW,3,5661.074862,,,2025-01-27 03:18:26
1629,2879,383,2,REPAY,5,0.577813,,0.577813,2025-01-27 03:51:34
1630,2880,582,4,DEPOSIT,3,5801.541481,5801.541481,,2025-01-27 03:53:50
1631,2881,772,2,DEPOSIT,4,861.893589,861.893589,,2025-01-27 04:32:35
1632,2883,356,3,REPAY,4,1487.090741,,1487.090741,2025-01-27 05:40:35
1633,2884,289,1,WITHDRAW,1,4883.696585,,,2025-01-27 05:40:51
1634,2886,684,2,BORROW,2,2007.216907,2629.3775337149,2007.216907,2025-01-27 06:34:29
1635,2887,212,3,REPAY,4,562.740679,,562.740679,2025-01-27 06:43:35
1636,2891,83,1,REPAY,2,7732.601241,,7732.601241,2025-01-27 07:53:24
1637,2893,576,1,WITHDRAW,1,6562.054042,,,2025-01-27 08:21:53
1638,2895,667,2,REPAY,4,3.369524,,3.369524,2025-01-27 08:39:32
1639,2897,178,2,REPAY,1,326.490119,,326.490119,2025-01-27 08:45:39
1640,2898,683,3,REPAY,2,3921.596885,,3921.596885,2025-01-27 09:23:51
1641,2901,338,3,WITHDRAW,5,7956.877002,,,2025-01-27 10:21:52
1642,2903,424,1,REPAY,4,626.284536,,626.284536,2025-01-27 11:12:22
1643,2904,141,4,WITHDRAW,2,1094.123136,,,2025-01-27 11:35:01
1644,2905,726,2,REPAY,1,2630.425079,,2630.425079,2025-01-27 11:40:58
1645,2906,304,4,DEPOSIT,3,4807.776915,4807.776915,,2025-01-27 11:41:29
1646,2908,755,1,WITHDRAW,5,6977.42122,,,2025-01-27 11:48:46
1647,2909,455,3,REPAY,2,7571.771536,,7571.771536,2025-01-27 11:54:39
1648,2910,827,3,LIQUIDATION,1,1758.477829,2033.008251385,1758.477829,2025-01-27 12:02:44
1649,2911,426,4,BORROW,2,439.942907,872.1469159082,439.942907,2025-01-27 12:08:35
1650,2912,959,1,REPAY,2,3001.941685,,3001.941685,2025-01-27 12:17:52
1651,2913,564,2,REPAY,1,351.804185,,351.804185,2025-01-27 12:42:50
1652,2914,873,4,WITHDRAW,2,2243.216507,,,2025-01-27 12:51:53
1653,2915,918,4,REPAY,1,0.73982,,0.73982,2025-01-27 13:37:05
1654,2916,416,2,REPAY,3,82.265472,,82.265472,2025-01-27 13:52:55
1655,2920,140,4,REPAY,4,16.921568,,16.921568,2025-01-27 14:38:08
1656,2921,917,3,BORROW,1,5205.237907,9289.7117769367,5205.237907,2025-01-27 15:04:07
1657,2924,646,4,REPAY,2,6749.457726,,6749.457726,2025-01-27 15:27:11
1658,2927,260,1,DEPOSIT,3,1044.610412,1044.610412,,2025-01-27 15:36:04
1659,2928,202,3,DEPOSIT,1,1668.860708,1668.860708,,2025-01-27 15:40:52
1660,2931,858,3,BORROW,2,265.28173,486.3442312531,265.28173,2025-01-27 15:55:15
1661,2935,228,4,BORROW,4,659.15584,901.5265655934,659.15584,2025-01-27 16:45:25
1662,2936,464,2,BORROW,5,9876.629226,17742.5751900424,9876.629226,2025-01-27 16:51:20
1663,2938,277,2,LIQUIDATION,5,4972.302133,4846.2018009301,4972.302133,2025-01-27 17:04:49
1664,2939,428,4,BORROW,4,5345.657897,12062.3130662405,5345.657897,2025-01-27 17:36:04
1665,2940,273,4,REPAY,2,1552.082468,,1552.082468,2025-01-27 17:42:20
1666,2941,946,3,BORROW,3,1037.972554,2042.234829462,1037.972554,2025-01-27 17:48:57
1667,2943,877,1,LIQUIDATION,4,8849.974192,7857.5971942368,8849.974192,2025-01-27 18:03:24
1668,2944,972,3,WITHDRAW,1,7360.775319,,,2025-01-27 18:03:58
1669,2948,944,4,DEPOSIT,3,2035.477735,2035.477735,,2025-01-27 18:32:14
1670,2949,592,2,REPAY,3,12.642246,,12.642246,2025-01-27 19:06:00
1671,2950,325,2,REPAY,4,617.251101,,617.251101,2025-01-27 19:26:45
1672,2951,208,4,WITHDRAW,2,895.845487,,,2025-01-27 19:29:56
1673,2952,400,4,DEPOSIT,5,5804.256024,5804.256024,,2025-01-27 19:30:39
1674,2953,428,4,REPAY,2,652.848689,,652.848689,2025-01-27 19:38:15
1675,2954,286,4,DEPOSIT,2,5270.828195,5270.828195,,2025-01-27 19:46:47
1676,2956,180,4,BORROW,1,1935.755012,3789.53116628,1935.755012,2025-01-27 20:09:28
1677,2957,750,3,BORROW,5,2818.289157,4480.3349676624,2818.289157,2025-01-27 20:57:53
1678,2959,231,2,BORROW,2,4367.815718,8322.0791743194,4367.815718,2025-01-27 21:01:44
1679,2960,628,4,BORROW,4,3666.866074,6367.4866578066,3666.866074,2025-01-27 21:30:03
1680,2961,599,2,DEPOSIT,1,1486.113788,1486.113788,,2025-01-27 21:33:38
1681,2962,428,3,REPAY,5,2099.286877,,2099.286877,2025-01-27 21:45:35
1682,2963,396,2,BORROW,5,2187.914882,5271.0705670203,2187.914882,2025-01-27 21:47:33
1683,2966,404,2,REPAY,1,565.277198,,565.277198,2025-01-27 22:02:03
1684,2967,51,1,DEPOSIT,3,6320.567431,6320.567431,,2025-01-27 22:32:57
1685,2968,668,2,WITHDRAW,1,9428.422478,,,2025-01-27 23:02:29
1686,2969,422,2,REPAY,2,4691.438912,,4691.438912,2025-01-27 23:08:55
1687,2970,298,4,BORROW,5,1607.409103,3966.8752599489,1607.409103,2025-01-27 23:12:47
1688,2971,858,3,LIQUIDATION,1,265.28173,236.4166001059,265.28173,2025-01-27 23:23:56
1689,2974,737,3,WITHDRAW,3,735.187951,,,2025-01-27 23:51:07
1690,2976,58,2,WITHDRAW,3,8970.129173,,,2025-01-28 00:24:53
1691,2977,273,1,BORROW,1,6458.167097,15200.8679105536,6458.167097,2025-01-28 00:36:31
1692,2978,632,1,REPAY,2,1022.64345,,1022.64345,2025-01-28 00:37:18
1693,2980,512,3,REPAY,5,187.954173,,187.954173,2025-01-28 00:52:55
1694,2982,688,1,REPAY,2,849.619337,,849.619337,2025-01-28 01:12:05
1695,2983,114,1,WITHDRAW,5,1210.780067,,,2025-01-28 01:24:52
1696,2989,538,1,LIQUIDATION,2,6883.953636,6167.8743992255,6883.953636,2025-01-28 03:28:58
1697,2990,99,2,REPAY,2,1986.118939,,1986.118939,2025-01-28 03:35:11
1698,2991,341,4,DEPOSIT,3,6611.301227,6611.301227,,2025-01-28 03:39:21
1699,2992,121,4,WITHDRAW,4,1712.250541,,,2025-01-28 03:46:18
1700,2993,296,2,BORROW,5,5723.200856,7108.4086503061,5723.200856,2025-01-28 03:49:11
1701,2994,963,2,REPAY,1,3038.349048,,3038.349048,2025-01-28 03:51:43
1702,2995,517,4,WITHDRAW,5,3302.243533,,,2025-01-28 04:07:07
1703,2996,301,4,BORROW,1,1437.495102,3548.9313806957,1437.495102,2025-01-28 04:07:20
1704,2997,300,1,DEPOSIT,3,1488.317864,1488.317864,,2025-01-28 04:10:53
1705,2999,967,2,REPAY,3,3091.971875,,3091.971875,2025-01-28 04:15:14
1706,3000,141,4,DEPOSIT,3,9742.992028,9742.992028,,2025-01-28 04:18:51
1707,3001,429,2,WITHDRAW,1,6667.729503,,,2025-01-28 04:27:18
1708,3002,536,2,LIQUIDATION,3,12971.939466,12271.4401572977,12971.939466,2025-01-28 04:30:30
1709,3003,255,2,REPAY,3,4327.626065,,4327.626065,2025-01-28 04:32:42
1710,3004,628,3,REPAY,5,1159.816699,,1159.816699,2025-01-28 04:37:49
1711,3006,243,1,REPAY,1,1117.017763,,1117.017763,2025-01-28 05:04:44
1712,3009,811,4,WITHDRAW,2,949.982006,,,2025-01-28 05:42:19
1713,3010,704,4,REPAY,2,4152.842491,,4152.842491,2025-01-28 05:49:45
1714,3011,53,1,REPAY,3,38.429348,,38.429348,2025-01-28 05:51:38
1715,3012,655,1,LIQUIDATION,2,7314.257225,6336.6009306561,7314.257225,2025-01-28 06:10:29
1716,3013,825,4,DEPOSIT,5,6620.937873,6620.937873,,2025-01-28 06:25:58
1717,3015,122,3,BORROW,5,4452.571724,8902.2033854403,4452.571724,2025-01-28 06:31:53
1718,3016,956,3,WITHDRAW,4,8094.076734,,,2025-01-28 06:32:26
1719,3017,567,1,WITHDRAW,5,1670.80122,,,2025-01-28 06:37:34
1720,3019,415,3,BORROW,5,1089.213778,1585.6487726941,1089.213778,2025-01-28 07:04:08
1721,3020,798,2,REPAY,4,1389.858724,,1389.858724,2025-01-28 07:10:34
1722,3021,427,3,LIQUIDATION,5,7776.818077,9087.0025123279,7776.818077,2025-01-28 07:17:55
1723,3022,23,4,LIQUIDATION,1,4591.522688,4139.2412117775,4591.522688,2025-01-28 07:26:44
1724,3024,421,1,BORROW,2,604.069867,1237.7479039017,604.069867,2025-01-28 08:28:02
1725,3029,473,4,REPAY,2,3753.951477,,3753.951477,2025-01-28 10:38:53
1726,3030,193,1,BORROW,5,7981.339118,13524.8622337719,7981.339118,2025-01-28 10:43:36
1727,3031,572,1,DEPOSIT,1,4759.884278,4759.884278,,2025-01-28 10:46:42
1728,3034,724,4,REPAY,4,817.415848,,817.415848,2025-01-28 11:15:20
1729,3035,816,2,REPAY,4,333.63535,,333.63535,2025-01-28 11:31:11
1730,3036,216,4,DEPOSIT,4,4623.931423,4623.931423,,2025-01-28 11:35:13
1731,3039,846,2,WITHDRAW,5,9811.016521,,,2025-01-28 12:03:29
1732,3040,22,3,WITHDRAW,3,337.817006,,,2025-01-28 12:08:57
1733,3041,244,2,REPAY,4,457.723367,,457.723367,2025-01-28 12:13:03
1734,3043,333,2,REPAY,3,2532.455251,,2532.455251,2025-01-28 12:18:19
1735,3046,464,2,LIQUIDATION,1,9876.629226,9883.4088667609,9876.629226,2025-01-28 12:48:57
1736,3047,572,4,WITHDRAW,5,2973.158987,,,2025-01-28 12:59:33
1737,3049,980,4,BORROW,4,8905.888076,19520.0127116111,8905.888076,2025-01-28 13:00:02
1738,3050,196,4,DEPOSIT,5,6561.445807,6561.445807,,2025-01-28 13:32:07
1739,3056,79,3,WITHDRAW,4,2490.128267,,,2025-01-28 14:53:04
1740,3057,810,1,WITHDRAW,4,7417.205576,,,2025-01-28 15:26:33
1741,3061,746,3,BORROW,1,5198.352082,6675.0053713639,5198.352082,2025-01-28 15:40:17
1742,3062,338,1,WITHDRAW,5,5469.595272,,,2025-01-28 15:53:20
1743,3064,348,3,WITHDRAW,2,9572.389847,,,2025-01-28 16:32:36
1744,3067,986,2,REPAY,3,511.543234,,511.543234,2025-01-28 16:46:13
1745,3069,599,1,DEPOSIT,5,8473.878498,8473.878498,,2025-01-28 16:59:34
1746,3071,733,4,REPAY,4,677.116452,,677.116452,2025-01-28 17:05:34
1747,3072,217,3,BORROW,5,8508.710071,20535.0228858293,8508.710071,2025-01-28 17:44:36
1748,3073,772,3,DEPOSIT,4,3523.579024,3523.579024,,2025-01-28 17:49:10
1749,3074,724,2,BORROW,2,8485.496765,14347.6760622052,8485.496765,2025-01-28 17:53:15
1750,3075,915,4,WITHDRAW,4,2554.184733,,,2025-01-28 18:12:57
1751,3076,223,4,REPAY,3,3140.160199,,3140.160199,2025-01-28 18:47:06
1752,3078,286,3,DEPOSIT,4,5650.338914,5650.338914,,2025-01-28 18:50:15
1753,3079,16,2,REPAY,4,656.845096,,656.845096,2025-01-28 19:10:50
1754,3080,146,4,BORROW,2,5434.837721,8066.3998200185,5434.837721,2025-01-28 19:20:39
1755,3081,237,3,REPAY,2,3785.17185,,3785.17185,2025-01-28 19:28:22
1756,3082,841,1,BORROW,2,970.512019,1775.655940946,970.512019,2025-01-28 19:33:54
1757,3083,28,1,REPAY,3,89.355603,,89.355603,2025-01-28 19:38:31
1758,3084,274,3,DEPOSIT,2,963.86934,963.86934,,2025-01-28 19:48:11
1759,3086,442,1,DEPOSIT,4,8885.471772,8885.471772,,2025-01-28 20:08:28
1760,3087,264,1,BORROW,1,886.783302,1758.8520445498,886.783302,2025-01-28 20:51:45
1761,3088,236,2,REPAY,4,280.596188,,280.596188,2025-01-28 21:24:27
1762,3089,481,3,DEPOSIT,2,1433.245634,1433.245634,,2025-01-28 21:32:40
1763,3090,631,2,BORROW,3,3664.825811,7348.8107887677,3664.825811,2025-01-28 21:46:19
1764,3093,388,4,REPAY,4,492.87607,,492.87607,2025-01-28 22:01:21
1765,3094,803,4,BORROW,3,3379.133692,8379.922225703,3379.133692,2025-01-28 22:07:02
1766,3097,154,4,WITHDRAW,3,821.325946,,,2025-01-28 23:04:10
1767,3098,486,4,REPAY,4,1266.387799,,1266.387799,2025-01-28 23:14:53
1768,3099,584,2,LIQUIDATION,4,9733.536776,9691.3432145042,9733.536776,2025-01-28 23:26:26
1769,3100,895,3,REPAY,5,176.025062,,176.025062,2025-01-28 23:44:31
1770,3102,646,2,REPAY,4,1049.960776,,1049.960776,2025-01-28 23:58:52
1771,3103,202,3,DEPOSIT,4,2927.676581,2927.676581,,2025-01-29 00:10:29
1772,3105,21,1,BORROW,1,7911.043399,11933.5321294289,7911.043399,2025-01-29 00:23:01
1773,3108,824,1,BORROW,5,115.492539,174.084033977,115.492539,2025-01-29 00:43:40
1774,3110,1000,4,REPAY,4,215.8019,,215.8019,2025-01-29 01:53:11
1775,3113,443,4,DEPOSIT,4,4448.331597,4448.331597,,2025-01-29 02:05:28
1776,3114,134,4,WITHDRAW,3,3233.481841,,,2025-01-29 02:12:03
1777,3115,726,3,REPAY,1,172.2492,,172.2492,2025-01-29 02:21:16
1778,3116,703,4,WITHDRAW,1,862.537224,,,2025-01-29 02:55:24
1779,3117,493,4,WITHDRAW,4,6046.434696,,,2025-01-29 03:02:31
1780,3118,156,4,WITHDRAW,1,1205.87272,,,2025-01-29 03:20:12
1781,3119,378,1,REPAY,2,1975.602766,,1975.602766,2025-01-29 03:28:31
1782,3123,388,2,REPAY,5,238.688882,,238.688882,2025-01-29 04:26:50
1783,3124,587,3,WITHDRAW,4,3950.683067,,,2025-01-29 04:27:33
1784,3125,781,1,LIQUIDATION,3,71.70204,59.8165278836,71.70204,2025-01-29 04:28:03
1785,3128,759,3,WITHDRAW,1,8394.365604,,,2025-01-29 05:16:46
1786,3129,670,2,WITHDRAW,4,6047.476857,,,2025-01-29 05:29:37
1787,3130,644,3,DEPOSIT,5,5811.641977,5811.641977,,2025-01-29 05:30:16
1788,3131,714,3,BORROW,3,5216.60669,11991.9730810346,5216.60669,2025-01-29 05:32:16
1789,3132,92,4,DEPOSIT,5,6093.750897,6093.750897,,2025-01-29 06:08:36
1790,3133,721,1,WITHDRAW,4,505.763568,,,2025-01-29 06:11:07
1791,3135,21,3,REPAY,5,1330.385746,,1330.385746,2025-01-29 06:28:19
1792,3137,362,3,DEPOSIT,3,5584.170311,5584.170311,,2025-01-29 07:18:58
1793,3138,371,4,DEPOSIT,3,6685.127171,6685.127171,,2025-01-29 07:33:48
1794,3139,803,2,WITHDRAW,2,7975.808209,,,2025-01-29 07:40:51
1795,3143,539,3,WITHDRAW,4,4037.181694,,,2025-01-29 08:08:34
1796,3145,570,4,WITHDRAW,4,8039.119304,,,2025-01-29 08:49:07
1797,3149,710,1,WITHDRAW,5,6165.15613,,,2025-01-29 09:32:37
1798,3152,490,2,REPAY,4,424.874288,,424.874288,2025-01-29 10:24:20
1799,3153,242,3,REPAY,1,183.796279,,183.796279,2025-01-29 10:37:41
1800,3154,306,4,DEPOSIT,4,3654.738524,3654.738524,,2025-01-29 10:42:02
1801,3158,82,3,LIQUIDATION,5,600.805084,595.3921388732,600.805084,2025-01-29 11:09:16
1802,3160,892,1,DEPOSIT,5,6396.112424,6396.112424,,2025-01-29 11:54:23
1803,3161,13,4,REPAY,1,2339.026377,,2339.026377,2025-01-29 12:25:32
1804,3165,929,4,DEPOSIT,1,9975.347148,9975.347148,,2025-01-29 13:27:31
1805,3166,123,4,WITHDRAW,5,5605.801081,,,2025-01-29 13:40:50
1806,3171,625,1,DEPOSIT,1,182.005147,182.005147,,2025-01-29 14:58:33
1807,3172,707,4,REPAY,2,4802.658561,,4802.658561,2025-01-29 15:03:07
1808,3173,341,4,DEPOSIT,3,5003.753136,5003.753136,,2025-01-29 15:09:21
1809,3174,599,2,DEPOSIT,4,2786.828225,2786.828225,,2025-01-29 15:20:14
1810,3176,8,1,DEPOSIT,2,3652.017389,3652.017389,,2025-01-29 15:27:53
1811,3177,489,2,BORROW,5,8717.234845,19715.8002867797,8717.234845,2025-01-29 15:53:28
1812,3181,296,2,BORROW,1,4784.024873,5895.8357073722,4784.024873,2025-01-29 16:41:04
1813,3183,944,1,WITHDRAW,4,4239.613893,,,2025-01-29 17:09:45
1814,3185,460,3,DEPOSIT,3,1013.830071,1013.830071,,2025-01-29 17:11:26
1815,3188,542,3,REPAY,4,124.52428,,124.52428,2025-01-29 17:28:40
1816,3189,540,1,BORROW,3,262.519991,494.5537919239,262.519991,2025-01-29 17:30:56
1817,3190,479,1,BORROW,2,4120.065898,6130.2210139237,4120.065898,2025-01-29 17:44:12
1818,3192,292,4,LIQUIDATION,3,0.013223,0.0128826839,0.013223,2025-01-29 17:50:30
1819,3196,576,2,REPAY,2,577.761523,,577.761523,2025-01-29 18:30:21
1820,3197,100,2,REPAY,2,9.137574,,9.137574,2025-01-29 18:39:39
1821,3200,997,4,DEPOSIT,5,4963.193921,4963.193921,,2025-01-29 19:14:20
1822,3202,510,1,WITHDRAW,5,8876.523639,,,2025-01-29 19:18:24
1823,3204,99,3,REPAY,3,387.908736,,387.908736,2025-01-29 19:35:14
1824,3205,238,2,BORROW,3,4274.866896,5590.3121274564,4274.866896,2025-01-29 20:22:19
1825,3206,464,3,BORROW,2,9286.02528,17187.0524698696,9286.02528,2025-01-29 20:22:42
1826,3208,777,1,REPAY,4,273.952972,,273.952972,2025-01-29 20:37:23
1827,3209,855,4,REPAY,1,3996.716062,,3996.716062,2025-01-29 20:40:21
1828,3211,925,3,REPAY,3,2428.828675,,2428.828675,2025-01-29 20:43:34
1829,3212,905,4,LIQUIDATION,2,2161.616863,1907.8079029937,2161.616863,2025-01-29 20:46:47
1830,3214,402,2,DEPOSIT,3,8169.354318,8169.354318,,2025-01-29 21:41:24
1831,3215,498,3,BORROW,1,4421.926587,7196.2003478157,4421.926587,2025-01-29 21:42:40
1832,3217,571,2,WITHDRAW,4,8312.907258,,,2025-01-29 22:06:49
1833,3218,884,3,REPAY,1,130.763512,,130.763512,2025-01-29 22:10:27
1834,3219,145,4,REPAY,3,5263.701273,,5263.701273,2025-01-29 22:14:56
1835,3221,315,2,BORROW,2,4938.2573,7039.0961413047,4938.2573,2025-01-29 23:03:49
1836,3223,739,3,REPAY,5,3092.114775,,3092.114775,2025-01-29 23:24:12
1837,3225,622,4,DEPOSIT,2,4894.947915,4894.947915,,2025-01-29 23:33:39
1838,3226,888,4,DEPOSIT,4,5051.290408,5051.290408,,2025-01-29 23:42:01
1839,3227,5,4,REPAY,4,6019.987267,,6019.987267,2025-01-29 23:48:40
1840,3228,33,1,BORROW,4,9029.220614,18035.005977379,9029.220614,2025-01-29 23:53:06
1841,3230,194,1,DEPOSIT,1,1062.947851,1062.947851,,2025-01-30 01:00:20
1842,3232,756,2,DEPOSIT,3,728.907449,728.907449,,2025-01-30 01:23:01
1843,3237,801,1,DEPOSIT,4,9428.219853,9428.219853,,2025-01-30 03:20:43
1844,3238,426,3,LIQUIDATION,1,5499.293417,4826.2759816973,5499.293417,2025-01-30 03:23:55
1845,3241,547,1,LIQUIDATION,5,2175.576436,2142.5071207157,2175.576436,2025-01-30 03:28:07
1846,3242,690,4,REPAY,1,5868.036301,,5868.036301,2025-01-30 03:55:14
1847,3244,977,4,WITHDRAW,3,1779.052953,,,2025-01-30 04:06:43
1848,3249,807,1,REPAY,4,62.949558,,62.949558,2025-01-30 05:15:12
1849,3251,490,1,REPAY,3,85.753658,,85.753658,2025-01-30 05:22:18
1850,3253,750,2,LIQUIDATION,4,2818.289157,3077.8586464851,2818.289157,2025-01-30 05:41:24
1851,3255,690,1,BORROW,1,3192.585569,4043.0102359515,3192.585569,2025-01-30 05:56:25
1852,3257,581,2,WITHDRAW,3,7607.723856,,,2025-01-30 06:31:20
1853,3258,389,2,BORROW,1,1983.983901,2622.4776409709,1983.983901,2025-01-30 06:32:04
1854,3259,460,3,BORROW,5,3232.713781,6671.9752485757,3232.713781,2025-01-30 06:40:42
1855,3260,781,3,BORROW,5,385.529371,551.8466303542,385.529371,2025-01-30 07:29:15
1856,3263,951,4,WITHDRAW,1,4147.989847,,,2025-01-30 08:19:11
1857,3266,953,2,WITHDRAW,3,3943.713639,,,2025-01-30 08:56:41
1858,3267,935,1,DEPOSIT,5,4016.431593,4016.431593,,2025-01-30 09:27:16
1859,3268,489,1,REPAY,1,1394.950748,,1394.950748,2025-01-30 09:29:03
1860,3270,455,1,REPAY,3,177.472471,,177.472471,2025-01-30 09:43:14
1861,3271,612,1,WITHDRAW,3,5432.058989,,,2025-01-30 09:43:45
1862,3272,261,1,BORROW,1,9338.081411,17198.8775738192,9338.081411,2025-01-30 10:13:02
1863,3273,397,1,BORROW,1,1124.934408,1825.3458357515,1124.934408,2025-01-30 10:32:31
1864,3274,878,4,WITHDRAW,1,1631.705523,,,2025-01-30 10:33:34
1865,3275,390,1,WITHDRAW,3,316.220645,,,2025-01-30 10:50:10
1866,3276,666,2,WITHDRAW,3,7813.652711,,,2025-01-30 11:00:40
1867,3278,677,3,WITHDRAW,1,8786.558422,,,2025-01-30 11:18:41
1868,3280,436,1,WITHDRAW,2,7967.978843,,,2025-01-30 11:39:16
1869,3281,57,3,WITHDRAW,5,986.98626,,,2025-01-30 11:39:39
1870,3283,193,3,REPAY,4,5227.746355,,5227.746355,2025-01-30 12:36:33
1871,3286,557,4,DEPOSIT,4,5770.260265,5770.260265,,2025-01-30 13:33:58
1872,3288,650,4,REPAY,3,23.54968,,23.54968,2025-01-30 14:12:43
1873,3289,229,4,DEPOSIT,5,2493.607802,2493.607802,,2025-01-30 14:14:31
1874,3290,681,2,BORROW,3,857.381531,1278.1163529221,857.381531,2025-01-30 14:17:19
1875,3291,884,2,REPAY,1,130.190259,,130.190259,2025-01-30 14:20:13
1876,3293,22,1,DEPOSIT,3,5993.640544,5993.640544,,2025-01-30 14:40:53
1877,3296,739,4,DEPOSIT,2,5132.867737,5132.867737,,2025-01-30 15:38:38
1878,3297,546,4,DEPOSIT,1,5028.000522,5028.000522,,2025-01-30 15:48:15
1879,3300,3,3,REPAY,2,1751.855253,,1751.855253,2025-01-30 17:06:13
1880,3302,726,4,REPAY,3,474.648555,,474.648555,2025-01-30 17:15:29
1881,3303,804,2,BORROW,3,217.467724,287.6275032251,217.467724,2025-01-30 17:37:26
1882,3305,351,2,REPAY,3,87.811722,,87.811722,2025-01-30 17:55:31
1883,3306,891,3,BORROW,5,3653.050262,8132.1095127598,3653.050262,2025-01-30 17:57:07
1884,3307,507,2,WITHDRAW,5,3959.85796,,,2025-01-30 18:27:02
1885,3309,153,1,REPAY,1,913.82226,,913.82226,2025-01-30 19:17:27
1886,3310,337,2,WITHDRAW,1,8685.873287,,,2025-01-30 19:19:18
1887,3311,538,2,WITHDRAW,1,2119.180753,,,2025-01-30 19:20:43
1888,3312,877,4,BORROW,1,7874.986211,9863.1609009926,7874.986211,2025-01-30 19:46:51
1889,3314,492,3,LIQUIDATION,5,1194.35287,1186.1396525497,1194.35287,2025-01-30 20:11:05
1890,3315,211,1,REPAY,2,1691.99403,,1691.99403,2025-01-30 20:15:11
1891,3318,666,1,DEPOSIT,2,966.222428,966.222428,,2025-01-30 20:32:53
1892,3320,16,3,LIQUIDATION,2,1869.463435,1852.9827325746,1869.463435,2025-01-30 21:18:42
1893,3322,831,3,REPAY,2,5.114541,,5.114541,2025-01-30 21:48:13
1894,3323,288,2,REPAY,5,1461.510944,,1461.510944,2025-01-30 22:03:16
1895,3324,476,1,REPAY,3,1493.796986,,1493.796986,2025-01-30 22:18:17
1896,3326,715,1,BORROW,2,1088.705187,2270.4007240059,1088.705187,2025-01-30 22:20:05
1897,3327,714,3,REPAY,5,2103.666851,,2103.666851,2025-01-30 22:21:34
1898,3329,221,1,REPAY,2,150.201441,,150.201441,2025-01-30 22:35:50
1899,3330,53,2,REPAY,3,1.945885,,1.945885,2025-01-30 22:43:18
1900,3331,849,2,WITHDRAW,3,2992.556534,,,2025-01-30 22:45:05
1901,3332,369,4,WITHDRAW,1,9450.798479,,,2025-01-30 22:56:15
1902,3333,25,4,WITHDRAW,4,6246.47409,,,2025-01-30 22:58:56
1903,3334,163,4,BORROW,3,5532.457458,13220.7818707015,5532.457458,2025-01-30 23:04:12
1904,3335,240,1,WITHDRAW,3,9204.727682,,,2025-01-30 23:44:54
1905,3336,822,3,WITHDRAW,3,3225.115197,,,2025-01-31 00:05:03
1906,3340,324,1,REPAY,2,5494.383927,,5494.383927,2025-01-31 00:49:11
1907,3342,20,4,WITHDRAW,3,3599.911841,,,2025-01-31 01:04:05
1908,3343,14,3,REPAY,1,158.245369,,158.245369,2025-01-31 01:18:21
1909,3344,474,4,DEPOSIT,3,3516.558301,3516.558301,,2025-01-31 01:19:13
1910,3345,917,4,REPAY,3,2511.522394,,2511.522394,2025-01-31 01:26:48
1911,3348,617,1,BORROW,2,3448.163354,8349.1540650364,3448.163354,2025-01-31 02:28:15
1912,3349,871,3,BORROW,4,804.445874,1207.4229849055,804.445874,2025-01-31 02:31:29
1913,3353,925,1,REPAY,3,4645.069776,,4645.069776,2025-01-31 03:37:51
1914,3354,792,2,BORROW,1,8653.071243,19255.5513330968,8653.071243,2025-01-31 04:06:35
1915,3355,700,2,DEPOSIT,5,7813.592212,7813.592212,,2025-01-31 04:09:09
1916,3356,589,3,BORROW,3,9716.950176,22203.4355223492,9716.950176,2025-01-31 04:15:56
1917,3357,21,4,REPAY,3,2670.307916,,2670.307916,2025-01-31 04:38:30
1918,3358,415,2,LIQUIDATION,5,1089.213778,1019.8542914831,1089.213778,2025-01-31 04:52:41
1919,3360,429,2,WITHDRAW,4,4533.116017,,,2025-01-31 05:20:30
1920,3362,314,4,WITHDRAW,4,6945.05779,,,2025-01-31 05:41:46
1921,3363,84,2,DEPOSIT,3,3811.673544,3811.673544,,2025-01-31 05:48:22
1922,3365,364,1,WITHDRAW,3,271.317847,,,2025-01-31 06:26:19
1923,3366,806,4,BORROW,5,4900.873547,8553.7169082251,4900.873547,2025-01-31 06:26:46
1924,3369,289,3,BORROW,5,4637.080386,9850.7632674546,4637.080386,2025-01-31 06:58:18
1925,3370,646,3,REPAY,3,369.404444,,369.404444,2025-01-31 06:59:31
1926,3371,485,2,WITHDRAW,4,2427.83773,,,2025-01-31 07:15:39
1927,3372,4,3,WITHDRAW,1,9520.622473,,,2025-01-31 07:30:42
1928,3374,510,3,BORROW,5,8430.80787,15016.3547065942,8430.80787,2025-01-31 08:28:35
1929,3376,797,3,REPAY,3,2893.012024,,2893.012024,2025-01-31 08:49:10
1930,3378,822,4,REPAY,4,396.180122,,396.180122,2025-01-31 10:24:05
1931,3380,342,2,BORROW,4,3496.762369,5246.4567760005,3496.762369,2025-01-31 10:44:38
1932,3381,621,1,REPAY,4,1218.498839,,1218.498839,2025-01-31 10:55:33
1933,3382,686,1,BORROW,5,2047.098105,4127.4641091792,2047.098105,2025-01-31 11:20:04
1934,3383,755,2,BORROW,2,9474.72425,23169.194264364,9474.72425,2025-01-31 11:25:08
1935,3384,443,3,DEPOSIT,3,985.713926,985.713926,,2025-01-31 11:31:22
1936,3388,618,3,WITHDRAW,4,1550.288264,,,2025-01-31 11:50:17
1937,3389,572,3,DEPOSIT,3,8867.282454,8867.282454,,2025-01-31 12:09:24
1938,3390,486,3,REPAY,5,140.10157,,140.10157,2025-01-31 12:17:28
1939,3392,48,2,REPAY,2,123.861099,,123.861099,2025-01-31 13:07:03
1940,3394,736,2,DEPOSIT,5,7340.680139,7340.680139,,2025-01-31 13:44:44
1941,3395,275,4,REPAY,2,1556.613095,,1556.613095,2025-01-31 13:55:21
1942,3396,808,1,BORROW,3,4486.824252,6396.7511608519,4486.824252,2025-01-31 13:59:04
1943,3397,612,3,DEPOSIT,4,1834.583871,1834.583871,,2025-01-31 14:01:16
1944,3398,498,1,LIQUIDATION,5,4421.926587,3577.7033578488,4421.926587,2025-01-31 14:01:39
1945,3402,904,3,BORROW,3,3756.847324,9057.1953090393,3756.847324,2025-01-31 15:30:21
1946,3405,718,2,WITHDRAW,4,4536.910724,,,2025-01-31 16:03:31
1947,3407,424,2,REPAY,5,661.871231,,661.871231,2025-01-31 16:15:23
1948,3408,268,4,BORROW,1,865.720592,1760.0284503635,865.720592,2025-01-31 16:32:45
1949,3409,710,2,WITHDRAW,1,9156.342772,,,2025-01-31 16:33:24
1950,3411,806,3,LIQUIDATION,3,4900.873547,5056.9523093239,4900.873547,2025-01-31 17:08:15
1951,3412,945,4,REPAY,3,8.409916,,8.409916,2025-01-31 17:08:25
1952,3413,800,4,BORROW,3,9967.230127,16616.9162977461,9967.230127,2025-01-31 17:09:20
1953,3416,425,3,DEPOSIT,4,8528.809474,8528.809474,,2025-01-31 17:44:34
1954,3418,378,4,REPAY,1,3304.61861,,3304.61861,2025-01-31 18:08:34
1955,3419,44,4,REPAY,5,81.368797,,81.368797,2025-01-31 18:21:40
1956,3421,506,1,REPAY,5,2948.516521,,2948.516521,2025-01-31 19:09:18
1957,3422,127,2,DEPOSIT,4,4112.963309,4112.963309,,2025-01-31 19:10:58
1958,3423,455,4,REPAY,1,83.302529,,83.302529,2025-01-31 19:49:39
1959,3424,896,1,REPAY,4,894.387089,,894.387089,2025-01-31 19:49:51
1960,3425,924,4,REPAY,5,657.252973,,657.252973,2025-01-31 19:58:27
1961,3427,39,4,BORROW,4,237.634169,593.2305917293,237.634169,2025-01-31 20:53:19
1962,3430,500,2,BORROW,1,8003.968281,15358.2349933052,8003.968281,2025-01-31 21:32:28
1963,3432,181,2,DEPOSIT,5,1970.827432,1970.827432,,2025-01-31 21:53:39
1964,3433,288,1,REPAY,5,13.289144,,13.289144,2025-01-31 22:00:24
1965,3435,93,4,DEPOSIT,3,7977.997076,7977.997076,,2025-01-31 22:14:09
1966,3436,761,1,BORROW,5,1572.346577,2633.8115105709,1572.346577,2025-01-31 22:31:50
1967,3440,946,2,REPAY,1,7397.79327,,7397.79327,2025-01-31 22:50:11
1968,3441,500,2,REPAY,1,2081.111986,,2081.111986,2025-01-31 23:03:29
1969,3442,563,3,WITHDRAW,4,193.229885,,,2025-01-31 23:54:19
1970,3447,700,1,BORROW,3,2917.81689,6779.5049564728,2917.81689,2025-02-01 01:40:05
1971,3449,543,4,REPAY,4,916.992725,,916.992725,2025-02-01 02:17:11
1972,3450,967,1,REPAY,1,1695.89256,,1695.89256,2025-02-01 02:42:46
1973,3453,380,1,WITHDRAW,3,3202.832729,,,2025-02-01 03:06:37
1974,3455,371,1,BORROW,5,8784.681814,12195.3347631067,8784.681814,2025-02-01 03:15:14
1975,3456,368,2,WITHDRAW,1,230.436927,,,2025-02-01 03:15:16
1976,3458,218,4,DEPOSIT,4,7004.572363,7004.572363,,2025-02-01 03:23:42
1977,3459,586,2,REPAY,4,825.102975,,825.102975,2025-02-01 03:36:06
1978,3460,959,1,REPAY,2,126.624008,,126.624008,2025-02-01 04:15:05
1979,3461,831,1,REPAY,3,8.071321,,8.071321,2025-02-01 04:22:37
1980,3463,891,3,REPAY,4,6151.724909,,6151.724909,2025-02-01 04:51:56
1981,3464,757,3,DEPOSIT,5,3734.597782,3734.597782,,2025-02-01 05:05:36
1982,3465,33,2,WITHDRAW,4,7899.838593,,,2025-02-01 05:20:06
1983,3466,633,2,REPAY,4,113.214068,,113.214068,2025-02-01 05:46:21
1984,3467,9,2,BORROW,2,8148.072396,10261.5044718778,8148.072396,2025-02-01 05:52:09
1985,3468,246,4,BORROW,5,140.266639,345.473900698,140.266639,2025-02-01 05:58:58
1986,3472,211,1,REPAY,5,1562.743007,,1562.743007,2025-02-01 06:47:50
1987,3474,371,2,REPAY,4,1703.186048,,1703.186048,2025-02-01 07:16:48
1988,3476,15,1,WITHDRAW,4,8753.683971,,,2025-02-01 07:21:13
1989,3477,745,3,REPAY,5,65.129439,,65.129439,2025-02-01 07:27:43
1990,3478,795,2,BORROW,4,1652.149973,3463.5626984163,1652.149973,2025-02-01 07:30:05
1991,3479,806,2,DEPOSIT,1,1241.879256,1241.879256,,2025-02-01 07:52:05
1992,3480,573,3,DEPOSIT,3,2581.542613,2581.542613,,2025-02-01 07:52:35
1993,3481,46,2,DEPOSIT,3,1932.051318,1932.051318,,2025-02-01 08:01:21
1994,3484,488,4,REPAY,1,3824.680357,,3824.680357,2025-02-01 08:15:16
1995,3485,537,2,WITHDRAW,3,4393.763547,,,2025-02-01 08:18:22
1996,3487,652,2,LIQUIDATION,4,6875.334262,5886.9637532569,6875.334262,2025-02-01 10:01:11
1997,3488,997,4,WITHDRAW,3,9822.027403,,,2025-02-01 10:03:21
1998,3489,989,4,REPAY,1,297.059422,,297.059422,2025-02-01 10:12:09
1999,3490,40,4,WITHDRAW,4,4352.656928,,,2025-02-01 10:26:23
2000,3495,631,1,REPAY,1,1403.593023,,1403.593023,2025-02-01 11:23:31
2001,3496,168,4,WITHDRAW,2,6712.487188,,,2025-02-01 11:24:31
2002,3497,823,4,BORROW,5,1464.484155,2465.711644785,1464.484155,2025-02-01 11:33:10
2003,3498,514,4,REPAY,4,1504.622365,,1504.622365,2025-02-01 12:16:46
2004,3499,510,3,REPAY,5,2366.477643,,2366.477643,2025-02-01 12:39:48
2005,3502,600,1,REPAY,5,822.292186,,822.292186,2025-02-01 13:16:41
2006,3503,109,3,REPAY,5,1899.030943,,1899.030943,2025-02-01 13:18:51
2007,3504,56,4,WITHDRAW,3,1311.627533,,,2025-02-01 13:31:57
2008,3505,883,3,DEPOSIT,1,1817.170444,1817.170444,,2025-02-01 13:45:35
2009,3506,564,1,WITHDRAW,2,4995.758072,,,2025-02-01 13:48:09
2010,3507,407,1,DEPOSIT,4,468.03152,468.03152,,2025-02-01 14:02:03
2011,3508,684,2,WITHDRAW,1,6692.766717,,,2025-02-01 14:02:13
2012,3511,365,2,BORROW,3,2916.034551,6218.4550518541,2916.034551,2025-02-01 14:54:08
2013,3512,82,1,BORROW,4,1653.926786,2993.7278503947,1653.926786,2025-02-01 14:55:23
2014,3513,197,4,WITHDRAW,5,3440.184284,,,2025-02-01 15:05:23
2015,3514,325,3,REPAY,1,539.6052,,539.6052,2025-02-01 15:12:12
2016,3515,809,2,DEPOSIT,2,506.84127,506.84127,,2025-02-01 15:15:21
2017,3520,889,3,WITHDRAW,2,1036.717156,,,2025-02-01 16:53:27
2018,3521,920,4,BORROW,5,5634.460051,13477.0647967074,5634.460051,2025-02-01 16:58:53
2019,3523,519,2,DEPOSIT,1,2849.015852,2849.015852,,2025-02-01 17:07:24
2020,3524,373,3,BORROW,5,2363.088267,3571.2200486592,2363.088267,2025-02-01 17:13:42
2021,3525,359,3,REPAY,2,1351.071713,,1351.071713,2025-02-01 18:01:43
2022,3526,479,1,BORROW,2,9405.897503,22695.5097137432,9405.897503,2025-02-01 18:09:54
2023,3527,300,3,WITHDRAW,5,8570.258558,,,2025-02-01 18:13:16
2024,3531,26,4,DEPOSIT,2,6690.623044,6690.623044,,2025-02-01 19:30:55
2025,3532,262,2,WITHDRAW,2,4279.851446,,,2025-02-01 20:16:03
2026,3534,657,4,REPAY,5,4977.204734,,4977.204734,2025-02-01 20:29:46
2027,3535,196,4,DEPOSIT,2,5661.466562,5661.466562,,2025-02-01 20:50:18
2028,3536,284,2,WITHDRAW,5,9818.185733,,,2025-02-01 20:58:03
2029,3539,506,2,REPAY,3,298.57911,,298.57911,2025-02-01 21:12:37
2030,3540,964,3,REPAY,2,1809.741901,,1809.741901,2025-02-01 21:24:19
2031,3542,176,4,DEPOSIT,3,573.447232,573.447232,,2025-02-01 21:56:44
2032,3545,892,2,REPAY,4,304.545782,,304.545782,2025-02-01 22:46:50
2033,3546,325,2,REPAY,3,125.321899,,125.321899,2025-02-01 22:47:55
2034,3547,138,4,REPAY,3,6423.32693,,6423.32693,2025-02-01 23:21:27
2035,3548,307,3,BORROW,5,8111.201948,10810.691973566,8111.201948,2025-02-01 23:51:58
2036,3551,786,3,WITHDRAW,1,4510.164107,,,2025-02-02 00:12:21
2037,3552,541,1,BORROW,4,3272.888325,3989.1857839192,3272.888325,2025-02-02 00:24:46
2038,3553,91,2,REPAY,1,1224.303267,,1224.303267,2025-02-02 00:52:49
2039,3557,473,3,WITHDRAW,4,7463.034772,,,2025-02-02 02:32:59
2040,3558,659,1,WITHDRAW,1,3382.247975,,,2025-02-02 02:50:16
2041,3559,812,2,DEPOSIT,2,554.608956,554.608956,,2025-02-02 03:22:14
2042,3561,854,2,WITHDRAW,4,8365.241227,,,2025-02-02 03:43:01
2043,3565,591,1,BORROW,1,4655.199481,5903.1820308722,4655.199481,2025-02-02 03:59:58
2044,3568,154,1,WITHDRAW,2,5136.023849,,,2025-02-02 05:21:46
2045,3569,730,2,WITHDRAW,5,2567.092287,,,2025-02-02 05:28:25
2046,3571,240,4,BORROW,1,741.545457,1511.9989007151,741.545457,2025-02-02 06:05:12
2047,3573,879,3,DEPOSIT,1,3824.761365,3824.761365,,2025-02-02 06:09:29
2048,3574,284,2,BORROW,2,9479.743043,13301.6730949516,9479.743043,2025-02-02 06:12:14
2049,3575,624,2,WITHDRAW,1,4499.30951,,,2025-02-02 06:32:02
2050,3577,242,1,REPAY,2,99.603461,,99.603461,2025-02-02 07:11:36
2051,3578,525,1,DEPOSIT,4,273.069264,273.069264,,2025-02-02 07:12:25
2052,3580,101,2,REPAY,3,4097.607855,,4097.607855,2025-02-02 07:24:32
2053,3582,639,4,WITHDRAW,1,8270.382337,,,2025-02-02 07:53:01
2054,3583,881,4,BORROW,4,1050.569223,2084.1199952593,1050.569223,2025-02-02 08:06:36
2055,3585,351,2,REPAY,3,13.45558,,13.45558,2025-02-02 08:37:26
2056,3586,492,3,BORROW,5,7046.481978,16909.6623139221,7046.481978,2025-02-02 09:02:17
2057,3587,61,1,LIQUIDATION,3,4580.36874,5240.7283029867,4580.36874,2025-02-02 09:07:38
2058,3593,632,3,REPAY,3,2.465415,,2.465415,2025-02-02 09:51:32
2059,3594,94,1,DEPOSIT,1,3140.361705,3140.361705,,2025-02-02 09:58:26
2060,3595,284,1,REPAY,3,2745.797638,,2745.797638,2025-02-02 09:58:35
2061,3597,507,3,BORROW,4,8982.559155,13035.1528203745,8982.559155,2025-02-02 10:22:13
2062,3598,735,2,REPAY,3,1213.705246,,1213.705246,2025-02-02 10:29:31
2063,3599,495,4,WITHDRAW,3,1666.147157,,,2025-02-02 10:29:47
2064,3600,383,3,LIQUIDATION,4,2.754984,2.2647982406,2.754984,2025-02-02 10:54:35
2065,3601,738,2,BORROW,3,6169.69353,9372.1549797443,6169.69353,2025-02-02 11:02:39
2066,3603,463,2,BORROW,4,6337.361501,15726.4576419476,6337.361501,2025-02-02 11:26:13
2067,3605,148,4,WITHDRAW,1,9936.233325,,,2025-02-02 11:35:47
2068,3607,786,4,WITHDRAW,3,4773.225466,,,2025-02-02 11:45:32
2069,3609,484,3,BORROW,1,2556.912353,4109.6588286646,2556.912353,2025-02-02 12:03:18
2070,3610,78,4,DEPOSIT,2,8012.509434,8012.509434,,2025-02-02 12:04:19
2071,3611,866,3,DEPOSIT,4,8066.295237,8066.295237,,2025-02-02 12:06:58
2072,3612,950,1,WITHDRAW,2,5421.105874,,,2025-02-02 12:17:48
2073,3614,531,4,BORROW,1,539.20999,1042.4540730106,539.20999,2025-02-02 12:57:30
2074,3616,738,1,LIQUIDATION,2,6169.69353,6736.4453415947,6169.69353,2025-02-02 13:38:23
2075,3619,935,4,DEPOSIT,5,6138.874987,6138.874987,,2025-02-02 14:24:43
2076,3620,561,4,REPAY,1,1292.012248,,1292.012248,2025-02-02 14:53:11
2077,3622,799,3,REPAY,5,660.611593,,660.611593,2025-02-02 15:10:58
2078,3623,789,2,LIQUIDATION,4,9214.440079,9263.6027848251,9214.440079,2025-02-02 15:23:59
2079,3624,442,4,DEPOSIT,4,8538.245737,8538.245737,,2025-02-02 15:39:49
2080,3626,525,4,DEPOSIT,1,5704.246857,5704.246857,,2025-02-02 15:54:38
2081,3630,110,1,LIQUIDATION,4,2638.455779,2183.3155205935,2638.455779,2025-02-02 16:41:43
2082,3632,171,1,BORROW,2,8584.650833,11058.0865062443,8584.650833,2025-02-02 17:02:58
2083,3634,20,2,WITHDRAW,4,7579.797823,,,2025-02-02 17:19:40
2084,3636,580,3,REPAY,1,425.778419,,425.778419,2025-02-02 17:28:05
2085,3639,978,3,REPAY,2,547.16603,,547.16603,2025-02-02 17:55:01
2086,3642,886,3,WITHDRAW,2,9754.88582,,,2025-02-02 18:54:33
2087,3643,207,4,REPAY,4,2758.150991,,2758.150991,2025-02-02 19:22:48
2088,3644,394,3,LIQUIDATION,5,8852.152366,9668.4820281006,8852.152366,2025-02-02 19:31:33
2089,3645,104,1,WITHDRAW,1,286.368389,,,2025-02-02 19:57:58
2090,3647,6,3,BORROW,3,8685.75075,16703.9380176483,8685.75075,2025-02-02 20:29:14
2091,3649,613,2,BORROW,2,121.687216,163.5567061636,121.687216,2025-02-02 20:47:12
2092,3650,535,1,REPAY,4,2431.226146,,2431.226146,2025-02-02 20:47:19
2093,3652,363,4,REPAY,1,6.215884,,6.215884,2025-02-02 21:05:31
2094,3654,892,1,DEPOSIT,2,1430.406508,1430.406508,,2025-02-02 21:50:51
2095,3657,703,3,WITHDRAW,3,2186.649818,,,2025-02-02 22:18:49
2096,3658,364,1,BORROW,5,592.431042,905.3755948501,592.431042,2025-02-02 22:56:29
2097,3661,963,1,REPAY,5,362.342936,,362.342936,2025-02-02 23:38:06
2098,3664,461,1,WITHDRAW,5,9075.73337,,,2025-02-03 00:19:11
2099,3665,273,4,REPAY,2,5790.930148,,5790.930148,2025-02-03 00:44:51
2100,3667,926,2,WITHDRAW,5,8015.515398,,,2025-02-03 01:08:58
2101,3669,492,3,LIQUIDATION,4,7046.481978,8395.0996828773,7046.481978,2025-02-03 01:44:49
2102,3671,159,2,WITHDRAW,5,5151.268255,,,2025-02-03 02:10:07
2103,3672,644,2,WITHDRAW,3,5291.839673,,,2025-02-03 02:10:17
2104,3673,145,4,LIQUIDATION,2,505.661559,515.6680315171,505.661559,2025-02-03 02:16:31
2105,3674,781,3,WITHDRAW,1,1864.906862,,,2025-02-03 02:28:09
2106,3675,903,2,BORROW,3,249.617627,352.7709149905,249.617627,2025-02-03 02:28:51
2107,3676,752,2,REPAY,1,3961.444588,,3961.444588,2025-02-03 02:30:46
2108,3679,497,3,WITHDRAW,3,9362.705491,,,2025-02-03 02:53:55
2109,3680,967,2,REPAY,3,98.885342,,98.885342,2025-02-03 03:00:10
2110,3684,81,4,WITHDRAW,3,4060.941953,,,2025-02-03 03:37:21
2111,3686,877,4,LIQUIDATION,5,7874.986211,6720.8601055648,7874.986211,2025-02-03 03:44:26
2112,3687,657,1,REPAY,3,2594.087028,,2594.087028,2025-02-03 03:52:17
2113,3688,275,4,REPAY,2,510.054497,,510.054497,2025-02-03 03:59:34
2114,3689,47,3,WITHDRAW,5,1935.854983,,,2025-02-03 04:08:08
2115,3690,494,2,WITHDRAW,5,4146.402882,,,2025-02-03 04:22:54
2116,3691,473,3,BORROW,2,4666.506478,7142.8940563008,4666.506478,2025-02-03 05:03:12
2117,3695,128,4,LIQUIDATION,3,8985.612751,9067.6634681612,8985.612751,2025-02-03 05:51:21
2118,3696,924,3,REPAY,1,1901.543339,,1901.543339,2025-02-03 06:08:16
2119,3697,973,2,REPAY,4,238.681217,,238.681217,2025-02-03 06:11:57
2120,3698,211,4,REPAY,5,75.983091,,75.983091,2025-02-03 06:30:28
2121,3699,269,1,DEPOSIT,5,1907.952264,1907.952264,,2025-02-03 06:35:40
2122,3700,756,3,DEPOSIT,1,3400.235118,3400.235118,,2025-02-03 06:42:19
2123,3701,658,1,DEPOSIT,3,6548.77536,6548.77536,,2025-02-03 06:53:31
2124,3704,675,2,REPAY,5,63.876284,,63.876284,2025-02-03 08:20:41
2125,3705,65,3,DEPOSIT,2,735.975058,735.975058,,2025-02-03 08:21:10
2126,3708,428,2,REPAY,5,1296.25956,,1296.25956,2025-02-03 08:45:57
2127,3710,978,3,REPAY,5,4.237599,,4.237599,2025-02-03 09:53:49
2128,3712,425,3,BORROW,1,4374.968986,9710.2912115792,4374.968986,2025-02-03 10:32:36
2129,3713,771,4,LIQUIDATION,1,10851.69865,11099.0175084053,10851.69865,2025-02-03 10:44:18
2130,3717,492,4,WITHDRAW,2,4597.32756,,,2025-02-03 11:50:51
2131,3718,777,4,DEPOSIT,2,5577.744431,5577.744431,,2025-02-03 12:02:11
2132,3719,792,3,REPAY,4,5883.867554,,5883.867554,2025-02-03 12:18:19
2133,3720,726,4,REPAY,3,851.196487,,851.196487,2025-02-03 12:38:13
2134,3722,518,2,LIQUIDATION,1,2822.694665,3007.020001389,2822.694665,2025-02-03 13:20:23
2135,3723,580,4,REPAY,5,488.65099,,488.65099,2025-02-03 13:40:27
2136,3725,633,1,WITHDRAW,4,7235.611241,,,2025-02-03 14:02:59
2137,3726,214,2,REPAY,1,1326.606372,,1326.606372,2025-02-03 14:05:25
2138,3728,385,4,WITHDRAW,1,7769.22165,,,2025-02-03 15:05:18
2139,3729,940,2,WITHDRAW,5,6250.208469,,,2025-02-03 15:10:24
2140,3731,964,3,LIQUIDATION,4,356.175989,393.7181258748,356.175989,2025-02-03 15:35:42
2141,3732,388,1,REPAY,1,76.654311,,76.654311,2025-02-03 15:38:44
2142,3735,418,3,WITHDRAW,1,1944.849983,,,2025-02-03 16:28:15
2143,3736,824,4,REPAY,3,74.001094,,74.001094,2025-02-03 16:44:11
2144,3737,301,4,LIQUIDATION,4,4721.833288,4246.8621853207,4721.833288,2025-02-03 16:56:32
2145,3739,560,4,DEPOSIT,5,5887.971919,5887.971919,,2025-02-03 17:16:08
2146,3740,801,4,DEPOSIT,1,7580.406224,7580.406224,,2025-02-03 17:23:16
2147,3742,761,1,WITHDRAW,5,8660.781521,,,2025-02-03 17:34:52
2148,3743,214,3,REPAY,3,68.464308,,68.464308,2025-02-03 17:40:29
2149,3745,351,4,REPAY,5,5.397386,,5.397386,2025-02-03 17:56:38
2150,3746,964,2,BORROW,4,4476.398415,8806.7583065417,4476.398415,2025-02-03 18:11:55
2151,3747,989,4,REPAY,2,3.517621,,3.517621,2025-02-03 18:16:56
2152,3748,621,2,REPAY,2,800.283854,,800.283854,2025-02-03 18:53:21
2153,3750,829,3,BORROW,5,3411.380221,4561.9014233044,3411.380221,2025-02-03 19:19:22
2154,3751,640,2,REPAY,3,100.934877,,100.934877,2025-02-03 19:34:55
2155,3754,935,2,WITHDRAW,1,3242.285541,,,2025-02-03 21:00:39
2156,3755,293,3,DEPOSIT,3,4669.983325,4669.983325,,2025-02-03 21:12:25
2157,3756,371,4,REPAY,2,4281.813817,,4281.813817,2025-02-03 21:12:51
2158,3758,252,1,WITHDRAW,4,2399.944944,,,2025-02-03 21:27:25
2159,3761,221,3,REPAY,2,76.105947,,76.105947,2025-02-03 22:10:09
2160,3764,576,2,BORROW,1,1509.894339,3185.9455919979,1509.894339,2025-02-03 22:41:35
2161,3766,499,4,DEPOSIT,2,2976.461647,2976.461647,,2025-02-03 23:20:11
2162,3767,263,1,DEPOSIT,3,1328.240782,1328.240782,,2025-02-03 23:37:06
2163,3769,168,2,WITHDRAW,5,8229.958854,,,2025-02-03 23:51:39
2164,3771,898,2,REPAY,3,1.704272,,1.704272,2025-02-04 00:08:51
2165,3772,126,3,DEPOSIT,3,6954.956769,6954.956769,,2025-02-04 00:10:47
2166,3773,1000,4,REPAY,2,153.610545,,153.610545,2025-02-04 00:16:40
2167,3774,871,2,LIQUIDATION,2,804.445874,775.2633048605,804.445874,2025-02-04 00:32:32
2168,3775,862,3,BORROW,5,2639.326807,5401.4902404269,2639.326807,2025-02-04 00:38:52
2169,3776,86,3,WITHDRAW,2,539.963639,,,2025-02-04 00:48:19
2170,3778,847,4,BORROW,3,3757.604058,7544.4377330748,3757.604058,2025-02-04 01:06:06
2171,3779,766,2,BORROW,1,7632.352555,18033.1040689461,7632.352555,2025-02-04 01:11:52
2172,3781,178,1,REPAY,5,249.716971,,249.716971,2025-02-04 01:21:51
2173,3782,218,2,WITHDRAW,3,3435.086802,,,2025-02-04 01:25:13
2174,3784,255,1,DEPOSIT,3,2456.18868,2456.18868,,2025-02-04 02:01:25
2175,3787,61,4,BORROW,1,1175.630939,2445.0293046239,1175.630939,2025-02-04 02:34:09
2176,3788,790,2,REPAY,4,757.33198,,757.33198,2025-02-04 02:49:05
2177,3790,561,3,LIQUIDATION,3,351.19641,378.052022258,351.19641,2025-02-04 03:08:53
2178,3791,169,1,DEPOSIT,2,5754.159845,5754.159845,,2025-02-04 03:14:05
2179,3792,574,3,BORROW,1,6876.949294,13285.4801113615,6876.949294,2025-02-04 03:21:06
2180,3793,778,2,REPAY,2,7266.137133,,7266.137133,2025-02-04 03:41:44
2181,3795,910,4,DEPOSIT,3,7968.612422,7968.612422,,2025-02-04 04:34:48
2182,3796,225,2,WITHDRAW,5,6027.599916,,,2025-02-04 04:41:13
2183,3798,944,3,WITHDRAW,1,4828.146034,,,2025-02-04 04:44:04
2184,3800,659,3,DEPOSIT,5,4048.080298,4048.080298,,2025-02-04 05:07:32
2185,3802,479,2,LIQUIDATION,2,23229.894227,19018.2417299291,23229.894227,2025-02-04 06:05:22
2186,3804,36,1,WITHDRAW,2,2528.310724,,,2025-02-04 06:41:53
2187,3805,908,1,REPAY,5,3016.814896,,3016.814896,2025-02-04 07:02:58
2188,3806,507,3,REPAY,2,5984.257754,,5984.257754,2025-02-04 07:06:03
2189,3807,699,4,DEPOSIT,5,816.258519,816.258519,,2025-02-04 07:13:33
2190,3808,1,1,BORROW,2,7597.172177,16165.8341978725,7597.172177,2025-02-04 07:35:07
2191,3809,626,3,DEPOSIT,4,9278.837598,9278.837598,,2025-02-04 07:38:45
2192,3810,796,1,BORROW,4,9911.010684,17134.602052144,9911.010684,2025-02-04 08:03:38
2193,3813,163,3,BORROW,4,787.709278,1084.6521765451,787.709278,2025-02-04 08:23:28
2194,3814,275,1,REPAY,4,870.118417,,870.118417,2025-02-04 08:26:58
2195,3815,99,3,REPAY,2,341.73067,,341.73067,2025-02-04 08:32:44
2196,3816,40,4,DEPOSIT,1,4547.669973,4547.669973,,2025-02-04 09:03:01
2197,3817,542,3,REPAY,1,7.356546,,7.356546,2025-02-04 09:14:39
2198,3820,374,2,BORROW,1,8075.005553,10795.1585572955,8075.005553,2025-02-04 09:49:23
2199,3821,746,3,LIQUIDATION,5,5198.352082,4816.6824480459,5198.352082,2025-02-04 09:58:56
2200,3822,854,2,WITHDRAW,5,7425.422356,,,2025-02-04 10:32:59
2201,3825,25,3,BORROW,4,3441.758364,7591.1381568179,3441.758364,2025-02-04 10:50:50
2202,3827,839,1,WITHDRAW,2,1932.666238,,,2025-02-04 10:53:12
2203,3828,487,2,REPAY,4,255.38489,,255.38489,2025-02-04 11:01:22
2204,3829,55,1,DEPOSIT,3,5357.310131,5357.310131,,2025-02-04 11:10:21
2205,3830,712,3,BORROW,2,5070.963839,10490.2947937603,5070.963839,2025-02-04 11:16:48
2206,3831,62,4,REPAY,4,33.925609,,33.925609,2025-02-04 11:35:59
2207,3833,426,2,WITHDRAW,3,861.623088,,,2025-02-04 11:50:39
2208,3836,861,2,REPAY,3,888.765769,,888.765769,2025-02-04 12:18:06
2209,3837,326,4,WITHDRAW,4,8114.306438,,,2025-02-04 12:40:02
2210,3838,91,2,BORROW,2,6600.212857,8903.6308624131,6600.212857,2025-02-04 13:06:42
2211,3839,693,1,WITHDRAW,3,6792.06414,,,2025-02-04 13:12:41
2212,3842,654,2,DEPOSIT,3,2308.738269,2308.738269,,2025-02-04 13:33:32
2213,3843,403,1,REPAY,5,27.227547,,27.227547,2025-02-04 13:35:25
2214,3844,329,1,DEPOSIT,4,6619.777889,6619.777889,,2025-02-04 13:35:52
2215,3848,397,4,LIQUIDATION,5,1124.934408,1077.4287885698,1124.934408,2025-02-04 14:17:09
2216,3850,495,3,BORROW,2,1132.054884,2823.3628221987,1132.054884,2025-02-04 15:03:21
2217,3851,42,2,REPAY,5,179.586287,,179.586287,2025-02-04 15:28:40
2218,3853,403,3,REPAY,1,23.083527,,23.083527,2025-02-04 15:44:50
2219,3854,268,2,REPAY,3,748.677601,,748.677601,2025-02-04 15:48:13
2220,3856,473,3,REPAY,2,1973.970157,,1973.970157,2025-02-04 16:26:27
2221,3857,855,3,BORROW,4,6861.207729,9115.0042624785,6861.207729,2025-02-04 16:31:01
2222,3858,430,1,REPAY,3,2235.64311,,2235.64311,2025-02-04 16:41:43
2223,3859,447,2,BORROW,5,2045.425664,3473.0672345808,2045.425664,2025-02-04 16:53:37
2224,3861,550,3,WITHDRAW,2,8071.187827,,,2025-02-04 17:11:44
2225,3863,670,2,REPAY,4,123.093574,,123.093574,2025-02-04 17:19:24
2226,3864,849,3,WITHDRAW,2,5202.576937,,,2025-02-04 17:27:09
2227,3865,102,1,BORROW,4,1441.08103,3135.6045758581,1441.08103,2025-02-04 17:34:46
2228,3867,278,1,WITHDRAW,3,9122.329966,,,2025-02-04 17:43:28
2229,3870,130,4,REPAY,5,327.714012,,327.714012,2025-02-04 18:11:36
2230,3874,742,2,DEPOSIT,1,110.708411,110.708411,,2025-02-04 18:52:37
2231,3877,859,2,WITHDRAW,4,6200.308748,,,2025-02-04 19:26:38
2232,3878,316,4,WITHDRAW,5,2174.433726,,,2025-02-04 19:35:09
2233,3879,598,4,WITHDRAW,2,6452.204512,,,2025-02-04 19:47:19
2234,3880,91,2,LIQUIDATION,2,12151.907092,13309.8648689222,12151.907092,2025-02-04 19:48:18
2235,3882,624,1,BORROW,4,6659.858904,9667.255032066,6659.858904,2025-02-04 19:56:06
2236,3884,686,3,WITHDRAW,5,654.197873,,,2025-02-04 20:07:28
2237,3885,161,1,REPAY,5,482.554967,,482.554967,2025-02-04 20:36:51
2238,3886,73,4,DEPOSIT,1,6267.080435,6267.080435,,2025-02-04 20:46:25
2239,3887,309,3,REPAY,5,80.916744,,80.916744,2025-02-04 20:50:13
2240,3888,189,3,DEPOSIT,4,7352.84162,7352.84162,,2025-02-04 20:53:40
2241,3890,293,4,WITHDRAW,3,3221.886088,,,2025-02-04 21:39:53
2242,3891,353,1,WITHDRAW,4,7025.003611,,,2025-02-04 21:47:43
2243,3892,747,3,LIQUIDATION,1,6397.498635,6522.2041772933,6397.498635,2025-02-04 21:54:59
2244,3893,800,3,LIQUIDATION,2,9967.230127,10063.5692176752,9967.230127,2025-02-04 21:56:49
2245,3894,700,1,LIQUIDATION,4,2917.81689,3325.6838486916,2917.81689,2025-02-04 21:57:31
2246,3895,710,2,BORROW,4,3151.82577,7639.0684232568,3151.82577,2025-02-04 22:00:09
2247,3896,962,4,WITHDRAW,3,4849.133213,,,2025-02-04 22:16:52
2248,3897,981,3,REPAY,2,2506.605246,,2506.605246,2025-02-04 22:20:40
2249,3898,633,2,BORROW,4,2743.643007,4010.7990521829,2743.643007,2025-02-04 22:24:52
2250,3900,489,4,REPAY,2,7273.885577,,7273.885577,2025-02-04 22:28:04
2251,3902,898,4,REPAY,4,0.122691,,0.122691,2025-02-04 22:31:17
2252,3903,674,4,WITHDRAW,5,1124.552094,,,2025-02-04 22:34:11
2253,3904,361,2,DEPOSIT,3,2394.300955,2394.300955,,2025-02-04 22:46:25
2254,3905,600,3,REPAY,5,188.831489,,188.831489,2025-02-04 22:51:46
2255,3908,661,3,WITHDRAW,5,3263.666451,,,2025-02-05 00:08:05
2256,3909,962,3,REPAY,2,0.028282,,0.028282,2025-02-05 00:31:24
2257,3913,211,4,REPAY,4,131.61536,,131.61536,2025-02-05 00:45:21
2258,3914,518,1,BORROW,4,7036.049216,16798.1549259519,7036.049216,2025-02-05 00:48:10
2259,3915,393,1,LIQUIDATION,3,2260.034309,1988.5198407961,2260.034309,2025-02-05 01:13:41
2260,3916,634,4,REPAY,1,6084.680444,,6084.680444,2025-02-05 01:30:42
2261,3917,881,1,BORROW,4,3768.042798,8504.5587318498,3768.042798,2025-02-05 01:37:35
2262,3918,144,3,WITHDRAW,5,9265.109505,,,2025-02-05 01:39:39
2263,3921,242,2,DEPOSIT,2,8110.957373,8110.957373,,2025-02-05 01:57:21
2264,3925,762,4,BORROW,4,2400.919385,4222.6555147643,2400.919385,2025-02-05 02:37:54
2265,3926,697,2,REPAY,4,1177.030847,,1177.030847,2025-02-05 02:48:54
2266,3930,373,2,LIQUIDATION,1,3609.621933,4283.1306157296,3609.621933,2025-02-05 04:37:50
2267,3931,671,1,WITHDRAW,3,8916.90641,,,2025-02-05 04:44:05
2268,3932,919,1,DEPOSIT,1,9934.190987,9934.190987,,2025-02-05 04:44:07
2269,3933,672,3,DEPOSIT,4,8457.964822,8457.964822,,2025-02-05 05:11:22
2270,3934,504,4,LIQUIDATION,3,5.425696,4.6078556765,5.425696,2025-02-05 05:13:27
2271,3935,343,4,LIQUIDATION,3,6801.225021,6443.978310597,6801.225021,2025-02-05 05:39:17
2272,3938,862,2,REPAY,4,3275.72701,,3275.72701,2025-02-05 06:20:05
2273,3942,19,1,BORROW,2,5784.12266,11123.6124278733,5784.12266,2025-02-05 07:11:14
2274,3943,578,4,WITHDRAW,2,7590.413804,,,2025-02-05 07:35:11
2275,3945,162,3,DEPOSIT,1,29.768858,29.768858,,2025-02-05 07:39:55
2276,3947,708,1,DEPOSIT,1,974.129039,974.129039,,2025-02-05 08:06:30
2277,3948,176,3,BORROW,2,707.581785,984.307645319,707.581785,2025-02-05 08:33:44
2278,3954,502,4,WITHDRAW,2,1878.319461,,,2025-02-05 10:04:44
2279,3955,685,4,REPAY,4,1398.296076,,1398.296076,2025-02-05 10:09:35
2280,3958,168,4,DEPOSIT,1,1454.033503,1454.033503,,2025-02-05 11:14:13
2281,3959,723,1,WITHDRAW,1,9986.724528,,,2025-02-05 11:17:56
2282,3962,709,3,LIQUIDATION,4,8665.795412,9519.571213835,8665.795412,2025-02-05 11:50:14
2283,3963,567,2,DEPOSIT,2,7159.639623,7159.639623,,2025-02-05 12:13:59
2284,3964,374,1,REPAY,5,3280.962717,,3280.962717,2025-02-05 12:14:40
2285,3965,275,3,REPAY,5,28.769123,,28.769123,2025-02-05 12:47:36
2286,3967,910,3,BORROW,4,5079.257704,11244.8349164392,5079.257704,2025-02-05 13:09:37
2287,3968,478,1,DEPOSIT,2,2696.083202,2696.083202,,2025-02-05 13:12:04
2288,3970,962,3,REPAY,2,0.116465,,0.116465,2025-02-05 13:30:01
2289,3972,896,1,BORROW,3,1514.063494,3097.8413192516,1514.063494,2025-02-05 14:29:14
2290,3973,661,3,DEPOSIT,5,9497.150625,9497.150625,,2025-02-05 14:34:34
2291,3974,496,4,BORROW,2,8232.795912,18324.079948391,8232.795912,2025-02-05 14:54:44
2292,3976,306,4,DEPOSIT,2,721.245508,721.245508,,2025-02-05 15:23:02
2293,3978,933,2,BORROW,3,7293.404526,16929.3143065015,7293.404526,2025-02-05 16:17:19
2294,3980,64,3,DEPOSIT,4,2825.283034,2825.283034,,2025-02-05 16:56:17
2295,3981,239,4,BORROW,1,5289.587159,8244.8968397004,5289.587159,2025-02-05 16:58:18
2296,3982,38,3,BORROW,3,5284.742678,8240.1663649668,5284.742678,2025-02-05 17:05:59
2297,3983,305,4,REPAY,5,5.157895,,5.157895,2025-02-05 17:10:39
2298,3984,263,4,WITHDRAW,1,1703.789533,,,2025-02-05 17:23:33
2299,3986,272,1,BORROW,1,4638.361922,11458.2951308005,4638.361922,2025-02-05 17:42:24
2300,3988,397,4,BORROW,4,9669.993957,14635.0467950322,9669.993957,2025-02-05 17:48:40
2301,3989,272,3,REPAY,1,2146.74492,,2146.74492,2025-02-05 17:52:01
2302,3992,213,1,REPAY,3,9.018036,,9.018036,2025-02-05 18:38:29
2303,3993,334,4,LIQUIDATION,3,2900.230612,2359.8985206173,2900.230612,2025-02-05 18:41:34
2304,3995,330,3,REPAY,3,370.455462,,370.455462,2025-02-05 19:29:28
2305,3996,562,4,DEPOSIT,1,6745.790584,6745.790584,,2025-02-05 19:36:27
2306,3997,833,2,REPAY,1,4668.578091,,4668.578091,2025-02-05 19:48:59
2307,3998,967,1,REPAY,1,64.804537,,64.804537,2025-02-05 20:08:30
2308,4000,529,1,WITHDRAW,3,3360.955243,,,2025-02-05 20:25:22
2309,4001,820,3,REPAY,3,78.351704,,78.351704,2025-02-05 20:58:51
2310,4002,178,4,REPAY,4,22.86614,,22.86614,2025-02-05 21:05:02
2311,4003,86,2,BORROW,1,5698.710409,10317.377395952,5698.710409,2025-02-05 21:08:34
2312,4005,395,4,REPAY,1,412.808115,,412.808115,2025-02-05 21:16:01
2313,4006,56,1,DEPOSIT,3,7161.425243,7161.425243,,2025-02-05 21:25:00
2314,4007,781,2,REPAY,5,57.554201,,57.554201,2025-02-05 21:25:00
2315,4009,144,1,WITHDRAW,4,8817.322641,,,2025-02-05 21:38:56
2316,4011,761,4,WITHDRAW,4,2171.370463,,,2025-02-05 22:17:35
2317,4012,235,3,REPAY,5,3.827266,,3.827266,2025-02-05 22:31:47
2318,4015,518,4,REPAY,3,6580.915468,,6580.915468,2025-02-05 23:34:51
2319,4017,716,1,DEPOSIT,5,4407.776973,4407.776973,,2025-02-06 01:08:09
2320,4018,517,2,WITHDRAW,3,4136.441769,,,2025-02-06 01:13:59
2321,4019,138,3,REPAY,4,2318.804373,,2318.804373,2025-02-06 01:29:15
2322,4021,204,3,REPAY,4,1530.557583,,1530.557583,2025-02-06 01:40:29
2323,4022,636,4,BORROW,5,454.206702,755.7751742475,454.206702,2025-02-06 01:50:56
2324,4023,435,3,REPAY,4,770.739717,,770.739717,2025-02-06 02:25:34
2325,4024,791,2,WITHDRAW,3,2594.524604,,,2025-02-06 02:27:57
2326,4025,613,1,REPAY,5,30.872321,,30.872321,2025-02-06 02:31:55
2327,4026,733,1,LIQUIDATION,4,938.988258,891.7464501751,938.988258,2025-02-06 02:51:09
2328,4027,650,1,WITHDRAW,3,8129.29199,,,2025-02-06 03:02:48
2329,4028,26,3,REPAY,5,791.396889,,791.396889,2025-02-06 03:05:35
2330,4031,455,3,REPAY,3,21.920758,,21.920758,2025-02-06 03:43:05
2331,4032,391,3,LIQUIDATION,2,9182.585902,8466.4330825989,9182.585902,2025-02-06 03:45:02
2332,4033,340,3,WITHDRAW,5,3836.768258,,,2025-02-06 04:16:30
2333,4034,895,2,REPAY,2,30.452542,,30.452542,2025-02-06 04:18:40
2334,4035,898,2,REPAY,1,0.07361,,0.07361,2025-02-06 04:28:52
2335,4036,804,2,REPAY,2,152.806518,,152.806518,2025-02-06 04:37:33
2336,4037,660,3,DEPOSIT,1,4389.182838,4389.182838,,2025-02-06 04:41:13
2337,4038,314,2,DEPOSIT,1,6542.706989,6542.706989,,2025-02-06 04:46:04
2338,4039,163,3,REPAY,4,1579.056598,,1579.056598,2025-02-06 04:48:21
2339,4040,675,1,REPAY,2,331.181755,,331.181755,2025-02-06 05:20:04
2340,4041,841,4,BORROW,1,9459.723388,19320.5236187552,9459.723388,2025-02-06 05:24:36
2341,4042,637,2,DEPOSIT,3,7353.125265,7353.125265,,2025-02-06 05:32:22
2342,4046,727,2,WITHDRAW,3,231.373609,,,2025-02-06 07:02:36
2343,4047,107,4,DEPOSIT,5,5168.694408,5168.694408,,2025-02-06 07:17:45
2344,4048,528,2,DEPOSIT,2,9299.737377,9299.737377,,2025-02-06 07:22:26
2345,4049,621,3,REPAY,3,93.513438,,93.513438,2025-02-06 07:37:18
2346,4050,509,3,REPAY,4,1066.222724,,1066.222724,2025-02-06 07:56:33
2347,4051,316,1,BORROW,2,8225.724096,11350.7051933993,8225.724096,2025-02-06 07:58:18
2348,4053,796,4,LIQUIDATION,3,25047.184607,23647.2878382081,25047.184607,2025-02-06 08:11:14
2349,4054,915,4,DEPOSIT,2,8587.697746,8587.697746,,2025-02-06 08:11:36
2350,4057,717,4,BORROW,2,3087.16576,7196.3048625153,3087.16576,2025-02-06 09:14:56
2351,4059,401,3,BORROW,4,7682.307193,17398.1514574594,7682.307193,2025-02-06 10:00:56
2352,4060,744,2,BORROW,5,3341.297785,5527.6357556832,3341.297785,2025-02-06 10:32:41
2353,4061,870,2,WITHDRAW,4,4466.630108,,,2025-02-06 10:37:34
2354,4062,486,3,LIQUIDATION,4,804.36281,649.2165096861,804.36281,2025-02-06 10:56:58
2355,4064,664,4,REPAY,3,4013.329975,,4013.329975,2025-02-06 11:09:44
2356,4066,313,2,BORROW,5,6090.058517,14512.4620791059,6090.058517,2025-02-06 11:26:06
2357,4067,409,2,DEPOSIT,2,6861.533299,6861.533299,,2025-02-06 11:45:31
2358,4069,678,1,DEPOSIT,1,9449.216236,9449.216236,,2025-02-06 11:50:25
2359,4071,741,4,BORROW,5,721.49861,1395.2303319505,721.49861,2025-02-06 11:55:36
2360,4074,784,4,BORROW,4,7055.813394,9833.5425843273,7055.813394,2025-02-06 12:29:12
2361,4076,673,4,REPAY,4,1394.575908,,1394.575908,2025-02-06 12:54:16
2362,4078,217,2,REPAY,1,6533.390309,,6533.390309,2025-02-06 13:12:02
2363,4080,174,4,DEPOSIT,4,4800.391324,4800.391324,,2025-02-06 13:17:11
2364,4083,863,3,DEPOSIT,5,4607.937417,4607.937417,,2025-02-06 13:47:28
2365,4084,709,2,BORROW,3,6016.788946,7452.5224287161,6016.788946,2025-02-06 13:49:17
2366,4086,490,1,REPAY,1,64.889327,,64.889327,2025-02-06 14:07:44
2367,4088,462,4,REPAY,4,20.216923,,20.216923,2025-02-06 14:23:24
2368,4089,215,3,WITHDRAW,3,2445.448974,,,2025-02-06 14:48:16
2369,4090,166,3,WITHDRAW,2,2455.823483,,,2025-02-06 15:09:23
2370,4091,990,1,DEPOSIT,1,1613.357709,1613.357709,,2025-02-06 15:15:40
2371,4093,44,1,REPAY,4,5.377207,,5.377207,2025-02-06 15:58:48
2372,4094,566,1,LIQUIDATION,1,5265.984925,4276.2839899693,5265.984925,2025-02-06 16:05:33
2373,4098,198,1,DEPOSIT,4,2754.791158,2754.791158,,2025-02-06 16:54:06
2374,4099,631,1,REPAY,1,1476.098355,,1476.098355,2025-02-06 17:05:11
2375,4100,218,1,DEPOSIT,3,4314.35737,4314.35737,,2025-02-06 17:16:47
2376,4104,63,1,WITHDRAW,5,9500.707041,,,2025-02-06 18:53:57
2377,4105,32,3,BORROW,3,8714.695985,15729.7421155102,8714.695985,2025-02-06 18:56:58
2378,4106,788,2,BORROW,3,9184.772112,13345.9753499124,9184.772112,2025-02-06 18:58:06
2379,4107,201,1,DEPOSIT,1,9101.104277,9101.104277,,2025-02-06 19:21:19
2380,4108,647,1,DEPOSIT,2,7588.189681,7588.189681,,2025-02-06 19:26:47
2381,4109,611,1,DEPOSIT,1,2357.083675,2357.083675,,2025-02-06 19:43:13
2382,4110,325,3,REPAY,1,52.283584,,52.283584,2025-02-06 19:47:30
2383,4111,408,1,REPAY,1,0.397486,,0.397486,2025-02-06 20:25:10
2384,4112,349,4,WITHDRAW,2,190.264617,,,2025-02-06 20:29:03
2385,4113,373,4,WITHDRAW,3,2083.663922,,,2025-02-06 20:41:27
2386,4115,443,1,WITHDRAW,5,8642.890516,,,2025-02-06 20:48:03
2387,4117,750,1,BORROW,3,8449.591368,17573.0966623044,8449.591368,2025-02-06 21:04:07
2388,4118,775,1,WITHDRAW,3,814.712655,,,2025-02-06 21:23:26
2389,4119,581,2,BORROW,1,5179.620547,7433.5980164212,5179.620547,2025-02-06 21:31:48
2390,4122,15,2,BORROW,5,3332.966609,6274.2023337108,3332.966609,2025-02-06 22:14:41
2391,4123,333,1,WITHDRAW,5,1925.366436,,,2025-02-06 22:19:18
2392,4124,770,3,LIQUIDATION,1,6562.731293,6732.9803643307,6562.731293,2025-02-06 22:21:14
2393,4125,581,2,REPAY,3,3743.386699,,3743.386699,2025-02-06 22:27:02
2394,4126,565,3,BORROW,2,9753.040535,17141.8169648517,9753.040535,2025-02-06 23:19:19
2395,4129,742,2,WITHDRAW,2,6657.758873,,,2025-02-06 23:44:47
2396,4130,743,3,DEPOSIT,2,3275.016058,3275.016058,,2025-02-07 00:00:00
2397,4132,799,1,REPAY,4,1.743646,,1.743646,2025-02-07 00:09:06
2398,4134,872,3,WITHDRAW,2,7503.847036,,,2025-02-07 00:27:29
2399,4136,529,1,BORROW,1,862.461242,1175.8495388851,862.461242,2025-02-07 01:12:07
2400,4137,713,4,BORROW,4,5839.066947,8930.5665654816,5839.066947,2025-02-07 01:36:00
2401,4138,400,2,WITHDRAW,2,5488.039245,,,2025-02-07 01:43:33
2402,4139,315,4,REPAY,3,4453.496949,,4453.496949,2025-02-07 02:02:11
2403,4140,499,3,DEPOSIT,1,9814.223807,9814.223807,,2025-02-07 02:03:00
2404,4141,798,3,REPAY,5,804.892171,,804.892171,2025-02-07 02:08:21
2405,4143,88,4,REPAY,2,633.620861,,633.620861,2025-02-07 02:51:55
2406,4144,382,4,WITHDRAW,3,9052.67785,,,2025-02-07 02:52:07
2407,4148,659,3,WITHDRAW,4,7751.579665,,,2025-02-07 05:07:26
2408,4149,150,4,BORROW,3,5205.371096,9295.2930420951,5205.371096,2025-02-07 05:17:58
2409,4150,372,3,WITHDRAW,2,2279.079574,,,2025-02-07 05:25:05
2410,4152,86,1,REPAY,4,5516.75932,,5516.75932,2025-02-07 06:14:53
2411,4153,142,1,WITHDRAW,4,9424.840216,,,2025-02-07 06:19:55
2412,4154,577,4,REPAY,4,7.580364,,7.580364,2025-02-07 06:20:15
2413,4155,664,3,REPAY,2,15.254386,,15.254386,2025-02-07 06:23:36
2414,4156,633,4,REPAY,4,809.979717,,809.979717,2025-02-07 06:28:05
2415,4160,88,4,REPAY,1,1028.80374,,1028.80374,2025-02-07 07:43:22
2416,4161,757,3,WITHDRAW,4,6785.303312,,,2025-02-07 07:53:57
2417,4162,41,3,REPAY,5,7323.877513,,7323.877513,2025-02-07 08:00:57
2418,4164,959,4,REPAY,2,60.340943,,60.340943,2025-02-07 08:46:24
2419,4165,861,2,WITHDRAW,4,4465.340106,,,2025-02-07 08:57:14
2420,4166,509,3,REPAY,1,2429.486736,,2429.486736,2025-02-07 09:01:40
2421,4167,999,3,REPAY,3,1537.96846,,1537.96846,2025-02-07 09:10:21
2422,4168,267,2,BORROW,3,4471.446628,9057.9893180532,4471.446628,2025-02-07 09:19:39
2423,4169,980,4,LIQUIDATION,3,16514.031778,13358.1311206073,16514.031778,2025-02-07 09:22:21
2424,4171,303,4,REPAY,5,242.308985,,242.308985,2025-02-07 09:46:14
2425,4173,426,2,WITHDRAW,1,7913.489047,,,2025-02-07 10:10:07
2426,4176,201,1,BORROW,3,1598.389292,3617.2030617517,1598.389292,2025-02-07 10:43:26
2427,4178,351,4,WITHDRAW,1,4696.771299,,,2025-02-07 11:09:54
2428,4182,526,4,REPAY,4,1856.567885,,1856.567885,2025-02-07 11:41:52
2429,4183,588,1,BORROW,2,7374.141905,14841.3976330368,7374.141905,2025-02-07 11:48:57
2430,4186,130,1,REPAY,3,1.987468,,1.987468,2025-02-07 12:11:21
2431,4187,910,4,REPAY,5,2755.534785,,2755.534785,2025-02-07 12:11:48
2432,4188,809,2,BORROW,2,1056.253649,1979.8404516229,1056.253649,2025-02-07 12:39:21
2433,4189,478,2,DEPOSIT,4,8906.833269,8906.833269,,2025-02-07 13:10:32
2434,4191,223,4,REPAY,4,1631.792197,,1631.792197,2025-02-07 13:46:07
2435,4194,59,2,BORROW,1,427.551245,855.2224999621,427.551245,2025-02-07 14:18:32
2436,4196,815,2,REPAY,2,1522.289673,,1522.289673,2025-02-07 14:47:45
2437,4199,80,3,DEPOSIT,1,4741.073656,4741.073656,,2025-02-07 15:18:29
2438,4200,626,3,DEPOSIT,3,2944.602878,2944.602878,,2025-02-07 15:22:10
2439,4201,272,2,REPAY,1,1634.875737,,1634.875737,2025-02-07 15:47:12
2440,4203,334,3,WITHDRAW,1,5377.552457,,,2025-02-07 16:49:39
2441,4204,88,3,REPAY,4,83.483368,,83.483368,2025-02-07 16:57:19
2746,4692,962,4,REPAY,2,0.000156,,0.000156,2025-02-12 04:53:23
2442,4206,698,1,DEPOSIT,5,4060.158104,4060.158104,,2025-02-07 17:25:45
2443,4207,134,2,DEPOSIT,3,5467.347606,5467.347606,,2025-02-07 17:37:32
2444,4208,882,4,WITHDRAW,1,4058.091949,,,2025-02-07 17:59:08
2445,4209,265,2,WITHDRAW,5,4365.614919,,,2025-02-07 17:59:10
2446,4210,241,2,REPAY,5,2941.522749,,2941.522749,2025-02-07 18:12:10
2447,4213,832,1,BORROW,3,6197.539268,13539.0343003225,6197.539268,2025-02-07 18:56:22
2448,4214,288,1,REPAY,2,12.183944,,12.183944,2025-02-07 18:59:24
2449,4215,146,3,REPAY,4,4137.843078,,4137.843078,2025-02-07 19:09:34
2450,4217,511,2,DEPOSIT,2,7292.055452,7292.055452,,2025-02-07 19:35:04
2451,4219,88,1,REPAY,3,15.952365,,15.952365,2025-02-07 20:11:50
2452,4224,99,1,REPAY,3,205.53202,,205.53202,2025-02-07 21:07:28
2453,4226,848,4,WITHDRAW,5,3957.205708,,,2025-02-07 21:21:52
2454,4227,697,1,REPAY,2,1264.667637,,1264.667637,2025-02-07 21:23:02
2455,4229,223,3,REPAY,5,4841.976748,,4841.976748,2025-02-07 22:39:47
2456,4230,756,3,DEPOSIT,3,6204.320145,6204.320145,,2025-02-07 22:44:04
2457,4232,588,3,REPAY,1,2293.70371,,2293.70371,2025-02-07 23:22:36
2458,4235,662,4,DEPOSIT,5,1926.072305,1926.072305,,2025-02-07 23:55:37
2459,4236,822,3,REPAY,2,26.062113,,26.062113,2025-02-08 00:06:04
2460,4237,678,2,WITHDRAW,5,7290.12886,,,2025-02-08 00:06:05
2461,4238,241,1,LIQUIDATION,1,930.067676,938.0506766249,930.067676,2025-02-08 00:06:42
2462,4239,331,3,BORROW,2,6536.865574,9783.7247457569,6536.865574,2025-02-08 00:39:44
2463,4240,231,1,REPAY,1,3950.436857,,3950.436857,2025-02-08 01:03:36
2464,4241,357,3,DEPOSIT,3,8654.857893,8654.857893,,2025-02-08 01:22:05
2465,4243,151,2,BORROW,5,5739.157433,9318.2273072838,5739.157433,2025-02-08 01:49:50
2466,4244,792,3,REPAY,5,1140.675186,,1140.675186,2025-02-08 01:53:20
2467,4245,978,1,REPAY,5,4.265417,,4.265417,2025-02-08 02:14:18
2468,4246,201,4,REPAY,2,647.093211,,647.093211,2025-02-08 02:19:11
2469,4248,280,4,REPAY,1,2526.856648,,2526.856648,2025-02-08 02:49:59
2470,4249,481,4,REPAY,3,432.359676,,432.359676,2025-02-08 03:03:43
2471,4250,246,3,REPAY,4,122.121497,,122.121497,2025-02-08 03:24:38
2472,4251,462,2,REPAY,4,0.401853,,0.401853,2025-02-08 03:26:20
2473,4252,628,4,REPAY,1,2256.299625,,2256.299625,2025-02-08 03:36:44
2474,4253,762,4,REPAY,3,6660.946962,,6660.946962,2025-02-08 04:26:17
2475,4254,623,2,DEPOSIT,3,8771.453418,8771.453418,,2025-02-08 04:48:58
2476,4255,2,1,WITHDRAW,4,2956.651565,,,2025-02-08 05:30:44
2477,4258,632,2,REPAY,1,3.564452,,3.564452,2025-02-08 06:39:39
2478,4259,536,2,BORROW,1,1570.832509,3051.2961633734,1570.832509,2025-02-08 07:27:53
2479,4260,222,3,WITHDRAW,2,5362.45719,,,2025-02-08 07:35:54
2480,4264,653,2,DEPOSIT,3,6058.895649,6058.895649,,2025-02-08 08:35:08
2481,4265,682,2,DEPOSIT,5,6073.095429,6073.095429,,2025-02-08 08:37:25
2482,4266,63,3,DEPOSIT,2,3259.45685,3259.45685,,2025-02-08 08:56:36
2483,4267,210,2,DEPOSIT,3,860.653247,860.653247,,2025-02-08 09:35:00
2484,4268,163,1,REPAY,3,3086.187092,,3086.187092,2025-02-08 09:55:52
2485,4269,932,4,BORROW,3,2690.84524,3345.0840454573,2690.84524,2025-02-08 10:10:15
2486,4271,957,4,BORROW,4,5746.351899,8365.7612305534,5746.351899,2025-02-08 10:50:33
2487,4272,661,4,BORROW,1,7069.531339,8923.6826122169,7069.531339,2025-02-08 11:13:57
2488,4273,101,2,REPAY,4,2886.229389,,2886.229389,2025-02-08 11:15:09
2489,4274,418,1,DEPOSIT,3,7124.303082,7124.303082,,2025-02-08 11:22:00
2490,4278,633,3,REPAY,4,1159.334293,,1159.334293,2025-02-08 12:40:08
2491,4279,558,2,REPAY,4,2399.312665,,2399.312665,2025-02-08 12:47:47
2492,4282,416,1,DEPOSIT,5,2021.450761,2021.450761,,2025-02-08 13:21:23
2493,4283,298,4,REPAY,4,7156.542434,,7156.542434,2025-02-08 13:25:01
2494,4285,737,2,WITHDRAW,1,929.301569,,,2025-02-08 13:38:04
2495,4287,117,1,REPAY,1,75.018526,,75.018526,2025-02-08 13:45:37
2496,4288,909,1,REPAY,4,6914.866307,,6914.866307,2025-02-08 13:50:24
2497,4291,314,3,DEPOSIT,2,9678.745474,9678.745474,,2025-02-08 14:07:09
2498,4293,638,4,DEPOSIT,2,6160.979887,6160.979887,,2025-02-08 14:49:32
2499,4294,655,1,WITHDRAW,1,3835.627472,,,2025-02-08 15:12:43
2500,4298,697,3,REPAY,3,663.717698,,663.717698,2025-02-08 15:40:37
2501,4299,376,4,LIQUIDATION,5,8250.74421,9495.79220832,8250.74421,2025-02-08 15:48:35
2502,4300,175,3,DEPOSIT,4,6157.277181,6157.277181,,2025-02-08 15:55:07
2503,4302,281,2,BORROW,1,6435.050151,8426.9165794582,6435.050151,2025-02-08 16:14:43
2504,4303,154,2,WITHDRAW,4,5958.438334,,,2025-02-08 16:27:14
2505,4304,366,2,REPAY,4,43.662182,,43.662182,2025-02-08 16:30:51
2506,4305,437,2,WITHDRAW,2,7022.450865,,,2025-02-08 16:36:27
2507,4306,479,2,BORROW,4,1268.987101,1963.420918166,1268.987101,2025-02-08 16:39:16
2508,4307,102,3,REPAY,3,872.640189,,872.640189,2025-02-08 17:20:15
2509,4308,960,2,REPAY,5,743.792327,,743.792327,2025-02-08 17:30:51
2510,4310,438,3,WITHDRAW,2,9613.577357,,,2025-02-08 17:32:26
2511,4312,509,4,REPAY,1,993.8656,,993.8656,2025-02-08 17:39:49
2512,4314,632,4,LIQUIDATION,3,2.817651,2.3539311764,2.817651,2025-02-08 17:50:43
2513,4316,307,2,BORROW,4,5121.458948,10323.3547207311,5121.458948,2025-02-08 18:30:48
2514,4317,381,1,BORROW,3,4233.544062,10420.1739042453,4233.544062,2025-02-08 18:33:07
2515,4318,818,2,REPAY,5,1412.826891,,1412.826891,2025-02-08 18:36:01
2516,4319,833,3,REPAY,5,385.898099,,385.898099,2025-02-08 18:45:58
2517,4324,356,3,REPAY,5,1207.704938,,1207.704938,2025-02-08 19:28:03
2518,4326,785,3,BORROW,1,8947.48551,18568.4595685545,8947.48551,2025-02-08 19:51:42
2519,4327,27,1,DEPOSIT,1,3151.943291,3151.943291,,2025-02-08 20:00:03
2520,4328,330,4,REPAY,1,67.908656,,67.908656,2025-02-08 20:02:27
2521,4331,898,3,REPAY,4,0.056422,,0.056422,2025-02-08 20:25:34
2522,4333,588,4,LIQUIDATION,3,5080.438195,5748.9769894501,5080.438195,2025-02-08 21:17:43
2523,4334,876,1,DEPOSIT,4,9869.622626,9869.622626,,2025-02-08 21:26:59
2524,4337,755,2,LIQUIDATION,4,9474.72425,10492.2331677234,9474.72425,2025-02-08 21:36:45
2525,4338,673,3,REPAY,5,3715.919947,,3715.919947,2025-02-08 21:42:12
2526,4339,661,1,REPAY,1,1786.742493,,1786.742493,2025-02-08 21:48:02
2527,4340,141,3,BORROW,5,3717.852642,7519.0309661829,3717.852642,2025-02-08 21:57:43
2528,4341,113,3,BORROW,3,8820.025284,15252.2920112626,8820.025284,2025-02-08 22:27:00
2529,4345,959,2,REPAY,3,25.52262,,25.52262,2025-02-08 23:11:09
2530,4346,477,4,DEPOSIT,2,5037.206981,5037.206981,,2025-02-08 23:11:43
2531,4351,606,3,BORROW,2,1724.218834,3471.4692662043,1724.218834,2025-02-09 00:12:39
2532,4352,724,1,WITHDRAW,2,2393.198494,,,2025-02-09 00:27:08
2533,4353,36,3,BORROW,1,7414.708332,16217.8283476919,7414.708332,2025-02-09 00:38:11
2534,4355,167,2,BORROW,3,6170.669684,11455.3329994165,6170.669684,2025-02-09 01:37:34
2535,4357,428,2,REPAY,1,442.425357,,442.425357,2025-02-09 02:18:18
2536,4358,444,2,REPAY,3,3714.584079,,3714.584079,2025-02-09 02:35:48
2537,4359,713,1,REPAY,1,1135.030076,,1135.030076,2025-02-09 02:53:31
2538,4360,942,3,WITHDRAW,5,280.314355,,,2025-02-09 03:51:54
2539,4363,502,1,WITHDRAW,2,4483.20561,,,2025-02-09 04:01:25
2540,4364,601,4,BORROW,3,3323.068457,4969.4910866433,3323.068457,2025-02-09 04:06:39
2541,4365,431,1,REPAY,3,4.139034,,4.139034,2025-02-09 04:10:02
2542,4366,721,4,DEPOSIT,5,2986.929896,2986.929896,,2025-02-09 04:15:48
2543,4368,962,4,REPAY,4,0.009221,,0.009221,2025-02-09 05:00:43
2544,4369,497,1,WITHDRAW,4,9986.383788,,,2025-02-09 05:04:12
2545,4370,119,1,BORROW,3,7194.124568,15313.5783608872,7194.124568,2025-02-09 05:04:16
2546,4371,776,4,LIQUIDATION,3,1218.103684,1000.3497379921,1218.103684,2025-02-09 05:20:38
2547,4373,489,2,REPAY,4,11.86129,,11.86129,2025-02-09 05:26:35
2548,4378,123,2,WITHDRAW,5,2860.232398,,,2025-02-09 06:07:07
2549,4379,195,3,WITHDRAW,3,1888.861257,,,2025-02-09 06:18:08
2550,4382,887,2,REPAY,4,873.328868,,873.328868,2025-02-09 06:50:02
2551,4383,233,4,BORROW,5,7672.525328,15035.3531889107,7672.525328,2025-02-09 06:52:16
2552,4384,245,1,DEPOSIT,4,8957.022783,8957.022783,,2025-02-09 06:53:13
2553,4385,635,1,WITHDRAW,4,508.002647,,,2025-02-09 07:00:45
2554,4386,516,2,DEPOSIT,4,9963.957483,9963.957483,,2025-02-09 07:51:29
2555,4387,39,3,REPAY,1,54.420818,,54.420818,2025-02-09 07:59:43
2556,4388,957,3,REPAY,5,1174.353605,,1174.353605,2025-02-09 08:07:44
2557,4389,954,1,LIQUIDATION,5,6436.355794,7414.2310636112,6436.355794,2025-02-09 08:22:34
2558,4392,483,2,REPAY,4,2396.649012,,2396.649012,2025-02-09 08:57:38
2559,4393,837,3,DEPOSIT,5,8021.270748,8021.270748,,2025-02-09 09:16:22
2560,4395,138,1,REPAY,2,1154.626464,,1154.626464,2025-02-09 09:55:19
2561,4396,54,2,BORROW,2,4462.546687,10657.5226344885,4462.546687,2025-02-09 10:03:03
2562,4397,690,2,BORROW,3,8651.326178,14141.0300263876,8651.326178,2025-02-09 10:08:42
2563,4400,163,3,REPAY,2,925.909095,,925.909095,2025-02-09 10:38:33
2564,4401,129,4,WITHDRAW,4,748.016374,,,2025-02-09 10:42:19
2565,4402,285,2,WITHDRAW,3,7563.723774,,,2025-02-09 10:43:33
2566,4403,45,2,DEPOSIT,3,3668.546653,3668.546653,,2025-02-09 10:58:08
2567,4405,823,1,REPAY,2,289.491058,,289.491058,2025-02-09 11:32:56
2568,4407,832,1,REPAY,3,4393.638107,,4393.638107,2025-02-09 12:10:40
2569,4409,347,2,DEPOSIT,3,4277.315045,4277.315045,,2025-02-09 12:38:05
2570,4411,664,2,REPAY,3,52.956869,,52.956869,2025-02-09 12:43:49
2571,4412,528,3,WITHDRAW,5,626.690624,,,2025-02-09 13:16:52
2572,4414,557,3,WITHDRAW,5,3737.593803,,,2025-02-09 13:36:08
2573,4417,746,4,WITHDRAW,3,1913.427495,,,2025-02-09 14:12:14
2574,4418,498,3,BORROW,1,2118.707665,3051.7527841749,2118.707665,2025-02-09 14:19:46
2575,4419,386,1,BORROW,1,2956.256716,3800.6338601206,2956.256716,2025-02-09 14:42:47
2576,4422,606,4,REPAY,1,292.8614,,292.8614,2025-02-09 15:04:02
2577,4423,973,1,REPAY,4,91.607703,,91.607703,2025-02-09 15:39:44
2578,4424,566,4,DEPOSIT,2,2169.296153,2169.296153,,2025-02-09 15:44:03
2579,4425,814,2,BORROW,3,4954.350035,6886.2035975912,4954.350035,2025-02-09 15:47:46
2580,4426,17,4,DEPOSIT,4,2927.644374,2927.644374,,2025-02-09 15:54:09
2581,4428,97,2,LIQUIDATION,3,177.322009,185.0282762268,177.322009,2025-02-09 16:26:55
2582,4431,945,1,REPAY,5,35.598973,,35.598973,2025-02-09 17:06:01
2583,4432,603,4,DEPOSIT,4,6163.7981,6163.7981,,2025-02-09 17:19:42
2584,4434,235,3,REPAY,2,4.73662,,4.73662,2025-02-09 19:40:10
2585,4439,354,2,WITHDRAW,1,2951.048856,,,2025-02-09 20:50:36
2586,4440,429,2,BORROW,3,2348.738324,2941.2497623079,2348.738324,2025-02-09 21:10:09
2587,4441,516,2,WITHDRAW,2,33.785203,,,2025-02-09 21:14:20
2588,4442,631,1,REPAY,2,628.368505,,628.368505,2025-02-09 21:14:25
2589,4443,805,2,REPAY,5,20.317885,,20.317885,2025-02-09 21:19:13
2590,4450,863,2,WITHDRAW,4,1468.757611,,,2025-02-09 22:31:27
2591,4451,786,3,WITHDRAW,3,1289.618781,,,2025-02-09 22:39:23
2592,4452,819,3,REPAY,3,5752.752531,,5752.752531,2025-02-09 22:46:18
2593,4453,31,3,REPAY,1,2798.271899,,2798.271899,2025-02-09 23:01:30
2594,4454,989,2,REPAY,2,2.985773,,2.985773,2025-02-09 23:07:14
2595,4456,537,3,DEPOSIT,4,7705.946756,7705.946756,,2025-02-09 23:14:32
2596,4457,650,1,REPAY,2,7.891205,,7.891205,2025-02-09 23:14:44
2597,4458,407,4,DEPOSIT,3,4823.393282,4823.393282,,2025-02-09 23:22:53
2598,4460,562,4,BORROW,3,8765.51377,13291.1892415674,8765.51377,2025-02-09 23:31:39
2599,4461,795,4,REPAY,5,1474.441171,,1474.441171,2025-02-09 23:36:08
2600,4463,95,3,BORROW,5,3019.513115,3643.6919307916,3019.513115,2025-02-10 00:42:05
2601,4464,231,3,REPAY,4,190.859806,,190.859806,2025-02-10 00:46:14
2602,4466,830,1,DEPOSIT,1,3100.86478,3100.86478,,2025-02-10 00:57:55
2603,4467,235,1,REPAY,4,6.570813,,6.570813,2025-02-10 01:06:03
2604,4468,917,4,REPAY,1,1894.319156,,1894.319156,2025-02-10 01:27:45
2605,4469,115,1,REPAY,2,189.642066,,189.642066,2025-02-10 02:01:48
2606,4470,554,1,WITHDRAW,3,3564.082416,,,2025-02-10 02:15:54
2607,4473,192,3,REPAY,3,552.534966,,552.534966,2025-02-10 02:55:02
2608,4474,22,4,BORROW,3,1272.685185,1692.5566360857,1272.685185,2025-02-10 03:26:10
2609,4475,540,1,REPAY,2,196.67194,,196.67194,2025-02-10 03:33:31
2610,4476,394,2,WITHDRAW,4,8497.378291,,,2025-02-10 03:38:13
2611,4477,248,1,REPAY,1,498.113607,,498.113607,2025-02-10 03:39:29
2612,4479,863,1,DEPOSIT,2,1765.352117,1765.352117,,2025-02-10 03:59:48
2613,4480,737,2,WITHDRAW,1,9998.133196,,,2025-02-10 04:04:17
2614,4481,360,2,BORROW,2,3711.910665,5200.6221751188,3711.910665,2025-02-10 04:20:18
2615,4484,918,1,REPAY,5,0.326017,,0.326017,2025-02-10 04:43:25
2616,4485,552,3,DEPOSIT,2,4337.855819,4337.855819,,2025-02-10 05:14:45
2617,4486,435,1,REPAY,2,44.429543,,44.429543,2025-02-10 05:19:31
2618,4487,632,4,BORROW,5,6643.278737,16038.2684298844,6643.278737,2025-02-10 05:22:20
2619,4488,301,4,BORROW,4,3372.091916,5611.6427125715,3372.091916,2025-02-10 05:25:36
2620,4489,810,4,BORROW,5,8627.08168,20622.0342770509,8627.08168,2025-02-10 05:37:12
2621,4490,394,1,BORROW,5,6872.268714,16890.0009369584,6872.268714,2025-02-10 05:39:43
2622,4491,989,3,REPAY,3,0.016561,,0.016561,2025-02-10 05:59:04
2623,4492,211,3,BORROW,4,3190.541921,4695.6766736349,3190.541921,2025-02-10 06:13:54
2624,4493,129,4,BORROW,1,7194.044058,12318.5247522987,7194.044058,2025-02-10 06:16:56
2625,4496,832,1,REPAY,4,1232.401153,,1232.401153,2025-02-10 06:51:04
2626,4497,977,1,WITHDRAW,2,49.724019,,,2025-02-10 06:54:09
2627,4498,692,4,WITHDRAW,4,9203.600666,,,2025-02-10 07:15:31
2628,4499,842,1,WITHDRAW,3,5019.248623,,,2025-02-10 07:39:17
2629,4500,180,4,REPAY,2,549.767663,,549.767663,2025-02-10 07:39:40
2630,4505,689,2,DEPOSIT,3,5692.359022,5692.359022,,2025-02-10 09:13:18
2631,4506,326,1,BORROW,1,5566.518537,10204.6657441408,5566.518537,2025-02-10 09:51:24
2632,4507,500,1,REPAY,5,3750.205297,,3750.205297,2025-02-10 10:23:17
2633,4510,371,1,REPAY,1,2712.034761,,2712.034761,2025-02-10 11:26:02
2634,4512,630,4,REPAY,4,355.1917,,355.1917,2025-02-10 12:04:24
2635,4514,141,3,WITHDRAW,2,3433.440678,,,2025-02-10 12:25:58
2636,4515,379,2,BORROW,5,3272.832028,6605.6276182337,3272.832028,2025-02-10 12:47:24
2637,4516,346,4,REPAY,1,52.970311,,52.970311,2025-02-10 12:52:04
2638,4517,710,2,REPAY,1,1130.221091,,1130.221091,2025-02-10 13:06:44
2639,4518,207,3,REPAY,4,4043.851354,,4043.851354,2025-02-10 13:10:28
2640,4519,452,4,REPAY,3,6451.088909,,6451.088909,2025-02-10 13:29:37
2641,4520,118,2,LIQUIDATION,4,1898.124048,1969.8692927931,1898.124048,2025-02-10 14:03:18
2642,4523,679,4,LIQUIDATION,4,4430.763109,4698.2796151574,4430.763109,2025-02-10 15:03:19
2643,4525,713,1,WITHDRAW,1,4245.089277,,,2025-02-10 15:07:03
2644,4526,626,4,WITHDRAW,5,4221.596784,,,2025-02-10 15:26:23
2645,4527,973,4,REPAY,4,45.062795,,45.062795,2025-02-10 15:47:10
2646,4528,385,3,DEPOSIT,4,3120.820303,3120.820303,,2025-02-10 15:47:33
2647,4530,722,2,BORROW,1,6745.546198,16765.4678812846,6745.546198,2025-02-10 16:27:35
2648,4531,252,2,BORROW,5,4825.80876,9576.8786267162,4825.80876,2025-02-10 16:44:08
2649,4533,99,4,REPAY,3,124.283618,,124.283618,2025-02-10 16:59:01
2650,4535,489,1,REPAY,5,18.717793,,18.717793,2025-02-10 17:11:58
2651,4536,69,2,DEPOSIT,4,8001.184369,8001.184369,,2025-02-10 17:19:55
2652,4537,99,2,LIQUIDATION,2,98.487906,84.702293548,98.487906,2025-02-10 17:27:19
2653,4538,408,3,REPAY,5,0.100287,,0.100287,2025-02-10 17:34:00
2654,4539,962,1,REPAY,2,0.012002,,0.012002,2025-02-10 17:34:55
2655,4540,280,4,REPAY,4,316.379124,,316.379124,2025-02-10 17:42:38
2656,4541,346,3,REPAY,5,82.889947,,82.889947,2025-02-10 17:51:29
2657,4542,772,1,WITHDRAW,1,5404.023243,,,2025-02-10 17:55:22
2658,4545,288,2,BORROW,2,6871.158979,12157.0437116141,6871.158979,2025-02-10 17:57:06
2659,4546,591,2,BORROW,1,8714.416252,12955.6917715931,8714.416252,2025-02-10 18:05:18
2660,4548,221,4,REPAY,2,68.607889,,68.607889,2025-02-10 18:32:32
2661,4549,649,3,BORROW,1,8855.938908,16261.101505341,8855.938908,2025-02-10 18:49:34
2662,4550,921,1,WITHDRAW,2,7598.838775,,,2025-02-10 18:55:02
2663,4551,950,2,DEPOSIT,3,9618.582976,9618.582976,,2025-02-10 19:04:01
2664,4552,836,4,BORROW,2,8934.177202,12104.3500715982,8934.177202,2025-02-10 19:46:37
2665,4553,349,1,WITHDRAW,3,7323.083197,,,2025-02-10 20:01:53
2666,4554,83,3,REPAY,1,156.375332,,156.375332,2025-02-10 20:03:00
2667,4555,716,4,DEPOSIT,1,3927.767938,3927.767938,,2025-02-10 20:11:49
2668,4556,53,4,REPAY,5,9.528792,,9.528792,2025-02-10 20:28:19
2669,4559,884,1,REPAY,1,25.097723,,25.097723,2025-02-10 21:20:03
2670,4561,1,4,REPAY,5,4183.310755,,4183.310755,2025-02-10 21:32:49
2671,4562,991,3,WITHDRAW,3,7380.491662,,,2025-02-10 21:34:42
2672,4563,425,4,DEPOSIT,5,6972.576926,6972.576926,,2025-02-10 21:38:29
2673,4565,376,3,BORROW,4,7882.689607,19339.3286920446,7882.689607,2025-02-10 21:50:35
2674,4568,78,4,BORROW,4,3128.498421,4329.8810094008,3128.498421,2025-02-10 22:06:26
2675,4569,779,3,BORROW,3,3761.69507,4760.1243626772,3761.69507,2025-02-10 22:10:38
2676,4570,101,2,LIQUIDATION,5,533.847814,590.4051877552,533.847814,2025-02-10 22:15:27
2677,4573,541,2,BORROW,4,6018.386095,14082.9222833895,6018.386095,2025-02-10 22:26:17
2678,4574,251,2,DEPOSIT,2,2465.253353,2465.253353,,2025-02-10 22:37:58
2679,4576,892,3,BORROW,4,1887.323586,4490.8359920579,1887.323586,2025-02-10 23:38:59
2680,4578,369,1,BORROW,5,3831.315625,4981.0203960431,3831.315625,2025-02-11 00:13:04
2681,4579,683,2,REPAY,3,761.891604,,761.891604,2025-02-11 00:20:17
2682,4580,59,4,REPAY,2,297.746478,,297.746478,2025-02-11 00:24:50
2683,4582,494,1,BORROW,1,3652.939987,4827.1238855524,3652.939987,2025-02-11 01:02:27
2684,4583,514,1,BORROW,2,3679.353531,8745.3655514307,3679.353531,2025-02-11 01:09:04
2685,4584,435,1,REPAY,4,6.999193,,6.999193,2025-02-11 01:16:29
2686,4586,550,2,DEPOSIT,1,1420.898407,1420.898407,,2025-02-11 01:37:41
2687,4587,374,4,REPAY,4,4140.279974,,4140.279974,2025-02-11 01:44:28
2688,4588,151,3,REPAY,5,752.222159,,752.222159,2025-02-11 02:19:03
2689,4589,724,1,REPAY,3,1243.14698,,1243.14698,2025-02-11 02:24:59
2690,4591,321,3,WITHDRAW,1,6167.262767,,,2025-02-11 02:45:56
2691,4592,229,3,DEPOSIT,3,2264.544613,2264.544613,,2025-02-11 03:05:44
2692,4593,391,1,DEPOSIT,4,7160.99543,7160.99543,,2025-02-11 03:17:57
2693,4594,620,2,REPAY,2,456.928831,,456.928831,2025-02-11 03:21:32
2694,4597,915,1,DEPOSIT,2,8972.220328,8972.220328,,2025-02-11 03:28:46
2695,4599,908,1,REPAY,1,182.825231,,182.825231,2025-02-11 03:53:13
2696,4600,701,3,BORROW,3,5344.451496,8012.6420032731,5344.451496,2025-02-11 04:17:57
2697,4601,600,3,REPAY,2,111.418087,,111.418087,2025-02-11 04:48:28
2698,4606,115,4,REPAY,2,76.909824,,76.909824,2025-02-11 06:17:02
2699,4608,71,4,REPAY,4,256.363969,,256.363969,2025-02-11 06:57:06
2700,4610,54,1,REPAY,1,1047.773304,,1047.773304,2025-02-11 07:30:22
2701,4611,560,4,WITHDRAW,5,3266.229917,,,2025-02-11 07:32:11
2702,4612,997,2,WITHDRAW,5,5440.697381,,,2025-02-11 07:34:13
2703,4613,316,4,REPAY,2,5571.446466,,5571.446466,2025-02-11 08:25:55
2704,4615,805,4,REPAY,3,57.620894,,57.620894,2025-02-11 08:57:33
2705,4616,401,2,REPAY,1,6576.424691,,6576.424691,2025-02-11 09:17:50
2706,4618,850,1,WITHDRAW,5,8345.924643,,,2025-02-11 09:39:38
2707,4620,598,3,BORROW,5,4926.387185,10428.6880184086,4926.387185,2025-02-11 10:18:02
2708,4621,864,2,DEPOSIT,3,835.664231,835.664231,,2025-02-11 10:36:47
2709,4622,951,1,BORROW,1,1467.046699,2057.4025328595,1467.046699,2025-02-11 10:36:53
2710,4623,73,2,DEPOSIT,3,2519.132099,2519.132099,,2025-02-11 10:50:34
2711,4627,223,4,REPAY,2,4.582887,,4.582887,2025-02-11 12:17:13
2712,4628,414,4,WITHDRAW,4,7606.518526,,,2025-02-11 12:50:35
2713,4630,717,1,BORROW,3,9137.368281,19712.9956815659,9137.368281,2025-02-11 13:15:02
2714,4631,557,4,DEPOSIT,3,5409.156013,5409.156013,,2025-02-11 13:23:02
2715,4632,465,1,WITHDRAW,3,7993.065332,,,2025-02-11 13:41:08
2716,4633,118,3,BORROW,1,2783.888773,4794.8477701409,2783.888773,2025-02-11 13:48:04
2717,4635,401,3,REPAY,3,774.496247,,774.496247,2025-02-11 14:11:36
2718,4636,226,4,WITHDRAW,4,3612.166306,,,2025-02-11 14:35:21
2719,4641,354,1,WITHDRAW,4,1646.909266,,,2025-02-11 16:58:04
2720,4642,315,4,REPAY,2,122.998099,,122.998099,2025-02-11 17:01:20
2721,4652,112,3,WITHDRAW,1,8812.095539,,,2025-02-11 18:49:51
2722,4658,480,1,WITHDRAW,1,4562.191592,,,2025-02-11 20:40:56
2723,4659,395,1,REPAY,2,2511.714704,,2511.714704,2025-02-11 20:43:11
2724,4660,731,1,DEPOSIT,5,5121.14551,5121.14551,,2025-02-11 20:50:21
2725,4662,188,4,DEPOSIT,2,6134.95302,6134.95302,,2025-02-11 21:12:44
2726,4663,150,3,REPAY,1,3261.810735,,3261.810735,2025-02-11 21:15:30
2727,4665,353,3,WITHDRAW,3,974.53216,,,2025-02-11 22:10:01
2728,4666,602,4,REPAY,1,4611.054105,,4611.054105,2025-02-11 22:29:03
2729,4667,724,3,REPAY,1,1667.762718,,1667.762718,2025-02-11 22:49:01
2730,4668,873,1,REPAY,1,84.217616,,84.217616,2025-02-11 22:49:09
2731,4670,589,3,REPAY,5,2752.628052,,2752.628052,2025-02-11 23:16:21
2732,4673,105,3,WITHDRAW,5,9952.453318,,,2025-02-11 23:24:32
2733,4674,418,2,DEPOSIT,1,812.040707,812.040707,,2025-02-12 00:03:41
2734,4675,74,4,DEPOSIT,5,3570.809163,3570.809163,,2025-02-12 00:41:25
2735,4676,269,3,BORROW,3,7397.224294,10453.2046613047,7397.224294,2025-02-12 00:41:44
2736,4678,634,3,BORROW,2,1591.841175,2086.6442133943,1591.841175,2025-02-12 01:10:07
2737,4680,697,1,REPAY,4,530.393377,,530.393377,2025-02-12 01:46:00
2738,4681,656,3,DEPOSIT,2,4707.451507,4707.451507,,2025-02-12 02:28:35
2739,4683,912,2,BORROW,2,5863.067773,10745.0590816556,5863.067773,2025-02-12 03:05:47
2740,4684,881,2,BORROW,2,5599.320583,7192.3727347345,5599.320583,2025-02-12 03:17:03
2741,4686,271,3,WITHDRAW,1,6463.560524,,,2025-02-12 04:10:11
2742,4687,403,1,REPAY,4,4.0611,,4.0611,2025-02-12 04:23:32
2743,4688,362,4,REPAY,2,81.525545,,81.525545,2025-02-12 04:26:00
2744,4689,403,4,REPAY,3,0.704789,,0.704789,2025-02-12 04:28:51
2745,4690,843,1,DEPOSIT,1,8765.104038,8765.104038,,2025-02-12 04:32:52
2747,4693,292,2,BORROW,5,243.975936,391.2707012604,243.975936,2025-02-12 05:19:52
2748,4696,127,4,DEPOSIT,3,2735.998017,2735.998017,,2025-02-12 05:44:38
2749,4697,86,2,REPAY,1,65.532504,,65.532504,2025-02-12 06:08:39
2750,4698,935,4,DEPOSIT,2,2115.317038,2115.317038,,2025-02-12 06:48:02
2751,4701,415,3,BORROW,1,7037.657621,8849.5745594214,7037.657621,2025-02-12 07:09:39
2752,4702,629,2,REPAY,3,293.900229,,293.900229,2025-02-12 07:13:10
2753,4703,679,1,BORROW,2,9983.04592,14842.0005018908,9983.04592,2025-02-12 07:22:36
2754,4704,425,3,LIQUIDATION,5,4374.968986,5000.8879033222,4374.968986,2025-02-12 07:29:37
2755,4705,194,2,WITHDRAW,3,2565.948064,,,2025-02-12 07:59:01
2756,4706,284,2,REPAY,1,2768.021204,,2768.021204,2025-02-12 07:59:33
2757,4707,435,1,BORROW,5,5560.407709,12624.3584058393,5560.407709,2025-02-12 08:35:22
2758,4708,894,1,DEPOSIT,5,3176.48794,3176.48794,,2025-02-12 08:55:40
2759,4709,299,3,BORROW,1,241.204232,425.8839530921,241.204232,2025-02-12 09:08:29
2760,4710,491,4,DEPOSIT,5,9089.650136,9089.650136,,2025-02-12 09:22:36
2761,4712,884,4,REPAY,5,10.289875,,10.289875,2025-02-12 09:45:17
2762,4713,978,2,REPAY,3,1.954542,,1.954542,2025-02-12 09:52:18
2763,4714,843,3,WITHDRAW,5,7517.171275,,,2025-02-12 10:01:43
2764,4716,803,3,REPAY,1,3025.506429,,3025.506429,2025-02-12 10:34:02
2765,4717,824,4,REPAY,5,26.066042,,26.066042,2025-02-12 10:35:31
2766,4719,242,2,REPAY,3,3.732197,,3.732197,2025-02-12 10:51:21
2767,4720,53,4,REPAY,4,2.199336,,2.199336,2025-02-12 11:18:27
2768,4721,204,1,REPAY,1,281.411424,,281.411424,2025-02-12 11:36:40
2769,4723,939,1,REPAY,2,9301.140257,,9301.140257,2025-02-12 11:46:15
2770,4724,233,2,DEPOSIT,2,4128.403796,4128.403796,,2025-02-12 11:57:04
2771,4725,905,1,BORROW,5,9968.40482,20137.692170773,9968.40482,2025-02-12 12:10:03
2772,4726,709,1,LIQUIDATION,2,6016.788946,7101.8115426272,6016.788946,2025-02-12 12:10:40
2773,4727,201,4,REPAY,4,170.436594,,170.436594,2025-02-12 12:17:24
2774,4730,610,3,DEPOSIT,2,5964.929898,5964.929898,,2025-02-12 12:29:53
2775,4731,563,2,DEPOSIT,3,1201.65767,1201.65767,,2025-02-12 12:42:29
2776,4732,397,3,LIQUIDATION,4,9669.993957,9203.0635521717,9669.993957,2025-02-12 13:12:47
2777,4733,968,3,DEPOSIT,3,418.681068,418.681068,,2025-02-12 13:54:03
2778,4734,9,4,BORROW,1,2048.575306,4140.6438976036,2048.575306,2025-02-12 13:55:01
2779,4735,667,1,REPAY,1,1.902429,,1.902429,2025-02-12 14:03:50
2780,4737,416,3,REPAY,3,13.642079,,13.642079,2025-02-12 14:18:34
2781,4739,914,4,BORROW,2,6188.98594,12552.8338763267,6188.98594,2025-02-12 14:31:55
2782,4741,73,1,DEPOSIT,5,8572.503571,8572.503571,,2025-02-12 15:03:59
2783,4742,364,1,REPAY,4,483.776808,,483.776808,2025-02-12 15:18:57
2784,4745,378,2,REPAY,2,1053.713784,,1053.713784,2025-02-12 16:35:30
2785,4746,48,4,REPAY,1,81.39079,,81.39079,2025-02-12 16:38:54
2786,4747,789,1,BORROW,4,875.680504,2091.0193658281,875.680504,2025-02-12 16:45:13
2787,4749,339,2,WITHDRAW,2,9815.699835,,,2025-02-12 17:43:21
2788,4752,760,4,DEPOSIT,5,6020.113361,6020.113361,,2025-02-12 18:36:47
2789,4754,777,3,REPAY,1,9.558012,,9.558012,2025-02-12 18:58:27
2790,4758,224,1,WITHDRAW,1,7550.427653,,,2025-02-12 19:55:14
2791,4759,421,1,REPAY,3,603.352884,,603.352884,2025-02-12 19:56:32
2792,4761,572,3,WITHDRAW,2,9764.865267,,,2025-02-12 20:15:08
2793,4762,816,2,REPAY,4,207.056811,,207.056811,2025-02-12 20:21:46
2794,4763,851,3,BORROW,5,9819.306073,17974.7481501688,9819.306073,2025-02-12 20:38:33
2795,4764,239,4,REPAY,2,595.357553,,595.357553,2025-02-12 20:56:47
2796,4765,681,4,REPAY,4,4012.500835,,4012.500835,2025-02-12 20:59:21
2797,4766,616,3,DEPOSIT,2,9311.847564,9311.847564,,2025-02-12 21:13:55
2798,4767,86,1,REPAY,4,115.717306,,115.717306,2025-02-12 21:26:47
2799,4769,61,2,REPAY,1,997.927396,,997.927396,2025-02-12 22:04:57
2800,4770,880,1,DEPOSIT,3,8392.188503,8392.188503,,2025-02-12 22:08:01
2801,4774,51,2,REPAY,5,3323.331606,,3323.331606,2025-02-12 22:51:27
2802,4775,892,1,WITHDRAW,5,8539.111313,,,2025-02-12 23:12:43
2803,4777,486,1,BORROW,1,1929.103463,3513.5747603653,1929.103463,2025-02-12 23:26:35
2804,4778,722,2,REPAY,5,2562.910014,,2562.910014,2025-02-12 23:34:14
2805,4779,309,3,REPAY,3,223.02774,,223.02774,2025-02-12 23:44:36
2806,4780,151,3,REPAY,2,3100.264697,,3100.264697,2025-02-13 00:21:41
2807,4781,953,4,BORROW,4,5306.946725,7844.5642887985,5306.946725,2025-02-13 00:23:04
2808,4782,369,1,LIQUIDATION,3,3831.315625,3251.6907743646,3831.315625,2025-02-13 01:10:08
2809,4783,203,4,REPAY,4,6953.015046,,6953.015046,2025-02-13 01:24:59
2810,4784,953,3,REPAY,4,4613.457898,,4613.457898,2025-02-13 01:27:15
2811,4785,934,4,DEPOSIT,1,1273.518847,1273.518847,,2025-02-13 01:31:27
2812,4786,907,4,BORROW,1,5783.524187,12642.0797480888,5783.524187,2025-02-13 01:32:51
2813,4787,261,4,REPAY,3,2128.765115,,2128.765115,2025-02-13 01:55:44
2814,4788,176,4,LIQUIDATION,2,6036.215086,5685.4562866227,6036.215086,2025-02-13 02:04:01
2815,4789,157,1,LIQUIDATION,5,2495.933118,2390.8334064074,2495.933118,2025-02-13 02:36:00
2816,4791,640,4,REPAY,4,65.545149,,65.545149,2025-02-13 03:01:38
2817,4792,449,2,REPAY,3,955.478514,,955.478514,2025-02-13 03:15:16
2818,4793,945,4,REPAY,3,1.518213,,1.518213,2025-02-13 03:15:55
2819,4794,91,3,WITHDRAW,4,3888.86618,,,2025-02-13 03:38:46
2820,4796,115,1,BORROW,4,1135.208827,1688.9867672262,1135.208827,2025-02-13 03:46:35
2821,4799,730,2,WITHDRAW,2,3478.699915,,,2025-02-13 04:17:15
2822,4801,651,3,WITHDRAW,1,2049.502944,,,2025-02-13 04:39:13
2823,4802,896,2,REPAY,3,528.079425,,528.079425,2025-02-13 04:39:51
2824,4804,8,4,BORROW,4,3512.483141,4453.2423198022,3512.483141,2025-02-13 05:48:41
2825,4805,673,1,BORROW,3,8768.816895,14614.8210336367,8768.816895,2025-02-13 05:51:20
2826,4806,855,4,LIQUIDATION,5,13064.811866,14478.1939946532,13064.811866,2025-02-13 05:53:15
2827,4807,613,2,REPAY,1,64.839694,,64.839694,2025-02-13 06:41:35
2828,4811,421,2,REPAY,3,0.516259,,0.516259,2025-02-13 07:22:20
2829,4812,725,1,DEPOSIT,5,6719.434687,6719.434687,,2025-02-13 07:29:39
2830,4813,336,1,DEPOSIT,4,3622.541318,3622.541318,,2025-02-13 08:07:03
2831,4814,346,2,REPAY,4,25.04127,,25.04127,2025-02-13 08:21:38
2832,4815,761,4,WITHDRAW,5,4424.619817,,,2025-02-13 08:41:03
2833,4816,26,2,REPAY,1,1787.07376,,1787.07376,2025-02-13 08:47:00
2834,4817,83,2,REPAY,1,32.29824,,32.29824,2025-02-13 09:47:18
2835,4820,680,1,WITHDRAW,2,5020.491957,,,2025-02-13 10:50:38
2836,4821,796,3,BORROW,4,8054.49071,14089.6501958382,8054.49071,2025-02-13 10:57:27
2837,4822,65,3,WITHDRAW,1,2966.194793,,,2025-02-13 11:00:45
2838,4823,499,1,DEPOSIT,2,7820.383199,7820.383199,,2025-02-13 11:35:12
2839,4824,78,3,REPAY,5,1430.085646,,1430.085646,2025-02-13 11:37:12
2840,4825,589,2,REPAY,1,5176.415108,,5176.415108,2025-02-13 11:44:49
2841,4827,882,1,DEPOSIT,3,249.466319,249.466319,,2025-02-13 11:58:57
2842,4828,76,2,WITHDRAW,4,422.217804,,,2025-02-13 12:00:52
2843,4829,161,2,LIQUIDATION,4,906.67341,769.9254263116,906.67341,2025-02-13 12:11:57
2844,4830,168,2,BORROW,3,8241.540297,11298.2368092718,8241.540297,2025-02-13 12:21:40
2845,4833,795,3,REPAY,4,85.015795,,85.015795,2025-02-13 13:02:30
2846,4835,160,1,WITHDRAW,5,8876.214235,,,2025-02-13 13:21:37
2847,4836,958,3,DEPOSIT,4,3950.828813,3950.828813,,2025-02-13 13:22:23
2848,4838,632,2,BORROW,3,1917.537975,2994.7417087714,1917.537975,2025-02-13 14:00:20
2849,4840,490,4,REPAY,4,74.290626,,74.290626,2025-02-13 14:10:15
2850,4842,499,4,WITHDRAW,1,6676.985839,,,2025-02-13 14:19:01
2851,4845,339,3,BORROW,4,7741.799811,13394.2226230192,7741.799811,2025-02-13 14:28:13
2852,4846,301,2,BORROW,5,6323.399254,13329.6038613149,6323.399254,2025-02-13 14:37:24
2853,4847,49,4,REPAY,4,3819.275838,,3819.275838,2025-02-13 14:39:07
2854,4849,243,3,REPAY,1,987.566074,,987.566074,2025-02-13 15:45:33
2855,4854,341,3,DEPOSIT,2,6869.619858,6869.619858,,2025-02-13 16:16:23
2856,4855,905,2,REPAY,1,4728.049006,,4728.049006,2025-02-13 16:53:44
2857,4857,142,3,DEPOSIT,3,7571.911157,7571.911157,,2025-02-13 17:02:18
2858,4858,664,3,REPAY,2,60.70172,,60.70172,2025-02-13 17:05:53
2859,4859,357,1,WITHDRAW,1,3802.224085,,,2025-02-13 17:38:51
2860,4861,545,2,REPAY,4,9221.40513,,9221.40513,2025-02-13 18:10:54
2861,4865,333,3,REPAY,4,317.947014,,317.947014,2025-02-13 18:53:24
2862,4866,551,3,REPAY,4,113.83686,,113.83686,2025-02-13 19:07:55
2863,4867,163,2,REPAY,4,340.726701,,340.726701,2025-02-13 19:08:51
2864,4869,64,2,WITHDRAW,2,9843.959932,,,2025-02-13 19:17:30
2865,4870,831,4,REPAY,4,6.383412,,6.383412,2025-02-13 19:30:09
2866,4873,533,1,REPAY,2,2563.224244,,2563.224244,2025-02-13 20:08:36
2867,4874,795,4,REPAY,4,84.600967,,84.600967,2025-02-13 20:26:47
2868,4877,773,4,REPAY,5,45.866578,,45.866578,2025-02-13 20:34:15
2869,4879,542,1,REPAY,1,22.697797,,22.697797,2025-02-13 20:41:51
2870,4880,696,4,DEPOSIT,2,1912.13919,1912.13919,,2025-02-13 20:42:17
2871,4881,36,2,REPAY,1,3336.487152,,3336.487152,2025-02-13 21:03:06
2872,4883,913,4,DEPOSIT,5,428.145545,428.145545,,2025-02-13 21:40:48
2873,4884,728,4,DEPOSIT,1,6633.663182,6633.663182,,2025-02-13 22:07:32
2874,4886,904,1,REPAY,1,3623.401823,,3623.401823,2025-02-13 22:21:55
2875,4888,785,3,REPAY,1,4314.484966,,4314.484966,2025-02-13 22:28:28
2876,4889,870,3,BORROW,1,4754.617404,9811.1975601618,4754.617404,2025-02-13 22:30:32
2877,4890,845,1,BORROW,5,7712.778425,13500.7056497838,7712.778425,2025-02-13 22:36:48
2878,4891,810,3,REPAY,4,4450.223557,,4450.223557,2025-02-13 22:39:28
2879,4894,956,3,DEPOSIT,2,9149.727499,9149.727499,,2025-02-13 23:54:48
2880,4895,264,4,BORROW,3,5414.912301,13354.527269659,5414.912301,2025-02-14 00:13:11
2881,4896,955,1,DEPOSIT,4,2787.749339,2787.749339,,2025-02-14 00:22:57
2882,4898,100,2,LIQUIDATION,4,12.90562,12.7251471151,12.90562,2025-02-14 00:34:51
2883,4899,185,2,WITHDRAW,5,2239.801613,,,2025-02-14 00:52:49
2884,4900,658,2,WITHDRAW,2,2693.023538,,,2025-02-14 01:33:11
2885,4901,483,4,REPAY,5,1637.393373,,1637.393373,2025-02-14 02:28:46
2886,4902,52,1,BORROW,3,8539.266636,11799.9956795335,8539.266636,2025-02-14 02:29:00
2887,4903,750,2,LIQUIDATION,5,8449.591368,8343.7789301346,8449.591368,2025-02-14 02:29:42
2888,4904,981,3,REPAY,1,384.019125,,384.019125,2025-02-14 03:21:50
2889,4905,399,3,WITHDRAW,1,9701.72138,,,2025-02-14 03:50:56
2890,4906,49,4,REPAY,3,4883.01131,,4883.01131,2025-02-14 03:53:28
2891,4907,218,2,WITHDRAW,2,9377.813741,,,2025-02-14 04:17:10
2892,4908,288,1,REPAY,3,1344.180675,,1344.180675,2025-02-14 04:25:41
2893,4909,519,1,WITHDRAW,3,5496.108432,,,2025-02-14 04:28:46
2894,4911,985,1,REPAY,4,650.687901,,650.687901,2025-02-14 04:35:33
2895,4912,355,4,DEPOSIT,5,838.363817,838.363817,,2025-02-14 04:37:43
2896,4913,39,3,DEPOSIT,4,4189.821691,4189.821691,,2025-02-14 04:54:19
2897,4916,133,3,DEPOSIT,4,5031.599918,5031.599918,,2025-02-14 05:24:57
2898,4917,244,3,LIQUIDATION,4,2026.703405,1921.9100065463,2026.703405,2025-02-14 05:32:28
2899,4918,203,4,REPAY,2,1000.732197,,1000.732197,2025-02-14 05:44:19
2900,4919,676,4,DEPOSIT,5,2187.281754,2187.281754,,2025-02-14 06:10:30
2901,4923,41,3,REPAY,2,731.42334,,731.42334,2025-02-14 07:12:07
2902,4924,916,4,DEPOSIT,2,7250.259766,7250.259766,,2025-02-14 07:24:18
2903,4926,141,1,REPAY,5,1663.742113,,1663.742113,2025-02-14 07:53:51
2904,4927,97,3,BORROW,2,530.251692,966.1053353909,530.251692,2025-02-14 08:08:28
2905,4929,629,1,REPAY,5,166.282441,,166.282441,2025-02-14 08:26:30
2906,4930,846,1,BORROW,2,8351.80184,19493.7038514092,8351.80184,2025-02-14 08:30:22
2907,4931,283,1,REPAY,3,16.593006,,16.593006,2025-02-14 09:11:53
2908,4932,790,1,REPAY,3,720.594003,,720.594003,2025-02-14 09:51:10
2909,4933,273,3,REPAY,4,1202.195202,,1202.195202,2025-02-14 09:55:45
2910,4934,904,1,REPAY,5,58.178685,,58.178685,2025-02-14 10:07:04
2911,4935,201,4,REPAY,3,295.642922,,295.642922,2025-02-14 10:58:11
2912,4937,808,3,WITHDRAW,4,4226.392042,,,2025-02-14 12:11:04
2913,4938,798,2,REPAY,1,2961.264617,,2961.264617,2025-02-14 12:46:33
2914,4940,28,4,REPAY,4,132.795434,,132.795434,2025-02-14 12:53:22
2915,4943,672,2,DEPOSIT,2,5663.660605,5663.660605,,2025-02-14 14:18:43
2916,4944,96,4,DEPOSIT,4,5628.269956,5628.269956,,2025-02-14 14:29:25
2917,4945,458,3,WITHDRAW,3,8402.750922,,,2025-02-14 14:46:28
2918,4948,161,3,BORROW,3,7794.463189,15912.500689148,7794.463189,2025-02-14 15:00:35
2919,4950,744,1,REPAY,5,1589.417542,,1589.417542,2025-02-14 15:33:07
2920,4952,871,4,DEPOSIT,3,4885.024122,4885.024122,,2025-02-14 15:54:07
2921,4953,163,4,REPAY,3,192.66252,,192.66252,2025-02-14 15:57:52
2922,4955,711,3,WITHDRAW,2,118.252623,,,2025-02-14 16:13:12
2923,4956,505,2,BORROW,2,8487.000664,11573.1530719301,8487.000664,2025-02-14 16:21:42
2924,4957,460,1,REPAY,5,1809.446379,,1809.446379,2025-02-14 16:24:40
2925,4958,805,2,REPAY,5,0.132179,,0.132179,2025-02-14 16:42:18
2926,4959,529,2,REPAY,1,220.123014,,220.123014,2025-02-14 17:09:16
2927,4960,408,4,REPAY,3,0.06595,,0.06595,2025-02-14 17:29:30
2928,4962,88,2,REPAY,2,7.469374,,7.469374,2025-02-14 17:51:05
2929,4964,202,4,BORROW,2,7178.339186,9271.4177564216,7178.339186,2025-02-14 18:33:01
2930,4966,581,3,REPAY,4,739.55652,,739.55652,2025-02-14 20:01:43
2931,4967,438,4,REPAY,4,4570.669897,,4570.669897,2025-02-14 20:07:29
2932,4970,753,1,WITHDRAW,3,9475.719683,,,2025-02-14 20:37:18
2933,4971,616,3,DEPOSIT,4,992.284738,992.284738,,2025-02-14 21:17:06
2934,4972,88,1,REPAY,5,0.417293,,0.417293,2025-02-14 21:19:25
2935,4973,771,3,BORROW,5,7587.810336,16889.6961740443,7587.810336,2025-02-14 21:32:30
2936,4974,101,1,BORROW,2,3687.485272,9054.4379130384,3687.485272,2025-02-14 22:31:51
2937,4977,301,1,BORROW,2,8849.629443,17583.467156543,8849.629443,2025-02-14 23:01:45
2938,4978,545,2,REPAY,5,40.312497,,40.312497,2025-02-14 23:11:41
2939,4979,506,4,REPAY,5,84.818209,,84.818209,2025-02-14 23:39:53
2940,4981,255,3,REPAY,1,755.402943,,755.402943,2025-02-14 23:46:23
2941,4983,952,3,DEPOSIT,5,1044.266552,1044.266552,,2025-02-14 23:54:29
2942,4985,561,2,WITHDRAW,4,3760.192785,,,2025-02-15 00:16:45
2943,4987,928,3,BORROW,2,1671.301967,4013.5621946403,1671.301967,2025-02-15 00:31:30
2944,4989,957,3,REPAY,5,2547.884514,,2547.884514,2025-02-15 00:45:33
2945,4990,290,3,BORROW,3,871.804511,1787.0572758279,871.804511,2025-02-15 01:21:14
2946,4991,750,2,BORROW,3,7581.045507,14217.1718126433,7581.045507,2025-02-15 01:40:44
2947,4992,132,2,WITHDRAW,5,2784.798999,,,2025-02-15 01:44:12
2948,4993,378,4,REPAY,5,179.289552,,179.289552,2025-02-15 01:52:10
2949,4994,735,4,REPAY,3,661.284404,,661.284404,2025-02-15 02:02:33
2950,4995,731,2,BORROW,4,1953.27619,3479.7298290332,1953.27619,2025-02-15 02:02:56
2951,4996,455,4,REPAY,3,1.340937,,1.340937,2025-02-15 02:13:28
2952,4997,440,2,REPAY,5,11.142939,,11.142939,2025-02-15 02:25:35
2953,4998,53,2,REPAY,1,0.020058,,0.020058,2025-02-15 02:43:38
2954,4999,609,1,WITHDRAW,2,5806.920954,,,2025-02-15 03:06:01
2955,5000,5,2,REPAY,3,168.720491,,168.720491,2025-02-15 03:10:52
2956,5001,84,2,DEPOSIT,4,5878.924158,5878.924158,,2025-02-15 03:12:04
2957,5002,89,2,BORROW,2,4844.012091,6493.3210332134,4844.012091,2025-02-15 03:35:18
2958,5005,5,1,REPAY,1,137.075291,,137.075291,2025-02-15 04:06:12
2959,5006,806,3,WITHDRAW,5,1492.730768,,,2025-02-15 04:13:18
2960,5007,576,2,REPAY,5,2377.700964,,2377.700964,2025-02-15 04:19:56
2961,5008,367,2,BORROW,2,6496.553955,11933.4049748751,6496.553955,2025-02-15 04:20:32
2962,5010,113,2,REPAY,1,4181.453847,,4181.453847,2025-02-15 04:45:00
2963,5011,255,1,REPAY,5,1236.708411,,1236.708411,2025-02-15 04:58:32
2964,5014,829,3,WITHDRAW,5,8033.948898,,,2025-02-15 05:15:04
2965,5015,688,4,REPAY,1,663.545208,,663.545208,2025-02-15 05:45:36
2966,5016,722,2,REPAY,3,1242.459946,,1242.459946,2025-02-15 05:47:30
2967,5017,118,3,BORROW,1,7557.655995,14246.2062231244,7557.655995,2025-02-15 05:49:53
2968,5018,739,4,REPAY,4,86.37105,,86.37105,2025-02-15 05:50:53
2969,5019,683,1,REPAY,4,69.188005,,69.188005,2025-02-15 06:02:32
2970,5021,728,1,DEPOSIT,3,4763.858605,4763.858605,,2025-02-15 07:34:16
2971,5022,313,2,LIQUIDATION,3,6090.058517,7063.2894862717,6090.058517,2025-02-15 08:08:25
2972,5023,271,1,BORROW,1,5711.534888,7475.266190492,5711.534888,2025-02-15 08:27:43
2973,5024,5,2,REPAY,2,105.825763,,105.825763,2025-02-15 08:42:26
2974,5026,499,1,DEPOSIT,3,9908.589093,9908.589093,,2025-02-15 09:13:44
2975,5028,609,3,WITHDRAW,3,503.574385,,,2025-02-15 09:32:32
2976,5029,6,4,LIQUIDATION,3,11791.992425,10240.1142307311,11791.992425,2025-02-15 09:45:48
2977,5030,719,1,BORROW,2,4035.917357,6568.0215763744,4035.917357,2025-02-15 10:36:21
2978,5031,819,1,REPAY,2,1454.177283,,1454.177283,2025-02-15 11:11:21
2979,5033,379,4,DEPOSIT,1,3288.322985,3288.322985,,2025-02-15 11:43:16
2980,5034,363,2,REPAY,2,0.510024,,0.510024,2025-02-15 11:55:52
2981,5035,395,2,REPAY,5,361.04497,,361.04497,2025-02-15 12:06:00
2982,5037,572,2,WITHDRAW,2,598.668897,,,2025-02-15 12:52:25
2983,5038,224,1,BORROW,5,4695.934819,8516.9000228743,4695.934819,2025-02-15 13:00:08
2984,5039,177,1,WITHDRAW,5,857.743975,,,2025-02-15 13:25:05
2985,5041,881,3,LIQUIDATION,2,10417.932604,11626.7294045313,10417.932604,2025-02-15 13:45:59
2986,5042,816,3,REPAY,2,2.588647,,2.588647,2025-02-15 13:48:30
2987,5044,818,3,REPAY,1,2446.717379,,2446.717379,2025-02-15 13:52:04
2988,5045,69,1,DEPOSIT,3,6930.197501,6930.197501,,2025-02-15 13:52:09
2989,5047,113,4,REPAY,5,4014.310026,,4014.310026,2025-02-15 14:26:25
2990,5048,597,4,DEPOSIT,1,9007.779888,9007.779888,,2025-02-15 14:31:37
2991,5049,719,3,LIQUIDATION,3,4035.917357,3805.9323147902,4035.917357,2025-02-15 14:31:59
2992,5051,68,3,BORROW,2,3750.813942,5021.5642786321,3750.813942,2025-02-15 15:10:45
2993,5052,240,4,REPAY,5,564.639828,,564.639828,2025-02-15 15:40:11
2994,5055,101,2,LIQUIDATION,3,3687.485272,3118.7325804681,3687.485272,2025-02-15 16:18:11
2995,5056,85,2,WITHDRAW,5,2146.187038,,,2025-02-15 16:34:36
2996,5058,483,1,REPAY,4,1.140574,,1.140574,2025-02-15 17:26:33
2997,5059,226,4,DEPOSIT,3,2957.232575,2957.232575,,2025-02-15 17:36:30
2998,5064,86,3,REPAY,3,0.378987,,0.378987,2025-02-15 18:55:54
2999,5067,904,4,REPAY,4,17.724464,,17.724464,2025-02-15 20:01:53
3000,5068,105,2,DEPOSIT,1,3057.651287,3057.651287,,2025-02-15 20:17:35
3001,5069,126,4,WITHDRAW,3,3451.650844,,,2025-02-15 20:26:41
3002,5071,983,3,REPAY,4,2537.576614,,2537.576614,2025-02-15 20:41:42
3003,5072,819,4,REPAY,1,957.163938,,957.163938,2025-02-15 20:45:09
3004,5073,325,2,DEPOSIT,1,7257.097477,7257.097477,,2025-02-15 20:47:38
3005,5074,263,1,DEPOSIT,1,4991.646721,4991.646721,,2025-02-15 21:14:59
3006,5075,252,1,LIQUIDATION,1,4825.80876,4119.2601893775,4825.80876,2025-02-15 21:17:06
3007,5078,484,2,REPAY,4,2156.546535,,2156.546535,2025-02-15 21:48:21
3008,5079,171,3,REPAY,3,4944.108372,,4944.108372,2025-02-15 22:07:42
3009,5080,420,4,BORROW,4,7964.082715,10810.0334274302,7964.082715,2025-02-15 22:11:34
3010,5081,986,1,REPAY,5,135.549356,,135.549356,2025-02-15 22:24:29
3011,5083,888,4,BORROW,1,437.22785,993.275645126,437.22785,2025-02-15 23:16:14
3012,5084,558,2,REPAY,2,1554.525926,,1554.525926,2025-02-15 23:18:19
3013,5085,650,3,REPAY,4,18.18171,,18.18171,2025-02-15 23:20:05
3014,5086,797,3,WITHDRAW,1,1779.467514,,,2025-02-15 23:26:10
3015,5087,761,1,REPAY,4,835.991612,,835.991612,2025-02-16 00:03:10
3016,5088,277,2,BORROW,5,4462.672551,8559.6489437337,4462.672551,2025-02-16 00:14:55
3017,5090,918,2,REPAY,1,0.013776,,0.013776,2025-02-16 00:58:03
3018,5091,814,1,REPAY,2,4703.807179,,4703.807179,2025-02-16 01:03:05
3019,5092,247,3,DEPOSIT,2,4009.332912,4009.332912,,2025-02-16 01:08:54
3020,5093,352,2,WITHDRAW,1,5494.561005,,,2025-02-16 02:18:18
3021,5094,86,1,REPAY,3,0.160556,,0.160556,2025-02-16 03:03:18
3022,5095,962,4,REPAY,1,0.000738,,0.000738,2025-02-16 03:11:59
3023,5097,481,2,REPAY,4,2644.89888,,2644.89888,2025-02-16 03:29:35
3024,5099,360,2,DEPOSIT,3,6505.445101,6505.445101,,2025-02-16 04:35:36
3025,5101,144,3,DEPOSIT,5,5602.833252,5602.833252,,2025-02-16 04:54:55
3026,5102,983,2,REPAY,1,701.459133,,701.459133,2025-02-16 05:08:29
3027,5103,190,2,BORROW,1,7203.069,17206.53322547,7203.069,2025-02-16 05:27:30
3028,5104,437,1,DEPOSIT,4,8202.901274,8202.901274,,2025-02-16 05:31:06
3029,5106,19,4,REPAY,4,1730.868246,,1730.868246,2025-02-16 05:57:13
3030,5107,420,3,LIQUIDATION,5,22590.643055,21322.0047929545,22590.643055,2025-02-16 06:10:14
3031,5109,204,2,REPAY,4,227.270107,,227.270107,2025-02-16 06:20:08
3032,5111,745,2,DEPOSIT,4,197.910294,197.910294,,2025-02-16 07:24:47
3033,5112,233,3,REPAY,5,6838.553967,,6838.553967,2025-02-16 07:25:16
3034,5115,594,4,BORROW,5,8777.237721,12170.9571257408,8777.237721,2025-02-16 07:50:29
3035,5116,32,3,REPAY,2,3107.547303,,3107.547303,2025-02-16 08:01:23
3036,5117,179,1,DEPOSIT,4,9486.118731,9486.118731,,2025-02-16 08:02:50
3037,5118,849,1,WITHDRAW,4,4610.424913,,,2025-02-16 08:06:32
3038,5119,918,1,WITHDRAW,3,1840.219721,,,2025-02-16 08:07:51
3039,5120,908,4,REPAY,2,687.566624,,687.566624,2025-02-16 08:44:07
3040,5121,954,1,BORROW,3,9389.658013,21936.0561154813,9389.658013,2025-02-16 08:49:33
3041,5122,886,4,WITHDRAW,3,5231.907263,,,2025-02-16 09:15:54
3042,5123,315,4,REPAY,1,195.049635,,195.049635,2025-02-16 09:54:34
3043,5124,80,2,WITHDRAW,5,1346.670901,,,2025-02-16 10:06:41
3044,5126,490,1,REPAY,2,14.925551,,14.925551,2025-02-16 11:00:11
3045,5128,912,4,REPAY,4,4920.722396,,4920.722396,2025-02-16 11:08:06
3046,5129,248,4,REPAY,4,116.136372,,116.136372,2025-02-16 11:17:24
3047,5130,211,2,REPAY,3,1481.779368,,1481.779368,2025-02-16 11:21:47
3048,5131,981,3,REPAY,5,2149.494172,,2149.494172,2025-02-16 11:24:36
3049,5134,536,3,LIQUIDATION,1,1570.832509,1355.9896379921,1570.832509,2025-02-16 12:26:20
3050,5137,281,1,REPAY,5,1721.299895,,1721.299895,2025-02-16 12:58:13
3051,5140,338,1,DEPOSIT,4,9473.801163,9473.801163,,2025-02-16 14:39:08
3052,5144,969,2,WITHDRAW,5,5700.074605,,,2025-02-16 16:02:34
3053,5145,526,1,REPAY,5,82.998317,,82.998317,2025-02-16 16:06:08
3054,5146,946,2,LIQUIDATION,5,1820.715112,1852.3401427394,1820.715112,2025-02-16 16:09:45
3055,5147,566,3,DEPOSIT,3,1096.835922,1096.835922,,2025-02-16 16:13:25
3056,5149,171,1,REPAY,4,3299.441119,,3299.441119,2025-02-16 16:51:53
3057,5150,700,1,BORROW,1,236.520942,323.6878415808,236.520942,2025-02-16 16:55:13
3058,5151,9,2,LIQUIDATION,4,10196.647702,9473.1863316088,10196.647702,2025-02-16 17:06:08
3059,5152,322,2,LIQUIDATION,5,748.903075,802.8712001995,748.903075,2025-02-16 17:35:10
3060,5156,776,2,DEPOSIT,3,9907.990607,9907.990607,,2025-02-16 18:04:58
3061,5157,130,1,DEPOSIT,4,6021.168308,6021.168308,,2025-02-16 18:28:03
3062,5158,725,4,BORROW,5,2048.389798,3104.2595384826,2048.389798,2025-02-16 18:38:14
3063,5159,233,2,REPAY,3,143.958696,,143.958696,2025-02-16 18:40:58
3064,5160,310,1,REPAY,4,5585.724048,,5585.724048,2025-02-16 18:59:35
3065,5161,941,3,REPAY,4,1928.1784,,1928.1784,2025-02-16 18:59:46
3066,5162,629,2,REPAY,1,686.230789,,686.230789,2025-02-16 19:21:28
3067,5163,54,2,BORROW,3,1536.071364,2078.1741562398,1536.071364,2025-02-16 19:31:20
3068,5164,5,1,REPAY,2,134.85199,,134.85199,2025-02-16 19:51:12
3069,5165,765,3,REPAY,3,1859.018306,,1859.018306,2025-02-16 20:30:17
3070,5166,745,2,REPAY,4,25.202475,,25.202475,2025-02-16 20:43:29
3071,5168,984,4,DEPOSIT,3,5945.487763,5945.487763,,2025-02-16 21:10:05
3072,5169,781,1,REPAY,4,78.074526,,78.074526,2025-02-16 21:43:31
3073,5172,81,1,DEPOSIT,1,1132.271828,1132.271828,,2025-02-16 22:51:19
3074,5173,401,2,REPAY,4,143.005028,,143.005028,2025-02-16 22:58:28
3075,5174,311,1,REPAY,5,4934.367736,,4934.367736,2025-02-16 23:00:52
3076,5175,500,1,REPAY,5,676.86323,,676.86323,2025-02-16 23:15:34
3077,5178,201,1,REPAY,2,131.657003,,131.657003,2025-02-17 00:03:54
3078,5179,944,2,DEPOSIT,1,9317.641879,9317.641879,,2025-02-17 00:43:04
3079,5180,814,1,REPAY,5,198.940949,,198.940949,2025-02-17 00:57:43
3080,5184,787,1,REPAY,4,567.308365,,567.308365,2025-02-17 01:33:18
3081,5185,41,4,REPAY,5,10.96255,,10.96255,2025-02-17 01:46:44
3082,5186,601,1,REPAY,1,648.701809,,648.701809,2025-02-17 01:56:10
3083,5189,487,2,DEPOSIT,3,1155.243057,1155.243057,,2025-02-17 02:31:24
3084,5192,136,1,LIQUIDATION,4,874.995455,870.0135135117,874.995455,2025-02-17 02:48:38
3085,5193,418,3,BORROW,2,9531.165061,18734.9105727636,9531.165061,2025-02-17 02:58:57
3086,5194,451,4,DEPOSIT,1,7926.011161,7926.011161,,2025-02-17 03:15:35
3087,5195,978,4,REPAY,5,0.476622,,0.476622,2025-02-17 03:15:43
3088,5196,808,4,REPAY,1,4451.33062,,4451.33062,2025-02-17 03:16:12
3089,5197,248,1,REPAY,5,5.559195,,5.559195,2025-02-17 03:48:09
3090,5200,191,2,REPAY,1,83.726455,,83.726455,2025-02-17 04:48:13
3091,5201,896,3,REPAY,3,1316.625965,,1316.625965,2025-02-17 04:52:42
3092,5203,449,1,REPAY,4,80.605373,,80.605373,2025-02-17 05:10:21
3093,5205,624,1,BORROW,4,8239.688876,16077.0461573432,8239.688876,2025-02-17 05:44:07
3094,5206,920,4,REPAY,1,3994.037161,,3994.037161,2025-02-17 06:07:16
3095,5208,115,2,REPAY,1,1225.002271,,1225.002271,2025-02-17 07:12:20
3096,5210,296,2,LIQUIDATION,4,10507.225729,11591.2871310349,10507.225729,2025-02-17 07:35:09
3097,5211,513,2,BORROW,1,3612.874272,6307.6891474424,3612.874272,2025-02-17 07:37:55
3098,5212,252,1,BORROW,5,5454.457853,11424.2114104665,5454.457853,2025-02-17 07:40:57
3099,5213,299,4,REPAY,4,222.034611,,222.034611,2025-02-17 07:58:06
3100,5215,219,3,LIQUIDATION,5,1592.424655,1600.4568897058,1592.424655,2025-02-17 08:19:00
3101,5216,105,1,DEPOSIT,4,5570.565958,5570.565958,,2025-02-17 08:43:00
3102,5217,3,2,DEPOSIT,3,7895.623985,7895.623985,,2025-02-17 08:50:44
3103,5219,473,4,REPAY,4,750.417282,,750.417282,2025-02-17 09:35:30
3104,5221,678,2,DEPOSIT,4,3734.458322,3734.458322,,2025-02-17 10:10:36
3105,5222,829,2,REPAY,1,2431.823339,,2431.823339,2025-02-17 10:11:20
3106,5223,339,2,REPAY,4,2430.518067,,2430.518067,2025-02-17 10:15:40
3107,5224,196,1,WITHDRAW,3,4077.055469,,,2025-02-17 10:50:11
3108,5225,415,1,BORROW,5,4643.957498,11241.1810749513,4643.957498,2025-02-17 11:21:29
3109,5226,986,1,REPAY,3,81.143443,,81.143443,2025-02-17 11:41:02
3110,5227,365,1,REPAY,2,2687.349853,,2687.349853,2025-02-17 11:41:32
3111,5228,682,3,DEPOSIT,3,718.704099,718.704099,,2025-02-17 11:59:02
3112,5230,84,4,DEPOSIT,5,1901.943348,1901.943348,,2025-02-17 12:26:45
3113,5231,359,4,REPAY,1,358.722742,,358.722742,2025-02-17 12:31:01
3114,5232,346,2,REPAY,3,8.416571,,8.416571,2025-02-17 12:32:10
3115,5233,992,3,BORROW,3,4030.732694,8831.6831691481,4030.732694,2025-02-17 12:32:37
3116,5236,860,1,BORROW,4,6276.501786,11667.0006373407,6276.501786,2025-02-17 12:58:03
3117,5237,981,3,REPAY,4,12.499101,,12.499101,2025-02-17 13:08:47
3118,5238,86,3,REPAY,5,0.058878,,0.058878,2025-02-17 13:12:49
3119,5239,474,3,BORROW,1,7402.521114,12300.3950973088,7402.521114,2025-02-17 13:25:58
3120,5243,551,2,REPAY,3,281.816821,,281.816821,2025-02-17 14:00:05
3121,5246,528,2,DEPOSIT,2,6542.747691,6542.747691,,2025-02-17 14:32:07
3122,5247,367,2,REPAY,5,3583.038812,,3583.038812,2025-02-17 14:50:20
3123,5248,9,4,WITHDRAW,4,3225.495821,,,2025-02-17 14:51:38
3124,5249,715,1,REPAY,1,257.46826,,257.46826,2025-02-17 14:57:56
3125,5250,21,4,REPAY,4,1831.66209,,1831.66209,2025-02-17 14:58:06
3126,5251,735,3,REPAY,3,3359.698706,,3359.698706,2025-02-17 15:07:07
3127,5252,401,4,REPAY,4,150.769596,,150.769596,2025-02-17 15:15:20
3128,5253,624,1,BORROW,1,1625.885946,3058.7114990211,1625.885946,2025-02-17 15:15:55
3129,5254,980,4,BORROW,2,3344.198469,4785.8766982391,3344.198469,2025-02-17 15:25:19
3130,5255,75,4,REPAY,4,5740.469229,,5740.469229,2025-02-17 15:53:09
3131,5256,771,1,REPAY,1,6359.758701,,6359.758701,2025-02-17 16:30:59
3132,5257,699,4,BORROW,4,7569.57981,9459.4230251381,7569.57981,2025-02-17 17:08:45
3133,5258,553,4,BORROW,5,2726.776427,6402.153252065,2726.776427,2025-02-17 17:11:05
3134,5259,467,1,WITHDRAW,2,9287.206877,,,2025-02-17 17:26:24
3135,5261,654,4,BORROW,2,3549.518158,7873.8188946,3549.518158,2025-02-17 18:00:53
3136,5262,751,2,DEPOSIT,5,9188.993721,9188.993721,,2025-02-17 18:02:27
3137,5263,894,4,WITHDRAW,2,5296.42008,,,2025-02-17 18:06:31
3138,5266,923,1,REPAY,1,237.206028,,237.206028,2025-02-17 19:15:33
3139,5270,980,4,BORROW,3,5459.19103,11602.0130564362,5459.19103,2025-02-17 20:03:31
3140,5271,42,4,REPAY,5,87.438502,,87.438502,2025-02-17 20:32:21
3141,5272,725,2,REPAY,4,541.866036,,541.866036,2025-02-17 20:51:44
3142,5273,827,4,BORROW,1,976.234168,1908.4024077573,976.234168,2025-02-17 21:11:34
3143,5274,220,4,REPAY,2,1409.450792,,1409.450792,2025-02-17 21:29:30
3144,5275,854,2,DEPOSIT,4,7152.183521,7152.183521,,2025-02-17 21:51:18
3145,5276,797,3,REPAY,5,355.10363,,355.10363,2025-02-17 22:05:45
3146,5280,242,2,REPAY,2,7.059881,,7.059881,2025-02-17 22:57:26
3147,5281,495,2,REPAY,1,653.430202,,653.430202,2025-02-17 23:49:08
3148,5284,595,1,WITHDRAW,3,6639.451329,,,2025-02-18 00:03:49
3149,5286,311,2,LIQUIDATION,3,1180.537816,1050.4334447738,1180.537816,2025-02-18 00:45:17
3150,5288,24,2,REPAY,3,3.629164,,3.629164,2025-02-18 00:57:00
3151,5290,624,3,LIQUIDATION,1,16525.433726,16078.279454321,16525.433726,2025-02-18 01:02:11
3152,5295,904,1,WITHDRAW,4,3459.546866,,,2025-02-18 01:34:51
3153,5296,225,3,DEPOSIT,4,9994.658254,9994.658254,,2025-02-18 01:41:19
3154,5297,693,2,DEPOSIT,2,4088.26254,4088.26254,,2025-02-18 01:57:52
3155,5299,823,1,REPAY,3,712.236962,,712.236962,2025-02-18 02:35:09
3156,5301,449,1,REPAY,1,58.561796,,58.561796,2025-02-18 02:58:41
3157,5303,71,4,REPAY,4,584.988274,,584.988274,2025-02-18 03:23:08
3158,5304,156,1,WITHDRAW,2,6050.321502,,,2025-02-18 03:37:58
3159,5305,596,2,DEPOSIT,2,4970.956962,4970.956962,,2025-02-18 03:58:59
3160,5308,420,1,WITHDRAW,2,4434.15816,,,2025-02-18 04:50:24
3161,5309,662,2,WITHDRAW,4,7710.912688,,,2025-02-18 04:52:35
3162,5310,396,4,DEPOSIT,5,5350.032614,5350.032614,,2025-02-18 04:57:51
3163,5315,303,1,DEPOSIT,3,7789.231807,7789.231807,,2025-02-18 05:20:21
3164,5318,182,3,REPAY,3,9000.792564,,9000.792564,2025-02-18 06:26:07
3165,5319,603,4,BORROW,4,3041.608842,6063.0368269625,3041.608842,2025-02-18 06:27:09
3166,5321,106,3,BORROW,5,1754.075945,2119.8517931206,1754.075945,2025-02-18 06:48:33
3167,5322,277,3,REPAY,2,1292.736537,,1292.736537,2025-02-18 07:01:51
3168,5324,800,2,BORROW,1,9575.447516,12352.9878603131,9575.447516,2025-02-18 07:07:47
3169,5326,909,4,REPAY,4,1360.945518,,1360.945518,2025-02-18 07:19:11
3170,5327,870,1,REPAY,2,619.02451,,619.02451,2025-02-18 07:29:23
3171,5332,897,3,DEPOSIT,2,2944.632406,2944.632406,,2025-02-18 08:24:55
3172,5335,307,1,LIQUIDATION,5,13232.660896,13305.8434773726,13232.660896,2025-02-18 08:56:39
3173,5336,750,2,LIQUIDATION,5,7581.045507,8030.4549698092,7581.045507,2025-02-18 09:03:08
3174,5337,6,1,DEPOSIT,3,715.853673,715.853673,,2025-02-18 09:06:45
3175,5338,33,3,WITHDRAW,4,965.393543,,,2025-02-18 10:35:58
3176,5339,656,1,DEPOSIT,5,4585.652667,4585.652667,,2025-02-18 10:42:32
3177,5340,526,2,WITHDRAW,2,3026.762125,,,2025-02-18 10:56:40
3178,5342,351,4,REPAY,3,3.395414,,3.395414,2025-02-18 11:16:28
3179,5343,236,3,REPAY,1,149.21634,,149.21634,2025-02-18 11:34:49
3180,5346,49,4,REPAY,1,905.521604,,905.521604,2025-02-18 11:59:25
3181,5347,908,4,WITHDRAW,5,2002.086622,,,2025-02-18 12:03:12
3182,5349,511,4,DEPOSIT,5,6868.345625,6868.345625,,2025-02-18 12:23:51
3183,5350,586,3,REPAY,1,503.658293,,503.658293,2025-02-18 12:25:03
3184,5352,296,3,BORROW,1,1397.253076,1888.7199511886,1397.253076,2025-02-18 12:43:22
3185,5353,367,3,REPAY,2,2525.910186,,2525.910186,2025-02-18 12:46:13
3186,5354,796,1,BORROW,1,7458.563933,10915.1523998055,7458.563933,2025-02-18 12:48:30
3187,5356,38,3,REPAY,2,1762.988021,,1762.988021,2025-02-18 13:00:38
3188,5357,979,2,WITHDRAW,4,1011.159762,,,2025-02-18 13:10:47
3189,5359,19,4,REPAY,1,1393.403683,,1393.403683,2025-02-18 13:27:17
3190,5361,429,2,WITHDRAW,1,813.984437,,,2025-02-18 13:31:06
3191,5362,359,1,REPAY,4,2239.824311,,2239.824311,2025-02-18 13:42:44
3192,5363,143,4,REPAY,2,72.633934,,72.633934,2025-02-18 13:44:37
3193,5364,547,1,DEPOSIT,4,8954.688521,8954.688521,,2025-02-18 14:00:40
3194,5365,287,4,REPAY,3,6714.8978,,6714.8978,2025-02-18 14:53:55
3195,5367,892,1,REPAY,1,1350.32668,,1350.32668,2025-02-18 15:20:21
3196,5368,780,2,DEPOSIT,2,3076.051496,3076.051496,,2025-02-18 15:28:35
3197,5369,628,1,REPAY,4,222.427879,,222.427879,2025-02-18 15:35:47
3198,5370,750,4,BORROW,5,9844.922756,22261.6130896703,9844.922756,2025-02-18 15:41:56
3199,5375,117,2,REPAY,2,69.271355,,69.271355,2025-02-18 16:17:20
3200,5378,583,4,DEPOSIT,4,7086.115433,7086.115433,,2025-02-18 17:13:38
3201,5379,615,2,REPAY,5,67.038102,,67.038102,2025-02-18 17:37:25
3202,5380,455,3,LIQUIDATION,3,4.054902,4.3261933425,4.054902,2025-02-18 18:51:37
3203,5385,995,1,LIQUIDATION,4,7665.204111,7484.6971817393,7665.204111,2025-02-18 19:31:26
3204,5386,690,1,WITHDRAW,4,9062.99714,,,2025-02-18 19:31:27
3205,5391,493,2,BORROW,2,6573.614688,8590.5356449337,6573.614688,2025-02-18 21:00:20
3206,5392,510,3,WITHDRAW,1,2681.95678,,,2025-02-18 21:13:46
3207,5393,780,2,REPAY,3,3618.616904,,3618.616904,2025-02-18 21:30:38
3208,5394,95,3,REPAY,5,1594.280279,,1594.280279,2025-02-18 21:55:15
3209,5395,134,1,DEPOSIT,1,6033.88441,6033.88441,,2025-02-18 21:58:34
3210,5396,96,4,BORROW,2,7715.727118,11720.8959980206,7715.727118,2025-02-18 22:07:34
3211,5397,246,3,BORROW,2,1528.95866,2522.9001458755,1528.95866,2025-02-18 22:23:56
3212,5398,209,2,BORROW,4,4295.590032,8735.1024307765,4295.590032,2025-02-18 22:27:40
3213,5399,969,4,DEPOSIT,4,8340.911037,8340.911037,,2025-02-18 22:28:15
3214,5400,707,4,REPAY,5,2704.385623,,2704.385623,2025-02-18 22:30:58
3215,5401,890,4,BORROW,2,3732.936479,6351.758177558,3732.936479,2025-02-18 22:38:33
3216,5402,972,1,WITHDRAW,3,479.206559,,,2025-02-18 22:44:14
3217,5403,353,1,REPAY,2,254.012429,,254.012429,2025-02-18 23:37:51
3218,5406,25,3,REPAY,3,2382.940368,,2382.940368,2025-02-19 00:21:14
3219,5407,937,3,LIQUIDATION,1,4670.530118,4630.3893664333,4670.530118,2025-02-19 00:42:42
3220,5410,883,2,WITHDRAW,1,4808.382259,,,2025-02-19 01:34:55
3221,5411,846,3,REPAY,2,6883.601619,,6883.601619,2025-02-19 01:50:44
3222,5414,733,2,DEPOSIT,5,8407.899328,8407.899328,,2025-02-19 02:27:55
3223,5416,923,1,REPAY,3,33.409432,,33.409432,2025-02-19 02:59:08
3224,5417,242,1,DEPOSIT,3,7339.832831,7339.832831,,2025-02-19 03:07:24
3225,5418,65,2,DEPOSIT,3,4437.819272,4437.819272,,2025-02-19 03:14:32
3226,5419,834,4,DEPOSIT,2,7413.667126,7413.667126,,2025-02-19 03:21:43
3227,5420,565,2,REPAY,2,1060.926799,,1060.926799,2025-02-19 03:34:57
3228,5421,724,2,REPAY,5,3816.940396,,3816.940396,2025-02-19 04:31:22
3229,5424,282,4,BORROW,4,7903.318292,15683.8986932928,7903.318292,2025-02-19 05:27:42
3230,5425,62,1,REPAY,2,108.164607,,108.164607,2025-02-19 05:34:02
3231,5427,806,1,WITHDRAW,2,4948.19083,,,2025-02-19 06:07:36
3232,5428,845,2,REPAY,2,2543.956298,,2543.956298,2025-02-19 06:36:31
3233,5430,149,1,WITHDRAW,3,9762.048394,,,2025-02-19 08:08:28
3234,5431,661,2,REPAY,3,4879.985669,,4879.985669,2025-02-19 08:33:42
3235,5432,690,4,LIQUIDATION,2,12098.385747,10290.0732592317,12098.385747,2025-02-19 09:04:05
3236,5433,600,3,REPAY,5,37.323205,,37.323205,2025-02-19 09:04:26
3237,5434,293,4,DEPOSIT,2,6429.429276,6429.429276,,2025-02-19 09:04:32
3238,5435,762,1,REPAY,2,90.243629,,90.243629,2025-02-19 09:09:05
3239,5436,376,2,WITHDRAW,2,120.969945,,,2025-02-19 09:40:17
3240,5437,115,2,REPAY,5,32.955141,,32.955141,2025-02-19 09:51:23
3241,5438,245,1,WITHDRAW,2,9746.85433,,,2025-02-19 10:03:38
3242,5439,22,1,REPAY,5,1033.244448,,1033.244448,2025-02-19 10:08:23
3243,5440,72,3,REPAY,4,909.77335,,909.77335,2025-02-19 10:11:32
3244,5442,342,3,DEPOSIT,4,8925.935003,8925.935003,,2025-02-19 11:44:04
3245,5443,235,1,REPAY,5,11.43659,,11.43659,2025-02-19 12:14:02
3246,5444,596,1,DEPOSIT,5,4910.918556,4910.918556,,2025-02-19 12:21:57
3247,5445,497,2,BORROW,4,3552.049792,7963.3107443371,3552.049792,2025-02-19 12:27:41
3248,5448,144,2,DEPOSIT,1,3803.740545,3803.740545,,2025-02-19 13:35:25
3249,5449,269,1,BORROW,2,388.393793,890.6625310041,388.393793,2025-02-19 13:42:41
3250,5450,739,1,REPAY,3,59.392411,,59.392411,2025-02-19 13:42:43
3251,5451,486,1,LIQUIDATION,3,1929.103463,1693.1559129637,1929.103463,2025-02-19 13:59:20
3252,5452,510,2,REPAY,1,5118.895166,,5118.895166,2025-02-19 14:03:12
3253,5453,154,1,DEPOSIT,4,2331.298576,2331.298576,,2025-02-19 14:29:39
3254,5456,681,1,LIQUIDATION,5,281.331683,277.8382905751,281.331683,2025-02-19 14:58:13
3255,5457,148,4,DEPOSIT,2,4146.668322,4146.668322,,2025-02-19 15:36:49
3256,5461,818,3,REPAY,2,1188.478659,,1188.478659,2025-02-19 16:45:36
3257,5463,264,4,LIQUIDATION,5,7661.706162,7137.1329593793,7661.706162,2025-02-19 17:10:08
3258,5468,889,3,WITHDRAW,3,1504.047036,,,2025-02-19 19:06:55
3259,5469,466,2,WITHDRAW,5,9298.71554,,,2025-02-19 19:07:40
3260,5471,659,3,DEPOSIT,4,5901.213834,5901.213834,,2025-02-19 20:06:45
3261,5473,397,1,WITHDRAW,5,6962.849363,,,2025-02-19 21:02:42
3262,5474,833,4,REPAY,1,224.850943,,224.850943,2025-02-19 21:03:42
3263,5477,772,2,BORROW,4,3892.598688,6401.8596375647,3892.598688,2025-02-19 22:56:28
3264,5478,449,1,REPAY,1,7.886197,,7.886197,2025-02-19 23:03:58
3265,5479,474,3,REPAY,4,6107.210692,,6107.210692,2025-02-19 23:07:54
3266,5480,632,2,WITHDRAW,2,8531.007161,,,2025-02-19 23:13:46
3267,5481,398,1,WITHDRAW,5,5450.80184,,,2025-02-19 23:16:31
3268,5482,553,4,REPAY,4,1384.224221,,1384.224221,2025-02-19 23:17:20
3269,5483,236,4,REPAY,2,20.639651,,20.639651,2025-02-19 23:18:55
3270,5484,12,1,DEPOSIT,3,7096.315756,7096.315756,,2025-02-19 23:46:51
3271,5485,588,4,BORROW,1,3242.033484,6825.9843943527,3242.033484,2025-02-20 00:38:09
3272,5486,5,1,REPAY,4,64.024748,,64.024748,2025-02-20 00:52:22
3273,5487,673,1,REPAY,4,9250.822646,,9250.822646,2025-02-20 00:56:17
3274,5488,425,2,BORROW,1,5567.459207,12180.0873927785,5567.459207,2025-02-20 01:02:17
3275,5491,558,2,REPAY,5,1317.071063,,1317.071063,2025-02-20 01:31:37
3276,5492,26,4,REPAY,2,1199.995014,,1199.995014,2025-02-20 01:32:17
3277,5494,269,3,WITHDRAW,1,3006.656802,,,2025-02-20 01:50:15
3278,5495,444,4,WITHDRAW,5,4598.524322,,,2025-02-20 01:57:17
3279,5496,114,4,WITHDRAW,1,4103.792036,,,2025-02-20 02:00:09
3280,5497,118,4,REPAY,1,6121.679353,,6121.679353,2025-02-20 02:03:39
3281,5498,48,2,REPAY,1,37.215745,,37.215745,2025-02-20 02:06:23
3282,5500,267,2,BORROW,1,7434.00475,9862.5089932892,7434.00475,2025-02-20 02:36:46
3283,5501,833,1,REPAY,3,90.666027,,90.666027,2025-02-20 02:37:13
3284,5502,268,1,REPAY,3,58.542632,,58.542632,2025-02-20 03:21:49
3285,5503,574,3,LIQUIDATION,3,6876.949294,5666.3957445874,6876.949294,2025-02-20 03:28:44
3286,5505,680,3,DEPOSIT,1,6927.547398,6927.547398,,2025-02-20 04:12:59
3287,5506,243,3,REPAY,3,657.300672,,657.300672,2025-02-20 05:23:12
3288,5507,22,1,REPAY,5,142.898479,,142.898479,2025-02-20 05:23:30
3289,5508,74,1,BORROW,3,4999.955774,9255.9218860476,4999.955774,2025-02-20 05:24:17
3290,5509,260,4,WITHDRAW,1,7105.089445,,,2025-02-20 05:26:01
3291,5511,807,4,REPAY,5,140.674704,,140.674704,2025-02-20 05:35:01
3292,5512,639,2,DEPOSIT,3,9898.862588,9898.862588,,2025-02-20 05:48:29
3293,5513,236,2,DEPOSIT,2,9430.76181,9430.76181,,2025-02-20 06:11:29
3294,5514,93,2,WITHDRAW,2,6532.94701,,,2025-02-20 06:15:24
3295,5515,703,3,DEPOSIT,3,1240.463107,1240.463107,,2025-02-20 06:20:31
3296,5517,397,2,BORROW,4,6993.486977,10460.5418234318,6993.486977,2025-02-20 07:08:52
3297,5518,498,2,LIQUIDATION,5,2118.707665,2144.1122865088,2118.707665,2025-02-20 07:16:57
3298,5520,325,3,REPAY,1,0.932698,,0.932698,2025-02-20 07:27:55
3299,5521,182,4,REPAY,5,534.002035,,534.002035,2025-02-20 08:04:50
3300,5524,857,1,WITHDRAW,3,2279.501892,,,2025-02-20 08:40:03
3301,5525,727,3,BORROW,1,9290.215669,21631.9746753842,9290.215669,2025-02-20 08:40:39
3302,5526,772,2,REPAY,5,546.300057,,546.300057,2025-02-20 08:59:25
3303,5528,509,4,REPAY,1,31.905026,,31.905026,2025-02-20 09:01:36
3304,5530,342,1,REPAY,2,1543.732532,,1543.732532,2025-02-20 09:31:51
3305,5533,357,1,DEPOSIT,2,1063.036323,1063.036323,,2025-02-20 10:06:12
3306,5534,218,4,WITHDRAW,3,8094.974444,,,2025-02-20 10:13:56
3307,5535,629,1,REPAY,3,116.977341,,116.977341,2025-02-20 10:17:35
3308,5536,648,1,WITHDRAW,1,2707.569338,,,2025-02-20 10:33:10
3309,5537,333,4,REPAY,5,372.354841,,372.354841,2025-02-20 10:36:42
3310,5539,974,4,DEPOSIT,1,5741.616213,5741.616213,,2025-02-20 11:41:08
3311,5540,487,3,REPAY,5,66.58674,,66.58674,2025-02-20 11:43:21
3312,5544,208,4,DEPOSIT,4,615.494633,615.494633,,2025-02-20 12:27:54
3313,5545,362,4,REPAY,2,36.678019,,36.678019,2025-02-20 12:43:53
3314,5547,800,4,REPAY,1,2446.736462,,2446.736462,2025-02-20 12:57:11
3315,5548,688,3,REPAY,3,6.279585,,6.279585,2025-02-20 12:59:16
3316,5549,16,4,BORROW,3,7011.558078,14466.0848086345,7011.558078,2025-02-20 13:02:17
3317,5550,852,1,WITHDRAW,4,2475.546039,,,2025-02-20 13:02:49
3318,5551,762,3,REPAY,5,122.178136,,122.178136,2025-02-20 13:34:47
3319,5552,404,4,LIQUIDATION,2,29.617492,23.7050016139,29.617492,2025-02-20 13:35:07
3320,5553,651,1,DEPOSIT,3,2844.983447,2844.983447,,2025-02-20 13:45:10
3321,5554,456,3,WITHDRAW,2,2007.846954,,,2025-02-20 13:55:24
3322,5555,34,2,DEPOSIT,3,838.358586,838.358586,,2025-02-20 14:02:38
3323,5559,484,3,REPAY,1,177.10769,,177.10769,2025-02-20 14:51:22
3324,5560,59,2,REPAY,4,116.955099,,116.955099,2025-02-20 14:56:49
3325,5563,873,4,REPAY,4,9.035396,,9.035396,2025-02-20 15:20:50
3326,5564,886,2,DEPOSIT,2,6496.099436,6496.099436,,2025-02-20 15:27:12
3327,5568,771,1,LIQUIDATION,3,1228.051635,1199.6474504316,1228.051635,2025-02-20 16:14:06
3328,5569,86,1,REPAY,4,0.038032,,0.038032,2025-02-20 16:18:21
3329,5570,112,3,DEPOSIT,4,3758.309377,3758.309377,,2025-02-20 16:26:20
3330,5572,996,2,WITHDRAW,3,726.993874,,,2025-02-20 16:56:35
3331,5573,542,4,REPAY,4,4.047433,,4.047433,2025-02-20 16:58:45
3332,5574,746,3,BORROW,2,7741.321077,17621.9032732145,7741.321077,2025-02-20 17:01:58
3333,5575,523,4,DEPOSIT,2,6407.92844,6407.92844,,2025-02-20 17:31:31
3334,5576,773,2,REPAY,1,39.523925,,39.523925,2025-02-20 17:33:50
3335,5577,567,3,DEPOSIT,5,6590.628371,6590.628371,,2025-02-20 17:45:35
3336,5580,811,1,REPAY,3,7.2037,,7.2037,2025-02-20 18:38:32
3337,5582,549,2,WITHDRAW,1,265.887764,,,2025-02-20 18:57:55
3338,5583,515,3,REPAY,4,343.621051,,343.621051,2025-02-20 19:10:07
3339,5586,960,3,REPAY,2,288.831017,,288.831017,2025-02-20 19:58:03
3340,5587,319,2,DEPOSIT,4,7081.909605,7081.909605,,2025-02-20 19:59:52
3341,5588,142,1,WITHDRAW,3,581.152771,,,2025-02-20 20:01:23
3342,5589,814,4,REPAY,4,5.749199,,5.749199,2025-02-20 20:04:26
3343,5591,167,1,REPAY,4,1553.183023,,1553.183023,2025-02-20 21:00:11
3344,5592,413,2,WITHDRAW,2,5251.375856,,,2025-02-20 21:52:19
3345,5593,621,1,REPAY,4,149.151183,,149.151183,2025-02-20 22:39:19
3346,5594,958,2,REPAY,3,5096.848861,,5096.848861,2025-02-20 23:06:58
3347,5595,324,4,REPAY,4,313.559482,,313.559482,2025-02-20 23:20:04
3348,5596,202,2,LIQUIDATION,3,7178.339186,8000.5259136362,7178.339186,2025-02-20 23:29:28
3349,5597,441,3,REPAY,3,945.992348,,945.992348,2025-02-20 23:36:31
3350,5599,59,4,REPAY,4,1.602585,,1.602585,2025-02-21 00:09:49
3351,5602,925,4,REPAY,5,171.095445,,171.095445,2025-02-21 00:48:27
3352,5603,382,4,WITHDRAW,1,2928.630798,,,2025-02-21 00:51:52
3353,5605,571,3,BORROW,4,1152.868058,2837.3521628283,1152.868058,2025-02-21 00:59:42
3354,5606,363,2,DEPOSIT,4,5533.666386,5533.666386,,2025-02-21 01:01:55
3355,5607,463,2,REPAY,4,3653.322181,,3653.322181,2025-02-21 01:22:41
3356,5608,665,2,BORROW,2,7853.663397,17009.4062018695,7853.663397,2025-02-21 01:26:03
3357,5609,917,3,REPAY,5,640.106428,,640.106428,2025-02-21 01:34:36
3358,5610,462,3,REPAY,4,0.03798,,0.03798,2025-02-21 01:38:25
3359,5613,498,3,BORROW,2,8228.296729,20114.0106020348,8228.296729,2025-02-21 02:00:46
3360,5614,36,4,WITHDRAW,4,6210.21044,,,2025-02-21 02:05:51
3361,5615,795,2,WITHDRAW,2,1759.256342,,,2025-02-21 02:28:41
3362,5616,999,2,REPAY,4,1063.038925,,1063.038925,2025-02-21 02:40:38
3363,5617,773,4,REPAY,4,43.778178,,43.778178,2025-02-21 02:45:44
3364,5618,124,1,WITHDRAW,5,6387.390008,,,2025-02-21 03:02:53
3365,5619,16,2,REPAY,5,6708.89402,,6708.89402,2025-02-21 03:08:30
3366,5621,44,3,LIQUIDATION,4,7.294785,8.5746965776,7.294785,2025-02-21 03:17:54
3367,5624,950,4,DEPOSIT,5,6470.62215,6470.62215,,2025-02-21 03:29:27
3368,5626,388,4,WITHDRAW,1,284.180071,,,2025-02-21 04:08:31
3369,5627,484,1,REPAY,5,182.955719,,182.955719,2025-02-21 04:15:58
3370,5629,904,1,REPAY,5,44.478722,,44.478722,2025-02-21 05:03:27
3371,5632,373,4,BORROW,5,8320.447872,10435.6793731593,8320.447872,2025-02-21 05:32:49
3372,5634,267,3,REPAY,4,9329.24237,,9329.24237,2025-02-21 06:54:42
3373,5635,687,4,WITHDRAW,4,8479.392831,,,2025-02-21 06:57:57
3374,5636,90,3,WITHDRAW,5,108.799893,,,2025-02-21 07:15:38
3375,5638,724,4,LIQUIDATION,5,3742.55883,3367.7238716213,3742.55883,2025-02-21 07:35:14
3376,5640,696,3,BORROW,1,3481.977545,6861.2612067617,3481.977545,2025-02-21 08:01:01
3377,5641,482,2,DEPOSIT,1,108.014431,108.014431,,2025-02-21 08:10:20
3378,5643,899,2,WITHDRAW,4,1865.813342,,,2025-02-21 08:39:18
3379,5646,878,4,DEPOSIT,4,9264.085224,9264.085224,,2025-02-21 08:45:20
3380,5649,302,4,WITHDRAW,1,1712.904954,,,2025-02-21 09:25:39
3381,5650,353,1,REPAY,5,186.73935,,186.73935,2025-02-21 09:30:00
3382,5652,61,2,BORROW,1,4364.973782,8638.6557813367,4364.973782,2025-02-21 10:56:03
3383,5653,324,4,REPAY,2,73.388199,,73.388199,2025-02-21 11:00:36
3384,5654,717,1,LIQUIDATION,4,12224.534041,13023.8813487113,12224.534041,2025-02-21 11:01:35
3385,5655,449,4,REPAY,2,1.604352,,1.604352,2025-02-21 11:20:10
3386,5656,501,2,LIQUIDATION,4,1539.164389,1782.6064754482,1539.164389,2025-02-21 11:42:44
3387,5658,212,1,REPAY,5,254.347131,,254.347131,2025-02-21 11:58:46
3388,5659,244,1,WITHDRAW,3,7822.685019,,,2025-02-21 12:13:24
3389,5660,694,2,WITHDRAW,5,2305.52226,,,2025-02-21 12:19:21
3390,5661,603,4,REPAY,5,2539.11819,,2539.11819,2025-02-21 12:25:51
3391,5662,937,2,DEPOSIT,3,8535.594108,8535.594108,,2025-02-21 12:51:29
3392,5663,919,1,BORROW,5,239.083542,384.8106446553,239.083542,2025-02-21 12:52:43
3393,5664,470,4,REPAY,4,2697.71338,,2697.71338,2025-02-21 13:27:41
3394,5665,378,1,REPAY,5,42.059028,,42.059028,2025-02-21 13:41:11
3395,5666,70,3,WITHDRAW,4,2510.150018,,,2025-02-21 13:54:05
3396,5668,570,1,WITHDRAW,3,102.887324,,,2025-02-21 14:32:48
3397,5669,106,3,DEPOSIT,3,2441.492096,2441.492096,,2025-02-21 14:42:57
3398,5671,347,3,WITHDRAW,4,2369.437452,,,2025-02-21 14:53:04
3399,5673,115,4,LIQUIDATION,1,12.716181,10.2814657423,12.716181,2025-02-21 16:01:34
3400,5675,710,4,DEPOSIT,1,2881.877949,2881.877949,,2025-02-21 16:35:42
3401,5677,67,1,WITHDRAW,1,4793.130013,,,2025-02-21 17:41:02
3402,5678,888,2,REPAY,3,149.477891,,149.477891,2025-02-21 17:59:48
3403,5679,224,4,REPAY,3,4325.569623,,4325.569623,2025-02-21 18:06:21
3404,5681,338,1,WITHDRAW,3,2364.845654,,,2025-02-21 18:36:48
3405,5682,761,2,BORROW,2,2831.006917,4313.0592570169,2831.006917,2025-02-21 19:01:57
3406,5683,429,4,DEPOSIT,4,4824.288082,4824.288082,,2025-02-21 19:10:34
3407,5685,640,3,REPAY,3,0.514114,,0.514114,2025-02-21 20:00:22
3408,5686,534,4,WITHDRAW,3,4331.600968,,,2025-02-21 20:12:32
3409,5687,711,4,WITHDRAW,1,3936.647022,,,2025-02-21 20:17:01
3410,5689,31,4,LIQUIDATION,5,6219.317211,5549.6012767434,6219.317211,2025-02-21 20:43:09
3411,5690,557,1,DEPOSIT,2,6950.660165,6950.660165,,2025-02-21 21:24:28
3412,5691,350,4,WITHDRAW,2,6673.561596,,,2025-02-21 21:49:24
3413,5695,301,2,LIQUIDATION,2,18545.120613,20227.6984338639,18545.120613,2025-02-21 22:26:17
3414,5696,417,4,WITHDRAW,2,4082.208915,,,2025-02-21 22:30:30
3415,5697,833,1,REPAY,2,239.62004,,239.62004,2025-02-21 22:30:42
3416,5698,109,1,REPAY,5,1009.544287,,1009.544287,2025-02-21 22:35:58
3417,5700,684,2,REPAY,2,1999.318451,,1999.318451,2025-02-21 23:03:44
3418,5701,591,3,WITHDRAW,5,7263.954774,,,2025-02-21 23:08:56
3419,5702,818,2,REPAY,5,217.510739,,217.510739,2025-02-21 23:22:10
3420,5703,887,1,REPAY,2,479.562579,,479.562579,2025-02-22 00:15:58
3421,5704,391,2,WITHDRAW,2,2851.406622,,,2025-02-22 00:27:10
3422,5705,661,3,DEPOSIT,1,129.338513,129.338513,,2025-02-22 00:36:56
3423,5706,353,1,REPAY,5,73.295069,,73.295069,2025-02-22 00:40:19
3424,5708,784,3,REPAY,1,2204.282545,,2204.282545,2025-02-22 01:38:44
3425,5709,760,2,DEPOSIT,2,6813.568689,6813.568689,,2025-02-22 02:12:52
3426,5711,590,4,WITHDRAW,2,1087.61492,,,2025-02-22 02:26:56
3427,5713,823,3,REPAY,5,207.300565,,207.300565,2025-02-22 02:51:58
3428,5716,628,3,REPAY,1,3.485372,,3.485372,2025-02-22 03:22:08
3429,5717,277,4,REPAY,1,706.999233,,706.999233,2025-02-22 03:28:20
3430,5718,262,2,BORROW,1,3041.453747,3669.6286561985,3041.453747,2025-02-22 03:35:22
3431,5720,457,4,BORROW,1,2336.364531,3547.5626020585,2336.364531,2025-02-22 04:18:45
3432,5721,754,4,BORROW,4,2615.171842,5653.4247574114,2615.171842,2025-02-22 04:27:12
3433,5722,214,3,WITHDRAW,3,8683.834315,,,2025-02-22 04:31:59
3434,5723,634,1,REPAY,3,2563.673358,,2563.673358,2025-02-22 04:40:06
3435,5724,561,1,WITHDRAW,2,9847.319189,,,2025-02-22 04:48:05
3436,5725,749,1,BORROW,3,9291.866205,16662.6701353145,9291.866205,2025-02-22 05:15:11
3437,5726,765,4,REPAY,5,697.505083,,697.505083,2025-02-22 05:23:54
3438,5727,498,1,LIQUIDATION,1,8228.296729,8690.9366349359,8228.296729,2025-02-22 05:43:49
3439,5728,542,3,BORROW,3,3389.958699,4674.9525634954,3389.958699,2025-02-22 05:59:02
3440,5731,56,3,WITHDRAW,2,3086.663344,,,2025-02-22 06:22:31
3441,5732,269,2,BORROW,3,8865.009879,16316.9357891381,8865.009879,2025-02-22 06:24:49
3442,5733,207,2,REPAY,5,11.201393,,11.201393,2025-02-22 06:28:56
3443,5734,276,4,DEPOSIT,3,272.802883,272.802883,,2025-02-22 06:32:24
3444,5735,219,4,BORROW,4,8682.299971,12721.616369818,8682.299971,2025-02-22 06:46:39
3445,5736,128,3,BORROW,1,7450.117818,18508.3414255208,7450.117818,2025-02-22 06:47:52
3446,5737,589,3,LIQUIDATION,3,1787.907016,1465.9293577486,1787.907016,2025-02-22 06:58:15
3447,5738,191,2,REPAY,5,31.339503,,31.339503,2025-02-22 07:06:53
3448,5739,569,2,BORROW,1,5472.777613,12343.6572208057,5472.777613,2025-02-22 07:18:47
3449,5740,938,4,WITHDRAW,4,7827.185554,,,2025-02-22 07:24:59
3450,5741,97,4,REPAY,5,490.663603,,490.663603,2025-02-22 07:29:36
3451,5742,965,2,DEPOSIT,3,8230.147997,8230.147997,,2025-02-22 07:32:00
3452,5745,272,2,REPAY,3,542.563224,,542.563224,2025-02-22 08:52:03
3453,5747,585,2,WITHDRAW,1,1833.084527,,,2025-02-22 09:18:34
3454,5750,846,3,WITHDRAW,1,1600.59014,,,2025-02-22 09:52:52
3455,5751,233,3,REPAY,1,459.881839,,459.881839,2025-02-22 09:54:58
3456,5754,93,1,DEPOSIT,1,3633.789877,3633.789877,,2025-02-22 10:11:04
3457,5755,420,2,BORROW,2,5016.923704,12236.466873093,5016.923704,2025-02-22 10:17:05
3458,5758,399,3,WITHDRAW,2,6701.329418,,,2025-02-22 11:40:57
3459,5759,484,3,REPAY,2,22.21243,,22.21243,2025-02-22 11:48:39
3460,5760,180,1,REPAY,2,1409.935055,,1409.935055,2025-02-22 12:19:03
3461,5762,538,1,DEPOSIT,5,6331.99532,6331.99532,,2025-02-22 12:39:37
3462,5764,605,2,WITHDRAW,2,8921.180607,,,2025-02-22 13:45:17
3463,5765,228,2,REPAY,3,1168.874636,,1168.874636,2025-02-22 14:43:02
3464,5769,774,1,WITHDRAW,5,1647.850354,,,2025-02-22 15:23:10
3465,5770,422,2,REPAY,5,1085.755602,,1085.755602,2025-02-22 15:23:40
3466,5772,371,4,REPAY,4,51.822921,,51.822921,2025-02-22 15:34:12
3467,5773,89,3,REPAY,2,2532.651266,,2532.651266,2025-02-22 16:06:27
3468,5774,102,4,REPAY,2,240.044832,,240.044832,2025-02-22 16:09:13
3469,5776,69,4,DEPOSIT,3,3927.096508,3927.096508,,2025-02-22 16:23:52
3470,5777,381,3,REPAY,4,1702.674367,,1702.674367,2025-02-22 17:05:25
3471,5779,312,2,WITHDRAW,2,8158.190903,,,2025-02-22 17:15:16
3472,5780,291,4,WITHDRAW,5,7064.73862,,,2025-02-22 17:16:10
3473,5781,298,3,REPAY,1,748.769473,,748.769473,2025-02-22 17:50:52
3474,5782,231,3,BORROW,5,7715.968653,17162.1939629842,7715.968653,2025-02-22 18:05:32
3475,5783,408,1,REPAY,5,0.23347,,0.23347,2025-02-22 18:48:30
3476,5784,606,2,REPAY,1,272.863659,,272.863659,2025-02-22 18:50:02
3477,5785,867,1,REPAY,5,3.620162,,3.620162,2025-02-22 18:57:47
3478,5786,698,1,BORROW,4,4293.70294,6140.949379214,4293.70294,2025-02-22 18:58:59
3479,5788,989,4,DEPOSIT,3,6123.500159,6123.500159,,2025-02-22 19:31:17
3480,5789,346,3,REPAY,1,38.242292,,38.242292,2025-02-22 20:05:27
3481,5792,917,4,REPAY,3,110.382655,,110.382655,2025-02-22 21:44:50
3482,5794,295,2,DEPOSIT,5,6134.187851,6134.187851,,2025-02-22 22:21:51
3483,5795,353,3,DEPOSIT,5,4645.173939,4645.173939,,2025-02-22 22:39:38
3484,5796,300,3,DEPOSIT,2,8846.433166,8846.433166,,2025-02-22 22:44:09
3485,5797,779,2,WITHDRAW,1,5377.135594,,,2025-02-22 22:46:41
3486,5799,148,3,WITHDRAW,2,7808.85238,,,2025-02-22 23:18:02
3487,5800,453,1,BORROW,1,7270.247236,15520.9108954576,7270.247236,2025-02-22 23:20:14
3488,5801,733,2,BORROW,4,7993.675495,15983.8428573583,7993.675495,2025-02-22 23:30:46
3489,5802,994,3,REPAY,1,9442.980529,,9442.980529,2025-02-23 00:08:43
3490,5804,736,3,WITHDRAW,5,5167.978133,,,2025-02-23 00:21:46
3491,5807,933,2,REPAY,5,7221.729387,,7221.729387,2025-02-23 01:27:04
3492,5810,917,1,REPAY,3,6.454932,,6.454932,2025-02-23 01:48:17
3493,5811,795,1,REPAY,4,6.587533,,6.587533,2025-02-23 01:58:22
3494,5812,527,2,WITHDRAW,1,7766.041902,,,2025-02-23 02:22:52
3495,5815,506,4,REPAY,3,487.966114,,487.966114,2025-02-23 02:43:56
3496,5817,714,3,REPAY,4,699.862319,,699.862319,2025-02-23 03:14:25
3497,5819,39,1,REPAY,3,155.823194,,155.823194,2025-02-23 03:22:41
3498,5820,468,4,DEPOSIT,1,6108.074596,6108.074596,,2025-02-23 03:39:00
3499,5822,70,3,WITHDRAW,2,2576.079899,,,2025-02-23 03:53:23
3500,5823,305,4,LIQUIDATION,3,8.536187,9.1167538784,8.536187,2025-02-23 03:56:45
3501,5824,152,4,WITHDRAW,1,1737.135133,,,2025-02-23 03:58:57
3502,5826,146,3,LIQUIDATION,4,4062.123669,3606.1439267999,4062.123669,2025-02-23 04:17:15
3503,5828,261,1,REPAY,3,3728.636595,,3728.636595,2025-02-23 04:29:28
3504,5829,989,2,REPAY,3,0.024594,,0.024594,2025-02-23 04:34:40
3505,5830,832,4,REPAY,2,116.057911,,116.057911,2025-02-23 04:45:36
3506,5833,723,1,WITHDRAW,3,2668.261726,,,2025-02-23 05:05:54
3507,5835,861,4,REPAY,1,124.211415,,124.211415,2025-02-23 05:09:51
3508,5837,388,4,REPAY,4,24.937232,,24.937232,2025-02-23 05:44:33
3509,5838,310,3,REPAY,5,1774.996342,,1774.996342,2025-02-23 05:53:55
3510,5839,166,3,WITHDRAW,3,2004.021952,,,2025-02-23 06:11:25
3511,5846,282,3,REPAY,5,2036.943447,,2036.943447,2025-02-23 07:28:59
3512,5850,222,1,BORROW,1,5504.238829,7624.4749098893,5504.238829,2025-02-23 08:16:11
3513,5852,898,2,DEPOSIT,4,8233.944877,8233.944877,,2025-02-23 08:23:04
3514,5856,473,2,REPAY,1,467.286227,,467.286227,2025-02-23 09:21:59
3515,5858,984,2,DEPOSIT,4,791.909765,791.909765,,2025-02-23 09:25:44
3516,5859,265,1,BORROW,4,861.109559,1061.1125578873,861.109559,2025-02-23 09:30:28
3517,5860,713,3,REPAY,5,2993.509508,,2993.509508,2025-02-23 10:18:36
3518,5861,634,1,LIQUIDATION,1,72.539761,65.445218323,72.539761,2025-02-23 10:26:16
3519,5862,207,2,REPAY,2,18.458777,,18.458777,2025-02-23 10:35:58
3520,5863,282,1,REPAY,1,4143.263385,,4143.263385,2025-02-23 10:36:16
3521,5864,549,2,WITHDRAW,3,5067.590056,,,2025-02-23 10:56:12
3522,5865,91,4,BORROW,3,6136.795654,11124.5364517961,6136.795654,2025-02-23 10:59:10
3523,5866,211,1,LIQUIDATION,5,1758.057245,1588.7237607194,1758.057245,2025-02-23 11:06:17
3524,5868,219,2,DEPOSIT,4,2050.523416,2050.523416,,2025-02-23 11:31:22
3525,5869,24,3,REPAY,1,0.358609,,0.358609,2025-02-23 11:38:52
3526,5870,761,3,REPAY,5,874.237647,,874.237647,2025-02-23 11:44:03
3527,5872,301,4,BORROW,5,2887.799365,5956.7792484713,2887.799365,2025-02-23 12:02:30
3528,5874,159,2,DEPOSIT,2,8904.558481,8904.558481,,2025-02-23 12:37:15
3529,5877,704,3,REPAY,3,1393.989414,,1393.989414,2025-02-23 13:41:09
3530,5878,197,4,DEPOSIT,5,5048.854393,5048.854393,,2025-02-23 13:54:25
3531,5879,487,1,REPAY,3,28.812201,,28.812201,2025-02-23 13:57:32
3532,5880,330,4,REPAY,2,3.671773,,3.671773,2025-02-23 13:59:10
3533,5881,83,3,REPAY,5,12.033357,,12.033357,2025-02-23 14:00:21
3534,5883,752,2,DEPOSIT,5,9679.579669,9679.579669,,2025-02-23 14:04:31
3535,5884,113,2,REPAY,5,566.637279,,566.637279,2025-02-23 14:28:07
3536,5886,949,3,WITHDRAW,5,1167.724179,,,2025-02-23 14:43:10
3537,5888,351,1,REPAY,4,5.951029,,5.951029,2025-02-23 14:55:33
3538,5889,465,3,DEPOSIT,2,235.9905,235.9905,,2025-02-23 15:11:20
3539,5891,456,1,DEPOSIT,3,6228.242378,6228.242378,,2025-02-23 15:24:17
3540,5892,650,3,REPAY,2,1.67172,,1.67172,2025-02-23 16:02:26
3541,5893,239,3,REPAY,1,3745.729662,,3745.729662,2025-02-23 16:14:01
3542,5895,829,2,REPAY,3,237.025408,,237.025408,2025-02-23 16:19:48
3543,5896,515,1,REPAY,2,85.406156,,85.406156,2025-02-23 16:30:19
3544,5897,577,2,REPAY,3,1.458256,,1.458256,2025-02-23 16:37:11
3545,5899,365,2,REPAY,4,50.153463,,50.153463,2025-02-23 17:16:49
3546,5900,403,4,REPAY,3,0.255224,,0.255224,2025-02-23 17:25:17
3547,5905,161,1,LIQUIDATION,4,7794.463189,7538.9249751639,7794.463189,2025-02-23 18:27:58
3548,5906,781,2,REPAY,5,205.870195,,205.870195,2025-02-23 18:45:46
3549,5907,91,4,REPAY,3,2038.64469,,2038.64469,2025-02-23 19:35:27
3550,5910,811,1,REPAY,2,9.996023,,9.996023,2025-02-23 20:15:11
3551,5911,31,3,WITHDRAW,2,1913.808195,,,2025-02-23 20:25:16
3552,5912,332,3,WITHDRAW,1,8040.177059,,,2025-02-23 20:31:59
3553,5913,211,4,DEPOSIT,1,301.242062,301.242062,,2025-02-23 20:39:41
3554,5914,926,4,REPAY,4,551.80345,,551.80345,2025-02-23 20:39:51
3555,5915,394,4,DEPOSIT,1,2904.748336,2904.748336,,2025-02-23 20:45:27
3556,5917,21,3,WITHDRAW,2,2258.962285,,,2025-02-23 21:08:04
3557,5918,298,3,LIQUIDATION,3,1445.262475,1329.8604495616,1445.262475,2025-02-23 21:08:31
3558,5919,83,1,BORROW,5,1469.468925,2171.0866869784,1469.468925,2025-02-23 22:19:59
3559,5922,626,3,DEPOSIT,5,4396.372583,4396.372583,,2025-02-23 22:30:40
3560,5923,83,4,REPAY,5,603.083128,,603.083128,2025-02-23 22:49:15
3561,5924,766,3,REPAY,5,5000.043681,,5000.043681,2025-02-23 22:52:09
3562,5925,317,3,WITHDRAW,5,2511.969123,,,2025-02-23 23:14:04
3563,5927,844,4,DEPOSIT,2,140.803248,140.803248,,2025-02-23 23:25:17
3564,5928,456,1,DEPOSIT,1,5111.72727,5111.72727,,2025-02-23 23:47:59
3565,5929,553,4,REPAY,2,772.279103,,772.279103,2025-02-24 00:06:00
3566,5930,4,3,DEPOSIT,3,2560.112756,2560.112756,,2025-02-24 00:09:47
3567,5932,697,1,REPAY,1,18.405595,,18.405595,2025-02-24 00:37:32
3568,5933,136,2,BORROW,5,801.471234,1989.0160429485,801.471234,2025-02-24 00:46:04
3569,5937,861,3,REPAY,3,180.138523,,180.138523,2025-02-24 01:19:18
3570,5938,505,1,REPAY,1,2657.789482,,2657.789482,2025-02-24 01:32:15
3571,5939,100,3,BORROW,2,6934.470037,16443.0294109367,6934.470037,2025-02-24 01:41:09
3572,5941,303,4,REPAY,1,83.856489,,83.856489,2025-02-24 01:47:34
3573,5942,138,1,LIQUIDATION,4,345.779347,359.5763268548,345.779347,2025-02-24 01:59:22
3574,5943,775,4,DEPOSIT,4,8554.03294,8554.03294,,2025-02-24 02:10:26
3575,5946,135,4,WITHDRAW,5,3827.122444,,,2025-02-24 03:40:25
3576,5948,160,2,WITHDRAW,4,6033.982534,,,2025-02-24 04:03:49
3577,5949,787,2,REPAY,3,27.421345,,27.421345,2025-02-24 04:15:50
3578,5953,98,3,REPAY,2,2013.924356,,2013.924356,2025-02-24 05:01:50
3579,5954,891,4,REPAY,3,631.415006,,631.415006,2025-02-24 05:37:49
3580,5955,785,4,REPAY,1,4348.382329,,4348.382329,2025-02-24 05:39:23
3581,5956,738,1,DEPOSIT,3,4874.237012,4874.237012,,2025-02-24 06:11:35
3582,5957,601,3,LIQUIDATION,4,2674.366648,2293.7197897931,2674.366648,2025-02-24 06:22:12
3583,5958,932,1,LIQUIDATION,4,2690.84524,2569.0893853511,2690.84524,2025-02-24 06:24:47
3584,5961,489,4,REPAY,5,15.754659,,15.754659,2025-02-24 07:35:34
3585,5962,434,2,WITHDRAW,4,2796.015043,,,2025-02-24 07:51:02
3586,5963,984,3,WITHDRAW,1,7148.217285,,,2025-02-24 07:52:21
3587,5964,331,4,REPAY,3,2713.675843,,2713.675843,2025-02-24 07:53:14
3588,5965,599,2,BORROW,1,4467.311266,7358.8477437291,4467.311266,2025-02-24 08:04:49
3589,5966,416,4,REPAY,4,5.341677,,5.341677,2025-02-24 08:13:00
3590,5967,716,1,WITHDRAW,2,9981.662514,,,2025-02-24 08:49:37
3591,5968,898,2,REPAY,1,0.031903,,0.031903,2025-02-24 09:14:10
3592,5969,600,1,REPAY,5,57.505799,,57.505799,2025-02-24 09:26:28
3593,5971,659,1,WITHDRAW,2,3442.556573,,,2025-02-24 09:38:13
3594,5972,512,1,REPAY,3,91.10847,,91.10847,2025-02-24 09:47:52
3595,5973,66,3,BORROW,1,7458.699157,14725.0675775196,7458.699157,2025-02-24 09:50:35
3596,5975,687,4,BORROW,1,5634.931019,13183.7610863472,5634.931019,2025-02-24 10:17:36
3597,5976,309,2,REPAY,1,113.407948,,113.407948,2025-02-24 10:30:36
3598,5977,847,1,WITHDRAW,5,1313.018405,,,2025-02-24 10:33:44
3599,5978,69,2,DEPOSIT,5,7906.177398,7906.177398,,2025-02-24 10:37:58
3600,5981,762,1,REPAY,3,0.832005,,0.832005,2025-02-24 11:29:07
3601,5982,33,1,BORROW,3,2011.075294,2800.1933161691,2011.075294,2025-02-24 11:42:36
3602,5983,82,1,LIQUIDATION,2,1653.926786,1954.312574563,1653.926786,2025-02-24 11:45:54
3603,5984,999,2,REPAY,2,1494.793792,,1494.793792,2025-02-24 12:09:26
3604,5985,262,1,REPAY,3,1013.808133,,1013.808133,2025-02-24 12:25:10
3605,5986,208,4,BORROW,3,8581.960767,21141.9646766281,8581.960767,2025-02-24 12:40:01
3606,5987,669,4,BORROW,3,1085.441881,2438.8272756782,1085.441881,2025-02-24 13:14:28
3607,5988,127,2,DEPOSIT,4,9419.916179,9419.916179,,2025-02-24 13:25:26
3608,5989,481,2,REPAY,5,840.33882,,840.33882,2025-02-24 13:33:28
3609,5993,832,2,WITHDRAW,5,5623.276141,,,2025-02-24 14:12:06
3610,5994,652,3,BORROW,1,2438.586814,4835.8223738594,2438.586814,2025-02-24 15:00:20
3611,5999,598,1,BORROW,2,8094.4291,14428.4132847474,8094.4291,2025-02-24 16:28:32
3612,6000,816,1,REPAY,3,0.255954,,0.255954,2025-02-24 16:52:55
3613,6001,795,2,REPAY,4,1.02713,,1.02713,2025-02-24 17:16:14
3614,6002,638,4,DEPOSIT,4,6774.617151,6774.617151,,2025-02-24 17:20:58
3615,6003,799,3,REPAY,3,9.093645,,9.093645,2025-02-24 17:27:28
3616,6005,456,1,BORROW,1,9222.304475,12569.5814868989,9222.304475,2025-02-24 17:32:52
3617,6007,275,3,REPAY,5,83.202984,,83.202984,2025-02-24 18:25:17
3618,6011,832,1,REPAY,4,264.071805,,264.071805,2025-02-24 19:15:22
3619,6012,324,4,REPAY,2,8.344345,,8.344345,2025-02-24 19:24:52
3620,6014,782,3,BORROW,4,4295.382956,10097.6669781586,4295.382956,2025-02-24 19:38:43
3621,6019,50,3,BORROW,5,9675.367506,21908.2179113498,9675.367506,2025-02-24 20:59:33
3622,6020,214,3,REPAY,5,85.978687,,85.978687,2025-02-24 21:00:35
3623,6022,896,2,REPAY,4,446.665892,,446.665892,2025-02-24 21:22:11
3624,6023,95,3,REPAY,4,281.148607,,281.148607,2025-02-24 21:30:32
3625,6024,887,1,REPAY,3,2394.864904,,2394.864904,2025-02-24 22:04:43
3626,6027,484,3,REPAY,3,9.312106,,9.312106,2025-02-24 22:43:22
3627,6029,615,2,REPAY,2,9.482027,,9.482027,2025-02-24 23:03:41
3628,6030,742,3,BORROW,3,9378.009454,13760.4924024015,9378.009454,2025-02-24 23:09:05
3629,6031,252,3,DEPOSIT,1,6783.252714,6783.252714,,2025-02-24 23:16:08
3630,6032,984,2,WITHDRAW,1,3954.049563,,,2025-02-24 23:17:37
3631,6033,771,2,WITHDRAW,4,1284.686546,,,2025-02-24 23:28:37
3632,6034,348,3,DEPOSIT,5,384.409525,384.409525,,2025-02-24 23:46:56
3633,6035,4,4,DEPOSIT,5,5910.527677,5910.527677,,2025-02-24 23:55:39
3634,6036,728,4,BORROW,5,7193.533244,9305.1792869102,7193.533244,2025-02-25 00:01:58
3635,6038,732,1,BORROW,4,7174.31484,12882.619367777,7174.31484,2025-02-25 00:07:06
3636,6039,547,4,DEPOSIT,1,6592.492497,6592.492497,,2025-02-25 00:07:23
3637,6041,288,1,LIQUIDATION,2,5553.923697,4556.5034953886,5553.923697,2025-02-25 00:42:22
3638,6043,183,1,DEPOSIT,3,3661.014653,3661.014653,,2025-02-25 00:59:39
3639,6044,886,1,DEPOSIT,5,7522.777009,7522.777009,,2025-02-25 01:07:23
3640,6046,227,3,WITHDRAW,1,8646.513488,,,2025-02-25 01:41:32
3641,6048,623,3,BORROW,5,8285.833487,17136.4316212309,8285.833487,2025-02-25 01:44:17
3642,6050,862,1,REPAY,2,2017.573126,,2017.573126,2025-02-25 02:23:50
3643,6051,585,3,DEPOSIT,1,3848.343476,3848.343476,,2025-02-25 02:41:09
3644,6055,180,2,BORROW,5,6614.919322,14440.5315115694,6614.919322,2025-02-25 03:45:39
3645,6057,829,2,REPAY,5,346.610678,,346.610678,2025-02-25 04:04:43
3646,6058,281,1,REPAY,1,2631.861922,,2631.861922,2025-02-25 04:21:10
3647,6059,687,3,REPAY,5,876.571053,,876.571053,2025-02-25 04:24:36
3648,6060,900,2,DEPOSIT,1,5695.1936,5695.1936,,2025-02-25 04:37:57
3649,6061,554,1,WITHDRAW,5,2838.387991,,,2025-02-25 04:50:47
3650,6062,177,1,DEPOSIT,5,3931.708902,3931.708902,,2025-02-25 05:14:26
3651,6063,615,2,REPAY,2,24.660903,,24.660903,2025-02-25 05:18:33
3652,6064,657,1,BORROW,5,8004.315138,10941.5455017446,8004.315138,2025-02-25 05:18:58
3653,6065,332,3,DEPOSIT,5,6879.935445,6879.935445,,2025-02-25 05:30:25
3654,6066,967,4,REPAY,1,6.17521,,6.17521,2025-02-25 05:34:30
3655,6067,672,1,WITHDRAW,1,3484.453708,,,2025-02-25 05:46:58
3656,6069,924,4,REPAY,1,65.259514,,65.259514,2025-02-25 06:01:53
3657,6070,31,2,DEPOSIT,2,7058.311975,7058.311975,,2025-02-25 06:09:12
3658,6072,53,3,REPAY,4,0.069782,,0.069782,2025-02-25 06:34:00
3659,6075,255,4,REPAY,5,288.940023,,288.940023,2025-02-25 07:43:44
3660,6079,63,2,BORROW,4,1743.035732,3807.0671109766,1743.035732,2025-02-25 08:01:44
3661,6081,1000,3,REPAY,4,98.398576,,98.398576,2025-02-25 08:22:05
3662,6082,150,1,REPAY,5,742.935918,,742.935918,2025-02-25 08:29:49
3663,6083,368,3,BORROW,5,8199.700198,20420.0270765322,8199.700198,2025-02-25 08:31:10
3664,6087,598,3,REPAY,2,9487.962345,,9487.962345,2025-02-25 09:40:24
3665,6088,685,2,REPAY,5,2859.925727,,2859.925727,2025-02-25 09:50:07
3666,6089,375,2,DEPOSIT,2,732.854743,732.854743,,2025-02-25 09:50:27
3667,6090,585,3,WITHDRAW,5,9037.843052,,,2025-02-25 10:07:54
3668,6091,243,4,REPAY,3,631.962026,,631.962026,2025-02-25 10:53:04
3669,6093,663,4,REPAY,3,343.537226,,343.537226,2025-02-25 12:09:41
3670,6094,903,1,REPAY,2,27.971024,,27.971024,2025-02-25 12:27:30
3671,6096,290,1,REPAY,1,4192.761407,,4192.761407,2025-02-25 12:53:13
3672,6098,696,1,REPAY,5,595.263661,,595.263661,2025-02-25 13:17:21
3673,6099,683,4,REPAY,3,225.227073,,225.227073,2025-02-25 14:10:38
3674,6101,740,3,DEPOSIT,2,7548.891576,7548.891576,,2025-02-25 15:07:47
3675,6102,673,4,WITHDRAW,3,6877.817628,,,2025-02-25 15:17:47
3676,6103,14,3,REPAY,3,30.714041,,30.714041,2025-02-25 15:30:02
3677,6104,433,4,REPAY,5,1968.19403,,1968.19403,2025-02-25 15:43:30
3678,6105,599,2,BORROW,3,4288.641973,8233.8634014995,4288.641973,2025-02-25 15:46:10
3679,6106,86,2,REPAY,5,0.064782,,0.064782,2025-02-25 16:03:55
3680,6107,646,2,REPAY,2,370.261222,,370.261222,2025-02-25 16:23:25
3681,6109,343,1,BORROW,3,4339.222231,7654.6413112053,4339.222231,2025-02-25 16:26:26
3682,6110,943,1,DEPOSIT,5,6280.343982,6280.343982,,2025-02-25 16:39:28
3683,6112,857,2,BORROW,4,6646.166149,10980.016382237,6646.166149,2025-02-25 16:48:00
3684,6115,697,2,REPAY,4,6.410542,,6.410542,2025-02-25 17:43:29
3685,6116,683,4,REPAY,4,24.117204,,24.117204,2025-02-25 17:52:25
3686,6117,362,1,REPAY,4,10.269721,,10.269721,2025-02-25 17:56:22
3687,6118,113,3,WITHDRAW,3,8146.521285,,,2025-02-25 18:23:23
3688,6119,706,4,WITHDRAW,4,2716.132165,,,2025-02-25 18:39:32
3689,6120,309,3,REPAY,1,154.088537,,154.088537,2025-02-25 18:46:53
3690,6121,576,4,REPAY,1,98.952293,,98.952293,2025-02-25 18:51:59
3691,6122,360,1,REPAY,4,1507.645982,,1507.645982,2025-02-25 19:10:26
3692,6123,686,2,REPAY,1,1205.289295,,1205.289295,2025-02-25 19:28:01
3693,6124,707,1,DEPOSIT,4,644.53763,644.53763,,2025-02-25 20:27:16
3694,6126,265,1,REPAY,3,808.218718,,808.218718,2025-02-25 20:42:34
3695,6127,692,2,DEPOSIT,4,3285.507626,3285.507626,,2025-02-25 20:43:41
3696,6128,430,1,WITHDRAW,3,5154.733861,,,2025-02-25 21:11:44
3697,6130,55,4,DEPOSIT,2,675.801588,675.801588,,2025-02-25 21:26:46
3698,6131,146,3,DEPOSIT,3,7565.829713,7565.829713,,2025-02-25 21:45:58
3699,6132,807,4,DEPOSIT,3,9069.151651,9069.151651,,2025-02-25 22:00:00
3700,6133,606,1,REPAY,4,914.914468,,914.914468,2025-02-25 22:04:39
3701,6134,656,4,WITHDRAW,3,4251.757492,,,2025-02-25 22:08:33
3702,6136,249,3,WITHDRAW,5,3965.987471,,,2025-02-25 22:29:55
3703,6137,650,1,REPAY,1,4.506837,,4.506837,2025-02-25 22:51:32
3704,6138,210,2,WITHDRAW,2,2019.582562,,,2025-02-25 23:23:19
3705,6140,331,2,REPAY,1,2584.247648,,2584.247648,2025-02-25 23:45:46
3706,6142,818,1,REPAY,2,83.135961,,83.135961,2025-02-26 00:04:40
3707,6143,719,1,BORROW,1,7680.015732,14717.9768438931,7680.015732,2025-02-26 00:04:52
3708,6144,588,3,REPAY,2,3195.074207,,3195.074207,2025-02-26 00:10:59
3709,6147,168,2,REPAY,1,7428.978038,,7428.978038,2025-02-26 00:24:31
3710,6150,997,2,DEPOSIT,4,5851.373138,5851.373138,,2025-02-26 01:18:04
3711,6151,809,3,REPAY,5,607.648112,,607.648112,2025-02-26 01:23:17
3712,6152,1000,4,REPAY,4,49.461732,,49.461732,2025-02-26 01:48:53
3713,6153,56,4,DEPOSIT,2,156.056409,156.056409,,2025-02-26 01:52:09
3714,6154,298,2,WITHDRAW,3,5080.659764,,,2025-02-26 02:04:03
3715,6157,289,3,REPAY,5,3572.552474,,3572.552474,2025-02-26 04:00:00
3716,6158,123,1,WITHDRAW,1,7717.676178,,,2025-02-26 04:03:55
3717,6160,781,2,WITHDRAW,3,4796.027578,,,2025-02-26 04:23:26
3718,6161,422,3,REPAY,5,1623.857127,,1623.857127,2025-02-26 04:27:50
3719,6163,810,4,REPAY,4,2307.78741,,2307.78741,2025-02-26 04:59:46
3720,6164,983,1,REPAY,5,2082.244053,,2082.244053,2025-02-26 05:00:44
3721,6168,394,4,BORROW,4,7653.029799,14230.779872147,7653.029799,2025-02-26 05:53:47
3722,6169,122,2,REPAY,2,2094.522859,,2094.522859,2025-02-26 05:58:03
3723,6172,219,2,LIQUIDATION,1,8682.299971,8525.0037725848,8682.299971,2025-02-26 06:41:33
3724,6173,654,4,REPAY,3,617.027206,,617.027206,2025-02-26 06:44:11
3725,6174,980,3,DEPOSIT,1,672.597155,672.597155,,2025-02-26 06:49:40
3726,6175,163,1,REPAY,2,233.893373,,233.893373,2025-02-26 07:00:55
3727,6177,726,2,REPAY,4,45.121438,,45.121438,2025-02-26 07:18:19
3728,6180,705,1,WITHDRAW,5,5943.255573,,,2025-02-26 08:03:15
3729,6181,476,1,REPAY,1,1329.381068,,1329.381068,2025-02-26 08:22:18
3730,6182,237,1,REPAY,3,104.307648,,104.307648,2025-02-26 08:23:49
3731,6185,372,4,WITHDRAW,2,3892.45451,,,2025-02-26 09:11:10
3732,6186,324,1,REPAY,4,1.452372,,1.452372,2025-02-26 09:36:26
3733,6187,606,2,REPAY,1,187.206446,,187.206446,2025-02-26 09:46:20
3734,6188,178,1,REPAY,1,2.467056,,2.467056,2025-02-26 10:08:28
3735,6189,985,2,BORROW,3,7982.804009,18000.3264992488,7982.804009,2025-02-26 10:10:59
3736,6190,586,4,REPAY,4,121.193072,,121.193072,2025-02-26 10:11:11
3737,6191,847,1,REPAY,4,3100.390885,,3100.390885,2025-02-26 10:11:54
3738,6193,382,2,WITHDRAW,2,3533.976881,,,2025-02-26 10:32:22
3739,6194,425,4,DEPOSIT,1,4192.363897,4192.363897,,2025-02-26 10:34:01
3740,6195,903,1,REPAY,4,206.15254,,206.15254,2025-02-26 10:34:35
3741,6197,902,4,DEPOSIT,3,5560.760823,5560.760823,,2025-02-26 11:06:27
3742,6198,106,3,REPAY,5,1523.147706,,1523.147706,2025-02-26 11:14:08
3743,6199,705,1,DEPOSIT,5,5017.301452,5017.301452,,2025-02-26 11:21:20
3744,6200,518,1,REPAY,5,261.990837,,261.990837,2025-02-26 11:25:12
3745,6202,412,1,WITHDRAW,1,9529.254854,,,2025-02-26 11:49:59
3746,6203,724,1,DEPOSIT,3,4347.783503,4347.783503,,2025-02-26 12:02:55
3747,6204,823,1,BORROW,4,8898.739461,20070.206419308,8898.739461,2025-02-26 12:09:15
3748,6205,310,1,REPAY,1,35.798562,,35.798562,2025-02-26 12:27:22
3749,6206,223,2,WITHDRAW,4,9014.384686,,,2025-02-26 12:32:18
3750,6207,484,2,LIQUIDATION,1,8.777873,9.4261727733,8.777873,2025-02-26 12:39:00
3751,6208,905,2,LIQUIDATION,2,5240.355814,4573.5558441675,5240.355814,2025-02-26 12:39:23
3752,6209,240,2,REPAY,1,63.720318,,63.720318,2025-02-26 12:59:39
3753,6211,565,4,LIQUIDATION,1,8692.113736,9315.2733910735,8692.113736,2025-02-26 13:16:13
3754,6212,374,2,REPAY,3,461.703983,,461.703983,2025-02-26 13:42:06
3755,6213,538,2,WITHDRAW,5,2977.180881,,,2025-02-26 13:49:08
3756,6214,511,1,DEPOSIT,2,7883.211448,7883.211448,,2025-02-26 14:06:45
3757,6215,532,2,DEPOSIT,5,7039.055869,7039.055869,,2025-02-26 14:09:59
3758,6216,796,4,LIQUIDATION,5,15513.054643,12785.676061807,15513.054643,2025-02-26 14:14:48
3759,6218,855,2,WITHDRAW,1,7250.748903,,,2025-02-26 14:30:13
3760,6220,508,1,DEPOSIT,4,15.461715,15.461715,,2025-02-26 14:55:53
3761,6221,312,4,DEPOSIT,2,8616.78579,8616.78579,,2025-02-26 15:15:11
3762,6222,171,4,WITHDRAW,2,1480.837388,,,2025-02-26 15:18:31
3763,6223,741,4,REPAY,2,661.656837,,661.656837,2025-02-26 15:40:06
3764,6224,909,2,REPAY,5,410.633201,,410.633201,2025-02-26 15:56:23
3765,6225,148,3,DEPOSIT,5,2364.960477,2364.960477,,2025-02-26 15:59:38
3766,6227,23,1,DEPOSIT,1,2061.163851,2061.163851,,2025-02-26 16:06:26
3767,6229,71,2,LIQUIDATION,5,316.25185,276.3875596705,316.25185,2025-02-26 16:44:31
3768,6230,308,3,DEPOSIT,1,390.363876,390.363876,,2025-02-26 17:14:15
3769,6231,106,4,REPAY,1,181.328559,,181.328559,2025-02-26 17:21:31
3770,6232,803,4,REPAY,1,59.368066,,59.368066,2025-02-26 17:23:30
3771,6233,790,3,BORROW,5,2521.868986,4174.3112229234,2521.868986,2025-02-26 18:03:02
3772,6234,765,3,REPAY,5,223.866047,,223.866047,2025-02-26 18:06:31
3773,6235,803,3,REPAY,3,279.554158,,279.554158,2025-02-26 18:22:11
3774,6236,764,2,REPAY,5,140.052537,,140.052537,2025-02-26 18:44:31
3775,6237,473,3,REPAY,4,1560.159194,,1560.159194,2025-02-26 19:07:41
3776,6238,565,3,DEPOSIT,4,4900.523235,4900.523235,,2025-02-26 19:46:35
3777,6243,607,2,DEPOSIT,1,8573.975893,8573.975893,,2025-02-26 21:23:40
3778,6244,612,1,DEPOSIT,5,1774.645804,1774.645804,,2025-02-26 21:46:59
3779,6245,755,1,BORROW,5,2386.027994,4213.3294485423,2386.027994,2025-02-26 21:52:23
3780,6248,228,2,LIQUIDATION,2,102.503164,102.1724759078,102.503164,2025-02-26 22:35:45
3781,6249,42,2,REPAY,1,130.806573,,130.806573,2025-02-26 23:04:42
3782,6250,538,1,WITHDRAW,5,9344.260381,,,2025-02-26 23:18:19
3783,6251,140,3,REPAY,4,58.681283,,58.681283,2025-02-26 23:18:55
3784,6252,33,3,BORROW,1,7068.367055,12774.4262963953,7068.367055,2025-02-26 23:19:41
3785,6253,623,1,REPAY,3,4636.616075,,4636.616075,2025-02-26 23:41:09
3786,6254,711,1,BORROW,3,6674.946599,16503.884024015,6674.946599,2025-02-27 00:01:08
3787,6256,956,4,WITHDRAW,2,4680.590047,,,2025-02-27 00:09:20
3788,6257,497,1,REPAY,5,1263.907008,,1263.907008,2025-02-27 01:07:58
3789,6259,514,3,REPAY,4,2875.836232,,2875.836232,2025-02-27 01:30:02
3790,6260,233,3,REPAY,2,215.794543,,215.794543,2025-02-27 01:43:49
3791,6262,784,4,REPAY,3,1959.22218,,1959.22218,2025-02-27 02:10:00
3792,6263,872,2,BORROW,4,3624.899697,8636.0285106537,3624.899697,2025-02-27 02:22:39
3793,6264,862,3,REPAY,3,968.862498,,968.862498,2025-02-27 02:25:59
3794,6265,462,4,REPAY,1,0.019582,,0.019582,2025-02-27 02:48:48
3795,6270,538,3,BORROW,3,2446.078218,3956.9567795264,2446.078218,2025-02-27 03:10:53
3796,6271,617,2,LIQUIDATION,4,3448.163354,4105.5435832347,3448.163354,2025-02-27 03:18:46
3797,6272,353,2,DEPOSIT,2,1894.230171,1894.230171,,2025-02-27 03:38:04
3798,6274,473,2,REPAY,1,106.582392,,106.582392,2025-02-27 04:32:59
3799,6276,505,4,REPAY,5,4037.280365,,4037.280365,2025-02-27 04:41:59
3800,6277,657,1,REPAY,2,5898.57464,,5898.57464,2025-02-27 04:47:21
3801,6279,600,4,REPAY,4,13.525347,,13.525347,2025-02-27 05:23:20
3802,6280,530,3,WITHDRAW,2,7412.217466,,,2025-02-27 05:28:10
3803,6281,787,3,REPAY,4,2.532058,,2.532058,2025-02-27 05:31:34
3804,6282,596,1,BORROW,3,4162.077408,6430.3704436275,4162.077408,2025-02-27 05:51:11
3805,6283,140,2,REPAY,4,0.39994,,0.39994,2025-02-27 06:00:50
3806,6284,830,2,DEPOSIT,1,3303.808335,3303.808335,,2025-02-27 06:14:19
3807,6285,289,3,REPAY,3,150.295886,,150.295886,2025-02-27 06:18:42
4187,6822,53,3,REPAY,1,0.023087,,0.023087,2025-03-03 20:14:50
3808,6287,841,1,REPAY,1,5357.89075,,5357.89075,2025-02-27 06:24:42
3809,6288,153,1,REPAY,1,453.685054,,453.685054,2025-02-27 06:29:03
3810,6289,933,1,REPAY,2,38.373983,,38.373983,2025-02-27 06:31:38
3811,6290,484,3,DEPOSIT,4,6796.148112,6796.148112,,2025-02-27 06:41:57
3812,6291,907,1,BORROW,1,4418.625247,5600.1728552277,4418.625247,2025-02-27 06:54:45
3813,6292,961,3,REPAY,5,4215.576561,,4215.576561,2025-02-27 06:58:29
3814,6295,737,3,BORROW,4,5120.278944,10407.1026550984,5120.278944,2025-02-27 07:27:17
3815,6296,908,4,REPAY,4,606.362671,,606.362671,2025-02-27 07:33:08
3816,6298,823,3,BORROW,4,9508.277961,12496.6840447475,9508.277961,2025-02-27 08:09:38
3817,6300,321,4,WITHDRAW,1,4530.879771,,,2025-02-27 08:34:05
3818,6301,746,1,BORROW,2,5435.770808,9444.5948411788,5435.770808,2025-02-27 08:44:38
3819,6302,10,4,DEPOSIT,5,3296.073417,3296.073417,,2025-02-27 08:48:50
3820,6304,586,2,REPAY,5,9.055609,,9.055609,2025-02-27 09:19:32
3821,6305,391,1,BORROW,2,320.490991,464.9721370709,320.490991,2025-02-27 09:23:41
3822,6306,373,3,LIQUIDATION,1,8320.447872,8704.2786565465,8320.447872,2025-02-27 09:37:02
3823,6307,143,4,REPAY,2,67.799041,,67.799041,2025-02-27 09:38:02
3824,6308,434,4,WITHDRAW,3,3668.096065,,,2025-02-27 09:56:04
3825,6309,732,2,REPAY,1,6047.897351,,6047.897351,2025-02-27 10:07:28
3826,6310,307,1,BORROW,4,1679.901731,4089.6981463814,1679.901731,2025-02-27 10:10:32
3827,6313,388,1,REPAY,5,1.34222,,1.34222,2025-02-27 11:33:48
3828,6314,444,4,REPAY,1,3763.476554,,3763.476554,2025-02-27 12:07:59
3829,6315,970,2,WITHDRAW,2,4073.913367,,,2025-02-27 12:24:33
3830,6316,839,2,DEPOSIT,4,4269.622139,4269.622139,,2025-02-27 12:33:04
3831,6318,779,2,REPAY,4,3732.110606,,3732.110606,2025-02-27 13:28:56
3832,6319,942,4,WITHDRAW,1,5004.108396,,,2025-02-27 13:46:24
3833,6320,605,3,WITHDRAW,3,1860.952038,,,2025-02-27 14:12:34
3834,6322,975,4,REPAY,3,3142.438345,,3142.438345,2025-02-27 14:54:05
3835,6323,986,1,REPAY,5,85.51375,,85.51375,2025-02-27 14:57:36
3836,6326,964,2,LIQUIDATION,3,4476.398415,5069.7135246987,4476.398415,2025-02-27 15:40:39
3837,6328,463,4,REPAY,1,1722.503516,,1722.503516,2025-02-27 17:36:46
3838,6329,524,2,DEPOSIT,4,4987.668586,4987.668586,,2025-02-27 17:40:39
3839,6331,289,1,REPAY,3,712.892099,,712.892099,2025-02-27 17:59:14
3840,6332,63,3,REPAY,4,742.450171,,742.450171,2025-02-27 18:05:28
3841,6334,370,4,WITHDRAW,5,5978.782089,,,2025-02-27 18:11:36
3842,6336,982,1,WITHDRAW,1,7829.750646,,,2025-02-27 18:59:03
3843,6337,169,2,DEPOSIT,3,1680.101345,1680.101345,,2025-02-27 19:08:16
3844,6338,981,4,REPAY,3,3.103468,,3.103468,2025-02-27 19:18:17
3845,6339,150,2,REPAY,2,1095.601929,,1095.601929,2025-02-27 19:25:27
3846,6345,505,2,REPAY,5,419.416345,,419.416345,2025-02-27 21:50:18
3847,6346,787,2,REPAY,1,11.733235,,11.733235,2025-02-27 22:21:00
3848,6347,851,3,DEPOSIT,5,2848.289832,2848.289832,,2025-02-27 22:24:53
3849,6348,615,4,REPAY,2,0.192172,,0.192172,2025-02-27 22:26:18
3850,6350,648,3,WITHDRAW,4,932.788633,,,2025-02-27 22:28:26
3851,6351,79,3,WITHDRAW,4,2163.681364,,,2025-02-27 22:36:30
3852,6352,961,4,REPAY,4,2271.310484,,2271.310484,2025-02-27 22:50:18
3853,6354,232,3,REPAY,3,769.349027,,769.349027,2025-02-27 22:59:55
3854,6355,116,3,REPAY,2,49.188068,,49.188068,2025-02-27 23:06:24
3855,6358,404,4,WITHDRAW,5,4217.792034,,,2025-02-28 00:17:56
3856,6359,638,4,WITHDRAW,5,8025.983315,,,2025-02-28 00:28:03
3857,6360,876,1,WITHDRAW,5,5765.908515,,,2025-02-28 00:34:11
3858,6363,633,4,REPAY,5,277.32001,,277.32001,2025-02-28 00:45:06
3859,6365,176,1,BORROW,4,8273.137276,11067.1051696492,8273.137276,2025-02-28 00:50:12
3860,6369,467,2,BORROW,2,4220.376728,5195.9945544462,4220.376728,2025-02-28 02:22:50
3861,6374,862,2,REPAY,2,125.424881,,125.424881,2025-02-28 02:48:48
3862,6377,596,2,DEPOSIT,4,1034.555107,1034.555107,,2025-02-28 03:48:25
3863,6378,343,3,LIQUIDATION,5,4339.222231,4162.5049100295,4339.222231,2025-02-28 03:52:06
3864,6379,762,3,REPAY,1,5.517682,,5.517682,2025-02-28 04:17:10
3865,6381,989,3,REPAY,3,0.003821,,0.003821,2025-02-28 04:24:38
3866,6382,508,2,DEPOSIT,3,9924.289406,9924.289406,,2025-02-28 04:24:39
3867,6383,447,2,REPAY,4,1559.28787,,1559.28787,2025-02-28 04:44:46
3868,6384,156,3,DEPOSIT,4,5457.037383,5457.037383,,2025-02-28 04:52:04
3869,6385,122,1,REPAY,2,248.331732,,248.331732,2025-02-28 04:56:48
3870,6386,533,4,WITHDRAW,3,1371.443321,,,2025-02-28 05:07:31
3871,6388,652,2,LIQUIDATION,2,2438.586814,2538.9598113811,2438.586814,2025-02-28 05:40:38
3872,6389,400,4,DEPOSIT,4,135.510355,135.510355,,2025-02-28 05:44:45
3873,6390,155,4,BORROW,1,2655.022168,3938.5547145406,2655.022168,2025-02-28 05:53:57
3874,6391,319,2,DEPOSIT,5,6983.797868,6983.797868,,2025-02-28 05:55:09
3875,6395,565,4,DEPOSIT,4,4263.421106,4263.421106,,2025-02-28 06:23:15
3876,6396,444,2,REPAY,1,462.30585,,462.30585,2025-02-28 06:34:12
3877,6397,716,2,DEPOSIT,3,3327.192089,3327.192089,,2025-02-28 06:53:26
3878,6398,250,2,WITHDRAW,5,417.955429,,,2025-02-28 06:54:32
3879,6399,524,1,WITHDRAW,2,2352.975075,,,2025-02-28 07:00:33
3880,6400,771,4,BORROW,3,7502.822826,12488.700497913,7502.822826,2025-02-28 07:10:49
3881,6402,198,2,WITHDRAW,1,7217.409196,,,2025-02-28 07:23:09
3882,6403,206,4,BORROW,4,5689.076606,8070.9318756738,5689.076606,2025-02-28 07:25:29
3883,6404,134,2,WITHDRAW,2,2468.814816,,,2025-02-28 07:30:38
3884,6405,627,2,REPAY,4,546.329634,,546.329634,2025-02-28 07:39:27
3885,6409,495,3,REPAY,1,99.25547,,99.25547,2025-02-28 08:01:31
3886,6412,120,2,WITHDRAW,3,9695.582826,,,2025-02-28 08:26:09
3887,6413,403,1,REPAY,4,0.026998,,0.026998,2025-02-28 08:49:01
3888,6414,457,4,REPAY,4,1973.218021,,1973.218021,2025-02-28 08:53:50
3889,6416,345,3,DEPOSIT,1,5741.079038,5741.079038,,2025-02-28 09:20:15
3890,6417,727,1,REPAY,4,3972.418639,,3972.418639,2025-02-28 09:31:59
3891,6418,625,2,WITHDRAW,4,1402.596224,,,2025-02-28 10:14:25
3892,6420,649,1,REPAY,4,2735.801519,,2735.801519,2025-02-28 10:22:44
3893,6421,91,4,REPAY,1,2496.490443,,2496.490443,2025-02-28 10:45:13
3894,6424,280,2,REPAY,3,274.420757,,274.420757,2025-02-28 11:15:56
3895,6425,957,3,REPAY,4,1556.294124,,1556.294124,2025-02-28 11:18:15
3896,6426,602,1,REPAY,5,417.724786,,417.724786,2025-02-28 11:22:24
3897,6427,102,4,REPAY,1,41.898208,,41.898208,2025-02-28 11:23:10
3898,6428,974,4,BORROW,5,762.597837,1590.65664641,762.597837,2025-02-28 11:28:59
3899,6429,624,1,BORROW,3,9799.185168,21831.9885482978,9799.185168,2025-02-28 11:41:33
3900,6433,867,1,REPAY,2,1.397559,,1.397559,2025-02-28 12:28:21
3901,6434,886,3,WITHDRAW,5,4996.3517,,,2025-02-28 12:56:07
3902,6435,908,1,REPAY,5,8.042428,,8.042428,2025-02-28 12:57:25
3903,6436,282,1,REPAY,3,1441.894841,,1441.894841,2025-02-28 12:58:54
3904,6440,435,1,LIQUIDATION,5,5600.1324,6392.9037721676,5600.1324,2025-02-28 13:23:20
3905,6441,967,2,REPAY,5,4.174378,,4.174378,2025-02-28 13:46:16
3906,6443,914,3,REPAY,1,8841.839892,,8841.839892,2025-02-28 14:19:27
3907,6444,547,1,WITHDRAW,2,7907.133695,,,2025-02-28 14:19:39
3908,6445,677,3,BORROW,2,8733.177727,10600.2677871265,8733.177727,2025-02-28 14:41:02
3909,6447,215,3,DEPOSIT,5,2026.6648,2026.6648,,2025-02-28 14:47:42
3910,6448,83,4,WITHDRAW,2,2176.817364,,,2025-02-28 15:07:57
3911,6452,176,4,REPAY,5,7402.239682,,7402.239682,2025-02-28 15:23:20
3912,6454,359,3,REPAY,4,721.61028,,721.61028,2025-02-28 15:51:38
3913,6455,154,4,WITHDRAW,1,696.035337,,,2025-02-28 15:58:21
3914,6456,240,3,REPAY,3,100.719564,,100.719564,2025-02-28 16:05:53
3915,6457,668,4,WITHDRAW,5,5909.156788,,,2025-02-28 16:08:22
3916,6459,621,4,DEPOSIT,5,4016.16638,4016.16638,,2025-02-28 16:54:19
3917,6460,128,4,LIQUIDATION,3,7450.117818,6895.6010884863,7450.117818,2025-02-28 16:56:32
3918,6461,21,2,REPAY,4,1036.844073,,1036.844073,2025-02-28 17:14:22
3919,6462,368,4,DEPOSIT,3,1659.65407,1659.65407,,2025-02-28 17:47:11
3920,6463,236,4,REPAY,1,74.279521,,74.279521,2025-02-28 18:01:26
3921,6465,732,2,DEPOSIT,1,7720.483013,7720.483013,,2025-02-28 18:28:56
3922,6466,48,1,REPAY,5,3.721638,,3.721638,2025-02-28 18:38:08
3923,6467,745,1,REPAY,4,17.119024,,17.119024,2025-02-28 18:45:24
3924,6470,941,3,REPAY,3,161.486862,,161.486862,2025-02-28 18:58:04
3925,6471,951,2,REPAY,2,7038.890866,,7038.890866,2025-02-28 18:58:16
3926,6473,66,4,WITHDRAW,4,8783.958751,,,2025-02-28 19:15:53
3927,6474,540,4,REPAY,3,22.246231,,22.246231,2025-02-28 19:16:52
3928,6477,986,3,DEPOSIT,4,2035.405693,2035.405693,,2025-02-28 19:45:20
3929,6478,283,4,REPAY,3,66.993226,,66.993226,2025-02-28 19:52:13
3930,6483,707,3,REPAY,5,135.264424,,135.264424,2025-02-28 20:54:51
3931,6484,267,2,WITHDRAW,2,2964.469819,,,2025-02-28 20:57:30
3932,6485,605,1,WITHDRAW,4,6833.036364,,,2025-02-28 21:01:15
3933,6487,425,3,LIQUIDATION,4,5567.459207,4781.0925628901,5567.459207,2025-02-28 21:17:39
3934,6489,696,1,REPAY,1,1339.257958,,1339.257958,2025-02-28 21:59:37
3935,6490,403,3,REPAY,2,0.041932,,0.041932,2025-02-28 22:01:55
3936,6491,375,1,DEPOSIT,2,882.010249,882.010249,,2025-02-28 22:45:08
3937,6492,627,3,REPAY,4,182.663416,,182.663416,2025-02-28 22:57:46
3938,6493,230,1,BORROW,2,8745.781665,21371.4192725485,8745.781665,2025-02-28 23:05:27
3939,6494,431,2,REPAY,2,0.606607,,0.606607,2025-02-28 23:07:13
3940,6495,4,4,WITHDRAW,4,9748.538713,,,2025-03-01 00:17:52
3941,6496,796,1,BORROW,1,5186.184135,9627.7684939792,5186.184135,2025-03-01 00:19:12
3942,6497,801,3,WITHDRAW,1,5573.930535,,,2025-03-01 00:20:37
3943,6499,981,2,REPAY,1,0.749689,,0.749689,2025-03-01 00:53:42
3944,6500,408,2,REPAY,2,0.015033,,0.015033,2025-03-01 01:04:22
3945,6502,235,4,REPAY,5,0.428347,,0.428347,2025-03-01 01:07:35
3946,6504,815,4,REPAY,3,409.113142,,409.113142,2025-03-01 01:44:40
3947,6505,933,4,LIQUIDATION,2,33.301156,35.175947397,33.301156,2025-03-01 02:05:38
3948,6506,88,4,REPAY,5,0.051706,,0.051706,2025-03-01 02:05:40
3949,6507,773,4,REPAY,4,8.235792,,8.235792,2025-03-01 02:14:53
3950,6509,287,3,LIQUIDATION,3,225.498405,191.839338442,225.498405,2025-03-01 03:18:23
3951,6510,18,4,REPAY,4,6413.001168,,6413.001168,2025-03-01 03:19:30
3952,6511,634,4,WITHDRAW,5,4845.556254,,,2025-03-01 03:31:45
3953,6512,664,4,REPAY,2,3.02246,,3.02246,2025-03-01 03:32:58
3954,6513,367,1,REPAY,5,244.871388,,244.871388,2025-03-01 03:35:55
3955,6515,8,2,REPAY,2,1866.142055,,1866.142055,2025-03-01 03:45:02
3956,6516,196,4,DEPOSIT,2,4284.374069,4284.374069,,2025-03-01 03:48:33
3957,6517,821,2,LIQUIDATION,3,820.206873,911.6556874441,820.206873,2025-03-01 03:49:24
3958,6518,454,2,REPAY,2,3390.808093,,3390.808093,2025-03-01 03:55:53
3959,6519,275,1,REPAY,4,55.27967,,55.27967,2025-03-01 03:57:49
3960,6520,744,3,REPAY,4,997.804797,,997.804797,2025-03-01 04:11:51
3961,6521,994,4,REPAY,1,1333.571691,,1333.571691,2025-03-01 04:23:36
3962,6522,628,3,REPAY,5,9.939415,,9.939415,2025-03-01 04:33:31
3963,6523,421,1,LIQUIDATION,5,0.200724,0.1669093889,0.200724,2025-03-01 04:33:47
3964,6524,15,3,REPAY,4,2929.467107,,2929.467107,2025-03-01 04:38:29
3965,6527,399,1,WITHDRAW,3,3761.610386,,,2025-03-01 05:03:54
3966,6528,834,3,DEPOSIT,3,5258.041075,5258.041075,,2025-03-01 05:07:10
3967,6531,743,4,BORROW,5,7048.200809,15035.9629054898,7048.200809,2025-03-01 05:57:11
3968,6534,913,2,BORROW,3,4065.546009,8531.8941499713,4065.546009,2025-03-01 06:16:35
3969,6535,77,1,WITHDRAW,1,6409.351177,,,2025-03-01 06:54:49
3970,6536,997,2,DEPOSIT,4,4205.208987,4205.208987,,2025-03-01 07:10:26
3971,6537,923,1,REPAY,4,23.548112,,23.548112,2025-03-01 07:11:30
3972,6540,372,2,WITHDRAW,2,7144.065766,,,2025-03-01 07:46:34
3973,6541,257,4,WITHDRAW,1,5651.84077,,,2025-03-01 07:57:17
3974,6542,54,1,LIQUIDATION,5,4950.844747,4690.2972050604,4950.844747,2025-03-01 08:04:06
3975,6543,750,3,LIQUIDATION,2,9844.922756,9716.2714699429,9844.922756,2025-03-01 08:29:09
3976,6545,344,2,REPAY,3,1922.572075,,1922.572075,2025-03-01 08:53:59
3977,6546,296,4,LIQUIDATION,4,1397.253076,1274.5173516179,1397.253076,2025-03-01 09:13:53
3978,6547,47,4,WITHDRAW,4,7823.837173,,,2025-03-01 09:17:42
3979,6548,771,3,BORROW,3,779.3837,1185.7745472482,779.3837,2025-03-01 09:21:05
3980,6549,135,1,BORROW,3,1631.58475,3896.3943990497,1631.58475,2025-03-01 10:03:31
3981,6551,367,4,REPAY,4,51.556833,,51.556833,2025-03-01 10:21:55
3982,6553,344,3,REPAY,5,77.369619,,77.369619,2025-03-01 11:08:46
3983,6554,97,1,REPAY,5,7.717494,,7.717494,2025-03-01 11:17:35
3984,6555,572,4,WITHDRAW,4,5046.931545,,,2025-03-01 11:20:52
3985,6556,943,4,DEPOSIT,5,3299.158962,3299.158962,,2025-03-01 12:08:29
3986,6557,355,1,DEPOSIT,1,3470.04553,3470.04553,,2025-03-01 12:22:12
3987,6558,883,1,WITHDRAW,2,7108.816771,,,2025-03-01 12:37:28
3988,6559,437,4,BORROW,5,1862.258421,3640.379051908,1862.258421,2025-03-01 13:06:25
3989,6560,746,4,BORROW,2,1021.298393,1806.6411860801,1021.298393,2025-03-01 13:09:06
3990,6561,8,2,REPAY,5,348.482821,,348.482821,2025-03-01 13:45:52
3991,6562,951,1,REPAY,4,109.803424,,109.803424,2025-03-01 13:49:16
3992,6565,815,3,DEPOSIT,1,1209.792559,1209.792559,,2025-03-01 14:33:45
3993,6566,321,3,DEPOSIT,1,3767.237699,3767.237699,,2025-03-01 14:51:55
3994,6567,860,3,REPAY,2,4769.389058,,4769.389058,2025-03-01 15:07:15
3995,6568,255,2,REPAY,1,18.613813,,18.613813,2025-03-01 15:24:27
3996,6569,496,4,REPAY,5,4925.823704,,4925.823704,2025-03-01 15:39:26
3997,6570,6,1,BORROW,3,660.64523,1534.7087315508,660.64523,2025-03-01 16:17:44
3998,6571,68,4,LIQUIDATION,2,3750.813942,4366.1745941706,3750.813942,2025-03-01 16:31:04
3999,6572,540,1,REPAY,4,41.194138,,41.194138,2025-03-01 16:34:20
4000,6575,292,4,REPAY,2,221.969676,,221.969676,2025-03-01 17:10:42
4001,6576,881,4,WITHDRAW,5,7219.030046,,,2025-03-01 17:52:57
4002,6578,276,1,REPAY,3,167.013676,,167.013676,2025-03-01 18:19:26
4003,6580,395,2,REPAY,4,296.714927,,296.714927,2025-03-01 18:30:08
4004,6581,640,2,REPAY,2,0.056797,,0.056797,2025-03-01 18:46:11
4005,6582,122,4,REPAY,4,670.721996,,670.721996,2025-03-01 19:17:07
4006,6585,373,1,BORROW,1,7996.691518,10703.0754849233,7996.691518,2025-03-01 19:40:26
4007,6586,789,3,BORROW,3,1094.049121,2697.9556800047,1094.049121,2025-03-01 19:46:01
4008,6587,889,3,DEPOSIT,3,2499.90767,2499.90767,,2025-03-01 19:46:54
4009,6591,351,3,REPAY,2,4.334149,,4.334149,2025-03-01 20:37:49
4010,6592,923,3,BORROW,3,874.21934,1165.9710199497,874.21934,2025-03-01 20:41:43
4011,6593,168,2,REPAY,4,800.617839,,800.617839,2025-03-01 20:49:05
4012,6594,534,1,BORROW,2,9068.64735,19025.2079950828,9068.64735,2025-03-01 20:53:42
4013,6595,276,2,WITHDRAW,1,7350.016348,,,2025-03-01 21:01:51
4014,6596,482,3,WITHDRAW,1,6466.588297,,,2025-03-01 21:21:07
4015,6597,290,1,LIQUIDATION,1,4352.394293,4971.0714142712,4352.394293,2025-03-01 21:37:43
4016,6598,256,2,WITHDRAW,2,1641.931616,,,2025-03-01 21:45:49
4017,6599,191,3,REPAY,3,125.647715,,125.647715,2025-03-01 21:54:10
4018,6604,973,3,REPAY,5,22.033939,,22.033939,2025-03-01 23:20:20
4019,6605,652,2,BORROW,1,9317.023217,15524.0111850678,9317.023217,2025-03-01 23:32:18
4020,6606,281,2,WITHDRAW,3,7045.338683,,,2025-03-02 00:02:12
4021,6608,108,4,DEPOSIT,1,4201.596744,4201.596744,,2025-03-02 00:36:14
4022,6609,589,1,WITHDRAW,1,1488.564514,,,2025-03-02 01:17:44
4023,6610,835,2,BORROW,1,4426.978539,5869.4064032418,4426.978539,2025-03-02 01:19:08
4024,6611,98,4,LIQUIDATION,1,80.004298,83.3008151419,80.004298,2025-03-02 01:23:46
4025,6612,626,4,DEPOSIT,5,764.497355,764.497355,,2025-03-02 01:23:57
4026,6613,38,1,REPAY,5,533.665179,,533.665179,2025-03-02 01:28:51
4027,6615,898,2,REPAY,5,0.033734,,0.033734,2025-03-02 01:46:18
4028,6617,53,4,REPAY,3,0.050281,,0.050281,2025-03-02 02:34:18
4029,6618,699,2,REPAY,4,3586.1002,,3586.1002,2025-03-02 03:07:34
4030,6619,133,4,BORROW,5,4237.119246,9455.1503160988,4237.119246,2025-03-02 03:18:55
4031,6621,960,2,REPAY,2,70.605854,,70.605854,2025-03-02 03:53:25
4032,6622,632,4,LIQUIDATION,1,8560.816712,9010.0764058249,8560.816712,2025-03-02 04:16:14
4033,6623,518,3,BORROW,1,2405.277075,3779.3135524841,2405.277075,2025-03-02 04:37:10
4034,6624,414,4,WITHDRAW,2,8894.741982,,,2025-03-02 05:10:36
4035,6626,591,3,LIQUIDATION,4,13369.615733,12980.8375126789,13369.615733,2025-03-02 05:29:40
4036,6628,958,1,REPAY,3,78.486203,,78.486203,2025-03-02 06:22:35
4037,6629,238,4,REPAY,3,3484.698183,,3484.698183,2025-03-02 06:31:31
4038,6631,595,1,WITHDRAW,5,5865.450151,,,2025-03-02 06:58:28
4039,6632,400,4,DEPOSIT,1,8315.940652,8315.940652,,2025-03-02 07:09:48
4040,6634,778,4,REPAY,5,2003.037449,,2003.037449,2025-03-02 07:32:48
4041,6635,52,4,REPAY,5,1285.111708,,1285.111708,2025-03-02 07:57:23
4042,6636,905,2,WITHDRAW,3,6297.610534,,,2025-03-02 08:08:01
4043,6637,639,4,BORROW,3,4707.718706,8386.3347219322,4707.718706,2025-03-02 08:25:40
4044,6638,299,2,REPAY,5,6.080442,,6.080442,2025-03-02 08:27:37
4045,6639,117,1,REPAY,3,83.217001,,83.217001,2025-03-02 08:51:22
4046,6640,732,1,BORROW,5,6777.741124,13523.682660436,6777.741124,2025-03-02 09:07:43
4047,6641,354,1,WITHDRAW,1,8859.701746,,,2025-03-02 09:15:44
4048,6642,206,4,REPAY,4,4357.535944,,4357.535944,2025-03-02 09:16:40
4049,6643,858,1,BORROW,4,1800.764294,3746.9981749778,1800.764294,2025-03-02 09:47:38
4050,6648,889,3,BORROW,5,1279.113406,1920.0303812564,1279.113406,2025-03-02 10:16:32
4051,6649,201,2,REPAY,3,333.870786,,333.870786,2025-03-02 11:07:28
4052,6650,629,4,REPAY,3,314.939564,,314.939564,2025-03-02 11:22:23
4053,6652,772,3,REPAY,4,779.048688,,779.048688,2025-03-02 11:31:21
4054,6653,104,4,BORROW,3,6138.859028,8999.4373292324,6138.859028,2025-03-02 12:02:15
4055,6654,712,4,REPAY,1,4976.369132,,4976.369132,2025-03-02 12:03:09
4056,6655,627,4,REPAY,3,91.284876,,91.284876,2025-03-02 12:05:31
4057,6657,290,4,BORROW,4,813.822401,1916.2567399743,813.822401,2025-03-02 12:27:56
4058,6658,173,2,WITHDRAW,5,2461.415275,,,2025-03-02 12:28:22
4059,6659,678,1,BORROW,2,7503.037699,15285.2495823156,7503.037699,2025-03-02 12:54:55
4060,6660,398,3,BORROW,1,9537.89704,22621.0392311408,9537.89704,2025-03-02 13:12:42
4061,6662,886,3,DEPOSIT,1,1880.696908,1880.696908,,2025-03-02 13:30:51
4062,6663,125,4,WITHDRAW,1,9583.452097,,,2025-03-02 14:03:27
4063,6664,26,2,REPAY,1,106.426609,,106.426609,2025-03-02 14:27:19
4064,6665,611,4,REPAY,2,11.064959,,11.064959,2025-03-02 14:29:21
4065,6666,483,2,REPAY,2,0.52506,,0.52506,2025-03-02 14:32:06
4066,6668,793,1,BORROW,1,2002.286355,3619.706102884,2002.286355,2025-03-02 14:54:34
4067,6670,882,4,BORROW,5,1319.790133,2281.2038301586,1319.790133,2025-03-02 15:12:06
4068,6671,896,1,WITHDRAW,1,7031.882575,,,2025-03-02 15:48:33
4069,6673,743,4,WITHDRAW,5,4394.851688,,,2025-03-02 16:10:03
4070,6674,200,2,BORROW,2,6985.447198,13682.2694770717,6985.447198,2025-03-02 16:15:57
4071,6675,453,4,REPAY,3,2688.388092,,2688.388092,2025-03-02 16:21:15
4072,6676,110,3,BORROW,4,5264.497035,9635.3395542253,5264.497035,2025-03-02 16:44:24
4073,6678,431,2,LIQUIDATION,5,0.311882,0.3167294471,0.311882,2025-03-02 17:19:14
4074,6679,398,2,REPAY,5,4650.773932,,4650.773932,2025-03-02 17:21:25
4075,6680,258,2,BORROW,3,795.803977,1943.417586333,795.803977,2025-03-02 17:27:34
4076,6681,70,2,WITHDRAW,4,7421.814551,,,2025-03-02 18:12:28
4077,6682,489,4,REPAY,3,1.632257,,1.632257,2025-03-02 18:19:20
4078,6683,195,4,BORROW,4,7798.435974,18992.4686691528,7798.435974,2025-03-02 18:19:59
4079,6684,793,3,REPAY,5,267.357838,,267.357838,2025-03-02 18:23:15
4080,6685,85,3,WITHDRAW,5,6280.974249,,,2025-03-02 18:44:01
4081,6686,993,3,DEPOSIT,4,6851.066063,6851.066063,,2025-03-02 18:45:39
4082,6687,338,2,DEPOSIT,2,9454.17173,9454.17173,,2025-03-02 19:02:04
4083,6689,712,1,DEPOSIT,5,5544.717403,5544.717403,,2025-03-02 19:29:58
4084,6690,732,2,REPAY,5,1016.646468,,1016.646468,2025-03-02 19:33:04
4085,6691,713,1,WITHDRAW,3,8915.564395,,,2025-03-02 19:34:10
4086,6692,631,4,REPAY,1,42.957703,,42.957703,2025-03-02 19:41:12
4087,6693,990,4,WITHDRAW,2,1258.782769,,,2025-03-02 19:53:58
4088,6694,13,4,REPAY,4,1762.518917,,1762.518917,2025-03-02 19:56:31
4089,6696,418,2,REPAY,1,8143.13616,,8143.13616,2025-03-02 19:59:16
4090,6698,908,4,REPAY,2,3.838493,,3.838493,2025-03-02 20:19:50
4091,6699,220,3,REPAY,2,100.366114,,100.366114,2025-03-02 20:21:32
4092,6700,133,1,REPAY,5,793.532174,,793.532174,2025-03-02 20:25:14
4093,6702,557,3,DEPOSIT,3,1917.559099,1917.559099,,2025-03-02 20:35:52
4094,6703,707,3,WITHDRAW,5,7544.358977,,,2025-03-02 20:36:55
4095,6704,476,1,REPAY,5,620.899208,,620.899208,2025-03-02 20:55:56
4096,6705,225,3,BORROW,2,1108.444079,1786.1179496093,1108.444079,2025-03-02 20:56:41
4097,6706,988,3,BORROW,2,2806.204984,6399.3500214667,2806.204984,2025-03-02 21:24:42
4098,6707,581,2,REPAY,2,222.068059,,222.068059,2025-03-02 21:41:36
4099,6708,499,1,DEPOSIT,3,3269.718332,3269.718332,,2025-03-02 21:54:46
4100,6709,852,3,WITHDRAW,5,5689.206731,,,2025-03-02 21:55:32
4101,6710,550,3,BORROW,5,762.197835,1668.444704276,762.197835,2025-03-02 22:02:06
4102,6713,554,2,DEPOSIT,5,6209.139845,6209.139845,,2025-03-02 22:37:14
4103,6714,220,2,REPAY,4,167.949215,,167.949215,2025-03-02 22:45:11
4104,6715,42,4,BORROW,4,8623.426176,12904.9010344502,8623.426176,2025-03-02 22:54:08
4105,6716,918,4,REPAY,5,0.00166,,0.00166,2025-03-02 22:55:49
4106,6717,691,1,REPAY,5,760.485427,,760.485427,2025-03-02 23:05:45
4107,6718,975,3,BORROW,3,4913.043885,11051.5382393477,4913.043885,2025-03-02 23:09:55
4108,6719,153,4,REPAY,2,1001.192535,,1001.192535,2025-03-02 23:28:10
4109,6720,444,1,BORROW,3,6941.267233,15245.6079180444,6941.267233,2025-03-02 23:30:04
4110,6721,259,3,REPAY,3,909.59232,,909.59232,2025-03-02 23:55:57
4111,6722,989,3,REPAY,1,0.000209,,0.000209,2025-03-03 00:12:00
4112,6723,301,2,REPAY,2,396.896922,,396.896922,2025-03-03 00:26:54
4113,6725,481,3,REPAY,4,220.020432,,220.020432,2025-03-03 00:39:08
4114,6726,231,1,REPAY,5,3944.609227,,3944.609227,2025-03-03 00:43:33
4115,6727,923,2,REPAY,2,445.379749,,445.379749,2025-03-03 00:43:35
4116,6729,65,3,WITHDRAW,2,5260.009234,,,2025-03-03 01:08:32
4117,6730,797,1,REPAY,3,452.64625,,452.64625,2025-03-03 01:27:24
4118,6731,376,1,LIQUIDATION,1,7882.689607,7199.8838310452,7882.689607,2025-03-03 01:28:59
4119,6734,728,4,REPAY,1,2693.978653,,2693.978653,2025-03-03 01:40:24
4120,6735,782,1,REPAY,1,2066.849946,,2066.849946,2025-03-03 01:41:35
4121,6736,167,1,REPAY,2,3128.830576,,3128.830576,2025-03-03 01:57:07
4122,6737,845,3,LIQUIDATION,2,5168.822127,5212.7798229045,5168.822127,2025-03-03 02:02:56
4123,6738,78,3,REPAY,3,200.437979,,200.437979,2025-03-03 02:03:01
4124,6739,867,4,LIQUIDATION,3,4.029426,4.3678601001,4.029426,2025-03-03 03:05:44
4125,6740,232,4,REPAY,3,2216.01184,,2216.01184,2025-03-03 03:07:14
4126,6742,368,4,WITHDRAW,5,1368.712869,,,2025-03-03 03:33:43
4127,6743,593,2,DEPOSIT,3,1751.18023,1751.18023,,2025-03-03 04:02:52
4128,6744,145,4,DEPOSIT,1,3528.452415,3528.452415,,2025-03-03 04:31:50
4129,6745,463,4,REPAY,1,861.670228,,861.670228,2025-03-03 04:43:43
4130,6747,574,1,BORROW,2,287.214088,485.5749800282,287.214088,2025-03-03 05:34:24
4131,6748,961,3,REPAY,1,99.369704,,99.369704,2025-03-03 05:34:55
4132,6750,28,3,REPAY,1,110.547588,,110.547588,2025-03-03 05:56:57
4133,6752,172,2,BORROW,4,7913.257102,13182.8847540312,7913.257102,2025-03-03 06:20:59
4134,6753,903,2,REPAY,5,10.312601,,10.312601,2025-03-03 06:31:39
4135,6754,352,2,REPAY,2,2809.199763,,2809.199763,2025-03-03 06:32:11
4136,6755,827,2,LIQUIDATION,3,976.234168,818.4500847834,976.234168,2025-03-03 07:02:29
4137,6756,32,1,REPAY,3,1513.654367,,1513.654367,2025-03-03 07:12:56
4138,6757,483,2,REPAY,3,0.057394,,0.057394,2025-03-03 07:23:44
4139,6758,3,1,BORROW,2,7746.198167,13057.753776899,7746.198167,2025-03-03 07:24:42
4140,6759,673,2,LIQUIDATION,2,1624.319681,1580.079654756,1624.319681,2025-03-03 07:58:06
4141,6762,25,4,REPAY,5,557.511898,,557.511898,2025-03-03 08:57:12
4142,6763,143,4,REPAY,4,74.819194,,74.819194,2025-03-03 09:38:50
4143,6764,453,2,DEPOSIT,2,5153.01116,5153.01116,,2025-03-03 09:47:10
4144,6767,536,1,BORROW,5,9102.940628,20094.6117197067,9102.940628,2025-03-03 10:20:45
4145,6768,732,4,REPAY,2,6021.498486,,6021.498486,2025-03-03 10:27:13
4146,6769,939,4,REPAY,2,551.366785,,551.366785,2025-03-03 10:33:02
4147,6770,71,4,DEPOSIT,4,6522.952535,6522.952535,,2025-03-03 10:34:02
4148,6771,695,3,DEPOSIT,4,5823.414126,5823.414126,,2025-03-03 10:52:10
4149,6772,462,4,REPAY,5,0.000747,,0.000747,2025-03-03 10:54:18
4150,6773,78,3,REPAY,3,515.893081,,515.893081,2025-03-03 10:56:36
4151,6774,294,1,WITHDRAW,2,6955.66179,,,2025-03-03 10:57:00
4152,6775,496,4,REPAY,1,2153.63786,,2153.63786,2025-03-03 11:03:49
4153,6777,949,2,DEPOSIT,4,3864.864687,3864.864687,,2025-03-03 11:09:21
4154,6779,379,2,REPAY,4,2038.617625,,2038.617625,2025-03-03 11:35:00
4155,6780,191,1,REPAY,3,19.75633,,19.75633,2025-03-03 11:49:39
4156,6781,146,2,BORROW,5,4151.6228,5881.4187802333,4151.6228,2025-03-03 12:06:47
4157,6783,979,1,DEPOSIT,1,5960.015078,5960.015078,,2025-03-03 12:45:57
4158,6784,174,4,WITHDRAW,3,4047.616813,,,2025-03-03 13:02:40
4159,6785,200,1,REPAY,4,845.104559,,845.104559,2025-03-03 13:03:53
4160,6787,423,2,DEPOSIT,1,136.955751,136.955751,,2025-03-03 13:25:20
4161,6788,588,3,REPAY,4,26.765662,,26.765662,2025-03-03 13:27:21
4162,6789,304,4,REPAY,4,4881.33814,,4881.33814,2025-03-03 13:31:01
4163,6790,395,4,REPAY,5,90.503696,,90.503696,2025-03-03 14:11:10
4164,6791,982,4,DEPOSIT,4,4824.40539,4824.40539,,2025-03-03 14:12:39
4165,6792,259,2,BORROW,5,3554.663909,8316.365253825,3554.663909,2025-03-03 14:38:52
4166,6795,725,2,REPAY,5,1372.603781,,1372.603781,2025-03-03 14:53:08
4167,6796,748,4,LIQUIDATION,4,2182.794708,1998.8163288944,2182.794708,2025-03-03 15:06:33
4168,6797,395,2,BORROW,1,3237.304744,4048.7817093711,3237.304744,2025-03-03 15:31:18
4169,6799,25,3,BORROW,4,1831.533828,2749.1502899337,1831.533828,2025-03-03 15:39:47
4170,6800,318,3,BORROW,3,5361.322338,11270.6294301674,5361.322338,2025-03-03 15:47:02
4171,6801,787,1,BORROW,5,842.247091,1943.5786171445,842.247091,2025-03-03 15:50:14
4172,6802,172,4,REPAY,4,5944.13642,,5944.13642,2025-03-03 16:06:43
4173,6803,104,3,REPAY,4,2566.095639,,2566.095639,2025-03-03 16:12:31
4174,6804,209,4,WITHDRAW,4,261.047843,,,2025-03-03 16:32:00
4175,6806,493,1,REPAY,5,1695.027497,,1695.027497,2025-03-03 16:56:21
4176,6808,851,4,REPAY,4,8672.00317,,8672.00317,2025-03-03 16:59:23
4177,6809,700,2,REPAY,1,191.283116,,191.283116,2025-03-03 17:19:49
4178,6810,197,4,WITHDRAW,1,1969.579303,,,2025-03-03 17:45:42
4179,6811,543,3,REPAY,2,1404.679914,,1404.679914,2025-03-03 17:50:00
4180,6812,460,4,REPAY,3,1286.337347,,1286.337347,2025-03-03 17:58:14
4181,6813,572,4,WITHDRAW,1,1411.469546,,,2025-03-03 18:00:27
4182,6815,679,4,BORROW,3,4211.717192,7335.2636415028,4211.717192,2025-03-03 18:34:10
4183,6816,621,3,REPAY,2,5.55108,,5.55108,2025-03-03 18:34:50
4184,6817,569,2,REPAY,5,2827.265779,,2827.265779,2025-03-03 18:43:48
4185,6819,611,1,REPAY,4,73.640258,,73.640258,2025-03-03 19:24:13
4186,6820,675,1,REPAY,2,88.166145,,88.166145,2025-03-03 19:33:19
4188,6823,946,2,BORROW,1,1549.550113,3091.887500776,1549.550113,2025-03-03 20:27:27
4189,6824,330,1,DEPOSIT,5,6959.681946,6959.681946,,2025-03-03 20:40:56
4190,6826,712,1,REPAY,3,88.635387,,88.635387,2025-03-03 21:01:53
4191,6828,448,2,DEPOSIT,5,7250.293423,7250.293423,,2025-03-03 21:19:42
4192,6830,577,1,REPAY,1,0.252946,,0.252946,2025-03-03 21:28:35
4193,6831,893,2,REPAY,4,1007.70921,,1007.70921,2025-03-03 21:59:15
4194,6832,98,2,WITHDRAW,5,6605.579049,,,2025-03-03 21:59:25
4195,6835,606,3,LIQUIDATION,4,56.372861,60.1921415807,56.372861,2025-03-03 22:12:34
4196,6836,216,2,DEPOSIT,1,1489.721826,1489.721826,,2025-03-03 22:13:33
4197,6838,74,2,REPAY,2,2253.007481,,2253.007481,2025-03-03 23:11:16
4198,6839,561,3,BORROW,5,3498.737784,5752.3138543945,3498.737784,2025-03-03 23:17:21
4199,6840,598,3,REPAY,1,854.916786,,854.916786,2025-03-03 23:20:44
4200,6841,589,1,BORROW,3,9613.362814,12984.0270624578,9613.362814,2025-03-03 23:36:53
4201,6842,78,4,REPAY,2,820.779747,,820.779747,2025-03-04 00:07:09
4202,6844,86,3,REPAY,2,2.7e-05,,2.7e-05,2025-03-04 00:07:22
4203,6846,668,3,DEPOSIT,4,3341.714297,3341.714297,,2025-03-04 00:30:28
4204,6847,873,1,WITHDRAW,5,6528.506288,,,2025-03-04 00:31:41
4205,6848,756,4,BORROW,1,3533.145063,7425.6132662219,3533.145063,2025-03-04 01:03:53
4206,6849,505,4,REPAY,4,359.430352,,359.430352,2025-03-04 01:22:38
4207,6851,725,2,REPAY,3,25.711527,,25.711527,2025-03-04 01:38:36
4208,6852,523,4,WITHDRAW,1,9214.158867,,,2025-03-04 01:38:39
4209,6853,876,3,DEPOSIT,5,2451.465882,2451.465882,,2025-03-04 01:49:19
4210,6854,944,4,BORROW,4,5075.008878,7033.2188968976,5075.008878,2025-03-04 02:08:26
4211,6855,832,4,REPAY,3,79.857584,,79.857584,2025-03-04 02:33:59
4212,6857,914,3,REPAY,1,508.985463,,508.985463,2025-03-04 03:22:55
4213,6860,749,1,REPAY,3,4016.89663,,4016.89663,2025-03-04 03:57:27
4214,6863,546,4,DEPOSIT,3,2120.40394,2120.40394,,2025-03-04 04:19:25
4215,6864,813,3,DEPOSIT,5,6713.505184,6713.505184,,2025-03-04 04:23:42
4216,6865,981,2,REPAY,4,0.995136,,0.995136,2025-03-04 04:30:04
4217,6866,532,1,WITHDRAW,5,6793.608607,,,2025-03-04 04:45:56
4218,6867,320,2,DEPOSIT,1,3500.113895,3500.113895,,2025-03-04 05:19:02
4219,6868,978,1,REPAY,5,0.760476,,0.760476,2025-03-04 05:20:38
4220,6870,978,1,REPAY,3,1.048969,,1.048969,2025-03-04 05:33:28
4221,6871,667,1,REPAY,5,0.384973,,0.384973,2025-03-04 05:53:07
4222,6872,627,2,REPAY,2,175.759329,,175.759329,2025-03-04 06:15:42
4223,6874,745,1,REPAY,1,20.21474,,20.21474,2025-03-04 06:24:27
4224,6875,660,3,DEPOSIT,1,9324.248884,9324.248884,,2025-03-04 06:24:28
4225,6876,876,2,BORROW,5,833.474437,1146.6464459297,833.474437,2025-03-04 06:32:34
4226,6877,702,1,DEPOSIT,4,3024.246062,3024.246062,,2025-03-04 06:44:56
4227,6878,112,4,BORROW,1,1366.33628,2931.8237994501,1366.33628,2025-03-04 07:21:17
4228,6879,898,1,REPAY,3,0.028301,,0.028301,2025-03-04 07:24:39
4229,6880,53,3,DEPOSIT,3,1039.277307,1039.277307,,2025-03-04 07:40:29
4230,6881,494,2,REPAY,3,3303.08977,,3303.08977,2025-03-04 07:55:08
4231,6882,433,4,REPAY,3,273.293244,,273.293244,2025-03-04 08:18:26
4232,6883,159,3,DEPOSIT,4,6995.047756,6995.047756,,2025-03-04 08:42:37
4233,6884,998,2,WITHDRAW,3,2243.663985,,,2025-03-04 08:44:59
4234,6886,353,2,DEPOSIT,5,3106.348313,3106.348313,,2025-03-04 10:01:58
4235,6889,152,3,WITHDRAW,5,9351.108317,,,2025-03-04 10:47:06
4236,6891,321,3,BORROW,5,5332.204313,10448.0755822544,5332.204313,2025-03-04 10:56:13
4237,6894,373,4,BORROW,1,4591.615663,9095.9760855758,4591.615663,2025-03-04 11:03:22
4238,6895,850,1,WITHDRAW,3,3262.756401,,,2025-03-04 11:42:21
4239,6896,613,4,REPAY,4,16.32006,,16.32006,2025-03-04 11:48:16
4240,6898,674,1,WITHDRAW,5,4692.240271,,,2025-03-04 11:54:02
4241,6902,26,2,REPAY,2,23.46827,,23.46827,2025-03-04 12:15:42
4242,6903,464,2,LIQUIDATION,5,9286.02528,10569.9286449544,9286.02528,2025-03-04 12:44:27
4243,6907,168,4,REPAY,4,3.53715,,3.53715,2025-03-04 14:21:45
4244,6910,560,3,BORROW,5,2222.355921,3885.9185421411,2222.355921,2025-03-04 14:25:41
4245,6911,383,4,DEPOSIT,5,3390.404692,3390.404692,,2025-03-04 14:30:52
4246,6913,241,1,BORROW,5,6410.608009,10622.5523666289,6410.608009,2025-03-04 14:51:54
4247,6917,538,2,REPAY,2,1764.297074,,1764.297074,2025-03-04 15:27:24
4248,6918,627,3,REPAY,4,10.834382,,10.834382,2025-03-04 15:33:53
4249,6920,409,4,WITHDRAW,5,4996.421752,,,2025-03-04 15:47:44
4250,6922,443,4,DEPOSIT,3,7845.233378,7845.233378,,2025-03-04 16:00:13
4251,6923,20,4,WITHDRAW,3,721.952664,,,2025-03-04 16:10:10
4252,6924,880,4,DEPOSIT,2,6770.96242,6770.96242,,2025-03-04 16:21:26
4253,6925,748,3,BORROW,5,8164.310925,18365.7968084121,8164.310925,2025-03-04 16:27:31
4254,6926,749,1,BORROW,3,8420.939437,15320.7018920867,8420.939437,2025-03-04 16:37:55
4255,6927,332,1,DEPOSIT,1,5698.057445,5698.057445,,2025-03-04 16:39:38
4256,6928,627,2,WITHDRAW,3,3252.235379,,,2025-03-04 16:42:48
4257,6929,13,3,REPAY,4,1840.94712,,1840.94712,2025-03-04 17:14:49
4258,6930,106,3,REPAY,3,23.640945,,23.640945,2025-03-04 17:17:08
4259,6931,296,4,DEPOSIT,2,17.57788,17.57788,,2025-03-04 17:32:16
4260,6933,721,4,DEPOSIT,5,1309.895165,1309.895165,,2025-03-04 18:05:07
4261,6934,694,1,DEPOSIT,4,5398.321063,5398.321063,,2025-03-04 18:11:02
4262,6935,195,4,REPAY,1,3547.723011,,3547.723011,2025-03-04 18:26:07
4263,6936,457,1,REPAY,1,68.844187,,68.844187,2025-03-04 18:33:06
4264,6937,819,3,REPAY,4,131.60831,,131.60831,2025-03-04 18:51:49
4265,6939,356,4,REPAY,3,864.79285,,864.79285,2025-03-04 19:10:20
4266,6940,529,2,REPAY,3,328.010561,,328.010561,2025-03-04 19:12:26
4267,6941,325,4,REPAY,1,0.084848,,0.084848,2025-03-04 19:14:23
4268,6942,323,4,DEPOSIT,5,3367.562365,3367.562365,,2025-03-04 19:23:25
4269,6946,561,3,REPAY,2,1422.645597,,1422.645597,2025-03-04 20:05:35
4270,6947,373,3,WITHDRAW,1,6743.999433,,,2025-03-04 20:20:06
4271,6949,571,4,REPAY,1,1029.417468,,1029.417468,2025-03-04 20:27:43
4272,6951,440,1,REPAY,2,86.077476,,86.077476,2025-03-04 20:42:11
4273,6952,826,2,DEPOSIT,1,7626.41928,7626.41928,,2025-03-04 20:51:22
4274,6953,962,4,REPAY,2,0.000262,,0.000262,2025-03-04 21:11:11
4275,6955,636,2,REPAY,2,4348.505068,,4348.505068,2025-03-04 22:16:51
4276,6956,352,2,REPAY,2,554.134729,,554.134729,2025-03-04 22:17:52
4277,6958,915,2,WITHDRAW,1,1600.330178,,,2025-03-04 22:57:51
4278,6959,627,2,REPAY,3,5.316437,,5.316437,2025-03-04 23:02:39
4279,6960,447,1,WITHDRAW,1,5714.667164,,,2025-03-04 23:10:30
4280,6961,806,4,DEPOSIT,2,4412.687575,4412.687575,,2025-03-04 23:36:01
4281,6962,191,1,REPAY,1,11.180665,,11.180665,2025-03-04 23:57:17
4282,6963,364,4,REPAY,5,30.966029,,30.966029,2025-03-05 00:20:14
4283,6964,206,4,REPAY,1,1223.054295,,1223.054295,2025-03-05 00:20:32
4284,6967,719,3,REPAY,3,1889.419493,,1889.419493,2025-03-05 00:47:12
4285,6968,286,2,WITHDRAW,3,7920.652485,,,2025-03-05 00:53:50
4286,6970,627,3,WITHDRAW,2,6775.844825,,,2025-03-05 00:59:52
4287,6971,547,1,BORROW,3,3857.136495,6937.1836996802,3857.136495,2025-03-05 01:10:28
4288,6973,373,1,REPAY,5,7063.803893,,7063.803893,2025-03-05 02:05:11
4289,6975,447,3,LIQUIDATION,5,486.137794,406.7677655553,486.137794,2025-03-05 02:12:56
4290,6978,464,1,BORROW,1,8127.620913,17178.2797183202,8127.620913,2025-03-05 03:01:49
4291,6979,779,1,REPAY,3,14.114523,,14.114523,2025-03-05 03:14:54
4292,6981,83,1,REPAY,2,134.773128,,134.773128,2025-03-05 03:37:03
4293,6982,374,4,LIQUIDATION,1,192.058879,185.0418181886,192.058879,2025-03-05 03:40:36
4294,6983,59,2,DEPOSIT,2,1319.495122,1319.495122,,2025-03-05 03:57:52
4295,6984,207,2,REPAY,2,0.173744,,0.173744,2025-03-05 04:22:18
4296,6985,204,2,REPAY,5,67.858322,,67.858322,2025-03-05 04:27:36
4297,6986,245,4,BORROW,4,7366.659542,17952.608638315,7366.659542,2025-03-05 04:38:33
4298,6987,690,3,WITHDRAW,3,4970.002916,,,2025-03-05 04:51:39
4299,6988,649,4,REPAY,1,5621.068711,,5621.068711,2025-03-05 05:03:26
4300,6990,667,3,REPAY,4,0.118563,,0.118563,2025-03-05 05:48:06
4301,6991,520,2,DEPOSIT,2,7417.911878,7417.911878,,2025-03-05 05:48:09
4302,6992,218,4,WITHDRAW,1,229.37586,,,2025-03-05 06:17:13
4303,6994,570,4,WITHDRAW,3,6255.555849,,,2025-03-05 06:44:23
4304,6995,360,3,REPAY,2,1533.96044,,1533.96044,2025-03-05 07:08:27
4305,6996,4,2,BORROW,2,9255.218339,11585.0427700297,9255.218339,2025-03-05 07:11:59
4306,7000,582,3,DEPOSIT,3,6067.58697,6067.58697,,2025-03-05 07:51:39
4307,7001,777,2,REPAY,1,4.747966,,4.747966,2025-03-05 07:53:10
4308,7004,385,2,BORROW,1,6002.709546,13469.7287742874,6002.709546,2025-03-05 08:58:40
4309,7007,166,3,DEPOSIT,1,2425.463498,2425.463498,,2025-03-05 09:47:21
4310,7008,872,4,REPAY,3,793.423694,,793.423694,2025-03-05 10:00:45
4311,7011,372,1,DEPOSIT,3,7954.262883,7954.262883,,2025-03-05 10:51:03
4312,7013,207,3,REPAY,5,0.452205,,0.452205,2025-03-05 11:08:44
4313,7014,13,3,DEPOSIT,5,4121.789757,4121.789757,,2025-03-05 11:16:35
4314,7016,956,1,WITHDRAW,3,8612.594901,,,2025-03-05 11:43:29
4315,7017,268,2,REPAY,1,51.647677,,51.647677,2025-03-05 12:15:24
4316,7018,16,3,REPAY,1,75.119116,,75.119116,2025-03-05 12:20:48
4317,7019,272,4,LIQUIDATION,1,314.178041,376.6607487906,314.178041,2025-03-05 12:26:41
4318,7025,513,4,LIQUIDATION,3,3612.874272,3257.2289578936,3612.874272,2025-03-05 13:19:58
4319,7026,713,2,REPAY,1,764.703287,,764.703287,2025-03-05 13:30:19
4320,7027,654,1,REPAY,4,577.281082,,577.281082,2025-03-05 13:49:58
4321,7028,913,4,BORROW,3,5675.273815,10107.818783745,5675.273815,2025-03-05 13:57:41
4322,7031,613,2,DEPOSIT,2,7843.683607,7843.683607,,2025-03-05 14:26:44
4323,7033,331,3,REPAY,3,887.546425,,887.546425,2025-03-05 15:06:08
4324,7034,484,3,DEPOSIT,3,5901.574115,5901.574115,,2025-03-05 15:37:45
4325,7036,455,2,BORROW,4,2254.763765,3939.5381936291,2254.763765,2025-03-05 15:52:39
4326,7037,974,2,REPAY,4,188.881454,,188.881454,2025-03-05 16:14:56
4327,7038,427,2,BORROW,5,4049.489028,6961.5285418919,4049.489028,2025-03-05 16:19:47
4328,7039,48,2,REPAY,2,10.259197,,10.259197,2025-03-05 16:25:53
4329,7040,602,4,REPAY,5,118.637567,,118.637567,2025-03-05 17:07:43
4330,7041,944,1,REPAY,5,3821.347534,,3821.347534,2025-03-05 17:08:20
4331,7042,677,3,REPAY,1,4965.23863,,4965.23863,2025-03-05 17:29:36
4332,7043,796,3,LIQUIDATION,1,5186.184135,5653.7705911923,5186.184135,2025-03-05 18:12:13
4333,7046,674,2,DEPOSIT,5,2833.951037,2833.951037,,2025-03-05 19:09:44
4334,7047,852,4,WITHDRAW,2,616.446838,,,2025-03-05 19:28:32
4335,7048,665,4,REPAY,4,2845.484835,,2845.484835,2025-03-05 19:30:25
4336,7051,167,1,REPAY,4,981.19757,,981.19757,2025-03-05 19:40:13
4337,7052,124,3,WITHDRAW,5,9069.58054,,,2025-03-05 19:46:50
4338,7054,773,4,REPAY,4,15.627725,,15.627725,2025-03-05 19:56:57
4339,7055,712,4,REPAY,2,3.574626,,3.574626,2025-03-05 20:05:43
4340,7056,396,3,REPAY,1,1714.095858,,1714.095858,2025-03-05 20:27:26
4341,7058,69,1,WITHDRAW,4,8105.909099,,,2025-03-05 20:38:32
4342,7059,725,2,REPAY,3,105.454982,,105.454982,2025-03-05 20:44:43
4343,7062,19,4,REPAY,2,1673.291738,,1673.291738,2025-03-05 22:17:52
4344,7064,7,4,DEPOSIT,3,4406.725707,4406.725707,,2025-03-05 22:34:41
4345,7065,986,4,REPAY,2,12.919288,,12.919288,2025-03-05 22:35:00
4346,7066,221,3,REPAY,1,4.473472,,4.473472,2025-03-05 22:47:03
4347,7067,77,2,DEPOSIT,5,3166.745286,3166.745286,,2025-03-05 22:55:02
4348,7068,677,4,REPAY,2,1074.091265,,1074.091265,2025-03-05 23:14:26
4349,7070,936,2,BORROW,4,1165.534635,2461.2061444321,1165.534635,2025-03-05 23:46:32
4350,7071,835,1,REPAY,4,1459.635804,,1459.635804,2025-03-06 00:05:24
4351,7072,479,1,LIQUIDATION,4,1268.987101,1480.8898118871,1268.987101,2025-03-06 00:09:54
4352,7075,986,4,REPAY,3,62.54572,,62.54572,2025-03-06 01:17:01
4353,7076,688,1,DEPOSIT,4,149.620884,149.620884,,2025-03-06 02:01:52
4354,7077,533,2,DEPOSIT,2,1835.2712,1835.2712,,2025-03-06 02:39:28
4355,7078,696,3,REPAY,1,1007.343486,,1007.343486,2025-03-06 02:44:13
4356,7079,67,4,WITHDRAW,5,1524.848824,,,2025-03-06 02:57:32
4357,7080,790,4,BORROW,4,1315.972866,3024.5185603584,1315.972866,2025-03-06 03:04:12
4358,7083,800,1,DEPOSIT,4,5677.174014,5677.174014,,2025-03-06 03:08:13
4359,7084,9,1,BORROW,5,8136.98575,12662.080352099,8136.98575,2025-03-06 03:16:47
4360,7087,301,1,REPAY,4,866.47558,,866.47558,2025-03-06 04:18:38
4361,7088,453,4,REPAY,4,574.434946,,574.434946,2025-03-06 04:23:47
4362,7089,192,1,REPAY,5,3791.222144,,3791.222144,2025-03-06 04:32:03
4363,7090,773,3,REPAY,2,3.701508,,3.701508,2025-03-06 04:43:28
4364,7092,822,2,REPAY,1,24.273486,,24.273486,2025-03-06 05:05:58
4365,7095,160,2,DEPOSIT,3,5846.886836,5846.886836,,2025-03-06 06:11:52
4366,7096,892,4,REPAY,1,334.016887,,334.016887,2025-03-06 06:31:24
4367,7098,838,1,WITHDRAW,4,6465.887003,,,2025-03-06 06:52:54
4368,7099,815,2,REPAY,3,2103.08467,,2103.08467,2025-03-06 07:00:45
4369,7102,853,1,WITHDRAW,5,2665.822875,,,2025-03-06 07:21:24
4370,7107,309,1,REPAY,5,5.156866,,5.156866,2025-03-06 07:46:47
4371,7108,297,1,BORROW,1,8515.877322,10266.423190109,8515.877322,2025-03-06 07:49:52
4372,7110,886,2,WITHDRAW,4,9310.373806,,,2025-03-06 07:52:46
4373,7112,996,3,WITHDRAW,4,6646.441878,,,2025-03-06 08:02:59
4374,7113,640,1,REPAY,4,0.069247,,0.069247,2025-03-06 08:03:16
4375,7114,73,3,BORROW,1,4066.951369,7799.2234029885,4066.951369,2025-03-06 08:52:27
4376,7115,785,1,REPAY,2,230.951809,,230.951809,2025-03-06 08:54:42
4377,7116,701,1,REPAY,5,2639.571048,,2639.571048,2025-03-06 08:58:01
4378,7117,578,4,WITHDRAW,3,6401.756469,,,2025-03-06 08:58:20
4379,7118,188,1,WITHDRAW,1,9372.567917,,,2025-03-06 09:08:04
4380,7119,477,1,WITHDRAW,5,9779.648488,,,2025-03-06 09:11:43
4381,7120,805,3,REPAY,1,0.03067,,0.03067,2025-03-06 09:17:03
4382,7121,771,4,BORROW,3,6205.327309,12057.8154154063,6205.327309,2025-03-06 09:21:09
4383,7122,592,2,REPAY,5,22.707374,,22.707374,2025-03-06 09:54:20
4384,7123,334,1,WITHDRAW,2,5158.873517,,,2025-03-06 09:55:26
4385,7124,113,3,REPAY,3,77.406655,,77.406655,2025-03-06 09:58:23
4386,7126,331,2,REPAY,1,343.435799,,343.435799,2025-03-06 10:05:47
4387,7127,577,1,REPAY,1,0.819842,,0.819842,2025-03-06 10:15:14
4388,7129,507,1,REPAY,4,1512.032844,,1512.032844,2025-03-06 10:41:21
4389,7130,610,1,DEPOSIT,2,1492.865173,1492.865173,,2025-03-06 11:06:16
4390,7131,818,3,REPAY,5,13.815645,,13.815645,2025-03-06 11:26:56
4391,7133,229,1,BORROW,4,9766.558889,23771.3402881151,9766.558889,2025-03-06 12:14:39
4392,7134,538,1,REPAY,3,480.500199,,480.500199,2025-03-06 12:46:47
4393,7135,249,4,BORROW,5,8226.842528,19591.863302764,8226.842528,2025-03-06 13:15:41
4394,7137,346,3,REPAY,3,0.485355,,0.485355,2025-03-06 14:17:00
4395,7139,271,3,REPAY,3,4266.257145,,4266.257145,2025-03-06 14:35:52
4396,7140,624,4,LIQUIDATION,1,9799.185168,11605.7229479324,9799.185168,2025-03-06 14:57:56
4397,7141,894,1,WITHDRAW,4,8448.497115,,,2025-03-06 15:15:06
4398,7143,118,4,LIQUIDATION,4,4219.865415,3708.593957985,4219.865415,2025-03-06 15:43:34
4399,7145,364,3,REPAY,4,29.20334,,29.20334,2025-03-06 16:04:55
4400,7146,817,4,REPAY,2,3290.981828,,3290.981828,2025-03-06 16:33:58
4401,7148,166,4,BORROW,2,7458.978762,16957.2362282504,7458.978762,2025-03-06 16:59:01
4402,7150,103,3,REPAY,5,1161.478961,,1161.478961,2025-03-06 17:14:06
4403,7151,73,1,REPAY,4,2627.151873,,2627.151873,2025-03-06 17:14:34
4404,7152,276,2,REPAY,2,171.886179,,171.886179,2025-03-06 17:56:30
4405,7155,136,1,LIQUIDATION,1,801.471234,959.5049854342,801.471234,2025-03-06 18:18:12
4406,7156,58,4,WITHDRAW,2,8112.172107,,,2025-03-06 18:32:49
4407,7157,217,3,REPAY,3,1541.625521,,1541.625521,2025-03-06 18:38:05
4408,7158,776,2,DEPOSIT,2,1882.073554,1882.073554,,2025-03-06 19:15:28
4409,7159,561,1,REPAY,1,1718.59893,,1718.59893,2025-03-06 19:16:12
4410,7160,715,2,LIQUIDATION,5,831.236927,950.3332199309,831.236927,2025-03-06 19:20:09
4411,7161,808,4,REPAY,4,2217.488403,,2217.488403,2025-03-06 19:20:19
4412,7163,265,3,REPAY,4,26.697251,,26.697251,2025-03-06 19:25:27
4413,7164,493,2,REPAY,5,1774.314278,,1774.314278,2025-03-06 19:26:58
4414,7166,361,4,DEPOSIT,3,9284.85515,9284.85515,,2025-03-06 19:51:14
4415,7167,822,1,REPAY,3,0.514952,,0.514952,2025-03-06 20:48:18
4416,7169,258,1,BORROW,2,2454.577209,4253.4361654441,2454.577209,2025-03-06 21:52:03
4417,7171,34,3,WITHDRAW,1,1221.164059,,,2025-03-06 21:57:45
4418,7173,444,3,REPAY,2,5283.972347,,5283.972347,2025-03-06 22:51:00
4419,7174,486,2,WITHDRAW,2,1209.84905,,,2025-03-06 23:04:30
4420,7176,30,1,WITHDRAW,5,2684.428919,,,2025-03-06 23:36:45
4421,7177,412,1,DEPOSIT,3,5616.821303,5616.821303,,2025-03-06 23:50:31
4422,7178,896,4,REPAY,4,48.570488,,48.570488,2025-03-06 23:52:23
4423,7180,703,2,WITHDRAW,5,4510.726722,,,2025-03-07 00:29:11
4424,7181,52,1,REPAY,5,3286.821335,,3286.821335,2025-03-07 00:53:07
4425,7184,4,4,REPAY,2,7322.889478,,7322.889478,2025-03-07 01:15:52
4426,7185,233,3,REPAY,5,8.071424,,8.071424,2025-03-07 01:17:38
4427,7186,463,4,REPAY,4,54.041143,,54.041143,2025-03-07 01:24:33
4428,7187,413,3,WITHDRAW,4,5486.049667,,,2025-03-07 01:30:32
4429,7188,781,2,WITHDRAW,3,2875.875565,,,2025-03-07 01:37:56
4430,7189,765,2,REPAY,3,111.288256,,111.288256,2025-03-07 01:42:12
4431,7190,110,2,LIQUIDATION,3,5264.497035,4502.8148151774,5264.497035,2025-03-07 01:43:27
4432,7191,987,3,WITHDRAW,1,3694.82387,,,2025-03-07 02:06:47
4433,7192,478,1,WITHDRAW,2,795.656325,,,2025-03-07 02:47:04
4434,7195,568,3,BORROW,2,1848.125655,3353.3577301626,1848.125655,2025-03-07 03:33:38
4435,7196,190,1,REPAY,4,6626.478071,,6626.478071,2025-03-07 04:09:38
4436,7198,101,1,BORROW,3,7120.491895,10270.8217709032,7120.491895,2025-03-07 04:22:11
4437,7199,265,4,REPAY,3,5.372899,,5.372899,2025-03-07 04:27:02
4438,7200,962,2,REPAY,2,0.000293,,0.000293,2025-03-07 04:42:21
4439,7201,98,2,BORROW,5,4403.84571,10444.5068627108,4403.84571,2025-03-07 05:03:55
4440,7202,684,2,DEPOSIT,1,8650.035543,8650.035543,,2025-03-07 05:18:07
4441,7203,164,3,WITHDRAW,3,5978.788752,,,2025-03-07 05:22:01
4442,7206,715,4,BORROW,3,6495.958298,10951.9425986188,6495.958298,2025-03-07 06:42:08
4443,7210,476,2,REPAY,4,221.693876,,221.693876,2025-03-07 07:36:58
4444,7213,766,2,REPAY,3,2423.226297,,2423.226297,2025-03-07 08:51:30
4445,7214,710,1,REPAY,5,1157.793968,,1157.793968,2025-03-07 09:00:16
4446,7215,334,3,BORROW,5,1422.75408,2499.0423486531,1422.75408,2025-03-07 09:38:25
4447,7217,485,2,DEPOSIT,3,4383.709729,4383.709729,,2025-03-07 10:32:22
4448,7218,104,1,REPAY,4,2577.38938,,2577.38938,2025-03-07 10:40:24
4449,7219,479,2,BORROW,1,3853.697829,8532.0566928408,3853.697829,2025-03-07 11:03:23
4450,7221,441,1,REPAY,5,84.531416,,84.531416,2025-03-07 11:04:38
4451,7222,42,1,REPAY,4,2314.284689,,2314.284689,2025-03-07 11:43:13
4452,7223,282,4,LIQUIDATION,4,281.216619,261.6405013268,281.216619,2025-03-07 12:06:15
4453,7225,596,4,REPAY,4,2349.379292,,2349.379292,2025-03-07 12:09:59
4454,7228,454,1,REPAY,2,3653.380384,,3653.380384,2025-03-07 12:22:57
4455,7231,24,4,REPAY,4,0.52502,,0.52502,2025-03-07 12:41:08
4456,7232,67,3,DEPOSIT,2,3804.134004,3804.134004,,2025-03-07 12:55:26
4457,7233,496,3,WITHDRAW,5,5239.647659,,,2025-03-07 13:00:53
4458,7234,799,4,REPAY,3,0.11667,,0.11667,2025-03-07 13:09:48
4459,7235,184,2,DEPOSIT,4,6057.545335,6057.545335,,2025-03-07 13:18:11
4460,7236,339,1,REPAY,4,3449.167385,,3449.167385,2025-03-07 13:25:16
4461,7238,220,2,WITHDRAW,4,9398.711148,,,2025-03-07 13:57:28
4462,7239,360,4,REPAY,5,271.836489,,271.836489,2025-03-07 14:03:11
4463,7240,571,2,REPAY,1,30.479438,,30.479438,2025-03-07 14:08:06
4464,7242,650,3,REPAY,1,0.726232,,0.726232,2025-03-07 14:25:33
4465,7243,889,4,REPAY,3,954.269012,,954.269012,2025-03-07 14:34:12
4466,7245,38,3,REPAY,2,852.940077,,852.940077,2025-03-07 14:37:36
4467,7247,426,1,DEPOSIT,5,6594.88424,6594.88424,,2025-03-07 14:53:59
4468,7248,96,2,REPAY,2,3160.868466,,3160.868466,2025-03-07 14:57:49
4469,7251,74,4,REPAY,3,2469.34655,,2469.34655,2025-03-07 16:35:42
4470,7253,802,4,DEPOSIT,2,5965.000858,5965.000858,,2025-03-07 16:47:49
4471,7255,64,1,WITHDRAW,1,8311.916037,,,2025-03-07 17:00:40
4472,7257,975,2,REPAY,2,4115.951431,,4115.951431,2025-03-07 17:14:04
4473,7259,826,1,WITHDRAW,1,2507.339649,,,2025-03-07 18:08:16
4474,7261,541,1,REPAY,5,3241.823206,,3241.823206,2025-03-07 18:38:15
4475,7264,686,3,REPAY,1,798.640568,,798.640568,2025-03-07 19:57:03
4476,7265,847,2,REPAY,3,111.225952,,111.225952,2025-03-07 20:15:07
4477,7267,412,2,WITHDRAW,4,7728.653762,,,2025-03-07 20:34:03
4478,7268,456,1,REPAY,2,4413.324445,,4413.324445,2025-03-07 20:40:41
4479,7269,917,1,REPAY,2,25.036289,,25.036289,2025-03-07 21:10:59
4480,7272,391,4,BORROW,1,1545.174159,2959.6675584308,1545.174159,2025-03-07 22:35:18
4481,7273,225,2,REPAY,2,745.466374,,745.466374,2025-03-07 22:43:38
4482,7274,265,1,REPAY,1,3.437885,,3.437885,2025-03-07 22:56:01
4483,7275,951,2,REPAY,1,92.806286,,92.806286,2025-03-07 23:12:38
4484,7277,887,3,REPAY,5,362.29623,,362.29623,2025-03-07 23:39:51
4485,7278,278,4,BORROW,4,8399.321177,11777.5081916165,8399.321177,2025-03-07 23:41:11
4486,7280,141,2,REPAY,3,1891.153376,,1891.153376,2025-03-07 23:46:35
4487,7284,264,3,DEPOSIT,3,1352.102777,1352.102777,,2025-03-08 00:48:26
4488,7287,486,1,BORROW,2,3227.035579,4111.4083351644,3227.035579,2025-03-08 01:24:44
4489,7290,489,1,REPAY,3,0.317293,,0.317293,2025-03-08 02:01:32
4490,7291,229,4,DEPOSIT,1,9473.241763,9473.241763,,2025-03-08 02:36:45
4491,7292,70,2,DEPOSIT,2,6633.336299,6633.336299,,2025-03-08 03:16:38
4492,7294,906,3,BORROW,4,2932.894167,7168.8580470284,2932.894167,2025-03-08 03:35:19
4493,7295,534,1,REPAY,1,2017.239162,,2017.239162,2025-03-08 03:49:06
4494,7296,670,1,BORROW,4,7066.293085,13556.6450528089,7066.293085,2025-03-08 03:49:47
4495,7299,211,2,DEPOSIT,1,1229.90774,1229.90774,,2025-03-08 04:15:08
4496,7301,818,1,REPAY,5,19.707911,,19.707911,2025-03-08 04:54:57
4497,7302,668,1,DEPOSIT,3,3744.209241,3744.209241,,2025-03-08 05:05:45
4498,7305,9,2,REPAY,1,1864.413065,,1864.413065,2025-03-08 06:22:14
4499,7307,333,3,REPAY,4,508.884473,,508.884473,2025-03-08 06:44:00
4500,7310,5,2,REPAY,2,0.360015,,0.360015,2025-03-08 06:55:58
4501,7311,739,3,REPAY,4,55.916517,,55.916517,2025-03-08 07:06:38
4502,7312,320,4,WITHDRAW,1,2212.689154,,,2025-03-08 07:17:02
4503,7315,603,2,REPAY,4,312.781195,,312.781195,2025-03-08 08:06:37
4504,7316,362,1,REPAY,1,10.702661,,10.702661,2025-03-08 08:38:47
4505,7317,847,3,REPAY,3,413.797965,,413.797965,2025-03-08 08:50:20
4506,7318,206,2,REPAY,5,65.371856,,65.371856,2025-03-08 08:56:30
4507,7319,667,1,REPAY,1,0.108595,,0.108595,2025-03-08 09:25:45
4508,7321,641,2,DEPOSIT,5,9051.894981,9051.894981,,2025-03-08 09:55:29
4509,7322,637,2,DEPOSIT,5,9493.464078,9493.464078,,2025-03-08 10:02:45
4510,7323,541,1,BORROW,1,1929.061546,2948.8256054429,1929.061546,2025-03-08 10:29:33
4511,7327,664,4,REPAY,2,1.770851,,1.770851,2025-03-08 11:21:34
4512,7328,23,1,BORROW,4,1767.003155,4332.3349291065,1767.003155,2025-03-08 11:32:45
4513,7330,695,4,WITHDRAW,1,4183.037736,,,2025-03-08 11:48:33
4514,7331,206,2,REPAY,5,24.479791,,24.479791,2025-03-08 11:50:50
4515,7332,32,4,BORROW,5,8032.765183,14417.0574408411,8032.765183,2025-03-08 11:53:58
4516,7333,429,3,LIQUIDATION,5,2348.738324,2247.750656889,2348.738324,2025-03-08 12:47:45
4517,7334,815,1,REPAY,3,186.301205,,186.301205,2025-03-08 12:57:26
4518,7335,125,3,WITHDRAW,1,7527.528644,,,2025-03-08 12:57:49
4519,7336,151,3,REPAY,2,1732.265647,,1732.265647,2025-03-08 13:03:36
4520,7337,282,3,BORROW,5,6384.133514,10743.7463476146,6384.133514,2025-03-08 13:12:13
4521,7338,204,4,REPAY,1,32.367817,,32.367817,2025-03-08 13:13:48
4522,7339,663,3,REPAY,3,236.68104,,236.68104,2025-03-08 13:15:02
4523,7340,202,4,BORROW,2,4287.503274,8075.4580970253,4287.503274,2025-03-08 13:31:43
4524,7342,928,2,BORROW,1,6172.176663,14491.8351568995,6172.176663,2025-03-08 13:47:14
4525,7343,876,2,REPAY,3,684.518222,,684.518222,2025-03-08 13:50:16
4526,7345,768,3,BORROW,5,8894.772171,17986.4507770799,8894.772171,2025-03-08 14:01:52
4527,7346,246,1,REPAY,3,948.441523,,948.441523,2025-03-08 14:15:58
4528,7351,317,4,WITHDRAW,4,7921.321543,,,2025-03-08 15:04:52
4529,7352,175,3,WITHDRAW,3,1110.363473,,,2025-03-08 15:16:27
4530,7353,106,4,REPAY,1,25.673372,,25.673372,2025-03-08 15:32:53
4531,7355,343,3,BORROW,1,1841.56339,3579.801546469,1841.56339,2025-03-08 15:46:29
4532,7358,26,2,REPAY,3,1.280653,,1.280653,2025-03-08 17:10:17
4533,7359,517,1,WITHDRAW,5,352.8883,,,2025-03-08 17:10:48
4534,7361,381,4,REPAY,4,1522.282423,,1522.282423,2025-03-08 17:24:39
4535,7363,23,4,LIQUIDATION,2,1767.003155,1785.0227306722,1767.003155,2025-03-08 17:56:33
4536,7366,392,2,REPAY,4,1598.513423,,1598.513423,2025-03-08 18:26:35
4537,7367,622,4,WITHDRAW,5,1677.205513,,,2025-03-08 18:26:41
4538,7368,488,3,REPAY,4,813.041088,,813.041088,2025-03-08 18:27:53
4539,7369,135,4,DEPOSIT,3,1435.380526,1435.380526,,2025-03-08 18:32:47
4540,7370,875,4,WITHDRAW,4,9744.141935,,,2025-03-08 18:37:11
4541,7371,54,3,BORROW,3,2536.537946,3356.757611711,2536.537946,2025-03-08 18:41:54
4542,7372,973,2,REPAY,4,0.206281,,0.206281,2025-03-08 19:18:54
4543,7374,6,3,BORROW,4,222.758399,394.9591872938,222.758399,2025-03-08 19:24:07
4544,7375,331,4,REPAY,3,4.437691,,4.437691,2025-03-08 19:43:04
4545,7376,136,4,BORROW,2,7105.334333,9798.8127543009,7105.334333,2025-03-08 19:48:35
4546,7378,671,4,DEPOSIT,3,825.400289,825.400289,,2025-03-08 20:09:04
4547,7379,748,3,REPAY,4,5877.990268,,5877.990268,2025-03-08 20:18:59
4548,7380,707,4,REPAY,1,96.567484,,96.567484,2025-03-08 20:23:21
4549,7381,209,1,REPAY,3,436.846259,,436.846259,2025-03-08 20:47:10
4550,7382,810,1,REPAY,4,601.290496,,601.290496,2025-03-08 20:49:00
4551,7383,376,4,BORROW,1,6403.00669,8131.8802959602,6403.00669,2025-03-08 20:59:12
4552,7384,283,2,REPAY,1,7.612233,,7.612233,2025-03-08 21:05:21
4553,7385,304,1,BORROW,5,5447.677383,12676.696709251,5447.677383,2025-03-08 21:33:18
4554,7387,434,3,DEPOSIT,3,6839.642287,6839.642287,,2025-03-08 21:37:15
4555,7388,584,1,WITHDRAW,2,3836.707195,,,2025-03-08 22:28:25
4556,7389,468,2,WITHDRAW,1,7507.251736,,,2025-03-08 23:26:40
4557,7390,440,1,REPAY,2,3.316319,,3.316319,2025-03-08 23:37:05
4558,7391,64,3,BORROW,2,1113.785226,1415.9199377122,1113.785226,2025-03-08 23:39:52
4559,7392,897,4,DEPOSIT,3,4576.964212,4576.964212,,2025-03-08 23:58:01
4560,7393,903,3,REPAY,5,3.723158,,3.723158,2025-03-09 00:05:56
4561,7394,213,1,REPAY,3,19.787225,,19.787225,2025-03-09 00:10:09
4562,7396,745,2,REPAY,4,15.064871,,15.064871,2025-03-09 00:28:59
4563,7398,490,3,REPAY,4,2.746783,,2.746783,2025-03-09 00:52:20
4564,7399,190,3,REPAY,3,69.221656,,69.221656,2025-03-09 00:58:19
4565,7400,16,1,REPAY,1,57.699673,,57.699673,2025-03-09 00:59:04
4566,7402,313,1,BORROW,2,4292.127838,7909.7108216348,4292.127838,2025-03-09 01:12:39
4567,7404,559,2,DEPOSIT,5,6655.77906,6655.77906,,2025-03-09 01:37:00
4568,7405,687,4,REPAY,2,1719.96231,,1719.96231,2025-03-09 03:18:33
4569,7406,746,3,LIQUIDATION,1,14198.390278,13230.9467841535,14198.390278,2025-03-09 03:39:31
4570,7410,101,4,LIQUIDATION,3,7120.491895,7756.2052205436,7120.491895,2025-03-09 04:30:39
4571,7414,559,3,WITHDRAW,4,2610.666549,,,2025-03-09 05:48:49
4572,7416,728,3,REPAY,2,3459.771029,,3459.771029,2025-03-09 06:11:02
4573,7418,158,1,REPAY,5,3459.508635,,3459.508635,2025-03-09 07:25:25
4574,7419,520,1,WITHDRAW,5,6787.726818,,,2025-03-09 07:26:17
4575,7420,153,4,WITHDRAW,5,7981.07153,,,2025-03-09 07:44:24
4576,7421,891,4,REPAY,5,439.898399,,439.898399,2025-03-09 07:45:46
4577,7422,406,1,BORROW,1,5368.944012,8204.4662508347,5368.944012,2025-03-09 08:02:16
4578,7426,679,3,REPAY,4,5115.357912,,5115.357912,2025-03-09 08:15:08
4579,7428,261,2,REPAY,1,1480.570567,,1480.570567,2025-03-09 08:46:17
4580,7429,259,3,REPAY,2,1258.028949,,1258.028949,2025-03-09 09:07:37
4581,7430,415,1,BORROW,1,1336.653261,1664.3611277339,1336.653261,2025-03-09 09:55:17
4582,7435,204,3,REPAY,5,35.736272,,35.736272,2025-03-09 10:43:10
4583,7436,554,4,BORROW,2,6729.332526,15732.9525476511,6729.332526,2025-03-09 10:44:52
4584,7439,750,2,BORROW,5,5913.556102,7136.9269785322,5913.556102,2025-03-09 11:21:04
4585,7440,480,3,BORROW,3,9141.329245,18480.6003358122,9141.329245,2025-03-09 11:50:00
4586,7441,604,2,DEPOSIT,3,1415.099862,1415.099862,,2025-03-09 11:56:52
4587,7442,758,1,REPAY,4,27.343968,,27.343968,2025-03-09 12:02:47
4588,7443,598,1,REPAY,3,2061.433566,,2061.433566,2025-03-09 12:05:15
4589,7445,65,2,WITHDRAW,3,3620.697087,,,2025-03-09 12:43:30
4590,7446,74,3,BORROW,5,4247.159481,7165.2995169831,4247.159481,2025-03-09 12:53:11
4591,7448,233,2,REPAY,4,2.299727,,2.299727,2025-03-09 13:06:54
4592,7450,113,4,REPAY,4,74.327556,,74.327556,2025-03-09 13:28:20
4593,7452,357,2,DEPOSIT,1,8354.818118,8354.818118,,2025-03-09 14:14:28
4594,7453,21,1,REPAY,5,878.154196,,878.154196,2025-03-09 14:14:29
4595,7454,167,1,REPAY,3,338.456143,,338.456143,2025-03-09 14:38:19
4596,7456,554,3,REPAY,5,6280.498997,,6280.498997,2025-03-09 15:11:49
4597,7457,807,1,REPAY,4,156.364826,,156.364826,2025-03-09 15:13:44
4598,7458,101,2,BORROW,3,8918.230008,15019.370323715,8918.230008,2025-03-09 15:13:56
4599,7460,493,2,LIQUIDATION,3,3104.272913,2816.3210805834,3104.272913,2025-03-09 15:21:14
4600,7461,271,4,REPAY,5,663.532443,,663.532443,2025-03-09 15:23:42
4601,7462,49,4,REPAY,1,138.804745,,138.804745,2025-03-09 15:35:41
4602,7463,75,2,DEPOSIT,4,7572.273305,7572.273305,,2025-03-09 16:13:08
4603,7464,965,3,WITHDRAW,4,2233.420658,,,2025-03-09 16:18:36
4604,7468,377,4,WITHDRAW,3,6662.337155,,,2025-03-09 16:39:56
4605,7470,404,2,BORROW,5,3782.858831,7867.3802774359,3782.858831,2025-03-09 16:54:11
4606,7471,455,4,REPAY,5,2211.83021,,2211.83021,2025-03-09 17:04:38
4607,7472,519,1,WITHDRAW,1,1310.449434,,,2025-03-09 17:06:09
4608,7474,957,1,REPAY,5,411.538498,,411.538498,2025-03-09 17:41:04
4609,7475,325,1,REPAY,2,0.014225,,0.014225,2025-03-09 17:44:08
4610,7477,487,1,BORROW,4,6876.643808,12386.9892519597,6876.643808,2025-03-09 17:53:01
4611,7479,765,2,REPAY,2,51.656229,,51.656229,2025-03-09 18:10:07
4612,7480,450,4,BORROW,1,3454.995188,5845.7095161408,3454.995188,2025-03-09 18:33:01
4613,7481,634,2,DEPOSIT,4,5237.616434,5237.616434,,2025-03-09 18:42:34
4614,7482,972,4,WITHDRAW,5,5018.61086,,,2025-03-09 19:44:43
4615,7485,72,4,REPAY,5,607.009391,,607.009391,2025-03-09 21:16:26
4616,7486,141,3,REPAY,3,141.624893,,141.624893,2025-03-09 21:29:14
4617,7489,335,3,DEPOSIT,4,2637.002315,2637.002315,,2025-03-09 21:49:16
4618,7490,576,1,REPAY,5,0.248212,,0.248212,2025-03-09 21:51:29
4619,7491,675,4,REPAY,3,2.322054,,2.322054,2025-03-09 21:59:57
4620,7492,906,3,REPAY,2,2551.663748,,2551.663748,2025-03-10 00:08:06
4621,7493,360,2,REPAY,2,137.95115,,137.95115,2025-03-10 00:19:08
4622,7494,373,3,REPAY,1,2073.037249,,2073.037249,2025-03-10 00:36:03
4623,7495,58,1,BORROW,4,2017.11287,4782.5071982275,2017.11287,2025-03-10 00:41:21
4624,7497,439,2,REPAY,4,117.638906,,117.638906,2025-03-10 01:13:42
4625,7499,535,1,REPAY,2,315.468979,,315.468979,2025-03-10 01:31:53
4626,7500,154,1,DEPOSIT,4,7782.790814,7782.790814,,2025-03-10 01:53:09
4627,7501,486,4,BORROW,4,300.354238,609.3395184525,300.354238,2025-03-10 01:58:41
4628,7504,549,1,WITHDRAW,5,5828.732766,,,2025-03-10 02:45:29
4629,7505,975,2,REPAY,4,693.51787,,693.51787,2025-03-10 02:55:07
4630,7507,982,2,DEPOSIT,3,269.379793,269.379793,,2025-03-10 04:12:00
4631,7509,837,1,WITHDRAW,1,7841.533481,,,2025-03-10 04:42:49
4632,7512,709,4,BORROW,1,6797.330625,8198.7953817679,6797.330625,2025-03-10 05:25:59
4633,7513,652,3,LIQUIDATION,1,9317.023217,8179.750347428,9317.023217,2025-03-10 05:43:34
4634,7514,31,4,DEPOSIT,3,148.606712,148.606712,,2025-03-10 05:49:58
4635,7515,497,3,REPAY,4,1435.335404,,1435.335404,2025-03-10 06:11:06
4636,7519,628,3,REPAY,4,9.85115,,9.85115,2025-03-10 06:41:51
4637,7521,531,3,REPAY,3,470.010263,,470.010263,2025-03-10 06:57:27
4638,7522,437,4,REPAY,2,1859.433074,,1859.433074,2025-03-10 07:10:33
4639,7526,160,1,DEPOSIT,1,4464.591697,4464.591697,,2025-03-10 07:49:08
4640,7528,362,4,REPAY,4,0.37052,,0.37052,2025-03-10 08:14:15
4641,7529,71,1,BORROW,3,6959.705316,14427.9042202429,6959.705316,2025-03-10 08:22:01
4642,7530,162,4,DEPOSIT,2,7429.146664,7429.146664,,2025-03-10 08:22:07
4643,7531,174,2,DEPOSIT,4,5255.978275,5255.978275,,2025-03-10 08:33:13
4644,7534,836,1,REPAY,4,7403.499504,,7403.499504,2025-03-10 09:06:29
4645,7535,204,2,LIQUIDATION,1,75.082717,76.5154379403,75.082717,2025-03-10 09:15:35
4646,7536,487,4,REPAY,2,2062.431949,,2062.431949,2025-03-10 09:23:10
4647,7538,918,3,REPAY,3,0.009316,,0.009316,2025-03-10 09:32:49
4648,7539,771,4,LIQUIDATION,1,14487.533835,13693.5925453866,14487.533835,2025-03-10 09:37:10
4649,7541,117,2,REPAY,5,40.055358,,40.055358,2025-03-10 09:56:57
4650,7542,552,3,DEPOSIT,3,5459.663783,5459.663783,,2025-03-10 10:12:09
4651,7545,252,3,BORROW,1,266.456851,562.5037597208,266.456851,2025-03-10 11:42:14
4652,7546,6,2,LIQUIDATION,5,883.403629,847.288986981,883.403629,2025-03-10 11:45:19
4653,7548,704,1,REPAY,4,799.586271,,799.586271,2025-03-10 12:36:37
4654,7550,440,2,REPAY,5,1.540892,,1.540892,2025-03-10 12:42:03
4655,7551,732,3,REPAY,3,160.538729,,160.538729,2025-03-10 12:42:19
4656,7552,431,4,DEPOSIT,4,4298.668994,4298.668994,,2025-03-10 13:04:28
4657,7554,380,2,DEPOSIT,2,889.398084,889.398084,,2025-03-10 13:32:52
4658,7555,120,3,DEPOSIT,1,2696.038735,2696.038735,,2025-03-10 13:39:45
4659,7556,671,4,WITHDRAW,3,2713.447311,,,2025-03-10 13:41:39
4660,7557,288,4,DEPOSIT,3,7162.18315,7162.18315,,2025-03-10 14:27:28
4661,7558,673,2,BORROW,3,2619.712005,5607.5596474704,2619.712005,2025-03-10 14:32:36
4662,7559,327,1,WITHDRAW,3,802.623929,,,2025-03-10 14:39:38
4663,7560,462,3,REPAY,1,0.001183,,0.001183,2025-03-10 14:48:59
4664,7563,435,4,WITHDRAW,5,6696.112323,,,2025-03-10 15:57:04
4665,7564,167,4,REPAY,5,76.92058,,76.92058,2025-03-10 16:27:36
4666,7568,652,3,BORROW,3,1295.076998,3149.2562759894,1295.076998,2025-03-10 17:04:33
4667,7569,899,4,WITHDRAW,4,4387.700234,,,2025-03-10 17:15:35
4668,7570,7,1,DEPOSIT,5,1734.26171,1734.26171,,2025-03-10 17:21:36
4669,7571,713,1,REPAY,1,170.421348,,170.421348,2025-03-10 17:26:59
4670,7572,964,1,WITHDRAW,1,7337.458261,,,2025-03-10 17:27:49
4671,7573,350,2,DEPOSIT,2,8336.119385,8336.119385,,2025-03-10 17:29:42
4672,7575,630,2,REPAY,3,487.38046,,487.38046,2025-03-10 18:39:46
4673,7576,467,2,REPAY,3,2980.488784,,2980.488784,2025-03-10 19:05:49
4674,7577,195,1,REPAY,3,3897.071199,,3897.071199,2025-03-10 19:09:55
4675,7578,421,2,WITHDRAW,4,3414.952322,,,2025-03-10 19:28:24
4676,7581,485,2,BORROW,1,4999.996051,8146.6118757469,4999.996051,2025-03-10 19:48:54
4677,7582,440,2,REPAY,5,3.305047,,3.305047,2025-03-10 19:57:55
4678,7583,567,2,DEPOSIT,1,4976.962624,4976.962624,,2025-03-10 20:14:25
4679,7584,284,4,REPAY,4,637.947044,,637.947044,2025-03-10 20:42:21
4680,7587,304,2,REPAY,5,2777.420992,,2777.420992,2025-03-10 20:56:01
4681,7588,737,1,REPAY,5,5073.056685,,5073.056685,2025-03-10 20:59:10
4682,7589,981,3,REPAY,3,0.348366,,0.348366,2025-03-10 21:08:49
4683,7590,728,1,REPAY,5,817.774251,,817.774251,2025-03-10 21:30:33
4684,7592,824,1,REPAY,2,5.126136,,5.126136,2025-03-10 22:13:20
4685,7594,888,4,REPAY,4,32.158242,,32.158242,2025-03-10 22:27:39
4686,7595,130,2,REPAY,2,7.88311,,7.88311,2025-03-10 22:55:41
4687,7596,592,3,REPAY,5,0.158772,,0.158772,2025-03-10 23:04:03
4688,7597,325,4,REPAY,4,0.002693,,0.002693,2025-03-10 23:08:00
4689,7599,624,1,BORROW,4,2284.037261,4964.0322464239,2284.037261,2025-03-10 23:32:34
4690,7600,288,2,DEPOSIT,5,1606.895916,1606.895916,,2025-03-10 23:44:26
4691,7601,213,4,REPAY,3,7.771504,,7.771504,2025-03-10 23:51:06
4692,7602,709,4,LIQUIDATION,3,6797.330625,7450.8571432816,6797.330625,2025-03-11 00:01:35
4693,7604,927,1,DEPOSIT,2,9982.059567,9982.059567,,2025-03-11 00:14:35
4694,7605,634,1,BORROW,2,3333.715939,4007.5763969486,3333.715939,2025-03-11 00:33:09
4695,7611,10,1,WITHDRAW,4,7916.718462,,,2025-03-11 01:52:53
4696,7612,847,4,REPAY,5,64.913751,,64.913751,2025-03-11 01:53:15
4697,7613,209,2,REPAY,2,2886.022428,,2886.022428,2025-03-11 02:12:01
4698,7616,869,2,WITHDRAW,5,2790.365371,,,2025-03-11 03:12:28
4699,7617,222,2,LIQUIDATION,4,5504.238829,6250.1138336569,5504.238829,2025-03-11 03:12:59
4700,7619,958,3,REPAY,5,47.463141,,47.463141,2025-03-11 05:20:29
4701,7621,136,4,LIQUIDATION,4,7105.334333,6997.655383632,7105.334333,2025-03-11 05:30:14
4702,7622,245,3,REPAY,1,1818.886847,,1818.886847,2025-03-11 05:45:58
4703,7623,188,2,WITHDRAW,1,9887.991823,,,2025-03-11 06:06:19
4704,7624,404,3,REPAY,1,616.433006,,616.433006,2025-03-11 06:09:43
4705,7626,449,4,REPAY,3,8.610247,,8.610247,2025-03-11 07:00:02
4706,7627,367,1,LIQUIDATION,4,91.176736,74.388352523,91.176736,2025-03-11 07:12:22
4707,7628,709,3,BORROW,4,473.167176,744.5582624753,473.167176,2025-03-11 07:32:46
4708,7630,770,2,DEPOSIT,2,8171.506823,8171.506823,,2025-03-11 08:05:10
4709,7632,72,4,REPAY,1,116.99713,,116.99713,2025-03-11 08:23:07
4710,7634,49,4,REPAY,5,176.08766,,176.08766,2025-03-11 08:52:47
4711,7639,227,2,WITHDRAW,5,8438.344564,,,2025-03-11 09:45:28
4712,7640,944,4,REPAY,5,903.516764,,903.516764,2025-03-11 10:11:54
4713,7641,378,1,REPAY,2,100.266961,,100.266961,2025-03-11 10:20:44
4714,7643,577,2,REPAY,5,0.076319,,0.076319,2025-03-11 11:12:22
4715,7644,470,4,LIQUIDATION,5,836.010016,837.7858959623,836.010016,2025-03-11 11:12:37
4716,7645,153,1,BORROW,1,1613.514991,2524.5268798071,1613.514991,2025-03-11 11:13:29
4717,7646,167,4,REPAY,1,78.767729,,78.767729,2025-03-11 11:34:00
4718,7648,162,1,DEPOSIT,5,6364.911276,6364.911276,,2025-03-11 11:57:32
4719,7651,170,3,DEPOSIT,2,2146.449288,2146.449288,,2025-03-11 12:14:28
4720,7652,297,3,LIQUIDATION,4,8515.877322,8638.8115372577,8515.877322,2025-03-11 12:25:19
4721,7653,556,3,DEPOSIT,5,4170.002008,4170.002008,,2025-03-11 12:47:59
4722,7655,182,3,REPAY,4,325.41027,,325.41027,2025-03-11 12:57:59
4723,7657,960,2,REPAY,3,18.765113,,18.765113,2025-03-11 13:26:20
4724,7658,566,2,BORROW,4,6881.966394,14641.6201316742,6881.966394,2025-03-11 13:44:25
4725,7659,630,3,REPAY,1,16.02537,,16.02537,2025-03-11 13:53:55
4726,7662,735,2,WITHDRAW,1,8778.496821,,,2025-03-11 14:17:29
4727,7663,571,2,REPAY,1,49.232971,,49.232971,2025-03-11 14:43:03
4728,7664,501,4,BORROW,2,1986.85434,3299.7653905998,1986.85434,2025-03-11 15:08:43
4729,7665,532,1,WITHDRAW,1,94.664314,,,2025-03-11 15:09:04
4730,7666,92,1,BORROW,5,600.436327,1483.3513199352,600.436327,2025-03-11 15:11:31
4731,7667,173,2,WITHDRAW,1,8522.814457,,,2025-03-11 15:34:52
4732,7668,108,4,WITHDRAW,1,5042.389863,,,2025-03-11 15:46:24
4733,7669,1000,2,REPAY,4,2.45228,,2.45228,2025-03-11 15:51:25
4734,7671,679,1,LIQUIDATION,2,9079.4052,10485.7403149106,9079.4052,2025-03-11 16:04:02
4735,7673,810,2,REPAY,3,1265.022912,,1265.022912,2025-03-11 16:31:16
4736,7676,745,3,REPAY,1,4.031532,,4.031532,2025-03-11 17:16:03
4737,7677,983,1,REPAY,3,1655.833116,,1655.833116,2025-03-11 17:21:53
4738,7679,960,3,DEPOSIT,1,847.593408,847.593408,,2025-03-11 17:35:01
4739,7680,581,2,REPAY,3,245.790681,,245.790681,2025-03-11 18:09:52
4740,7683,404,1,REPAY,3,1955.959055,,1955.959055,2025-03-11 18:16:15
4741,7685,754,3,LIQUIDATION,3,2615.171842,2490.7263448182,2615.171842,2025-03-11 18:16:45
4742,7687,1000,4,BORROW,5,1038.070224,1594.2582366886,1038.070224,2025-03-11 19:19:34
4743,7689,701,3,REPAY,4,801.702104,,801.702104,2025-03-11 19:38:03
4744,7690,960,3,REPAY,5,36.516564,,36.516564,2025-03-11 19:40:32
4745,7692,330,1,REPAY,2,2.461881,,2.461881,2025-03-11 20:03:55
4746,7693,221,2,BORROW,3,760.220011,1031.58022359,760.220011,2025-03-11 20:30:35
4747,7695,81,1,WITHDRAW,2,2992.422255,,,2025-03-11 21:17:55
4748,7696,309,1,DEPOSIT,1,5704.986757,5704.986757,,2025-03-11 21:20:13
4749,7699,805,3,REPAY,5,0.005759,,0.005759,2025-03-11 22:36:02
4750,7700,800,2,LIQUIDATION,1,7128.711054,7898.7491228276,7128.711054,2025-03-11 22:40:47
4751,7701,303,4,REPAY,3,95.689325,,95.689325,2025-03-11 22:43:19
4752,7702,473,3,BORROW,5,6428.222314,14787.0153450034,6428.222314,2025-03-11 22:44:34
4753,7703,46,4,BORROW,4,9804.278616,14837.9703465457,9804.278616,2025-03-11 22:49:32
4754,7704,156,1,DEPOSIT,5,7613.801541,7613.801541,,2025-03-11 22:54:45
4755,7705,345,4,WITHDRAW,1,5725.263254,,,2025-03-11 23:03:31
4756,7706,735,2,DEPOSIT,3,4745.823417,4745.823417,,2025-03-11 23:03:47
4757,7707,105,2,DEPOSIT,3,8910.991079,8910.991079,,2025-03-11 23:09:01
4758,7708,793,2,REPAY,2,196.834779,,196.834779,2025-03-11 23:11:45
4759,7709,316,2,BORROW,1,2107.356881,3858.8350922938,2107.356881,2025-03-11 23:28:10
4760,7710,526,2,REPAY,5,0.542789,,0.542789,2025-03-11 23:33:01
4761,7714,23,3,BORROW,1,3163.863852,6662.3237459939,3163.863852,2025-03-12 00:22:19
4762,7716,14,3,REPAY,3,22.039484,,22.039484,2025-03-12 00:43:12
4763,7717,716,4,BORROW,4,2429.310056,5374.4731202196,2429.310056,2025-03-12 00:59:05
4764,7721,823,1,REPAY,1,7519.516816,,7519.516816,2025-03-12 01:35:04
4765,7723,240,2,REPAY,2,12.108663,,12.108663,2025-03-12 01:53:58
4766,7724,22,2,REPAY,3,51.817896,,51.817896,2025-03-12 02:02:14
4767,7725,754,3,DEPOSIT,3,7960.518521,7960.518521,,2025-03-12 02:12:17
4768,7726,436,1,DEPOSIT,1,1505.678334,1505.678334,,2025-03-12 02:20:30
4769,7727,819,4,REPAY,5,297.132195,,297.132195,2025-03-12 02:41:03
4770,7729,616,3,BORROW,3,6046.473775,11665.0440949549,6046.473775,2025-03-12 02:57:50
4771,7730,212,3,REPAY,3,200.072448,,200.072448,2025-03-12 03:08:37
4772,7731,289,1,DEPOSIT,2,6060.566675,6060.566675,,2025-03-12 03:21:48
4773,7733,903,1,REPAY,5,1.254857,,1.254857,2025-03-12 03:32:56
4774,7734,310,2,REPAY,1,16.239959,,16.239959,2025-03-12 03:33:12
4775,7736,956,2,DEPOSIT,1,9915.634312,9915.634312,,2025-03-12 04:10:33
4776,7738,756,1,REPAY,5,1289.092629,,1289.092629,2025-03-12 04:18:45
4777,7741,712,2,REPAY,3,0.33661,,0.33661,2025-03-12 04:40:32
4778,7742,89,1,REPAY,3,1048.919768,,1048.919768,2025-03-12 04:40:42
4779,7743,635,1,WITHDRAW,4,8781.395573,,,2025-03-12 05:11:20
4780,7745,924,1,REPAY,2,73.300462,,73.300462,2025-03-12 05:37:12
4781,7747,985,1,REPAY,5,7099.248319,,7099.248319,2025-03-12 05:55:17
4782,7748,513,2,WITHDRAW,2,7679.590083,,,2025-03-12 05:59:26
4783,7749,127,4,WITHDRAW,5,6920.460646,,,2025-03-12 06:02:22
4784,7750,33,3,DEPOSIT,3,3666.020193,3666.020193,,2025-03-12 06:29:18
4785,7751,958,4,REPAY,5,20.081406,,20.081406,2025-03-12 06:34:56
4786,7753,689,1,WITHDRAW,5,2507.056957,,,2025-03-12 07:29:52
4787,7756,683,3,REPAY,2,91.45472,,91.45472,2025-03-12 08:05:40
4788,7757,678,3,LIQUIDATION,3,7503.037699,8858.5099649919,7503.037699,2025-03-12 08:17:58
4789,7760,519,2,WITHDRAW,5,2130.041772,,,2025-03-12 08:53:56
4790,7761,231,3,REPAY,5,2111.429612,,2111.429612,2025-03-12 09:28:41
4791,7762,103,2,REPAY,5,1280.725732,,1280.725732,2025-03-12 09:28:59
4792,7763,83,1,REPAY,4,736.37881,,736.37881,2025-03-12 09:36:09
4793,7765,843,2,BORROW,4,4891.06253,12224.6410841075,4891.06253,2025-03-12 10:06:00
4794,7766,583,1,DEPOSIT,3,7969.703404,7969.703404,,2025-03-12 10:18:43
4795,7767,839,4,WITHDRAW,4,1824.479826,,,2025-03-12 10:25:02
4796,7768,234,4,DEPOSIT,4,2526.413519,2526.413519,,2025-03-12 10:51:01
4797,7769,751,2,BORROW,2,5867.911126,8109.7015269459,5867.911126,2025-03-12 10:51:40
4798,7770,306,3,WITHDRAW,3,2128.751511,,,2025-03-12 11:01:38
4799,7774,224,1,REPAY,1,66.316225,,66.316225,2025-03-12 12:28:14
4800,7775,311,3,BORROW,5,9596.677927,17891.5545950522,9596.677927,2025-03-12 12:31:00
4801,7776,265,4,REPAY,3,4.334123,,4.334123,2025-03-12 13:04:31
4802,7778,397,1,WITHDRAW,5,4293.605474,,,2025-03-12 13:15:38
4803,7780,994,1,REPAY,5,653.421493,,653.421493,2025-03-12 13:26:31
4804,7781,795,1,REPAY,1,0.057838,,0.057838,2025-03-12 13:43:34
4805,7785,702,1,DEPOSIT,5,7160.67136,7160.67136,,2025-03-12 14:18:50
4806,7787,291,2,BORROW,2,9347.008811,17165.1991805263,9347.008811,2025-03-12 14:24:41
4807,7788,57,3,WITHDRAW,1,3145.931292,,,2025-03-12 14:33:37
4808,7791,252,4,REPAY,4,3403.818759,,3403.818759,2025-03-12 15:08:12
4809,7794,403,3,REPAY,5,0.022025,,0.022025,2025-03-12 16:13:05
4810,7795,695,4,WITHDRAW,1,5166.119697,,,2025-03-12 16:15:12
4811,7796,199,4,WITHDRAW,2,4484.543662,,,2025-03-12 16:19:07
4812,7797,81,1,BORROW,1,6269.346247,15386.4352526318,6269.346247,2025-03-12 16:42:48
4813,7798,476,1,REPAY,1,43.382801,,43.382801,2025-03-12 17:07:01
4814,7799,557,3,BORROW,2,5057.82477,10054.8749281962,5057.82477,2025-03-12 17:15:45
4815,7800,138,4,DEPOSIT,3,7962.782258,7962.782258,,2025-03-12 17:38:34
4816,7801,86,2,REPAY,3,1.6e-05,,1.6e-05,2025-03-12 17:42:40
4817,7802,195,2,REPAY,5,127.694068,,127.694068,2025-03-12 18:39:45
4818,7803,538,3,REPAY,5,101.267072,,101.267072,2025-03-12 18:40:23
4819,7804,217,4,REPAY,1,322.848748,,322.848748,2025-03-12 18:45:38
4820,7805,3,3,REPAY,3,6304.066946,,6304.066946,2025-03-12 20:22:45
4821,7806,457,1,BORROW,5,3979.533478,5428.5570059935,3979.533478,2025-03-12 20:30:35
4822,7809,86,4,REPAY,1,1e-06,,1e-06,2025-03-12 21:08:03
4823,7810,61,3,LIQUIDATION,4,4542.677325,3653.2843307719,4542.677325,2025-03-12 21:20:24
4824,7811,889,2,WITHDRAW,1,1456.52177,,,2025-03-12 21:23:12
4825,7815,714,3,BORROW,1,7527.511072,11738.4316045372,7527.511072,2025-03-12 22:40:45
4826,7817,690,4,BORROW,3,7465.32967,9366.2573812682,7465.32967,2025-03-12 22:59:27
4827,7818,112,2,REPAY,3,499.460862,,499.460862,2025-03-12 23:41:06
4828,7820,824,2,REPAY,3,3.069689,,3.069689,2025-03-12 23:46:36
4829,7822,4,3,REPAY,1,724.469359,,724.469359,2025-03-13 00:01:29
4830,7823,177,3,DEPOSIT,2,4098.283365,4098.283365,,2025-03-13 00:13:32
4831,7824,737,3,REPAY,3,38.489327,,38.489327,2025-03-13 00:15:19
4832,7825,192,3,REPAY,3,84.347696,,84.347696,2025-03-13 00:38:50
4833,7826,32,4,REPAY,2,7156.99225,,7156.99225,2025-03-13 00:40:25
4834,7827,388,3,REPAY,5,2.636162,,2.636162,2025-03-13 00:43:08
4835,7828,583,3,WITHDRAW,2,1160.20616,,,2025-03-13 00:50:18
4836,7832,823,1,REPAY,1,3286.83318,,3286.83318,2025-03-13 02:52:45
4837,7833,411,4,BORROW,3,5754.294548,11621.5700454959,5754.294548,2025-03-13 03:20:00
4838,7834,915,3,DEPOSIT,3,7246.57525,7246.57525,,2025-03-13 03:35:41
4839,7835,632,1,BORROW,2,7184.468687,12432.3309750774,7184.468687,2025-03-13 03:42:05
4840,7836,626,1,WITHDRAW,2,2300.860934,,,2025-03-13 03:50:29
4841,7837,887,4,REPAY,5,47.530126,,47.530126,2025-03-13 03:50:54
4842,7838,284,2,REPAY,4,1924.045854,,1924.045854,2025-03-13 04:26:23
4843,7839,317,3,BORROW,1,7308.707616,11647.1044271087,7308.707616,2025-03-13 05:05:46
4844,7840,497,4,REPAY,3,819.013932,,819.013932,2025-03-13 05:41:59
4845,7841,973,2,REPAY,4,0.018662,,0.018662,2025-03-13 06:02:04
4846,7842,455,4,REPAY,1,29.737772,,29.737772,2025-03-13 06:06:38
4847,7843,195,3,REPAY,1,209.547119,,209.547119,2025-03-13 06:12:15
4848,7844,725,4,DEPOSIT,1,6144.175503,6144.175503,,2025-03-13 06:34:52
4849,7845,207,2,REPAY,1,0.045437,,0.045437,2025-03-13 06:43:48
4850,7848,117,4,BORROW,1,5716.156409,9452.8615396144,5716.156409,2025-03-13 07:37:28
4851,7849,904,1,REPAY,1,6.177628,,6.177628,2025-03-13 07:50:58
4852,7851,482,4,WITHDRAW,2,5394.13939,,,2025-03-13 08:24:03
4853,7852,784,2,REPAY,3,1597.32064,,1597.32064,2025-03-13 08:28:22
4854,7853,707,1,REPAY,2,758.702963,,758.702963,2025-03-13 08:43:47
4855,7854,679,4,BORROW,4,7070.226964,11766.1465067837,7070.226964,2025-03-13 08:52:43
4856,7855,3,1,REPAY,1,739.42912,,739.42912,2025-03-13 08:57:41
4857,7857,312,4,WITHDRAW,5,6620.451724,,,2025-03-13 09:32:57
4858,7859,950,3,BORROW,1,1232.308157,2416.6878651388,1232.308157,2025-03-13 09:46:43
4859,7860,658,4,DEPOSIT,3,436.006892,436.006892,,2025-03-13 09:47:21
4860,7861,245,3,REPAY,3,2974.894875,,2974.894875,2025-03-13 09:47:52
4861,7862,552,3,WITHDRAW,4,6128.25443,,,2025-03-13 10:37:55
4862,7863,355,3,DEPOSIT,5,9203.978698,9203.978698,,2025-03-13 11:41:02
4863,7864,202,2,REPAY,2,2628.524528,,2628.524528,2025-03-13 11:50:44
4864,7865,53,2,REPAY,2,0.003993,,0.003993,2025-03-13 12:06:15
4865,7867,656,3,DEPOSIT,2,9142.317044,9142.317044,,2025-03-13 12:24:40
4866,7868,390,4,BORROW,4,713.118621,1327.5292391342,713.118621,2025-03-13 12:38:39
4867,7869,497,4,REPAY,3,22.899258,,22.899258,2025-03-13 12:40:18
4868,7872,923,2,REPAY,5,362.091776,,362.091776,2025-03-13 13:42:02
4869,7873,639,2,REPAY,2,1232.042807,,1232.042807,2025-03-13 13:59:13
4870,7874,844,1,WITHDRAW,3,764.822286,,,2025-03-13 14:02:38
4871,7875,846,2,REPAY,1,827.57906,,827.57906,2025-03-13 14:24:57
5100,8200,818,4,REPAY,4,0.124541,,0.124541,2025-03-16 06:34:12
4872,7876,158,2,REPAY,3,2921.817235,,2921.817235,2025-03-13 14:52:20
4873,7877,396,3,REPAY,1,280.570797,,280.570797,2025-03-13 15:02:48
4874,7878,839,2,DEPOSIT,1,8021.835205,8021.835205,,2025-03-13 15:06:11
4875,7879,411,1,WITHDRAW,4,5290.275786,,,2025-03-13 15:15:02
4876,7882,83,2,REPAY,1,11.577599,,11.577599,2025-03-13 15:57:51
4877,7883,404,4,REPAY,3,319.802642,,319.802642,2025-03-13 15:59:04
4878,7886,905,2,WITHDRAW,4,8960.593923,,,2025-03-13 16:11:20
4879,7887,363,2,REPAY,3,0.287066,,0.287066,2025-03-13 16:16:56
4880,7890,423,2,DEPOSIT,4,5090.772866,5090.772866,,2025-03-13 17:02:08
4881,7891,115,2,DEPOSIT,4,7890.248243,7890.248243,,2025-03-13 17:02:45
4882,7894,934,4,WITHDRAW,5,1002.047138,,,2025-03-13 17:41:33
4883,7895,90,3,REPAY,5,1107.482791,,1107.482791,2025-03-13 17:45:22
4884,7896,464,3,LIQUIDATION,5,8127.620913,7582.7936450692,8127.620913,2025-03-13 18:09:09
4885,7897,254,4,DEPOSIT,1,5511.548409,5511.548409,,2025-03-13 18:11:01
4886,7899,934,3,DEPOSIT,1,9475.43529,9475.43529,,2025-03-13 18:36:01
4887,7900,701,2,BORROW,4,9064.072637,19922.0901869248,9064.072637,2025-03-13 18:38:12
4888,7902,573,1,DEPOSIT,2,5721.147399,5721.147399,,2025-03-13 18:47:49
4889,7905,91,2,REPAY,5,1117.471276,,1117.471276,2025-03-13 19:29:37
4890,7907,675,3,BORROW,3,4327.063286,10162.0783950751,4327.063286,2025-03-13 19:59:10
4891,7908,195,2,REPAY,4,13.321497,,13.321497,2025-03-13 21:01:38
4892,7909,733,4,WITHDRAW,5,2358.065034,,,2025-03-13 21:19:02
4893,7910,488,1,BORROW,2,1041.544042,2045.7109044364,1041.544042,2025-03-13 21:23:23
4894,7912,50,3,REPAY,3,6618.888636,,6618.888636,2025-03-13 21:42:14
4895,7913,936,3,REPAY,2,1157.135385,,1157.135385,2025-03-13 22:05:02
4896,7914,166,1,REPAY,2,6984.592546,,6984.592546,2025-03-13 22:17:04
4897,7915,191,3,REPAY,3,0.040094,,0.040094,2025-03-13 22:33:53
4898,7918,700,3,LIQUIDATION,5,45.237826,51.5129785008,45.237826,2025-03-13 23:59:02
4899,7920,571,3,REPAY,4,27.101125,,27.101125,2025-03-14 00:13:01
4900,7921,445,3,WITHDRAW,5,9544.800059,,,2025-03-14 00:17:29
4901,7924,330,3,REPAY,4,0.273446,,0.273446,2025-03-14 01:20:47
4902,7925,506,1,REPAY,3,218.406712,,218.406712,2025-03-14 01:54:04
4903,7927,825,3,DEPOSIT,5,756.718902,756.718902,,2025-03-14 02:39:36
4904,7929,832,3,REPAY,1,62.560869,,62.560869,2025-03-14 02:50:35
4905,7930,683,2,LIQUIDATION,2,28.272519,27.0960276384,28.272519,2025-03-14 03:09:48
4906,7931,558,4,REPAY,5,3230.020032,,3230.020032,2025-03-14 03:12:48
4907,7932,324,1,DEPOSIT,3,8459.500481,8459.500481,,2025-03-14 03:42:17
4908,7933,831,1,REPAY,1,5.223511,,5.223511,2025-03-14 03:44:44
4909,7934,988,2,REPAY,1,1232.4712,,1232.4712,2025-03-14 03:55:47
4910,7935,262,2,WITHDRAW,3,7776.272006,,,2025-03-14 04:03:45
4911,7937,191,2,REPAY,5,0.252435,,0.252435,2025-03-14 04:10:26
4912,7938,932,1,WITHDRAW,2,2731.934948,,,2025-03-14 04:15:58
4913,7945,834,3,DEPOSIT,1,2518.027106,2518.027106,,2025-03-14 06:45:46
4914,7946,286,4,DEPOSIT,1,7180.295255,7180.295255,,2025-03-14 06:57:48
4915,7947,395,4,REPAY,2,2162.657484,,2162.657484,2025-03-14 07:05:19
4916,7949,764,1,LIQUIDATION,3,106.696856,96.2524220816,106.696856,2025-03-14 07:27:47
4917,7951,263,4,WITHDRAW,5,6886.89301,,,2025-03-14 07:41:58
4918,7952,140,2,REPAY,5,2.579952,,2.579952,2025-03-14 07:49:15
4919,7953,515,4,REPAY,1,52.863245,,52.863245,2025-03-14 07:56:18
4920,7954,131,3,WITHDRAW,2,5644.612957,,,2025-03-14 08:32:42
4921,7955,416,4,REPAY,2,5.826865,,5.826865,2025-03-14 09:05:00
4922,7958,748,2,REPAY,5,799.178501,,799.178501,2025-03-14 09:26:17
4923,7959,291,4,REPAY,5,6157.716715,,6157.716715,2025-03-14 09:29:30
4924,7960,594,4,REPAY,1,6361.904712,,6361.904712,2025-03-14 09:31:08
4925,7963,89,2,REPAY,4,516.373731,,516.373731,2025-03-14 10:22:19
4926,7964,777,3,REPAY,1,14.481649,,14.481649,2025-03-14 10:32:46
4927,7965,202,2,REPAY,3,336.520846,,336.520846,2025-03-14 10:46:42
4928,7967,9,1,LIQUIDATION,3,6272.572685,6577.6899687859,6272.572685,2025-03-14 10:52:19
4929,7968,230,2,REPAY,3,1105.31376,,1105.31376,2025-03-14 10:54:51
4930,7969,661,1,REPAY,4,286.25986,,286.25986,2025-03-14 10:58:52
4931,7970,199,2,WITHDRAW,3,8854.123401,,,2025-03-14 10:59:27
4932,7972,173,3,DEPOSIT,4,3691.908739,3691.908739,,2025-03-14 11:13:49
4933,7973,161,4,BORROW,1,9243.44615,18907.6783428643,9243.44615,2025-03-14 11:14:28
4934,7975,824,4,REPAY,1,3.972451,,3.972451,2025-03-14 11:18:24
4935,7976,309,2,DEPOSIT,4,2765.747881,2765.747881,,2025-03-14 11:37:41
4936,7978,649,3,REPAY,5,138.379393,,138.379393,2025-03-14 11:43:56
4937,7980,526,2,BORROW,3,9950.702148,21831.559210854,9950.702148,2025-03-14 12:31:13
4938,7981,477,4,WITHDRAW,2,9844.878412,,,2025-03-14 12:33:59
4939,7982,939,3,REPAY,3,128.759594,,128.759594,2025-03-14 12:54:28
4940,7983,953,3,REPAY,5,638.190079,,638.190079,2025-03-14 13:03:33
4941,7984,768,1,REPAY,2,8103.388336,,8103.388336,2025-03-14 13:13:04
4942,7986,286,4,BORROW,2,304.059827,464.8210381922,304.059827,2025-03-14 13:29:22
4943,7987,906,3,REPAY,3,91.661384,,91.661384,2025-03-14 14:07:52
4944,7988,25,2,REPAY,4,439.633084,,439.633084,2025-03-14 14:24:04
4945,7989,699,2,REPAY,4,2334.112056,,2334.112056,2025-03-14 14:24:24
4946,7990,349,1,BORROW,2,7451.805305,10341.7383589406,7451.805305,2025-03-14 14:27:19
4947,7992,798,2,REPAY,1,618.386941,,618.386941,2025-03-14 14:32:52
4948,7993,219,1,DEPOSIT,2,3390.442236,3390.442236,,2025-03-14 14:46:37
4949,7994,985,3,LIQUIDATION,1,4297.157576,4368.4840141639,4297.157576,2025-03-14 14:46:55
4950,7995,581,1,REPAY,5,33.090845,,33.090845,2025-03-14 15:27:59
4951,7996,517,3,WITHDRAW,5,495.214076,,,2025-03-14 15:31:24
4952,7998,405,4,BORROW,2,2831.47966,6224.3327673611,2831.47966,2025-03-14 15:55:32
4953,7999,173,2,WITHDRAW,4,7914.515111,,,2025-03-14 15:58:17
4954,8000,712,4,REPAY,4,1.323719,,1.323719,2025-03-14 16:02:13
4955,8001,222,4,BORROW,2,5853.178773,14217.3648574946,5853.178773,2025-03-14 16:04:04
4956,8004,182,3,REPAY,1,7.48194,,7.48194,2025-03-14 16:10:04
4957,8005,877,1,BORROW,3,1154.481609,1769.6215702984,1154.481609,2025-03-14 16:12:23
4958,8006,101,4,LIQUIDATION,1,8918.230008,7719.6686104458,8918.230008,2025-03-14 16:24:30
4959,8007,108,1,BORROW,1,4794.080322,10033.2474354303,4794.080322,2025-03-14 16:28:02
4960,8008,779,2,REPAY,2,7.488893,,7.488893,2025-03-14 16:39:21
4961,8009,382,2,DEPOSIT,2,3845.049801,3845.049801,,2025-03-14 16:51:25
4962,8012,248,1,REPAY,4,25.199174,,25.199174,2025-03-14 17:09:59
4963,8013,185,1,WITHDRAW,1,8259.593029,,,2025-03-14 17:24:23
4964,8014,431,2,WITHDRAW,2,7744.539703,,,2025-03-14 17:26:03
4965,8015,286,2,REPAY,3,295.54219,,295.54219,2025-03-14 17:57:59
4966,8016,59,1,REPAY,1,3.911335,,3.911335,2025-03-14 17:58:15
4967,8017,785,1,REPAY,4,37.776378,,37.776378,2025-03-14 18:00:07
4968,8018,9,2,BORROW,2,1372.282784,3326.0254019749,1372.282784,2025-03-14 18:13:45
4969,8021,366,4,REPAY,2,14.162327,,14.162327,2025-03-14 18:33:28
4970,8022,14,2,REPAY,4,1.776624,,1.776624,2025-03-14 18:51:44
4971,8024,463,1,REPAY,2,24.071256,,24.071256,2025-03-14 19:42:54
4972,8026,83,2,REPAY,1,17.171478,,17.171478,2025-03-14 19:55:14
4973,8028,150,2,REPAY,4,43.511665,,43.511665,2025-03-14 20:18:40
4974,8029,304,1,REPAY,2,2183.541655,,2183.541655,2025-03-14 20:25:47
4975,8030,997,4,DEPOSIT,3,8892.410429,8892.410429,,2025-03-14 20:31:24
4976,8032,123,2,DEPOSIT,5,2317.09091,2317.09091,,2025-03-14 20:48:43
4977,8033,636,2,REPAY,2,740.905363,,740.905363,2025-03-14 20:57:06
4978,8034,744,4,REPAY,2,701.691128,,701.691128,2025-03-14 21:14:47
4979,8035,510,4,REPAY,5,138.536438,,138.536438,2025-03-14 21:21:31
4980,8036,890,3,REPAY,3,2455.417639,,2455.417639,2025-03-14 21:36:59
4981,8037,245,3,REPAY,1,1818.636076,,1818.636076,2025-03-14 21:45:38
4982,8038,465,1,DEPOSIT,4,3477.422591,3477.422591,,2025-03-14 22:01:05
4983,8039,580,2,REPAY,3,2264.302661,,2264.302661,2025-03-14 22:06:27
4984,8041,20,4,WITHDRAW,3,2511.23157,,,2025-03-14 22:43:46
4985,8043,220,4,REPAY,5,94.988327,,94.988327,2025-03-14 23:06:44
4986,8044,5,4,REPAY,4,0.076459,,0.076459,2025-03-14 23:13:34
4987,8045,371,1,REPAY,4,30.390865,,30.390865,2025-03-14 23:27:21
4988,8046,115,2,WITHDRAW,3,47.862562,,,2025-03-14 23:27:32
4989,8047,577,4,REPAY,1,0.191156,,0.191156,2025-03-14 23:52:33
4990,8048,235,2,DEPOSIT,1,7869.328017,7869.328017,,2025-03-15 00:05:35
4991,8050,238,2,WITHDRAW,3,3201.150549,,,2025-03-15 00:32:41
4992,8051,482,1,BORROW,4,8000.68659,12573.0292708282,8000.68659,2025-03-15 00:50:16
4993,8052,826,2,DEPOSIT,3,3176.488784,3176.488784,,2025-03-15 00:53:51
4994,8053,483,3,REPAY,4,0.06816,,0.06816,2025-03-15 01:15:40
4995,8054,727,2,REPAY,3,2141.591843,,2141.591843,2025-03-15 01:34:04
4996,8055,843,3,BORROW,5,7139.494143,8842.4564088929,7139.494143,2025-03-15 01:38:45
4997,8056,945,3,REPAY,2,7.011635,,7.011635,2025-03-15 01:49:09
4998,8057,973,4,REPAY,2,0.033205,,0.033205,2025-03-15 01:51:19
4999,8058,278,3,REPAY,5,6163.616947,,6163.616947,2025-03-15 02:02:28
5000,8059,917,4,REPAY,5,14.504587,,14.504587,2025-03-15 02:25:53
5001,8061,992,1,REPAY,5,2759.278856,,2759.278856,2025-03-15 02:43:23
5002,8063,508,1,BORROW,3,3016.597157,4358.1194792552,3016.597157,2025-03-15 02:59:36
5003,8064,318,4,LIQUIDATION,2,7148.696231,6507.4704201454,7148.696231,2025-03-15 03:06:51
5004,8065,813,2,BORROW,4,7633.142262,11150.317858163,7633.142262,2025-03-15 03:21:38
5005,8066,47,2,WITHDRAW,4,8507.599536,,,2025-03-15 03:35:22
5006,8067,190,3,REPAY,2,73.186138,,73.186138,2025-03-15 04:07:50
5007,8068,463,3,REPAY,4,19.466108,,19.466108,2025-03-15 04:54:16
5008,8069,835,4,LIQUIDATION,5,2967.342735,3550.2995769892,2967.342735,2025-03-15 04:59:43
5009,8070,661,1,REPAY,2,96.630627,,96.630627,2025-03-15 05:07:07
5010,8072,811,3,REPAY,4,25.154427,,25.154427,2025-03-15 05:20:02
5011,8073,346,3,REPAY,3,1.256587,,1.256587,2025-03-15 05:40:27
5012,8074,448,3,BORROW,5,2005.862938,2651.3035338162,2005.862938,2025-03-15 05:43:48
5013,8075,438,3,BORROW,1,1385.708518,2596.9003459164,1385.708518,2025-03-15 05:44:15
5014,8076,406,3,WITHDRAW,5,8147.016204,,,2025-03-15 05:52:16
5015,8079,710,2,DEPOSIT,3,428.138633,428.138633,,2025-03-15 06:23:23
5016,8081,100,1,REPAY,4,2097.008757,,2097.008757,2025-03-15 06:47:19
5017,8082,844,3,BORROW,5,4860.205681,8476.5154301822,4860.205681,2025-03-15 06:47:26
5018,8083,764,4,WITHDRAW,5,5315.400131,,,2025-03-15 07:05:41
5019,8086,741,1,LIQUIDATION,2,59.841773,52.9488840243,59.841773,2025-03-15 07:33:30
5020,8088,455,2,REPAY,4,5.987529,,5.987529,2025-03-15 08:02:59
5021,8089,180,2,REPAY,4,5111.124748,,5111.124748,2025-03-15 08:17:27
5022,8090,722,1,REPAY,5,687.109731,,687.109731,2025-03-15 08:20:33
5023,8091,514,4,REPAY,4,720.74705,,720.74705,2025-03-15 08:23:05
5024,8093,35,2,DEPOSIT,4,9389.936129,9389.936129,,2025-03-15 08:34:27
5025,8095,339,2,REPAY,5,484.090818,,484.090818,2025-03-15 08:56:24
5026,8096,661,4,REPAY,4,17.843075,,17.843075,2025-03-15 09:01:32
5027,8097,872,1,WITHDRAW,1,3640.398062,,,2025-03-15 09:11:20
5028,8098,322,1,BORROW,2,5399.482119,8635.2421796746,5399.482119,2025-03-15 09:30:30
5029,8103,903,4,REPAY,1,0.103306,,0.103306,2025-03-15 11:23:51
5030,8104,314,4,BORROW,4,2329.448415,5163.0602222487,2329.448415,2025-03-15 11:36:22
5031,8106,464,3,WITHDRAW,3,3741.733029,,,2025-03-15 12:01:26
5032,8107,981,3,REPAY,1,0.145358,,0.145358,2025-03-15 12:33:16
5033,8108,966,2,DEPOSIT,2,1783.332777,1783.332777,,2025-03-15 12:34:44
5034,8109,798,1,REPAY,1,1318.829756,,1318.829756,2025-03-15 12:46:13
5035,8110,370,4,DEPOSIT,2,5330.400447,5330.400447,,2025-03-15 12:55:42
5036,8111,64,4,REPAY,5,888.977133,,888.977133,2025-03-15 13:20:20
5037,8112,49,4,REPAY,3,11.023088,,11.023088,2025-03-15 13:31:15
5038,8113,61,3,BORROW,2,7521.602845,12076.3709148523,7521.602845,2025-03-15 13:51:11
5039,8114,209,3,REPAY,1,369.382884,,369.382884,2025-03-15 13:54:28
5040,8116,773,1,REPAY,2,1.379572,,1.379572,2025-03-15 13:59:50
5041,8118,722,2,REPAY,5,1899.574373,,1899.574373,2025-03-15 14:42:34
5042,8119,693,3,WITHDRAW,2,4598.315668,,,2025-03-15 15:08:41
5043,8120,525,2,DEPOSIT,4,3468.619701,3468.619701,,2025-03-15 15:29:54
5044,8121,448,3,REPAY,5,1437.384926,,1437.384926,2025-03-15 15:33:23
5045,8126,169,2,DEPOSIT,5,3764.85912,3764.85912,,2025-03-15 16:15:45
5046,8127,734,1,DEPOSIT,4,2267.760753,2267.760753,,2025-03-15 16:51:40
5047,8128,198,1,DEPOSIT,3,4790.850948,4790.850948,,2025-03-15 17:08:03
5048,8130,177,2,BORROW,2,3741.65272,6786.4702433313,3741.65272,2025-03-15 17:46:00
5049,8131,496,4,REPAY,5,143.929162,,143.929162,2025-03-15 17:59:59
5050,8132,723,4,DEPOSIT,1,2180.310838,2180.310838,,2025-03-15 18:10:53
5051,8133,503,2,WITHDRAW,1,6333.561639,,,2025-03-15 18:20:00
5052,8134,222,1,BORROW,5,1015.853907,2340.8723567136,1015.853907,2025-03-15 18:24:55
5053,8137,278,2,REPAY,4,738.55333,,738.55333,2025-03-15 19:16:02
5054,8138,84,3,DEPOSIT,5,6830.777129,6830.777129,,2025-03-15 19:38:37
5055,8140,764,4,DEPOSIT,1,3050.722962,3050.722962,,2025-03-15 19:50:15
5056,8141,803,2,REPAY,1,13.464369,,13.464369,2025-03-15 20:06:39
5057,8142,392,3,REPAY,3,106.908462,,106.908462,2025-03-15 20:15:20
5058,8143,736,4,DEPOSIT,3,63.955983,63.955983,,2025-03-15 20:16:51
5059,8145,26,2,DEPOSIT,2,9105.10366,9105.10366,,2025-03-15 20:40:19
5060,8146,88,4,REPAY,1,0.0044,,0.0044,2025-03-15 20:52:10
5061,8147,90,4,DEPOSIT,5,1826.519781,1826.519781,,2025-03-15 21:01:35
5062,8149,116,3,BORROW,4,706.701725,1633.4195705206,706.701725,2025-03-15 21:16:52
5063,8150,240,4,REPAY,5,0.149683,,0.149683,2025-03-15 21:36:01
5064,8151,765,1,REPAY,2,22.949761,,22.949761,2025-03-15 21:45:26
5065,8152,962,2,REPAY,1,1.9e-05,,1.9e-05,2025-03-15 22:00:44
5066,8153,496,3,REPAY,2,640.550617,,640.550617,2025-03-15 22:11:46
5067,8156,280,1,REPAY,4,113.743804,,113.743804,2025-03-15 23:02:42
5068,8157,429,1,BORROW,5,5278.375132,12564.6825495118,5278.375132,2025-03-15 23:17:53
5069,8158,718,3,WITHDRAW,3,6210.11928,,,2025-03-15 23:55:10
5070,8159,822,3,REPAY,4,0.329498,,0.329498,2025-03-15 23:57:38
5071,8160,92,1,REPAY,5,286.643565,,286.643565,2025-03-16 00:00:23
5072,8161,207,4,REPAY,2,0.002635,,0.002635,2025-03-16 00:18:33
5073,8162,756,2,REPAY,5,590.261064,,590.261064,2025-03-16 00:18:49
5074,8163,376,1,BORROW,5,4589.456248,7008.1496380631,4589.456248,2025-03-16 00:41:27
5075,8164,92,3,REPAY,1,222.342449,,222.342449,2025-03-16 00:56:36
5076,8165,83,1,REPAY,5,2.902729,,2.902729,2025-03-16 00:56:42
5077,8166,226,3,DEPOSIT,2,5759.798337,5759.798337,,2025-03-16 01:04:23
5078,8169,801,1,DEPOSIT,5,2969.066858,2969.066858,,2025-03-16 01:30:57
5079,8170,983,4,REPAY,5,558.883079,,558.883079,2025-03-16 01:32:34
5080,8173,754,2,DEPOSIT,4,2058.721738,2058.721738,,2025-03-16 01:51:11
5081,8175,379,4,BORROW,1,9474.683011,14528.6122708268,9474.683011,2025-03-16 02:08:01
5082,8176,238,1,LIQUIDATION,3,790.168713,772.7877820155,790.168713,2025-03-16 02:12:50
5083,8177,497,2,REPAY,5,3.2443,,3.2443,2025-03-16 02:13:19
5084,8178,136,3,BORROW,2,2643.782763,5012.8697658251,2643.782763,2025-03-16 02:16:46
5085,8180,957,2,LIQUIDATION,4,299.481218,266.314955729,299.481218,2025-03-16 02:37:12
5086,8181,560,3,REPAY,3,342.741691,,342.741691,2025-03-16 02:42:26
5087,8182,459,4,DEPOSIT,5,568.239244,568.239244,,2025-03-16 03:10:29
5088,8183,13,2,LIQUIDATION,4,1673.92427,1585.8281824346,1673.92427,2025-03-16 03:14:04
5089,8184,589,2,REPAY,5,1416.644602,,1416.644602,2025-03-16 03:50:36
5090,8185,166,1,REPAY,2,196.642005,,196.642005,2025-03-16 04:09:37
5091,8186,890,2,REPAY,2,1026.749429,,1026.749429,2025-03-16 04:16:05
5092,8188,534,2,REPAY,1,4867.320787,,4867.320787,2025-03-16 04:35:29
5093,8189,861,4,REPAY,2,43.305324,,43.305324,2025-03-16 04:43:09
5094,8190,998,2,BORROW,2,7963.889495,12954.7459273903,7963.889495,2025-03-16 04:46:11
5095,8191,906,1,REPAY,2,119.493085,,119.493085,2025-03-16 05:12:51
5096,8192,927,3,WITHDRAW,2,4513.948462,,,2025-03-16 05:58:39
5097,8193,210,4,WITHDRAW,1,1946.663454,,,2025-03-16 05:58:47
5098,8198,806,1,DEPOSIT,4,9961.85488,9961.85488,,2025-03-16 06:29:03
5099,8199,428,1,REPAY,2,805.243882,,805.243882,2025-03-16 06:31:06
5101,8202,219,3,BORROW,5,4355.745322,5315.8226677931,4355.745322,2025-03-16 06:59:08
5102,8204,242,3,REPAY,4,0.996432,,0.996432,2025-03-16 07:11:56
5103,8205,490,4,REPAY,5,0.739287,,0.739287,2025-03-16 07:23:11
5104,8209,106,1,REPAY,2,0.049076,,0.049076,2025-03-16 07:55:27
5105,8210,881,2,WITHDRAW,4,8780.257151,,,2025-03-16 07:55:44
5106,8214,922,1,BORROW,2,9585.020395,23176.8338336394,9585.020395,2025-03-16 08:41:58
5107,8215,297,2,BORROW,2,684.855695,1605.6317025212,684.855695,2025-03-16 08:48:49
5108,8216,814,4,REPAY,2,35.493854,,35.493854,2025-03-16 08:58:50
5109,8220,584,1,BORROW,1,1975.620595,2810.9546746458,1975.620595,2025-03-16 09:41:15
5110,8221,816,3,REPAY,5,0.843587,,0.843587,2025-03-16 09:46:21
5111,8222,844,3,REPAY,4,552.285012,,552.285012,2025-03-16 10:23:02
5112,8223,420,3,REPAY,3,2404.176881,,2404.176881,2025-03-16 10:33:23
5113,8224,200,2,REPAY,3,1302.337315,,1302.337315,2025-03-16 11:06:29
5114,8225,480,2,REPAY,3,2187.386018,,2187.386018,2025-03-16 11:11:31
5115,8226,632,2,REPAY,3,1834.80849,,1834.80849,2025-03-16 11:13:06
5116,8229,603,2,REPAY,4,101.658385,,101.658385,2025-03-16 11:42:14
5117,8230,704,2,REPAY,3,107.850202,,107.850202,2025-03-16 11:50:41
5118,8231,232,4,REPAY,1,3043.28434,,3043.28434,2025-03-16 12:13:04
5119,8233,456,3,REPAY,4,3359.751453,,3359.751453,2025-03-16 12:51:10
5120,8234,222,4,DEPOSIT,5,436.81032,436.81032,,2025-03-16 13:11:49
5121,8235,611,3,REPAY,3,3.621504,,3.621504,2025-03-16 13:16:21
5122,8236,153,3,REPAY,4,678.602487,,678.602487,2025-03-16 13:18:34
5123,8237,574,3,REPAY,5,134.597974,,134.597974,2025-03-16 13:22:57
5124,8238,280,4,REPAY,1,15.993802,,15.993802,2025-03-16 13:31:27
5125,8239,222,3,BORROW,1,4458.3497,8423.1827360988,4458.3497,2025-03-16 13:31:32
5126,8240,314,3,REPAY,5,2268.532934,,2268.532934,2025-03-16 13:43:06
5127,8243,954,3,BORROW,2,8416.412475,18833.0445378467,8416.412475,2025-03-16 13:52:47
5128,8244,761,3,DEPOSIT,2,5571.177764,5571.177764,,2025-03-16 13:53:07
5129,8245,345,4,WITHDRAW,1,1420.63106,,,2025-03-16 13:57:31
5130,8246,502,2,WITHDRAW,1,7111.68676,,,2025-03-16 13:58:36
5131,8247,428,1,REPAY,1,12.388157,,12.388157,2025-03-16 14:16:04
5132,8248,242,1,REPAY,1,0.038975,,0.038975,2025-03-16 14:16:14
5133,8249,844,3,REPAY,3,431.203011,,431.203011,2025-03-16 14:19:56
5134,8250,480,2,REPAY,4,2588.770083,,2588.770083,2025-03-16 14:23:34
5135,8252,952,4,BORROW,4,5726.364196,11032.0647670143,5726.364196,2025-03-16 15:05:20
5136,8253,206,3,REPAY,3,8.279679,,8.279679,2025-03-16 15:11:24
5137,8254,967,3,REPAY,4,2.857712,,2.857712,2025-03-16 15:32:42
5138,8255,843,1,REPAY,5,5547.867107,,5547.867107,2025-03-16 16:20:34
5139,8256,615,3,REPAY,1,0.113426,,0.113426,2025-03-16 16:29:34
5140,8257,536,2,WITHDRAW,1,7677.910068,,,2025-03-16 16:39:28
5141,8258,192,1,REPAY,5,25.210123,,25.210123,2025-03-16 16:39:38
5142,8260,578,4,DEPOSIT,5,4117.405516,4117.405516,,2025-03-16 16:47:10
5143,8261,46,2,DEPOSIT,5,5526.806047,5526.806047,,2025-03-16 16:54:01
5144,8263,137,3,DEPOSIT,4,6410.710282,6410.710282,,2025-03-16 17:04:52
5145,8264,148,3,DEPOSIT,5,7961.56723,7961.56723,,2025-03-16 17:12:35
5146,8265,648,4,BORROW,5,8118.838475,15412.8849280749,8118.838475,2025-03-16 17:17:17
5147,8268,632,4,REPAY,3,3819.666065,,3819.666065,2025-03-16 17:39:18
5148,8270,958,2,REPAY,1,4.876117,,4.876117,2025-03-16 18:18:40
5149,8271,689,2,WITHDRAW,4,6908.334053,,,2025-03-16 18:22:11
5150,8272,243,1,REPAY,4,2.666593,,2.666593,2025-03-16 18:27:24
5151,8273,48,1,REPAY,3,0.30744,,0.30744,2025-03-16 18:30:38
5152,8275,909,3,REPAY,4,11.481559,,11.481559,2025-03-16 19:20:57
5153,8276,864,2,WITHDRAW,4,9447.349924,,,2025-03-16 19:42:02
5154,8277,992,4,REPAY,5,1167.689136,,1167.689136,2025-03-16 19:46:22
5155,8278,916,3,WITHDRAW,1,9077.049843,,,2025-03-16 19:46:57
5156,8279,945,2,REPAY,3,0.610637,,0.610637,2025-03-16 20:00:54
5157,8280,639,3,REPAY,5,2364.627747,,2364.627747,2025-03-16 20:22:57
5158,8282,292,1,BORROW,5,9531.270582,20120.8940893953,9531.270582,2025-03-16 20:54:47
5159,8283,111,4,BORROW,1,6895.371979,11270.1538146066,6895.371979,2025-03-16 20:59:01
5160,8284,192,3,REPAY,3,9.094202,,9.094202,2025-03-16 21:24:08
5161,8285,672,4,BORROW,2,195.186161,355.5404621845,195.186161,2025-03-16 21:33:52
5162,8290,21,3,REPAY,3,17.169009,,17.169009,2025-03-16 22:35:50
5163,8291,632,3,REPAY,5,765.9905,,765.9905,2025-03-16 23:24:54
5164,8292,327,4,BORROW,2,8022.234264,15178.6546265753,8022.234264,2025-03-17 00:00:45
5165,8293,315,1,REPAY,1,160.495627,,160.495627,2025-03-17 00:30:57
5166,8294,470,4,BORROW,1,4317.335379,7866.5238860925,4317.335379,2025-03-17 00:54:44
5167,8298,136,3,REPAY,2,342.552624,,342.552624,2025-03-17 02:41:27
5168,8299,48,1,REPAY,1,0.058924,,0.058924,2025-03-17 02:47:48
5169,8300,385,2,REPAY,1,1969.815994,,1969.815994,2025-03-17 03:29:30
5170,8301,864,4,WITHDRAW,4,9351.080051,,,2025-03-17 04:02:03
5171,8304,388,4,REPAY,2,0.144526,,0.144526,2025-03-17 04:20:44
5172,8305,195,4,REPAY,5,0.691417,,0.691417,2025-03-17 04:38:47
5173,8306,725,2,REPAY,1,1.653091,,1.653091,2025-03-17 05:05:24
5174,8307,821,2,BORROW,2,2502.798832,5446.1246260185,2502.798832,2025-03-17 05:24:17
5175,8308,692,1,WITHDRAW,5,1384.689118,,,2025-03-17 05:26:27
5176,8309,356,4,REPAY,1,2877.289229,,2877.289229,2025-03-17 05:39:11
5177,8310,851,4,REPAY,4,222.817014,,222.817014,2025-03-17 05:41:44
5178,8312,951,3,REPAY,1,178.666686,,178.666686,2025-03-17 06:00:26
5179,8314,326,4,REPAY,4,944.937062,,944.937062,2025-03-17 06:13:31
5180,8315,382,2,WITHDRAW,1,2095.43606,,,2025-03-17 06:17:31
5181,8316,311,1,BORROW,4,6079.957122,13289.075893255,6079.957122,2025-03-17 06:30:23
5182,8317,143,4,REPAY,2,58.372133,,58.372133,2025-03-17 07:16:36
5183,8319,553,1,WITHDRAW,4,3724.122889,,,2025-03-17 08:37:41
5184,8320,617,2,BORROW,3,3481.678772,5790.1165154956,3481.678772,2025-03-17 08:38:41
5185,8321,109,1,REPAY,4,1949.477565,,1949.477565,2025-03-17 08:40:23
5186,8322,558,4,REPAY,1,116.134074,,116.134074,2025-03-17 08:43:34
5187,8323,713,2,REPAY,1,157.37845,,157.37845,2025-03-17 08:44:34
5188,8324,531,2,REPAY,4,27.016213,,27.016213,2025-03-17 08:45:03
5189,8325,773,1,REPAY,4,0.026526,,0.026526,2025-03-17 08:53:21
5190,8326,778,3,REPAY,4,146.290309,,146.290309,2025-03-17 09:15:01
5191,8328,427,1,BORROW,4,8939.043874,22011.3373137504,8939.043874,2025-03-17 09:59:16
5192,8330,963,2,REPAY,1,546.572414,,546.572414,2025-03-17 10:10:48
5193,8331,471,4,WITHDRAW,2,3388.988951,,,2025-03-17 10:22:12
5194,8332,393,2,BORROW,3,412.425198,879.3572944549,412.425198,2025-03-17 10:24:22
5195,8333,158,1,REPAY,3,525.536656,,525.536656,2025-03-17 10:33:17
5196,8334,816,1,REPAY,1,0.225742,,0.225742,2025-03-17 10:50:46
5197,8335,939,3,REPAY,5,11.460288,,11.460288,2025-03-17 10:57:45
5198,8338,145,1,WITHDRAW,5,93.326853,,,2025-03-17 11:13:03
5199,8340,961,4,REPAY,5,35.874745,,35.874745,2025-03-17 12:06:21
5200,8341,812,1,DEPOSIT,1,8296.349984,8296.349984,,2025-03-17 12:09:10
5201,8345,717,2,BORROW,4,8119.168362,13985.096765487,8119.168362,2025-03-17 13:03:19
5202,8346,945,1,REPAY,4,2.065073,,2.065073,2025-03-17 13:14:47
5203,8347,272,1,WITHDRAW,2,2468.490949,,,2025-03-17 13:21:16
5204,8349,385,2,REPAY,4,2212.485488,,2212.485488,2025-03-17 13:30:51
5205,8350,792,3,REPAY,2,561.053113,,561.053113,2025-03-17 13:36:04
5206,8351,237,1,WITHDRAW,5,7185.591215,,,2025-03-17 13:44:28
5207,8353,833,3,REPAY,5,184.78926,,184.78926,2025-03-17 14:52:21
5208,8354,437,4,REPAY,4,1.150044,,1.150044,2025-03-17 15:12:36
5209,8356,596,4,REPAY,4,1208.141795,,1208.141795,2025-03-17 15:30:37
5210,8358,664,1,REPAY,5,0.199091,,0.199091,2025-03-17 16:04:09
5211,8359,832,2,LIQUIDATION,4,48.951839,47.7552687764,48.951839,2025-03-17 16:14:31
5212,8360,142,2,DEPOSIT,1,9689.636612,9689.636612,,2025-03-17 16:28:15
5213,8362,124,4,WITHDRAW,1,2869.093747,,,2025-03-17 17:15:02
5214,8363,897,3,DEPOSIT,3,8428.699911,8428.699911,,2025-03-17 17:17:13
5215,8364,609,3,DEPOSIT,1,395.367626,395.367626,,2025-03-17 17:18:06
5216,8365,888,1,REPAY,2,165.362451,,165.362451,2025-03-17 17:27:03
5217,8366,491,1,WITHDRAW,1,5248.201251,,,2025-03-17 17:30:05
5218,8367,284,1,REPAY,5,301.693433,,301.693433,2025-03-17 17:49:01
5219,8369,527,2,WITHDRAW,1,314.539508,,,2025-03-17 17:51:36
5220,8371,96,1,REPAY,1,2519.875875,,2519.875875,2025-03-17 18:40:56
5221,8372,24,3,REPAY,3,0.3596,,0.3596,2025-03-17 18:56:00
5222,8373,728,1,REPAY,1,96.190621,,96.190621,2025-03-17 19:15:42
5223,8374,715,4,REPAY,5,6294.738518,,6294.738518,2025-03-17 19:27:01
5224,8376,23,3,LIQUIDATION,5,3163.863852,3451.5291549431,3163.863852,2025-03-17 19:47:11
5225,8378,710,4,REPAY,4,152.134035,,152.134035,2025-03-17 20:24:49
5226,8379,212,1,REPAY,1,133.348403,,133.348403,2025-03-17 20:26:28
5227,8382,359,4,BORROW,4,2213.285338,4327.9401932754,2213.285338,2025-03-17 20:42:44
5228,8383,893,1,REPAY,5,15.091341,,15.091341,2025-03-17 20:51:31
5229,8384,758,3,REPAY,1,3.910522,,3.910522,2025-03-17 20:56:26
5230,8385,920,3,REPAY,2,2226.871017,,2226.871017,2025-03-17 21:15:39
5231,8386,5,1,REPAY,5,0.326164,,0.326164,2025-03-17 21:29:26
5232,8387,804,2,DEPOSIT,4,8085.102909,8085.102909,,2025-03-17 21:39:36
5233,8388,241,4,REPAY,4,5621.135159,,5621.135159,2025-03-17 22:09:26
5234,8389,242,2,REPAY,1,0.006444,,0.006444,2025-03-17 22:11:25
5235,8391,129,4,REPAY,2,5524.123758,,5524.123758,2025-03-17 22:29:10
5236,8393,77,3,DEPOSIT,1,1415.9362,1415.9362,,2025-03-17 22:40:57
5237,8394,235,4,REPAY,4,0.324302,,0.324302,2025-03-17 22:46:10
5238,8395,109,4,REPAY,3,138.503281,,138.503281,2025-03-17 22:49:02
5239,8396,582,3,DEPOSIT,4,1186.586265,1186.586265,,2025-03-17 22:54:31
5240,8397,134,2,WITHDRAW,4,9219.354096,,,2025-03-17 23:04:26
5241,8401,684,2,DEPOSIT,3,5088.617848,5088.617848,,2025-03-17 23:52:56
5242,8404,799,3,REPAY,3,0.142573,,0.142573,2025-03-18 00:59:41
5243,8407,131,1,WITHDRAW,5,5877.961718,,,2025-03-18 01:57:25
5244,8408,873,2,REPAY,2,19.024206,,19.024206,2025-03-18 02:11:41
5245,8409,888,3,REPAY,5,61.625928,,61.625928,2025-03-18 02:25:26
5246,8411,925,4,BORROW,5,2425.089547,3312.6800267155,2425.089547,2025-03-18 02:54:32
5247,8412,158,1,REPAY,4,32.691939,,32.691939,2025-03-18 03:12:39
5248,8414,473,2,REPAY,3,6472.169963,,6472.169963,2025-03-18 03:49:52
5249,8415,477,2,DEPOSIT,4,9941.907773,9941.907773,,2025-03-18 04:10:59
5250,8416,143,1,REPAY,1,78.009177,,78.009177,2025-03-18 04:12:30
5251,8417,170,1,WITHDRAW,2,287.739834,,,2025-03-18 04:49:04
5252,8418,951,1,REPAY,2,152.432237,,152.432237,2025-03-18 05:10:29
5253,8419,201,1,REPAY,2,5.104723,,5.104723,2025-03-18 05:23:15
5254,8421,344,2,REPAY,2,7.853142,,7.853142,2025-03-18 05:55:30
5255,8422,692,4,WITHDRAW,4,4782.635718,,,2025-03-18 06:07:05
5256,8423,164,4,WITHDRAW,3,25.680372,,,2025-03-18 06:32:20
5257,8424,404,3,REPAY,2,784.47811,,784.47811,2025-03-18 06:42:05
5258,8425,430,2,DEPOSIT,2,3171.721386,3171.721386,,2025-03-18 06:47:52
5259,8426,430,1,REPAY,5,2380.600197,,2380.600197,2025-03-18 06:57:57
5260,8429,926,2,REPAY,5,95.717779,,95.717779,2025-03-18 07:03:25
5261,8430,788,2,REPAY,2,3781.026485,,3781.026485,2025-03-18 07:12:37
5262,8431,415,2,LIQUIDATION,2,13018.26838,10637.0046891941,13018.26838,2025-03-18 07:17:31
5263,8432,384,4,WITHDRAW,4,1061.880562,,,2025-03-18 07:18:03
5264,8433,141,2,REPAY,5,11.784525,,11.784525,2025-03-18 07:18:50
5265,8434,536,2,LIQUIDATION,2,9102.940628,9578.6847314436,9102.940628,2025-03-18 07:23:55
5266,8435,476,1,REPAY,3,90.248083,,90.248083,2025-03-18 07:47:09
5267,8436,545,2,DEPOSIT,5,2404.556661,2404.556661,,2025-03-18 07:49:25
5268,8439,235,1,REPAY,1,0.01411,,0.01411,2025-03-18 08:45:13
5269,8441,606,1,WITHDRAW,1,4586.497111,,,2025-03-18 09:02:20
5270,8442,518,1,BORROW,2,852.05702,1568.5724844539,852.05702,2025-03-18 09:22:33
5271,8443,231,2,REPAY,1,1862.733465,,1862.733465,2025-03-18 09:48:56
5272,8446,346,2,REPAY,2,0.248486,,0.248486,2025-03-18 10:24:32
5273,8447,508,2,REPAY,3,872.38273,,872.38273,2025-03-18 10:31:10
5274,8448,89,4,REPAY,3,698.540057,,698.540057,2025-03-18 10:51:13
5275,8449,49,4,REPAY,4,21.100021,,21.100021,2025-03-18 10:59:06
5276,8450,568,4,BORROW,3,9427.054457,17790.9655283809,9427.054457,2025-03-18 11:06:45
5277,8454,566,3,LIQUIDATION,5,6881.966394,7219.1052666239,6881.966394,2025-03-18 11:50:27
5278,8455,626,4,WITHDRAW,4,3101.936234,,,2025-03-18 12:23:36
5279,8456,209,1,DEPOSIT,1,9960.986704,9960.986704,,2025-03-18 12:33:13
5280,8457,845,1,BORROW,3,4316.196353,7395.1975838621,4316.196353,2025-03-18 12:52:31
5281,8458,474,2,DEPOSIT,5,5648.959913,5648.959913,,2025-03-18 12:57:51
5282,8459,207,2,REPAY,1,0.00254,,0.00254,2025-03-18 13:05:33
5283,8463,792,1,LIQUIDATION,5,1067.47539,1275.8595990546,1067.47539,2025-03-18 13:48:36
5284,8464,186,1,WITHDRAW,2,7458.857497,,,2025-03-18 14:08:50
5285,8466,885,1,WITHDRAW,1,7749.46891,,,2025-03-18 14:43:03
5286,8467,316,3,REPAY,4,3508.105714,,3508.105714,2025-03-18 14:58:29
5287,8468,206,3,REPAY,4,9.713219,,9.713219,2025-03-18 15:12:03
5288,8469,111,3,REPAY,5,2798.929182,,2798.929182,2025-03-18 15:25:13
5289,8470,425,1,BORROW,2,4608.621922,7183.5825530345,4608.621922,2025-03-18 15:40:40
5290,8471,14,3,REPAY,4,0.142195,,0.142195,2025-03-18 15:49:10
5291,8473,368,2,BORROW,4,4365.94615,6081.5949877989,4365.94615,2025-03-18 15:57:17
5292,8474,217,3,REPAY,4,100.18272,,100.18272,2025-03-18 16:31:30
5293,8475,404,3,REPAY,4,36.902504,,36.902504,2025-03-18 16:49:13
5294,8477,627,3,REPAY,5,2.554017,,2.554017,2025-03-18 17:07:52
5295,8478,203,2,REPAY,5,6.018452,,6.018452,2025-03-18 17:21:40
5296,8479,995,3,BORROW,5,2065.18721,3564.3902681761,2065.18721,2025-03-18 17:30:01
5297,8480,653,3,WITHDRAW,1,9912.764207,,,2025-03-18 18:15:15
5298,8481,788,3,LIQUIDATION,5,5403.745627,5292.8651443742,5403.745627,2025-03-18 18:17:21
5299,8482,166,3,REPAY,2,165.431098,,165.431098,2025-03-18 18:19:08
5300,8485,224,2,REPAY,5,110.040989,,110.040989,2025-03-18 18:57:19
5301,8486,861,2,REPAY,1,74.899257,,74.899257,2025-03-18 18:59:35
5302,8487,465,2,BORROW,3,9996.40968,17437.8783463164,9996.40968,2025-03-18 19:17:09
5303,8488,410,2,DEPOSIT,5,5536.157073,5536.157073,,2025-03-18 19:32:51
5304,8490,110,4,BORROW,5,763.922964,1242.6686740217,763.922964,2025-03-18 19:40:54
5305,8491,849,1,BORROW,1,1460.85892,3407.0950185866,1460.85892,2025-03-18 20:03:29
5306,8492,137,3,DEPOSIT,1,2645.626286,2645.626286,,2025-03-18 20:19:38
5307,8493,499,4,WITHDRAW,3,8264.744996,,,2025-03-18 20:31:40
5308,8494,505,4,REPAY,4,288.042462,,288.042462,2025-03-18 20:36:01
5309,8495,438,4,REPAY,4,4288.007349,,4288.007349,2025-03-18 20:36:05
5310,8497,569,2,REPAY,5,1908.962309,,1908.962309,2025-03-18 21:15:17
5311,8499,787,3,DEPOSIT,2,1907.85134,1907.85134,,2025-03-18 21:43:25
5312,8500,245,2,WITHDRAW,1,4183.9588,,,2025-03-18 21:53:43
5313,8501,118,4,WITHDRAW,1,1057.442475,,,2025-03-18 22:29:37
5314,8502,620,3,REPAY,3,810.246058,,810.246058,2025-03-18 22:36:43
5315,8503,618,3,DEPOSIT,2,6080.039131,6080.039131,,2025-03-18 22:37:58
5316,8504,337,4,DEPOSIT,3,8468.393941,8468.393941,,2025-03-18 22:38:25
5317,8506,534,2,REPAY,3,1313.826057,,1313.826057,2025-03-18 23:05:08
5318,8507,45,3,DEPOSIT,5,7942.176142,7942.176142,,2025-03-18 23:13:01
5319,8508,947,2,WITHDRAW,3,5141.679286,,,2025-03-18 23:18:52
5320,8511,930,4,DEPOSIT,3,2499.941868,2499.941868,,2025-03-19 00:38:10
5321,8512,561,1,REPAY,4,175.862155,,175.862155,2025-03-19 00:46:12
5322,8513,657,1,REPAY,5,610.768818,,610.768818,2025-03-19 01:01:13
5323,8514,545,1,LIQUIDATION,1,77.757717,78.3357903657,77.757717,2025-03-19 01:03:08
5324,8515,739,3,REPAY,4,9.288828,,9.288828,2025-03-19 01:09:10
5325,8516,937,3,BORROW,3,8015.873019,10781.9133155059,8015.873019,2025-03-19 01:39:53
5326,8518,424,2,REPAY,2,22.294303,,22.294303,2025-03-19 01:49:06
5327,8519,955,2,BORROW,2,8632.543334,14186.5661645648,8632.543334,2025-03-19 01:53:06
5328,8520,271,3,REPAY,3,711.846362,,711.846362,2025-03-19 01:53:49
5329,8523,481,2,REPAY,1,3.535545,,3.535545,2025-03-19 02:21:59
5330,8524,980,1,DEPOSIT,2,7125.435046,7125.435046,,2025-03-19 02:34:34
5331,8526,951,4,DEPOSIT,4,9799.562138,9799.562138,,2025-03-19 03:46:43
5332,8528,980,2,REPAY,4,7804.877042,,7804.877042,2025-03-19 04:16:14
5333,8531,502,1,DEPOSIT,4,9265.005403,9265.005403,,2025-03-19 04:30:32
5334,8532,178,2,REPAY,1,0.736958,,0.736958,2025-03-19 04:44:21
5335,8534,143,2,REPAY,5,25.689797,,25.689797,2025-03-19 04:45:18
5336,8535,472,2,DEPOSIT,3,6102.959796,6102.959796,,2025-03-19 05:15:43
5337,8538,386,4,REPAY,1,1068.463634,,1068.463634,2025-03-19 06:12:30
5338,8539,892,2,BORROW,2,3313.952224,6026.1690605401,3313.952224,2025-03-19 06:15:10
5339,8540,805,4,REPAY,1,0.007928,,0.007928,2025-03-19 06:31:21
5340,8541,805,4,REPAY,3,0.000505,,0.000505,2025-03-19 06:40:32
5341,8542,952,3,LIQUIDATION,2,5726.364196,5531.7594907161,5726.364196,2025-03-19 06:40:49
5342,8544,501,2,REPAY,3,624.914608,,624.914608,2025-03-19 06:58:23
5343,8545,201,2,REPAY,4,6.869148,,6.869148,2025-03-19 07:00:01
5344,8548,964,4,BORROW,2,5826.731154,11667.7522603514,5826.731154,2025-03-19 07:27:00
5345,8549,307,1,REPAY,1,1104.163544,,1104.163544,2025-03-19 07:33:35
5346,8551,971,4,WITHDRAW,4,3325.248644,,,2025-03-19 07:49:18
5347,8552,352,3,REPAY,2,28.265001,,28.265001,2025-03-19 07:55:51
5348,8553,143,2,REPAY,3,19.823287,,19.823287,2025-03-19 07:57:13
5349,8554,919,3,REPAY,3,148.288858,,148.288858,2025-03-19 08:11:04
5350,8558,747,3,WITHDRAW,1,8776.235691,,,2025-03-19 08:41:14
5351,8560,293,4,DEPOSIT,1,9022.928271,9022.928271,,2025-03-19 09:06:13
5352,8561,973,1,REPAY,2,0.017543,,0.017543,2025-03-19 09:16:14
5353,8562,12,2,DEPOSIT,3,5500.61474,5500.61474,,2025-03-19 09:56:23
5354,8564,316,2,REPAY,2,1149.033394,,1149.033394,2025-03-19 10:02:34
5355,8566,129,1,REPAY,1,611.475205,,611.475205,2025-03-19 10:17:07
5356,8568,892,1,REPAY,2,709.757199,,709.757199,2025-03-19 11:05:21
5357,8569,116,1,REPAY,2,722.077049,,722.077049,2025-03-19 11:09:05
5358,8570,782,1,REPAY,4,1717.727333,,1717.727333,2025-03-19 12:00:15
5359,8571,813,4,REPAY,1,4300.891665,,4300.891665,2025-03-19 12:18:18
5360,8573,452,1,REPAY,1,2144.529517,,2144.529517,2025-03-19 12:29:54
5361,8574,733,2,LIQUIDATION,2,7993.675495,9513.6011637603,7993.675495,2025-03-19 12:34:43
5362,8575,317,2,LIQUIDATION,5,7308.707616,7300.5704983799,7308.707616,2025-03-19 12:46:53
5363,8576,254,1,BORROW,3,871.713899,2008.1465295779,871.713899,2025-03-19 13:01:44
5364,8577,163,1,REPAY,3,183.05617,,183.05617,2025-03-19 13:04:04
5365,8579,364,2,REPAY,5,35.069544,,35.069544,2025-03-19 13:28:33
5366,8580,907,1,BORROW,1,5514.248282,10360.6337521669,5514.248282,2025-03-19 13:29:45
5367,8581,841,2,LIQUIDATION,4,9665.176847,10686.9611849643,9665.176847,2025-03-19 14:20:57
5368,8583,906,3,REPAY,5,142.27025,,142.27025,2025-03-19 14:38:43
5369,8586,813,3,REPAY,3,1029.904443,,1029.904443,2025-03-19 15:35:32
5370,8588,499,4,DEPOSIT,4,1973.399004,1973.399004,,2025-03-19 16:23:18
5371,8589,652,1,REPAY,5,758.713934,,758.713934,2025-03-19 16:24:42
5372,8591,426,4,BORROW,5,5065.853336,8767.2020021378,5065.853336,2025-03-19 17:05:24
5373,8592,94,3,WITHDRAW,3,2279.447909,,,2025-03-19 17:13:57
5374,8594,424,2,REPAY,3,17.247271,,17.247271,2025-03-19 17:34:19
5375,8600,690,1,BORROW,2,4214.820711,6899.8560765128,4214.820711,2025-03-19 18:50:47
5376,8603,486,2,LIQUIDATION,3,3527.389817,4220.3415946174,3527.389817,2025-03-19 19:02:40
5377,8605,925,4,REPAY,5,269.052151,,269.052151,2025-03-19 19:13:10
5378,8606,356,4,REPAY,4,77.370818,,77.370818,2025-03-19 19:34:54
5379,8607,623,4,REPAY,5,2800.245007,,2800.245007,2025-03-19 19:37:51
5380,8608,457,1,DEPOSIT,1,5162.260631,5162.260631,,2025-03-19 19:38:05
5381,8611,964,1,BORROW,1,7649.599073,12378.0392935817,7649.599073,2025-03-19 19:56:24
5382,8612,232,2,REPAY,2,585.181407,,585.181407,2025-03-19 20:01:05
5383,8614,327,4,REPAY,1,3529.770347,,3529.770347,2025-03-19 20:12:10
5384,8615,62,1,REPAY,1,6.129996,,6.129996,2025-03-19 20:26:42
5385,8616,163,1,REPAY,1,0.347309,,0.347309,2025-03-19 20:30:43
5386,8617,390,2,REPAY,3,406.583178,,406.583178,2025-03-19 20:32:38
5387,8621,842,4,WITHDRAW,5,7744.438975,,,2025-03-19 22:06:54
5388,8622,613,1,REPAY,2,5.844065,,5.844065,2025-03-19 22:17:26
5389,8623,745,4,REPAY,1,1.000493,,1.000493,2025-03-19 22:35:57
5390,8625,678,3,BORROW,5,1471.985849,2747.6654131147,1471.985849,2025-03-19 22:50:54
5391,8627,366,3,REPAY,4,15.779427,,15.779427,2025-03-19 23:13:15
5392,8629,146,4,REPAY,4,646.525079,,646.525079,2025-03-19 23:43:51
5393,8630,672,1,REPAY,3,85.435807,,85.435807,2025-03-19 23:49:43
5394,8631,652,1,WITHDRAW,2,7400.607807,,,2025-03-19 23:58:43
5395,8632,333,1,REPAY,5,17.347471,,17.347471,2025-03-20 00:04:24
5396,8634,946,2,LIQUIDATION,2,1549.550113,1858.3052629455,1549.550113,2025-03-20 00:30:49
5397,8635,413,2,BORROW,4,717.294478,1396.9226708741,717.294478,2025-03-20 00:33:45
5398,8636,244,2,WITHDRAW,4,6729.815818,,,2025-03-20 01:28:08
5399,8638,639,4,REPAY,4,572.065432,,572.065432,2025-03-20 01:34:59
5400,8640,565,2,BORROW,4,6835.49725,11031.4387665188,6835.49725,2025-03-20 02:06:21
5401,8641,315,1,REPAY,5,4.71444,,4.71444,2025-03-20 02:41:32
5402,8643,443,2,DEPOSIT,2,6704.432159,6704.432159,,2025-03-20 02:51:30
5403,8644,261,4,REPAY,4,1044.947251,,1044.947251,2025-03-20 02:56:07
5404,8648,678,4,REPAY,4,547.866695,,547.866695,2025-03-20 04:40:52
5405,8649,601,1,BORROW,5,1241.298335,2309.2120538844,1241.298335,2025-03-20 04:58:05
5406,8650,573,2,WITHDRAW,2,1617.784757,,,2025-03-20 05:14:03
5407,8651,665,3,REPAY,1,2424.359441,,2424.359441,2025-03-20 05:25:14
5408,8652,64,1,BORROW,4,6898.969021,13024.9965968974,6898.969021,2025-03-20 05:49:41
5409,8656,887,3,REPAY,1,152.715176,,152.715176,2025-03-20 06:55:21
5410,8659,106,4,REPAY,2,0.191271,,0.191271,2025-03-20 07:22:00
5411,8661,981,3,REPAY,3,0.133479,,0.133479,2025-03-20 07:50:04
5412,8663,66,3,REPAY,3,3634.372877,,3634.372877,2025-03-20 07:56:28
5413,8664,230,1,REPAY,4,1272.458655,,1272.458655,2025-03-20 07:56:59
5414,8667,794,4,DEPOSIT,1,5106.879932,5106.879932,,2025-03-20 08:42:14
5415,8668,133,1,REPAY,4,2419.495538,,2419.495538,2025-03-20 09:09:55
5416,8670,248,1,REPAY,3,0.486594,,0.486594,2025-03-20 09:53:46
5417,8671,810,1,REPAY,5,1.868972,,1.868972,2025-03-20 10:01:26
5418,8672,1000,4,WITHDRAW,1,2553.546193,,,2025-03-20 10:22:11
5419,8673,978,3,REPAY,5,0.060075,,0.060075,2025-03-20 10:29:16
5420,8674,65,2,DEPOSIT,2,2696.699821,2696.699821,,2025-03-20 10:34:24
5421,8675,965,2,DEPOSIT,4,1727.33738,1727.33738,,2025-03-20 10:37:04
5422,8676,955,2,REPAY,3,8282.706352,,8282.706352,2025-03-20 10:44:54
5423,8677,553,4,REPAY,5,181.825264,,181.825264,2025-03-20 11:09:16
5424,8678,437,3,REPAY,4,1.117404,,1.117404,2025-03-20 11:14:06
5425,8680,984,1,BORROW,1,1502.712568,3369.1414821185,1502.712568,2025-03-20 12:06:11
5426,8681,565,1,REPAY,5,1602.757607,,1602.757607,2025-03-20 12:07:24
5427,8682,867,4,DEPOSIT,4,372.806976,372.806976,,2025-03-20 12:36:15
5428,8684,211,2,DEPOSIT,5,1237.981921,1237.981921,,2025-03-20 12:51:51
5429,8685,452,1,REPAY,4,231.560424,,231.560424,2025-03-20 12:59:00
5430,8689,943,3,BORROW,1,8598.253222,14051.5015045083,8598.253222,2025-03-20 13:23:00
5431,8690,49,4,REPAY,4,4.378429,,4.378429,2025-03-20 13:23:49
5432,8691,415,3,BORROW,4,3892.784234,7924.3033385442,3892.784234,2025-03-20 13:34:03
5433,8692,728,1,REPAY,1,35.687088,,35.687088,2025-03-20 13:44:43
5434,8693,483,1,REPAY,5,0.072976,,0.072976,2025-03-20 14:22:39
5435,8694,553,2,REPAY,1,244.531465,,244.531465,2025-03-20 14:48:57
5436,8695,438,2,REPAY,5,465.996423,,465.996423,2025-03-20 15:39:28
5437,8699,717,4,LIQUIDATION,5,8119.168362,6719.1567103686,8119.168362,2025-03-20 16:03:48
5438,8701,964,3,LIQUIDATION,5,13476.330227,12320.0593958446,13476.330227,2025-03-20 16:58:37
5439,8702,27,2,WITHDRAW,4,863.380723,,,2025-03-20 17:06:58
5440,8704,464,1,BORROW,3,1004.145826,1432.3227951895,1004.145826,2025-03-20 17:32:18
5441,8705,409,3,BORROW,5,5057.627213,8435.5111053932,5057.627213,2025-03-20 17:33:48
5442,8706,617,3,LIQUIDATION,3,3481.678772,3346.8272150719,3481.678772,2025-03-20 17:38:02
5443,8707,161,2,LIQUIDATION,5,9243.44615,8478.7762345581,9243.44615,2025-03-20 17:43:19
5444,8709,890,3,REPAY,5,164.354405,,164.354405,2025-03-20 18:29:52
5445,8710,995,2,WITHDRAW,1,1181.272597,,,2025-03-20 18:38:01
5446,8711,825,2,DEPOSIT,1,5653.553361,5653.553361,,2025-03-20 18:58:17
5447,8712,149,2,WITHDRAW,1,5814.131847,,,2025-03-20 19:08:08
5448,8713,294,4,BORROW,2,2918.486424,5584.7467064448,2918.486424,2025-03-20 19:21:42
5449,8716,288,2,WITHDRAW,4,2176.227207,,,2025-03-20 20:13:29
5450,8717,208,1,LIQUIDATION,5,8581.960767,9375.8565485543,8581.960767,2025-03-20 20:14:57
5451,8718,632,2,BORROW,3,8918.612044,17355.2756212508,8918.612044,2025-03-20 20:24:04
5452,8721,304,2,BORROW,2,6481.057701,8668.103248709,6481.057701,2025-03-20 21:38:18
5453,8722,642,3,DEPOSIT,2,3274.252771,3274.252771,,2025-03-20 21:42:46
5454,8723,953,3,DEPOSIT,2,7938.526679,7938.526679,,2025-03-20 21:53:56
5455,8727,305,2,BORROW,3,1908.774373,2452.344635563,1908.774373,2025-03-20 22:58:39
5456,8729,854,1,WITHDRAW,4,7642.858186,,,2025-03-20 23:44:17
5457,8730,470,4,BORROW,5,1644.836172,3943.7304315286,1644.836172,2025-03-21 00:10:44
5458,8731,56,2,WITHDRAW,5,481.583016,,,2025-03-21 00:19:34
5459,8735,306,1,WITHDRAW,2,4941.790372,,,2025-03-21 01:25:09
5460,8736,679,2,LIQUIDATION,2,7070.226964,6313.1035516478,7070.226964,2025-03-21 01:32:40
5461,8737,546,3,BORROW,5,2332.765609,3206.8544656625,2332.765609,2025-03-21 01:33:05
5462,8739,731,4,REPAY,3,266.931471,,266.931471,2025-03-21 02:02:44
5463,8740,73,1,REPAY,5,1188.435943,,1188.435943,2025-03-21 02:04:21
5464,8744,460,4,REPAY,4,73.794491,,73.794491,2025-03-21 03:26:00
5465,8745,564,3,LIQUIDATION,1,2838.703197,2666.2964070629,2838.703197,2025-03-21 03:27:03
5466,8749,997,3,BORROW,3,2138.979805,2885.5366487263,2138.979805,2025-03-21 05:32:43
5467,8750,307,3,LIQUIDATION,5,575.738187,621.4095777218,575.738187,2025-03-21 05:37:25
5468,8751,955,3,REPAY,2,99.714262,,99.714262,2025-03-21 06:03:31
5469,8753,452,4,REPAY,1,4.412113,,4.412113,2025-03-21 07:00:56
5470,8754,61,1,REPAY,4,7471.083109,,7471.083109,2025-03-21 07:10:04
5471,8755,693,2,WITHDRAW,1,2364.857414,,,2025-03-21 07:45:39
5472,8756,903,3,REPAY,2,0.071367,,0.071367,2025-03-21 07:49:24
5473,8760,396,3,REPAY,2,173.218639,,173.218639,2025-03-21 08:18:23
5474,8762,378,4,WITHDRAW,2,8307.61199,,,2025-03-21 09:01:50
5475,8765,697,2,REPAY,5,0.707862,,0.707862,2025-03-21 09:06:38
5476,8766,342,4,REPAY,5,731.275762,,731.275762,2025-03-21 09:21:22
5477,8767,128,1,WITHDRAW,1,6738.182457,,,2025-03-21 09:27:28
5478,8768,704,2,REPAY,5,101.599474,,101.599474,2025-03-21 09:29:39
5479,8769,711,1,REPAY,3,3079.402443,,3079.402443,2025-03-21 09:51:29
5480,8771,86,4,DEPOSIT,1,8919.977887,8919.977887,,2025-03-21 10:13:58
5481,8773,123,3,BORROW,5,1174.464841,1413.0358718985,1174.464841,2025-03-21 10:44:16
5482,8774,126,1,DEPOSIT,2,5221.974561,5221.974561,,2025-03-21 10:58:19
5483,8775,388,3,REPAY,2,0.214185,,0.214185,2025-03-21 11:03:37
5484,8776,687,4,REPAY,5,582.930983,,582.930983,2025-03-21 11:15:01
5485,8777,132,1,DEPOSIT,3,5201.445011,5201.445011,,2025-03-21 11:22:56
5486,8778,116,4,REPAY,5,156.652988,,156.652988,2025-03-21 11:31:10
5487,8780,795,4,REPAY,2,0.350068,,0.350068,2025-03-21 12:13:29
5488,8782,469,4,DEPOSIT,3,7611.774418,7611.774418,,2025-03-21 13:00:22
5489,8783,238,1,BORROW,1,6176.435431,14480.8068796448,6176.435431,2025-03-21 13:36:08
5490,8786,817,1,REPAY,3,2117.384804,,2117.384804,2025-03-21 13:51:36
5491,8788,91,3,REPAY,1,347.860408,,347.860408,2025-03-21 14:54:24
5492,8789,1000,3,REPAY,2,556.448255,,556.448255,2025-03-21 15:11:10
5493,8790,74,4,WITHDRAW,2,445.630316,,,2025-03-21 15:26:38
5494,8792,487,1,REPAY,4,1898.489591,,1898.489591,2025-03-21 15:57:05
5495,8794,225,3,REPAY,2,315.408759,,315.408759,2025-03-21 16:12:43
5496,8795,971,1,DEPOSIT,4,7877.574282,7877.574282,,2025-03-21 16:13:29
5497,8796,662,3,WITHDRAW,5,1185.212573,,,2025-03-21 16:29:18
5498,8797,810,2,REPAY,2,0.622926,,0.622926,2025-03-21 16:29:50
5499,8798,200,1,REPAY,5,1300.444107,,1300.444107,2025-03-21 16:32:28
5500,8799,286,3,REPAY,1,1.394731,,1.394731,2025-03-21 18:05:22
5501,8800,789,2,REPAY,4,1544.909661,,1544.909661,2025-03-21 18:18:44
5502,8801,420,4,REPAY,3,2200.13139,,2200.13139,2025-03-21 18:22:07
5503,8803,85,4,DEPOSIT,1,4424.960184,4424.960184,,2025-03-21 18:37:28
5504,8804,173,2,DEPOSIT,1,3370.556188,3370.556188,,2025-03-21 18:38:34
5505,8805,280,3,REPAY,5,3.46785,,3.46785,2025-03-21 18:45:07
5506,8806,488,4,BORROW,3,5328.194632,10048.2142371703,5328.194632,2025-03-21 18:53:10
5507,8809,561,4,REPAY,2,55.478836,,55.478836,2025-03-21 19:54:07
5508,8811,944,3,REPAY,4,337.35959,,337.35959,2025-03-21 20:33:29
5509,8812,895,3,REPAY,3,1.391782,,1.391782,2025-03-21 20:34:19
5510,8813,6,3,BORROW,5,8316.038724,12812.0159710744,8316.038724,2025-03-21 20:41:42
5511,8814,326,4,REPAY,4,2122.424778,,2122.424778,2025-03-21 20:42:07
5512,8815,961,1,REPAY,5,41.956107,,41.956107,2025-03-21 20:43:24
5513,8817,566,3,DEPOSIT,1,7076.085094,7076.085094,,2025-03-21 21:50:01
5514,8818,800,3,BORROW,5,8082.123505,13067.4915287077,8082.123505,2025-03-21 22:10:38
5515,8819,162,3,WITHDRAW,5,8513.921787,,,2025-03-21 22:14:12
5516,8820,422,3,REPAY,4,492.742824,,492.742824,2025-03-21 22:37:21
5517,8822,951,2,REPAY,2,52.713919,,52.713919,2025-03-21 22:42:25
5518,8824,66,3,REPAY,4,1586.089346,,1586.089346,2025-03-21 22:56:41
5519,8825,460,2,REPAY,3,59.395003,,59.395003,2025-03-21 23:24:00
5520,8826,97,3,WITHDRAW,4,4508.556992,,,2025-03-21 23:43:51
5521,8828,737,1,DEPOSIT,4,9327.946784,9327.946784,,2025-03-22 00:02:00
5522,8829,880,4,DEPOSIT,5,3505.682673,3505.682673,,2025-03-22 00:04:21
5523,8831,528,1,DEPOSIT,3,2959.728805,2959.728805,,2025-03-22 00:18:21
5524,8832,191,4,BORROW,3,3648.694392,5990.3931901769,3648.694392,2025-03-22 00:43:47
5525,8833,455,3,REPAY,5,2.666452,,2.666452,2025-03-22 01:00:32
5526,8834,650,2,REPAY,4,2.120039,,2.120039,2025-03-22 01:34:01
5527,8835,69,4,DEPOSIT,3,3425.408433,3425.408433,,2025-03-22 01:38:12
5528,8836,413,2,REPAY,3,78.392833,,78.392833,2025-03-22 01:39:32
5529,8837,897,2,DEPOSIT,2,3317.852179,3317.852179,,2025-03-22 01:53:13
5530,8838,172,4,DEPOSIT,2,6199.628095,6199.628095,,2025-03-22 02:02:39
5531,8839,282,1,REPAY,1,1408.441351,,1408.441351,2025-03-22 02:06:07
5532,8840,634,2,REPAY,4,2886.873902,,2886.873902,2025-03-22 02:50:03
5533,8841,497,2,WITHDRAW,3,4960.938345,,,2025-03-22 03:06:33
5534,8842,328,3,DEPOSIT,4,1532.353247,1532.353247,,2025-03-22 03:12:59
5535,8843,63,4,REPAY,5,890.450683,,890.450683,2025-03-22 03:31:59
5536,8845,118,1,BORROW,1,194.450571,473.9965444583,194.450571,2025-03-22 04:13:15
5537,8846,751,3,REPAY,2,2000.813688,,2000.813688,2025-03-22 04:16:17
5538,8847,944,2,REPAY,5,6.184463,,6.184463,2025-03-22 04:24:55
5539,8848,240,2,REPAY,3,0.10445,,0.10445,2025-03-22 04:28:35
5540,8849,325,2,REPAY,5,0.004613,,0.004613,2025-03-22 04:32:00
5541,8851,690,3,REPAY,3,6036.028604,,6036.028604,2025-03-22 04:48:35
5542,8852,762,2,REPAY,4,0.528088,,0.528088,2025-03-22 04:55:28
5543,8853,51,1,REPAY,5,2057.011428,,2057.011428,2025-03-22 04:59:03
5544,8854,130,1,REPAY,1,0.100743,,0.100743,2025-03-22 05:01:28
5545,8855,316,2,DEPOSIT,1,2614.727391,2614.727391,,2025-03-22 05:13:09
5546,8857,917,3,REPAY,2,0.684397,,0.684397,2025-03-22 05:28:45
5547,8858,162,3,BORROW,5,5650.627209,13427.1820568681,5650.627209,2025-03-22 05:37:28
5548,8859,253,3,BORROW,5,3013.840232,5957.8076893497,3013.840232,2025-03-22 05:46:58
5549,8860,190,3,REPAY,2,351.226859,,351.226859,2025-03-22 06:05:21
5550,8862,713,4,REPAY,4,336.222912,,336.222912,2025-03-22 06:33:41
5551,8863,795,1,REPAY,1,0.063426,,0.063426,2025-03-22 06:37:39
5552,8864,326,1,REPAY,5,2399.733571,,2399.733571,2025-03-22 06:46:44
5553,8865,108,3,REPAY,4,1761.452506,,1761.452506,2025-03-22 07:19:33
5554,8866,375,4,DEPOSIT,2,9412.733374,9412.733374,,2025-03-22 07:19:48
5555,8869,546,3,REPAY,3,1836.863738,,1836.863738,2025-03-22 08:11:31
5556,8870,993,2,REPAY,4,4474.03166,,4474.03166,2025-03-22 08:15:05
5557,8873,176,3,LIQUIDATION,1,870.897594,920.1292411564,870.897594,2025-03-22 08:46:19
5558,8876,652,2,LIQUIDATION,1,536.363064,636.1317386927,536.363064,2025-03-22 09:09:39
5559,8877,570,2,DEPOSIT,3,8618.971576,8618.971576,,2025-03-22 09:17:58
5560,8878,672,2,REPAY,3,40.579763,,40.579763,2025-03-22 09:19:03
5561,8879,39,4,REPAY,5,9.451803,,9.451803,2025-03-22 09:19:43
5562,8880,374,1,BORROW,5,5999.322577,7409.8044888783,5999.322577,2025-03-22 09:28:08
5563,8882,91,4,REPAY,3,61.608842,,61.608842,2025-03-22 09:34:17
5564,8884,829,2,LIQUIDATION,1,395.920796,413.5522124897,395.920796,2025-03-22 10:16:58
5565,8885,109,2,REPAY,2,20.963461,,20.963461,2025-03-22 10:25:43
5566,8888,235,2,REPAY,3,0.062159,,0.062159,2025-03-22 11:26:29
5567,8891,10,1,DEPOSIT,5,4047.939372,4047.939372,,2025-03-22 11:46:31
5568,8892,743,4,REPAY,3,6289.182472,,6289.182472,2025-03-22 11:49:49
5569,8893,530,1,WITHDRAW,1,2678.949832,,,2025-03-22 11:58:26
5570,8894,324,4,REPAY,2,2.313668,,2.313668,2025-03-22 12:14:23
5571,8899,621,4,LIQUIDATION,5,22.02559,21.7371678207,22.02559,2025-03-22 13:44:38
5572,8902,611,2,REPAY,2,17.949055,,17.949055,2025-03-22 14:23:53
5573,8903,21,1,REPAY,4,58.547571,,58.547571,2025-03-22 14:24:27
5574,8904,517,1,DEPOSIT,5,1563.534874,1563.534874,,2025-03-22 14:38:09
5575,8905,223,3,BORROW,3,5729.251078,13466.3751067155,5729.251078,2025-03-22 14:45:33
5576,8906,98,1,REPAY,1,2814.732658,,2814.732658,2025-03-22 14:54:01
5577,8907,175,3,DEPOSIT,2,5602.227694,5602.227694,,2025-03-22 15:22:00
5578,8908,18,2,WITHDRAW,2,3837.246069,,,2025-03-22 15:48:40
5579,8909,181,3,WITHDRAW,2,4029.699415,,,2025-03-22 15:52:17
5580,8912,870,1,REPAY,3,3911.624436,,3911.624436,2025-03-22 16:52:54
5581,8913,85,2,WITHDRAW,2,1025.00167,,,2025-03-22 16:56:15
5582,8914,895,2,REPAY,4,7.635069,,7.635069,2025-03-22 16:58:41
5583,8915,839,3,DEPOSIT,1,1752.210063,1752.210063,,2025-03-22 17:12:33
5584,8917,109,1,REPAY,3,5.256858,,5.256858,2025-03-22 17:32:04
5585,8918,291,2,REPAY,5,357.273586,,357.273586,2025-03-22 17:51:44
5586,8919,301,3,REPAY,2,777.88431,,777.88431,2025-03-22 17:58:51
5587,8920,60,3,DEPOSIT,2,2328.425412,2328.425412,,2025-03-22 18:01:36
5588,8922,967,2,REPAY,3,0.013552,,0.013552,2025-03-22 18:28:56
5589,8923,549,3,WITHDRAW,1,1886.431441,,,2025-03-22 18:33:33
5590,8924,501,2,LIQUIDATION,2,1361.939732,1297.8582909945,1361.939732,2025-03-22 18:35:09
5591,8926,100,4,REPAY,5,510.073487,,510.073487,2025-03-22 18:49:46
5592,8928,118,1,REPAY,4,184.084784,,184.084784,2025-03-22 19:49:11
5593,8929,523,3,DEPOSIT,2,7269.374374,7269.374374,,2025-03-22 19:52:22
5594,8930,958,4,REPAY,1,7.159755,,7.159755,2025-03-22 19:53:46
5595,8931,995,4,BORROW,5,3073.544201,5898.3193772908,3073.544201,2025-03-22 20:06:44
5596,8933,696,2,REPAY,1,209.850044,,209.850044,2025-03-22 20:12:48
5597,8934,989,2,REPAY,2,0.000209,,0.000209,2025-03-22 20:27:55
5598,8935,681,4,BORROW,5,8178.023772,10541.2197212249,8178.023772,2025-03-22 20:39:11
5599,8941,103,1,LIQUIDATION,1,1459.942515,1200.586380431,1459.942515,2025-03-22 21:20:21
5600,8942,690,4,LIQUIDATION,2,5644.121777,4855.5405736176,5644.121777,2025-03-22 21:26:06
5601,8943,497,1,REPAY,2,4.966757,,4.966757,2025-03-22 22:18:06
5602,8946,706,2,BORROW,4,405.227965,786.3803867643,405.227965,2025-03-22 22:42:48
5603,8947,351,4,REPAY,3,5.14583,,5.14583,2025-03-22 22:52:42
5604,8949,541,3,LIQUIDATION,1,7978.51276,8467.3438070052,7978.51276,2025-03-22 22:59:56
5605,8951,178,4,REPAY,4,0.54302,,0.54302,2025-03-22 23:38:29
5606,8952,337,1,DEPOSIT,2,8427.334783,8427.334783,,2025-03-22 23:46:42
5607,8953,510,3,REPAY,3,266.029772,,266.029772,2025-03-22 23:56:13
5608,8954,854,2,DEPOSIT,1,620.925651,620.925651,,2025-03-23 00:00:05
5609,8955,229,1,REPAY,5,1915.655649,,1915.655649,2025-03-23 00:05:29
5610,8956,727,2,REPAY,1,1117.184274,,1117.184274,2025-03-23 00:27:30
5611,8958,298,3,BORROW,5,288.775227,410.7972576642,288.775227,2025-03-23 00:54:51
5612,8960,461,2,DEPOSIT,4,8900.746126,8900.746126,,2025-03-23 01:35:17
5613,8961,30,2,DEPOSIT,3,2719.951175,2719.951175,,2025-03-23 02:02:28
5614,8962,187,1,WITHDRAW,5,2554.712458,,,2025-03-23 02:03:17
5615,8963,276,4,REPAY,5,2.875824,,2.875824,2025-03-23 02:33:59
5616,8965,388,3,REPAY,2,0.341705,,0.341705,2025-03-23 03:16:25
5617,8966,415,2,REPAY,2,1638.1556,,1638.1556,2025-03-23 03:29:06
5618,8967,482,1,WITHDRAW,4,1628.498877,,,2025-03-23 04:22:01
5619,8968,542,2,REPAY,4,2133.573039,,2133.573039,2025-03-23 04:23:40
5620,8970,870,1,REPAY,1,214.979846,,214.979846,2025-03-23 04:38:56
5621,8972,305,2,LIQUIDATION,4,1908.774373,2151.7520917274,1908.774373,2025-03-23 04:45:49
5622,8974,106,1,REPAY,3,0.008886,,0.008886,2025-03-23 05:00:42
5623,8975,252,4,BORROW,5,5389.192588,13133.4816737168,5389.192588,2025-03-23 05:03:51
5624,8977,475,2,REPAY,5,2275.736123,,2275.736123,2025-03-23 05:09:25
5625,8978,689,3,DEPOSIT,1,2211.797482,2211.797482,,2025-03-23 05:16:39
5626,8979,631,1,REPAY,3,39.289126,,39.289126,2025-03-23 05:25:21
5627,8982,708,3,DEPOSIT,5,3587.891646,3587.891646,,2025-03-23 06:39:26
5628,8983,26,3,REPAY,4,0.382109,,0.382109,2025-03-23 06:56:12
5629,8984,863,1,DEPOSIT,1,1145.898236,1145.898236,,2025-03-23 06:58:00
5630,8986,449,4,REPAY,5,0.75701,,0.75701,2025-03-23 07:07:08
5631,8988,172,1,REPAY,1,1212.679162,,1212.679162,2025-03-23 07:39:27
5632,8989,572,1,DEPOSIT,4,1553.279132,1553.279132,,2025-03-23 07:41:01
5633,8990,158,2,REPAY,5,14.021679,,14.021679,2025-03-23 07:52:10
5634,8991,779,2,REPAY,1,2.011777,,2.011777,2025-03-23 07:59:00
5635,8994,496,1,REPAY,5,130.351802,,130.351802,2025-03-23 08:59:25
5636,8995,206,4,REPAY,2,0.338958,,0.338958,2025-03-23 09:06:52
5637,8996,992,3,REPAY,5,84.577213,,84.577213,2025-03-23 09:09:09
5638,8998,19,4,REPAY,4,917.602039,,917.602039,2025-03-23 09:46:33
5639,8999,988,2,REPAY,1,1511.6458,,1511.6458,2025-03-23 09:47:45
5640,9000,761,3,REPAY,4,735.438425,,735.438425,2025-03-23 09:48:10
5641,9002,364,2,REPAY,1,9.492127,,9.492127,2025-03-23 10:24:09
5642,9004,414,2,WITHDRAW,2,9870.76709,,,2025-03-23 11:20:59
5643,9005,385,4,REPAY,2,1611.401641,,1611.401641,2025-03-23 11:23:32
5644,9006,713,4,REPAY,1,126.329909,,126.329909,2025-03-23 11:26:56
5645,9007,4,3,REPAY,1,948.641889,,948.641889,2025-03-23 11:26:59
5646,9008,604,3,DEPOSIT,3,4528.600908,4528.600908,,2025-03-23 11:41:20
5647,9009,381,3,BORROW,5,6418.237933,8455.4657912702,6418.237933,2025-03-23 11:43:32
5648,9010,746,1,BORROW,5,5547.735394,9291.6715841556,5547.735394,2025-03-23 11:52:50
5649,9011,763,3,WITHDRAW,2,6508.530379,,,2025-03-23 12:02:44
5650,9012,790,3,DEPOSIT,5,9531.625413,9531.625413,,2025-03-23 12:23:11
5651,9013,615,1,REPAY,2,0.230152,,0.230152,2025-03-23 12:29:01
5652,9014,430,4,LIQUIDATION,2,2755.78161,2489.5246912568,2755.78161,2025-03-23 12:47:45
5653,9015,470,4,BORROW,4,4608.789297,9122.7665005161,4608.789297,2025-03-23 12:54:32
5654,9017,437,2,REPAY,1,0.478991,,0.478991,2025-03-23 13:36:12
5655,9018,464,1,BORROW,1,3571.18782,6334.0783586907,3571.18782,2025-03-23 13:37:52
5656,9019,807,1,REPAY,4,23.444704,,23.444704,2025-03-23 13:56:51
5657,9020,699,1,REPAY,1,326.78733,,326.78733,2025-03-23 14:09:45
5658,9021,977,1,WITHDRAW,1,9700.91036,,,2025-03-23 14:28:28
5659,9022,849,4,REPAY,1,761.788619,,761.788619,2025-03-23 15:01:43
5660,9023,371,2,LIQUIDATION,1,5.433402,5.076842576,5.433402,2025-03-23 15:32:39
5661,9024,363,2,REPAY,1,0.466072,,0.466072,2025-03-23 15:41:54
5662,9025,363,1,REPAY,5,0.195872,,0.195872,2025-03-23 16:19:42
5663,9026,532,2,DEPOSIT,3,401.369328,401.369328,,2025-03-23 16:31:46
5664,9027,580,4,DEPOSIT,1,7229.752554,7229.752554,,2025-03-23 16:54:21
5665,9028,592,3,REPAY,1,0.267714,,0.267714,2025-03-23 17:21:58
5666,9029,997,4,REPAY,5,1020.79811,,1020.79811,2025-03-23 17:23:55
5667,9033,905,3,BORROW,5,3745.313414,7452.9366752718,3745.313414,2025-03-23 18:02:05
5668,9037,506,4,REPAY,3,0.357625,,0.357625,2025-03-23 18:21:39
5669,9038,303,2,REPAY,2,41.827569,,41.827569,2025-03-23 18:26:47
5670,9039,615,3,REPAY,1,0.121009,,0.121009,2025-03-23 18:28:44
5671,9040,271,4,REPAY,3,34.229743,,34.229743,2025-03-23 18:48:24
5672,9042,526,3,REPAY,1,8270.117352,,8270.117352,2025-03-23 19:13:59
5673,9043,131,1,WITHDRAW,1,4947.629236,,,2025-03-23 19:53:34
5674,9045,197,4,WITHDRAW,3,3655.163619,,,2025-03-23 20:25:43
5675,9046,400,3,BORROW,2,3485.001924,6044.3959973683,3485.001924,2025-03-23 21:08:37
5676,9047,596,3,REPAY,2,331.75946,,331.75946,2025-03-23 21:11:02
5677,9050,527,3,WITHDRAW,3,5605.277837,,,2025-03-23 21:27:00
5678,9052,736,4,WITHDRAW,4,625.708076,,,2025-03-23 21:31:47
5679,9053,348,2,DEPOSIT,5,6213.108395,6213.108395,,2025-03-23 21:48:26
5680,9055,202,3,WITHDRAW,1,3693.306305,,,2025-03-23 21:55:13
5681,9056,199,1,WITHDRAW,3,2086.80658,,,2025-03-23 22:05:58
5682,9057,333,4,REPAY,3,37.851959,,37.851959,2025-03-23 22:41:01
5683,9058,7,1,WITHDRAW,4,1438.910565,,,2025-03-23 22:43:57
5684,9059,574,3,DEPOSIT,2,4387.940383,4387.940383,,2025-03-23 22:45:06
5685,9060,726,3,REPAY,5,113.689903,,113.689903,2025-03-23 22:45:36
5686,9061,62,1,REPAY,1,3.197921,,3.197921,2025-03-23 22:56:50
5687,9062,913,1,DEPOSIT,1,8180.146718,8180.146718,,2025-03-23 23:46:41
5688,9063,540,3,REPAY,2,1.991002,,1.991002,2025-03-24 00:07:32
5689,9064,392,4,REPAY,2,225.089809,,225.089809,2025-03-24 00:20:02
5690,9065,395,1,REPAY,2,794.654143,,794.654143,2025-03-24 00:22:05
5691,9066,373,1,REPAY,4,1637.059969,,1637.059969,2025-03-24 00:27:47
5692,9070,332,2,BORROW,2,441.729013,816.0862675388,441.729013,2025-03-24 00:52:01
5693,9072,968,3,BORROW,5,7550.775329,10102.1747325801,7550.775329,2025-03-24 01:09:43
5694,9074,644,4,DEPOSIT,2,5502.281979,5502.281979,,2025-03-24 01:24:16
5695,9075,939,1,WITHDRAW,5,8096.028422,,,2025-03-24 01:54:43
5696,9077,611,1,WITHDRAW,1,9569.177785,,,2025-03-24 02:08:18
5697,9079,266,2,DEPOSIT,5,873.868934,873.868934,,2025-03-24 02:57:06
5698,9080,222,1,LIQUIDATION,5,11327.38238,11436.4627003715,11327.38238,2025-03-24 02:59:33
5699,9082,783,3,DEPOSIT,3,1450.80469,1450.80469,,2025-03-24 03:30:13
5700,9083,975,1,DEPOSIT,5,2903.506459,2903.506459,,2025-03-24 03:33:43
5701,9086,227,3,WITHDRAW,5,3214.765849,,,2025-03-24 03:55:09
5702,9087,448,3,REPAY,4,327.685758,,327.685758,2025-03-24 04:08:32
5703,9091,46,4,BORROW,4,9448.220653,17409.4350691213,9448.220653,2025-03-24 05:50:32
5704,9093,464,4,LIQUIDATION,2,4575.333646,4379.2090498183,4575.333646,2025-03-24 06:00:13
5705,9096,739,4,DEPOSIT,5,5276.932898,5276.932898,,2025-03-24 06:34:22
5706,9097,775,4,BORROW,1,3127.331808,6723.1399301845,3127.331808,2025-03-24 06:34:41
5707,9098,922,1,REPAY,4,3735.176412,,3735.176412,2025-03-24 06:45:32
5708,9100,485,1,REPAY,1,3933.799808,,3933.799808,2025-03-24 06:57:50
5709,9101,12,1,WITHDRAW,2,8076.913813,,,2025-03-24 07:04:58
5710,9103,456,4,WITHDRAW,2,8400.618972,,,2025-03-24 07:12:02
5711,9104,920,3,REPAY,3,732.898878,,732.898878,2025-03-24 07:12:04
5712,9106,740,3,DEPOSIT,4,6915.714687,6915.714687,,2025-03-24 07:43:01
5713,9107,102,4,REPAY,1,266.465628,,266.465628,2025-03-24 07:54:24
5714,9108,683,3,WITHDRAW,1,1733.60219,,,2025-03-24 08:03:23
5715,9109,38,1,REPAY,1,959.012618,,959.012618,2025-03-24 08:03:41
5716,9110,31,2,WITHDRAW,5,9431.651038,,,2025-03-24 08:10:16
5717,9114,327,3,REPAY,1,1298.530404,,1298.530404,2025-03-24 08:33:51
5718,9115,540,3,REPAY,3,0.043608,,0.043608,2025-03-24 08:34:47
5719,9117,918,4,DEPOSIT,1,8742.179539,8742.179539,,2025-03-24 08:57:33
5720,9118,214,2,BORROW,1,5340.946598,10186.8301531359,5340.946598,2025-03-24 09:01:02
5721,9119,388,2,REPAY,4,0.501283,,0.501283,2025-03-24 09:18:18
5722,9120,684,1,REPAY,1,26.580246,,26.580246,2025-03-24 10:44:39
5723,9121,98,3,BORROW,2,2492.905099,4260.0297248974,2492.905099,2025-03-24 11:15:54
5724,9122,268,2,REPAY,4,5.356749,,5.356749,2025-03-24 11:17:10
5725,9125,222,2,WITHDRAW,2,5797.027063,,,2025-03-24 11:51:54
5726,9126,486,4,BORROW,4,7213.029866,17173.0014520359,7213.029866,2025-03-24 12:00:56
5727,9127,909,2,REPAY,3,7.00855,,7.00855,2025-03-24 12:06:56
5728,9131,271,1,REPAY,1,6.104469,,6.104469,2025-03-24 12:45:00
5729,9136,749,4,LIQUIDATION,3,13695.909012,11226.1847159903,13695.909012,2025-03-24 14:01:54
5730,9137,504,3,BORROW,2,825.09612,1636.8421491119,825.09612,2025-03-24 14:14:37
5731,9138,353,2,REPAY,5,40.475887,,40.475887,2025-03-24 14:32:03
5732,9139,445,4,DEPOSIT,5,6197.701704,6197.701704,,2025-03-24 14:55:27
5733,9140,235,1,REPAY,5,0.001364,,0.001364,2025-03-24 15:52:08
5734,9141,448,2,REPAY,1,29.050231,,29.050231,2025-03-24 15:53:41
5735,9142,795,4,REPAY,4,0.005674,,0.005674,2025-03-24 15:54:54
5736,9143,352,1,REPAY,2,26.543132,,26.543132,2025-03-24 15:55:03
5737,9144,867,2,WITHDRAW,3,9545.170317,,,2025-03-24 15:55:30
5738,9145,850,4,DEPOSIT,3,4100.842273,4100.842273,,2025-03-24 15:57:30
5739,9146,385,2,REPAY,3,36.304752,,36.304752,2025-03-24 15:59:45
5740,9147,492,4,BORROW,2,1862.330139,3991.0243348549,1862.330139,2025-03-24 16:36:03
5741,9148,279,4,WITHDRAW,2,6623.810314,,,2025-03-24 16:48:39
5742,9149,723,4,DEPOSIT,3,9803.516675,9803.516675,,2025-03-24 16:50:54
5743,9151,495,1,REPAY,3,358.036319,,358.036319,2025-03-24 17:16:53
5744,9152,400,3,REPAY,2,745.268176,,745.268176,2025-03-24 17:23:00
5745,9153,722,2,REPAY,1,169.926825,,169.926825,2025-03-24 17:38:15
5746,9156,553,4,REPAY,3,106.910265,,106.910265,2025-03-24 18:04:33
5747,9157,487,1,REPAY,2,2396.536344,,2396.536344,2025-03-24 18:17:21
5748,9158,112,4,REPAY,5,263.332172,,263.332172,2025-03-24 18:25:17
5749,9160,860,3,REPAY,1,1485.767702,,1485.767702,2025-03-24 19:01:31
5750,9161,669,1,LIQUIDATION,1,1085.441881,1120.2062440515,1085.441881,2025-03-24 19:08:41
5751,9162,60,2,BORROW,3,1131.963877,2543.8111756985,1131.963877,2025-03-24 19:28:15
5752,9163,934,1,WITHDRAW,4,4908.354916,,,2025-03-24 19:28:27
5753,9164,713,2,REPAY,3,21.569801,,21.569801,2025-03-24 19:31:08
5754,9166,938,3,WITHDRAW,1,1273.047817,,,2025-03-24 19:42:06
5755,9169,456,2,REPAY,4,536.447223,,536.447223,2025-03-24 21:11:19
5756,9170,557,4,REPAY,5,1998.457146,,1998.457146,2025-03-24 21:21:54
5757,9173,921,1,DEPOSIT,4,6657.848993,6657.848993,,2025-03-24 22:18:13
5758,9174,417,1,WITHDRAW,5,5998.044862,,,2025-03-24 22:18:49
5759,9175,448,1,REPAY,3,183.118867,,183.118867,2025-03-24 22:27:27
5760,9176,460,2,REPAY,2,2.241367,,2.241367,2025-03-24 22:28:54
5761,9177,117,3,REPAY,1,2510.832412,,2510.832412,2025-03-24 22:29:51
5762,9178,569,4,REPAY,4,305.031655,,305.031655,2025-03-24 22:35:43
5763,9179,224,4,REPAY,2,147.834233,,147.834233,2025-03-24 22:39:41
5764,9180,708,1,DEPOSIT,4,8380.154542,8380.154542,,2025-03-24 22:53:56
5765,9181,768,3,REPAY,1,583.223203,,583.223203,2025-03-24 23:28:24
5766,9183,721,3,WITHDRAW,3,342.516129,,,2025-03-24 23:48:56
5767,9185,641,1,BORROW,5,3566.602229,7508.0413819474,3566.602229,2025-03-25 00:17:12
5768,9187,25,2,BORROW,1,529.687672,705.9618550938,529.687672,2025-03-25 00:31:25
5769,9188,281,2,REPAY,3,1630.426903,,1630.426903,2025-03-25 00:33:14
5770,9189,243,1,REPAY,4,1.801774,,1.801774,2025-03-25 00:47:17
5771,9190,193,4,BORROW,4,2580.685509,4980.2304763586,2580.685509,2025-03-25 00:56:56
5772,9191,657,2,LIQUIDATION,3,3053.338501,3289.9189118267,3053.338501,2025-03-25 01:04:58
5773,9193,973,1,REPAY,2,0.002975,,0.002975,2025-03-25 01:22:28
5774,9195,584,1,LIQUIDATION,3,1975.620595,1818.4668002927,1975.620595,2025-03-25 01:41:21
5775,9197,871,3,BORROW,1,7885.486,11523.0518932289,7885.486,2025-03-25 02:14:03
5776,9198,96,4,REPAY,2,1644.061249,,1644.061249,2025-03-25 02:15:49
5777,9200,408,4,REPAY,4,0.008911,,0.008911,2025-03-25 03:07:02
5778,9202,884,1,BORROW,3,4540.956533,5820.225379126,4540.956533,2025-03-25 03:18:54
5779,9203,852,1,WITHDRAW,5,830.731351,,,2025-03-25 03:24:11
5780,9204,283,2,REPAY,2,4.482122,,4.482122,2025-03-25 04:03:25
5781,9205,101,4,BORROW,1,556.036294,946.1117386571,556.036294,2025-03-25 04:12:57
5782,9206,46,2,REPAY,2,3560.842316,,3560.842316,2025-03-25 04:24:44
5783,9207,711,1,REPAY,2,1106.390209,,1106.390209,2025-03-25 04:56:41
5784,9208,596,2,DEPOSIT,5,1602.420864,1602.420864,,2025-03-25 04:59:28
5785,9210,998,1,REPAY,5,1222.397353,,1222.397353,2025-03-25 05:22:02
5786,9212,977,3,DEPOSIT,1,3698.184099,3698.184099,,2025-03-25 06:19:12
5787,9213,73,2,REPAY,1,37.31986,,37.31986,2025-03-25 06:27:33
5788,9214,21,3,REPAY,1,33.043569,,33.043569,2025-03-25 06:50:04
5789,9215,721,3,BORROW,3,9011.306603,14168.4891538608,9011.306603,2025-03-25 07:03:39
5790,9216,782,3,REPAY,3,307.027077,,307.027077,2025-03-25 07:04:51
5791,9217,411,2,REPAY,4,4498.677273,,4498.677273,2025-03-25 07:24:12
5792,9218,897,2,DEPOSIT,4,9798.656006,9798.656006,,2025-03-25 07:45:44
5793,9219,381,3,BORROW,1,5578.613759,9758.0839770303,5578.613759,2025-03-25 08:01:32
5794,9220,101,4,LIQUIDATION,2,556.036294,643.4267644637,556.036294,2025-03-25 08:21:40
5795,9221,146,1,BORROW,2,188.704685,239.9723653395,188.704685,2025-03-25 08:44:36
5796,9223,902,3,DEPOSIT,4,3058.534496,3058.534496,,2025-03-25 09:05:15
5797,9226,788,1,BORROW,3,9677.25885,18616.6593961471,9677.25885,2025-03-25 09:23:56
5798,9227,441,1,LIQUIDATION,5,121.465433,143.0146202775,121.465433,2025-03-25 09:46:34
5799,9230,138,1,BORROW,2,3134.35121,4906.3581009979,3134.35121,2025-03-25 10:16:55
5800,9231,752,1,REPAY,4,290.89297,,290.89297,2025-03-25 10:23:03
5801,9233,712,2,REPAY,1,0.407919,,0.407919,2025-03-25 10:48:23
5802,9235,124,3,DEPOSIT,5,1331.438165,1331.438165,,2025-03-25 12:14:41
5803,9236,827,4,BORROW,1,6662.775169,10084.9624411208,6662.775169,2025-03-25 12:15:05
5804,9237,223,1,LIQUIDATION,3,5738.233358,5071.3657070682,5738.233358,2025-03-25 12:20:46
5805,9238,985,1,WITHDRAW,5,6673.229648,,,2025-03-25 12:27:23
5806,9239,937,3,REPAY,4,6888.309701,,6888.309701,2025-03-25 13:26:59
5807,9240,122,1,BORROW,2,8175.677199,16307.2177087051,8175.677199,2025-03-25 13:37:37
5808,9241,678,2,REPAY,2,829.381728,,829.381728,2025-03-25 13:50:21
5809,9242,487,3,REPAY,5,176.199949,,176.199949,2025-03-25 13:58:26
5810,9244,783,1,BORROW,3,8018.857407,11762.2214250298,8018.857407,2025-03-25 14:27:03
5811,9245,995,1,DEPOSIT,4,2842.302292,2842.302292,,2025-03-25 14:36:59
5812,9246,983,1,REPAY,3,217.752236,,217.752236,2025-03-25 14:41:09
5813,9247,478,2,WITHDRAW,4,1109.507641,,,2025-03-25 14:49:01
5814,9248,480,4,REPAY,3,1568.886993,,1568.886993,2025-03-25 14:50:12
5815,9250,394,4,WITHDRAW,5,4404.66219,,,2025-03-25 15:18:11
5816,9251,672,3,REPAY,1,45.017785,,45.017785,2025-03-25 15:41:28
5817,9252,804,4,REPAY,5,52.715579,,52.715579,2025-03-25 15:48:48
5818,9253,633,1,REPAY,5,255.793719,,255.793719,2025-03-25 15:53:57
5819,9254,213,4,REPAY,5,24.916657,,24.916657,2025-03-25 16:08:46
5820,9255,952,3,DEPOSIT,1,4416.642558,4416.642558,,2025-03-25 16:10:28
5821,9256,7,2,BORROW,1,9672.926749,12897.7805122096,9672.926749,2025-03-25 16:16:08
5822,9257,201,2,WITHDRAW,1,7284.644917,,,2025-03-25 16:21:26
5823,9258,226,3,WITHDRAW,5,4479.984907,,,2025-03-25 16:22:14
5824,9260,65,3,DEPOSIT,4,4497.854764,4497.854764,,2025-03-25 17:00:05
5825,9261,531,2,DEPOSIT,1,8630.370085,8630.370085,,2025-03-25 17:04:26
5826,9262,477,2,DEPOSIT,2,8576.736175,8576.736175,,2025-03-25 17:17:51
5827,9264,194,4,DEPOSIT,3,5399.622596,5399.622596,,2025-03-25 17:47:14
5828,9265,725,3,REPAY,3,0.317972,,0.317972,2025-03-25 18:02:37
5829,9268,393,1,REPAY,1,321.579258,,321.579258,2025-03-25 18:33:44
5830,9270,91,3,BORROW,4,1714.815475,3834.6067920046,1714.815475,2025-03-25 18:55:15
5831,9271,234,3,DEPOSIT,4,7440.165755,7440.165755,,2025-03-25 19:00:29
5832,9273,584,2,BORROW,3,258.142323,327.7855051391,258.142323,2025-03-25 19:56:24
5833,9275,900,2,WITHDRAW,3,1967.466041,,,2025-03-25 20:16:39
5834,9276,655,2,DEPOSIT,2,7437.867426,7437.867426,,2025-03-25 20:19:17
5835,9277,911,2,WITHDRAW,4,3132.321117,,,2025-03-25 20:30:56
5836,9281,123,4,REPAY,1,503.501398,,503.501398,2025-03-25 21:05:27
5837,9282,945,2,WITHDRAW,2,3870.063819,,,2025-03-25 21:20:07
5838,9283,791,2,WITHDRAW,5,2110.265869,,,2025-03-25 21:30:09
5839,9284,639,2,REPAY,3,172.589393,,172.589393,2025-03-25 21:37:22
5840,9286,584,4,LIQUIDATION,3,258.142323,306.6633381086,258.142323,2025-03-25 22:12:04
5841,9288,909,2,REPAY,3,4.556326,,4.556326,2025-03-25 22:30:19
5842,9289,923,3,REPAY,5,54.690448,,54.690448,2025-03-25 22:54:51
5843,9290,691,2,REPAY,5,25.926275,,25.926275,2025-03-25 22:56:10
5844,9291,999,4,REPAY,3,144.203554,,144.203554,2025-03-25 23:07:00
5845,9292,311,2,LIQUIDATION,3,15676.635049,16901.030690826,15676.635049,2025-03-25 23:29:25
5846,9296,939,4,REPAY,5,0.845411,,0.845411,2025-03-26 01:02:33
5847,9297,426,2,BORROW,5,9500.909026,13347.8814991697,9500.909026,2025-03-26 01:13:02
5848,9298,395,4,WITHDRAW,3,6028.062749,,,2025-03-26 01:30:32
5849,9299,158,3,REPAY,2,1.163165,,1.163165,2025-03-26 01:35:54
5850,9301,276,4,REPAY,3,0.152344,,0.152344,2025-03-26 02:27:33
5851,9302,613,4,REPAY,1,1.745336,,1.745336,2025-03-26 02:39:18
5852,9303,146,3,LIQUIDATION,2,3693.802406,3353.2876825175,3693.802406,2025-03-26 03:41:10
5853,9304,404,3,REPAY,4,26.269614,,26.269614,2025-03-26 03:55:56
5854,9305,831,2,REPAY,5,7.857991,,7.857991,2025-03-26 03:57:17
5855,9306,661,1,REPAY,2,1.324225,,1.324225,2025-03-26 04:04:05
5856,9307,292,3,REPAY,2,5525.330544,,5525.330544,2025-03-26 04:07:27
5857,9309,494,1,REPAY,2,228.032351,,228.032351,2025-03-26 04:50:56
5858,9313,820,4,REPAY,5,2.708588,,2.708588,2025-03-26 05:16:21
5859,9314,870,2,REPAY,2,6.789634,,6.789634,2025-03-26 05:18:09
5860,9316,767,4,DEPOSIT,4,2202.438772,2202.438772,,2025-03-26 05:38:58
5861,9317,28,1,REPAY,4,26.429064,,26.429064,2025-03-26 05:45:15
5862,9318,167,2,REPAY,4,2.560964,,2.560964,2025-03-26 05:54:12
5863,9319,975,4,REPAY,4,121.477517,,121.477517,2025-03-26 06:08:13
5864,9320,486,3,BORROW,1,8571.828442,16794.6263659417,8571.828442,2025-03-26 06:09:55
5865,9321,283,2,LIQUIDATION,2,0.947547,1.069919335,0.947547,2025-03-26 06:24:03
5866,9322,153,4,REPAY,5,213.553506,,213.553506,2025-03-26 06:52:48
5867,9323,186,3,WITHDRAW,3,1507.615224,,,2025-03-26 06:55:24
5868,9326,883,2,DEPOSIT,1,1826.269561,1826.269561,,2025-03-26 07:16:49
5869,9327,657,1,DEPOSIT,5,4313.01832,4313.01832,,2025-03-26 07:20:23
5870,9328,303,2,REPAY,2,9.581805,,9.581805,2025-03-26 07:31:13
5871,9329,994,4,REPAY,2,123.775793,,123.775793,2025-03-26 07:44:44
5872,9330,850,3,WITHDRAW,1,3163.355467,,,2025-03-26 08:00:18
5873,9331,14,1,REPAY,3,0.140231,,0.140231,2025-03-26 08:04:20
5874,9332,408,3,REPAY,4,0.006343,,0.006343,2025-03-26 08:07:03
5875,9334,634,1,LIQUIDATION,1,446.842037,479.7443015216,446.842037,2025-03-26 08:52:31
5876,9336,232,1,REPAY,1,27.2991,,27.2991,2025-03-26 09:44:17
5877,9337,182,2,REPAY,1,0.949873,,0.949873,2025-03-26 09:58:29
5878,9338,624,1,LIQUIDATION,5,2284.037261,1852.4518662581,2284.037261,2025-03-26 10:00:31
5879,9340,901,3,DEPOSIT,3,4075.802518,4075.802518,,2025-03-26 10:45:00
5880,9341,422,1,REPAY,3,86.861521,,86.861521,2025-03-26 11:06:00
5881,9343,628,2,REPAY,5,2.507183,,2.507183,2025-03-26 11:10:01
5882,9345,556,1,DEPOSIT,5,411.2852,411.2852,,2025-03-26 12:07:57
5883,9346,404,3,REPAY,2,41.086602,,41.086602,2025-03-26 12:12:17
5884,9347,918,1,REPAY,1,0.000303,,0.000303,2025-03-26 12:21:17
5885,9348,988,4,REPAY,5,36.104997,,36.104997,2025-03-26 12:53:43
5886,9349,371,4,DEPOSIT,5,7236.892591,7236.892591,,2025-03-26 13:00:21
5887,9350,219,3,LIQUIDATION,4,4355.745322,3773.1724795406,4355.745322,2025-03-26 13:03:31
5888,9351,780,3,REPAY,3,2220.978029,,2220.978029,2025-03-26 13:04:46
5889,9352,289,3,REPAY,5,167.934789,,167.934789,2025-03-26 13:06:50
5890,9353,620,4,WITHDRAW,4,2823.532421,,,2025-03-26 13:10:24
5891,9354,715,3,BORROW,5,2040.432341,3765.6141357947,2040.432341,2025-03-26 13:28:51
5892,9355,358,4,DEPOSIT,5,7173.891325,7173.891325,,2025-03-26 14:25:38
5893,9356,926,4,REPAY,3,12.154784,,12.154784,2025-03-26 14:27:47
5894,9358,194,2,WITHDRAW,1,6039.358282,,,2025-03-26 14:55:17
5895,9360,360,1,REPAY,2,87.25707,,87.25707,2025-03-26 15:11:58
5896,9361,959,3,REPAY,4,34.595501,,34.595501,2025-03-26 15:16:42
5897,9362,36,4,REPAY,1,2984.782029,,2984.782029,2025-03-26 15:19:48
5898,9363,156,3,DEPOSIT,3,9642.470971,9642.470971,,2025-03-26 15:51:57
5899,9364,386,3,REPAY,4,1004.647237,,1004.647237,2025-03-26 16:10:33
5900,9368,220,2,BORROW,1,8165.779641,17813.8764819888,8165.779641,2025-03-26 16:29:36
5901,9370,321,2,REPAY,3,3412.324961,,3412.324961,2025-03-26 16:40:19
5902,9371,687,2,REPAY,5,2310.250785,,2310.250785,2025-03-26 16:45:57
5903,9372,478,2,WITHDRAW,2,8641.19118,,,2025-03-26 16:58:45
5904,9373,356,2,REPAY,1,136.720908,,136.720908,2025-03-26 17:17:44
5905,9374,836,3,LIQUIDATION,4,1530.677698,1617.2104524288,1530.677698,2025-03-26 17:54:38
5906,9376,892,1,REPAY,4,969.176991,,969.176991,2025-03-26 18:27:54
5907,9377,363,2,REPAY,3,0.529237,,0.529237,2025-03-26 19:19:59
5908,9378,280,1,WITHDRAW,5,5084.356571,,,2025-03-26 19:33:39
5909,9379,467,2,REPAY,2,184.130777,,184.130777,2025-03-26 19:57:15
5910,9381,930,3,DEPOSIT,1,126.948929,126.948929,,2025-03-26 20:18:51
5911,9382,155,2,BORROW,5,8986.490519,20416.8717710755,8986.490519,2025-03-26 20:23:30
5912,9383,846,4,REPAY,1,307.322545,,307.322545,2025-03-26 20:38:55
5913,9384,284,3,REPAY,4,768.553336,,768.553336,2025-03-26 20:58:44
5914,9385,373,3,LIQUIDATION,2,1814.40607,1904.4090147508,1814.40607,2025-03-26 21:03:47
5915,9386,126,1,WITHDRAW,4,1185.23703,,,2025-03-26 21:31:54
5916,9387,231,2,REPAY,4,15.112408,,15.112408,2025-03-26 21:42:04
5917,9388,40,2,BORROW,5,1660.866121,2159.5943757165,1660.866121,2025-03-26 22:13:28
5918,9389,440,2,REPAY,1,0.106704,,0.106704,2025-03-26 22:26:20
5919,9391,673,3,REPAY,4,779.457131,,779.457131,2025-03-26 22:49:57
5920,9393,704,1,REPAY,3,347.477258,,347.477258,2025-03-26 22:53:52
5921,9394,489,1,REPAY,2,0.016664,,0.016664,2025-03-26 22:58:01
5922,9396,898,4,REPAY,1,0.009316,,0.009316,2025-03-26 23:43:07
5923,9397,697,4,REPAY,2,3.299045,,3.299045,2025-03-26 23:53:50
5924,9398,783,1,REPAY,5,1005.405074,,1005.405074,2025-03-26 23:56:24
5925,9401,761,4,DEPOSIT,4,5736.980509,5736.980509,,2025-03-27 00:25:13
5926,9402,61,2,BORROW,3,4579.660822,8170.4527585749,4579.660822,2025-03-27 00:37:35
5927,9403,86,1,WITHDRAW,4,4905.191381,,,2025-03-27 01:00:29
5928,9404,677,3,WITHDRAW,4,1082.875568,,,2025-03-27 01:09:07
5929,9405,363,2,REPAY,4,0.17537,,0.17537,2025-03-27 01:29:59
5930,9408,111,2,REPAY,2,2422.389333,,2422.389333,2025-03-27 01:59:12
5931,9409,649,3,REPAY,4,149.930516,,149.930516,2025-03-27 02:00:04
5932,9410,993,2,REPAY,4,1035.62922,,1035.62922,2025-03-27 02:15:13
5933,9411,298,2,LIQUIDATION,2,288.775227,345.0013199,288.775227,2025-03-27 02:26:42
5934,9413,18,2,WITHDRAW,2,2046.069068,,,2025-03-27 03:10:10
5935,9417,246,2,REPAY,1,337.254599,,337.254599,2025-03-27 03:46:35
5936,9418,590,2,WITHDRAW,2,1576.486158,,,2025-03-27 03:49:06
5937,9419,810,3,BORROW,1,6856.450751,15036.059933577,6856.450751,2025-03-27 03:53:38
5938,9421,570,1,DEPOSIT,1,5052.148569,5052.148569,,2025-03-27 04:18:33
5939,9422,786,3,WITHDRAW,2,4390.038178,,,2025-03-27 04:24:02
5940,9423,149,1,WITHDRAW,2,2861.716775,,,2025-03-27 04:34:41
5941,9424,814,4,BORROW,1,1122.853496,2695.7208409897,1122.853496,2025-03-27 05:10:11
5942,9425,989,2,REPAY,2,0.000263,,0.000263,2025-03-27 05:19:12
5943,9426,258,4,REPAY,5,894.87232,,894.87232,2025-03-27 05:30:01
5944,9430,406,1,REPAY,4,920.354452,,920.354452,2025-03-27 05:45:28
5945,9433,872,1,REPAY,1,1569.869344,,1569.869344,2025-03-27 06:23:37
5946,9434,950,4,BORROW,4,7501.936724,11881.3431156954,7501.936724,2025-03-27 06:29:36
5947,9437,889,3,REPAY,5,123.576984,,123.576984,2025-03-27 08:06:13
5948,9439,752,3,REPAY,2,1155.799524,,1155.799524,2025-03-27 08:40:36
5949,9441,912,1,DEPOSIT,1,2084.791709,2084.791709,,2025-03-27 08:52:31
5950,9442,143,4,REPAY,5,5.125917,,5.125917,2025-03-27 08:59:28
5951,9443,985,3,DEPOSIT,5,3653.730275,3653.730275,,2025-03-27 09:05:57
5952,9444,587,3,DEPOSIT,5,6704.076763,6704.076763,,2025-03-27 09:20:20
5953,9446,824,2,LIQUIDATION,1,3.257127,3.0047582765,3.257127,2025-03-27 09:54:36
5954,9449,831,2,REPAY,5,0.315823,,0.315823,2025-03-27 10:30:00
5955,9452,840,3,WITHDRAW,5,829.876577,,,2025-03-27 10:55:16
5956,9453,341,1,DEPOSIT,5,4100.108587,4100.108587,,2025-03-27 11:00:43
5957,9454,155,1,REPAY,3,3382.668235,,3382.668235,2025-03-27 11:01:45
5958,9455,532,1,BORROW,4,1892.40472,2656.1092178516,1892.40472,2025-03-27 11:24:38
5959,9456,998,1,REPAY,2,6489.369923,,6489.369923,2025-03-27 11:35:15
5960,9457,171,4,REPAY,3,123.69577,,123.69577,2025-03-27 11:41:26
5961,9458,293,1,WITHDRAW,3,8900.549399,,,2025-03-27 11:50:29
5962,9459,808,4,REPAY,3,705.455686,,705.455686,2025-03-27 11:59:17
5963,9463,619,2,WITHDRAW,2,9365.270517,,,2025-03-27 12:35:48
5964,9464,535,4,LIQUIDATION,2,84.37142,69.2382219656,84.37142,2025-03-27 12:42:30
5965,9465,426,3,LIQUIDATION,2,14566.762362,17117.3275038227,14566.762362,2025-03-27 13:13:39
5966,9469,237,2,BORROW,1,669.129879,1585.5456487447,669.129879,2025-03-27 13:57:09
5967,9470,562,4,LIQUIDATION,2,8765.51377,10203.512648407,8765.51377,2025-03-27 14:24:21
5968,9472,90,2,REPAY,5,97.981005,,97.981005,2025-03-27 15:17:24
5969,9473,390,2,REPAY,1,273.225947,,273.225947,2025-03-27 15:23:19
5970,9474,452,2,REPAY,2,2.393698,,2.393698,2025-03-27 15:44:52
5971,9475,698,3,REPAY,1,3749.450613,,3749.450613,2025-03-27 16:32:29
5972,9476,675,1,REPAY,5,3071.279915,,3071.279915,2025-03-27 16:47:46
5973,9478,74,1,REPAY,1,1330.774149,,1330.774149,2025-03-27 16:57:41
5974,9479,645,2,BORROW,2,2894.614354,6175.5031866602,2894.614354,2025-03-27 17:37:21
5975,9480,813,4,REPAY,3,1866.935613,,1866.935613,2025-03-27 17:37:51
5976,9482,6,1,LIQUIDATION,3,8316.038724,7189.6985909657,8316.038724,2025-03-27 17:55:11
5977,9485,875,1,WITHDRAW,5,9524.583549,,,2025-03-27 18:32:54
5978,9486,808,1,REPAY,3,767.177961,,767.177961,2025-03-27 19:07:34
5979,9487,6,4,BORROW,2,4738.637541,6082.2765197413,4738.637541,2025-03-27 19:13:05
5980,9488,442,3,DEPOSIT,5,4012.952276,4012.952276,,2025-03-27 19:17:18
5981,9489,848,2,DEPOSIT,3,7459.537597,7459.537597,,2025-03-27 19:19:38
5982,9491,840,1,REPAY,4,96.611825,,96.611825,2025-03-27 19:24:34
5983,9493,154,4,DEPOSIT,3,8055.406771,8055.406771,,2025-03-27 19:34:47
5984,9494,444,1,REPAY,2,699.213226,,699.213226,2025-03-27 19:38:36
5985,9495,788,2,LIQUIDATION,2,9677.25885,8916.2426990127,9677.25885,2025-03-27 20:04:50
5986,9496,489,4,REPAY,1,0.015896,,0.015896,2025-03-27 20:08:24
5987,9497,624,4,DEPOSIT,2,2583.559992,2583.559992,,2025-03-27 20:14:41
5988,9498,553,1,REPAY,4,27.452516,,27.452516,2025-03-27 20:21:40
5989,9499,325,2,DEPOSIT,1,8329.858766,8329.858766,,2025-03-27 20:32:22
5990,9500,275,1,REPAY,4,5.570211,,5.570211,2025-03-27 20:43:51
5991,9501,807,3,REPAY,1,21.632941,,21.632941,2025-03-27 20:50:54
5992,9503,214,1,BORROW,2,5102.057151,11627.6778229775,5102.057151,2025-03-27 21:37:19
5993,9504,752,3,REPAY,4,297.471533,,297.471533,2025-03-27 21:39:29
5994,9506,645,3,REPAY,1,1490.428015,,1490.428015,2025-03-27 22:13:11
5995,9507,765,2,REPAY,2,15.471109,,15.471109,2025-03-27 22:22:02
5996,9508,78,1,REPAY,4,146.487585,,146.487585,2025-03-27 22:27:40
5997,9509,266,4,DEPOSIT,3,724.654666,724.654666,,2025-03-27 22:33:58
5998,9510,461,1,DEPOSIT,5,2565.434322,2565.434322,,2025-03-27 22:51:37
5999,9511,940,3,WITHDRAW,2,8442.976845,,,2025-03-27 23:27:05
6000,9512,51,3,REPAY,3,779.861162,,779.861162,2025-03-28 00:20:51
6001,9513,816,1,WITHDRAW,2,6665.836671,,,2025-03-28 00:33:01
6002,9515,149,3,DEPOSIT,1,360.164538,360.164538,,2025-03-28 00:49:37
6003,9516,395,4,REPAY,4,205.152735,,205.152735,2025-03-28 00:58:40
6004,9518,798,4,LIQUIDATION,5,1842.438331,1806.9781789342,1842.438331,2025-03-28 01:16:38
6005,9519,31,2,DEPOSIT,2,402.47425,402.47425,,2025-03-28 01:27:14
6006,9520,367,1,WITHDRAW,1,5854.781768,,,2025-03-28 02:17:28
6007,9521,944,3,REPAY,3,5.210204,,5.210204,2025-03-28 02:18:24
6008,9523,979,4,WITHDRAW,4,6009.809202,,,2025-03-28 02:25:00
6009,9526,772,2,DEPOSIT,4,8854.877312,8854.877312,,2025-03-28 03:32:52
6010,9527,968,1,REPAY,2,6180.324535,,6180.324535,2025-03-28 03:34:25
6011,9528,193,4,LIQUIDATION,1,5751.743657,5679.0321155843,5751.743657,2025-03-28 03:54:50
6012,9529,501,2,BORROW,4,5785.662401,11254.3857030364,5785.662401,2025-03-28 04:08:13
6013,9532,83,4,REPAY,3,8.975688,,8.975688,2025-03-28 04:19:54
6014,9533,896,4,REPAY,3,30.084744,,30.084744,2025-03-28 04:29:56
6015,9534,686,1,REPAY,3,17.829667,,17.829667,2025-03-28 04:32:15
6016,9535,105,4,DEPOSIT,5,6949.486014,6949.486014,,2025-03-28 04:58:06
6017,9536,933,2,BORROW,4,2543.979912,5800.2493304775,2543.979912,2025-03-28 04:59:03
6018,9537,746,2,BORROW,1,1565.693689,3816.2417382628,1565.693689,2025-03-28 05:04:01
6019,9539,98,4,REPAY,4,2853.425908,,2853.425908,2025-03-28 05:16:55
6020,9540,584,4,BORROW,3,4062.320456,9431.2308599025,4062.320456,2025-03-28 05:40:17
6021,9541,364,1,REPAY,4,2.998296,,2.998296,2025-03-28 06:04:12
6022,9542,267,2,BORROW,3,9179.711202,14771.9161133043,9179.711202,2025-03-28 06:13:00
6023,9543,490,2,REPAY,4,0.033812,,0.033812,2025-03-28 06:15:33
6024,9545,621,3,DEPOSIT,2,9217.854354,9217.854354,,2025-03-28 06:39:16
6025,9549,626,1,BORROW,4,2461.192878,3289.8145298635,2461.192878,2025-03-28 07:25:26
6026,9551,983,2,REPAY,4,426.824654,,426.824654,2025-03-28 07:52:55
6027,9552,218,3,WITHDRAW,5,8270.968382,,,2025-03-28 08:05:58
6028,9553,490,4,REPAY,5,0.116961,,0.116961,2025-03-28 08:19:19
6029,9554,408,4,REPAY,4,0.002481,,0.002481,2025-03-28 08:37:09
6030,9555,545,1,BORROW,5,6140.793535,13301.0442568525,6140.793535,2025-03-28 09:00:56
6031,9556,51,2,REPAY,4,70.886988,,70.886988,2025-03-28 09:01:59
6032,9557,598,3,REPAY,3,474.704474,,474.704474,2025-03-28 09:07:39
6033,9558,679,4,BORROW,1,7175.263076,10527.5217628992,7175.263076,2025-03-28 09:22:36
6034,9559,455,2,WITHDRAW,4,4698.703813,,,2025-03-28 09:28:43
6035,9562,181,3,DEPOSIT,5,840.08539,840.08539,,2025-03-28 10:20:47
6036,9563,509,1,REPAY,4,74.823492,,74.823492,2025-03-28 10:22:06
6037,9564,443,2,DEPOSIT,5,8895.471631,8895.471631,,2025-03-28 10:24:05
6038,9565,405,3,WITHDRAW,5,5201.304494,,,2025-03-28 10:40:26
6039,9566,714,1,REPAY,5,8552.995726,,8552.995726,2025-03-28 10:51:28
6040,9568,167,2,REPAY,1,5.3037,,5.3037,2025-03-28 11:05:22
6041,9569,228,3,WITHDRAW,4,3577.17659,,,2025-03-28 11:31:06
6042,9571,106,3,REPAY,4,0.014838,,0.014838,2025-03-28 11:59:06
6043,9572,620,1,REPAY,3,524.494614,,524.494614,2025-03-28 12:05:59
6044,9574,58,1,REPAY,2,1685.991401,,1685.991401,2025-03-28 12:32:05
6045,9576,987,4,WITHDRAW,5,8719.815684,,,2025-03-28 12:57:35
6046,9578,534,4,REPAY,5,115.550672,,115.550672,2025-03-28 13:26:16
6047,9579,60,4,REPAY,3,1036.986032,,1036.986032,2025-03-28 13:27:48
6048,9582,486,2,LIQUIDATION,5,15784.858308,17393.2472839519,15784.858308,2025-03-28 13:46:00
6049,9583,333,3,REPAY,4,17.880449,,17.880449,2025-03-28 13:57:39
6050,9586,252,4,DEPOSIT,1,6417.685011,6417.685011,,2025-03-28 14:25:40
6051,9587,281,1,BORROW,2,2371.222188,5902.8542343069,2371.222188,2025-03-28 14:32:35
6052,9588,823,3,REPAY,5,1995.394882,,1995.394882,2025-03-28 14:33:50
6053,9591,263,1,DEPOSIT,3,4391.607639,4391.607639,,2025-03-28 15:14:44
6054,9592,155,3,BORROW,3,2535.884464,3117.4449815245,2535.884464,2025-03-28 15:16:31
6055,9597,696,2,REPAY,4,177.735148,,177.735148,2025-03-28 15:50:48
6056,9600,176,1,BORROW,3,1445.891459,2075.6973576266,1445.891459,2025-03-28 17:16:58
6057,9604,245,4,REPAY,2,515.653415,,515.653415,2025-03-28 17:45:05
6058,9607,409,1,REPAY,5,909.872539,,909.872539,2025-03-28 18:05:59
6059,9609,376,3,LIQUIDATION,1,10992.462938,10499.7118101502,10992.462938,2025-03-28 18:17:47
6060,9610,517,1,DEPOSIT,2,4098.263118,4098.263118,,2025-03-28 18:50:43
6061,9611,630,3,REPAY,5,19.329819,,19.329819,2025-03-28 19:29:18
6062,9612,579,4,DEPOSIT,1,5049.530108,5049.530108,,2025-03-28 19:34:06
6063,9615,845,3,REPAY,2,3849.298477,,3849.298477,2025-03-28 20:15:22
6064,9616,250,2,DEPOSIT,1,8737.524316,8737.524316,,2025-03-28 21:24:32
6065,9618,401,2,REPAY,2,26.471235,,26.471235,2025-03-28 22:08:11
6066,9622,396,1,REPAY,5,9.823154,,9.823154,2025-03-29 01:20:51
6067,9623,574,4,REPAY,2,45.141226,,45.141226,2025-03-29 01:49:51
6068,9625,419,2,BORROW,2,1260.620026,2857.5087835595,1260.620026,2025-03-29 02:04:43
6069,9627,777,2,REPAY,4,0.059846,,0.059846,2025-03-29 02:52:12
6070,9628,899,1,WITHDRAW,2,5524.210329,,,2025-03-29 03:15:55
6071,9630,603,2,REPAY,1,79.547801,,79.547801,2025-03-29 03:39:20
6072,9632,128,3,DEPOSIT,5,3780.929716,3780.929716,,2025-03-29 03:50:46
6073,9634,605,1,BORROW,5,5376.635685,8570.7645787564,5376.635685,2025-03-29 04:04:46
6074,9635,663,2,REPAY,3,2.203303,,2.203303,2025-03-29 04:20:33
6075,9636,501,2,DEPOSIT,4,4959.286564,4959.286564,,2025-03-29 04:40:36
6076,9637,671,3,WITHDRAW,1,8663.55698,,,2025-03-29 04:48:09
6077,9638,539,2,DEPOSIT,2,8570.73244,8570.73244,,2025-03-29 04:50:23
6078,9639,290,2,LIQUIDATION,1,813.822401,779.3130718829,813.822401,2025-03-29 05:16:48
6079,9640,725,1,REPAY,1,0.559435,,0.559435,2025-03-29 05:26:21
6080,9641,418,1,REPAY,2,679.643454,,679.643454,2025-03-29 05:44:48
6081,9642,233,1,DEPOSIT,2,5223.237838,5223.237838,,2025-03-29 05:55:25
6082,9644,302,4,BORROW,3,6617.455272,11613.2560107101,6617.455272,2025-03-29 06:16:55
6083,9645,905,2,LIQUIDATION,1,3745.313414,4076.9640002222,3745.313414,2025-03-29 06:20:54
6084,9646,649,3,REPAY,4,124.8931,,124.8931,2025-03-29 06:22:17
6085,9647,941,4,WITHDRAW,2,5607.478288,,,2025-03-29 06:36:59
6086,9648,495,3,REPAY,1,5.282878,,5.282878,2025-03-29 06:52:00
6087,9651,252,3,LIQUIDATION,5,7706.288533,7767.729892845,7706.288533,2025-03-29 07:10:17
6088,9652,32,4,REPAY,5,2504.177072,,2504.177072,2025-03-29 07:16:09
6089,9653,818,1,REPAY,5,0.58065,,0.58065,2025-03-29 07:37:43
6090,9654,817,3,REPAY,4,242.403797,,242.403797,2025-03-29 07:47:26
6091,9655,218,3,WITHDRAW,4,4187.388836,,,2025-03-29 07:54:16
6092,9656,312,1,DEPOSIT,5,7965.87149,7965.87149,,2025-03-29 08:00:15
6093,9657,465,4,REPAY,5,2797.802796,,2797.802796,2025-03-29 08:09:30
6094,9658,207,2,REPAY,1,5.5e-05,,5.5e-05,2025-03-29 08:28:31
6095,9659,392,3,REPAY,4,0.287272,,0.287272,2025-03-29 08:49:22
6096,9660,220,4,REPAY,1,6705.201714,,6705.201714,2025-03-29 08:54:33
6097,9661,474,1,REPAY,2,172.638939,,172.638939,2025-03-29 09:01:16
6098,9663,501,3,BORROW,3,2470.105563,3805.322116778,2470.105563,2025-03-29 09:21:55
6099,9664,620,3,REPAY,1,203.176362,,203.176362,2025-03-29 09:26:20
6100,9665,572,4,WITHDRAW,4,9504.995906,,,2025-03-29 09:34:55
6101,9666,627,2,REPAY,4,0.587916,,0.587916,2025-03-29 09:41:25
6102,9667,295,3,DEPOSIT,3,2955.181472,2955.181472,,2025-03-29 10:24:36
6103,9668,706,1,REPAY,2,198.98036,,198.98036,2025-03-29 10:29:50
6104,9671,968,1,REPAY,2,1040.703556,,1040.703556,2025-03-29 11:06:19
6105,9672,822,1,REPAY,5,0.447039,,0.447039,2025-03-29 11:30:12
6106,9673,668,2,WITHDRAW,3,9517.098092,,,2025-03-29 11:42:57
6107,9674,300,3,BORROW,5,8094.601061,17028.6591241948,8094.601061,2025-03-29 11:45:25
6108,9675,439,2,REPAY,2,68.839281,,68.839281,2025-03-29 12:09:44
6109,9676,898,4,REPAY,3,0.003249,,0.003249,2025-03-29 12:13:53
6110,9677,334,2,BORROW,5,3871.842035,5054.3453002814,3871.842035,2025-03-29 12:32:57
6111,9679,325,2,REPAY,4,0.001473,,0.001473,2025-03-29 13:16:49
6112,9680,136,2,LIQUIDATION,3,2301.230139,1851.0229569411,2301.230139,2025-03-29 13:30:50
6113,9681,3,4,REPAY,4,770.679932,,770.679932,2025-03-29 13:42:13
6114,9683,335,2,WITHDRAW,4,7929.29288,,,2025-03-29 14:23:52
6115,9685,510,4,REPAY,1,183.975459,,183.975459,2025-03-29 15:09:06
6116,9686,282,1,DEPOSIT,1,9057.688086,9057.688086,,2025-03-29 15:09:26
6117,9687,562,4,BORROW,3,2119.784836,3674.8530963513,2119.784836,2025-03-29 15:46:26
6118,9688,588,1,LIQUIDATION,3,20.193615,23.9672776635,20.193615,2025-03-29 16:05:43
6119,9689,976,4,BORROW,4,8500.91542,18133.5047436713,8500.91542,2025-03-29 16:08:19
6120,9690,871,1,REPAY,4,7133.961927,,7133.961927,2025-03-29 16:18:25
6121,9691,264,1,BORROW,3,1605.238421,2945.6508833995,1605.238421,2025-03-29 16:39:11
6122,9692,49,2,REPAY,4,0.645099,,0.645099,2025-03-29 17:03:56
6123,9693,867,2,WITHDRAW,2,3921.855932,,,2025-03-29 17:12:09
6124,9694,702,1,DEPOSIT,4,2313.342181,2313.342181,,2025-03-29 17:16:13
6125,9696,104,3,REPAY,4,632.030308,,632.030308,2025-03-29 18:05:10
6126,9697,463,4,REPAY,2,0.367035,,0.367035,2025-03-29 18:05:27
6127,9698,228,4,DEPOSIT,1,1394.743196,1394.743196,,2025-03-29 18:22:18
6128,9699,650,3,REPAY,2,2.704093,,2.704093,2025-03-29 18:26:02
6129,9701,903,4,REPAY,1,0.009531,,0.009531,2025-03-29 18:43:14
6130,9702,518,4,LIQUIDATION,2,3450.477006,3257.2256674906,3450.477006,2025-03-29 18:50:44
6131,9707,25,1,REPAY,3,1592.299387,,1592.299387,2025-03-29 20:13:03
6132,9708,979,3,DEPOSIT,3,3182.001924,3182.001924,,2025-03-29 20:21:10
6133,9711,940,3,WITHDRAW,4,4458.036937,,,2025-03-29 20:31:46
6134,9712,2,1,BORROW,4,1150.505484,2545.7941425889,1150.505484,2025-03-29 20:33:24
6135,9713,95,2,REPAY,2,388.568769,,388.568769,2025-03-29 20:57:14
6136,9714,577,1,REPAY,5,0.043885,,0.043885,2025-03-29 21:06:17
6137,9716,553,2,LIQUIDATION,1,9.553593,10.4003705258,9.553593,2025-03-29 21:20:42
6138,9718,368,1,BORROW,1,1967.212922,4585.4616159424,1967.212922,2025-03-29 21:49:09
6139,9720,645,2,REPAY,1,1018.081639,,1018.081639,2025-03-29 22:02:53
6140,9721,176,4,DEPOSIT,4,1816.9163,1816.9163,,2025-03-29 22:07:53
6141,9722,661,2,LIQUIDATION,1,0.74539,0.7919517192,0.74539,2025-03-29 22:24:50
6142,9723,986,4,BORROW,1,9151.443742,14157.4717867868,9151.443742,2025-03-29 23:00:49
6143,9725,224,4,WITHDRAW,3,2018.552526,,,2025-03-29 23:49:07
6144,9726,752,2,REPAY,3,273.826411,,273.826411,2025-03-29 23:49:15
6145,9728,976,4,REPAY,4,3641.090134,,3641.090134,2025-03-30 00:11:54
6146,9731,484,1,DEPOSIT,3,9657.660146,9657.660146,,2025-03-30 00:51:57
6147,9732,586,4,REPAY,3,5.106699,,5.106699,2025-03-30 01:02:58
6148,9734,594,4,REPAY,3,2190.536895,,2190.536895,2025-03-30 01:12:03
6149,9736,462,4,REPAY,5,0.000268,,0.000268,2025-03-30 01:19:26
6150,9737,390,2,REPAY,4,17.725821,,17.725821,2025-03-30 01:35:23
6151,9738,32,1,REPAY,4,1385.98371,,1385.98371,2025-03-30 01:40:07
6152,9740,452,3,REPAY,5,1.523004,,1.523004,2025-03-30 02:18:19
6153,9741,206,4,REPAY,1,0.180069,,0.180069,2025-03-30 02:25:27
6154,9742,466,2,DEPOSIT,1,7309.725017,7309.725017,,2025-03-30 02:25:54
6155,9746,285,3,DEPOSIT,3,2177.822599,2177.822599,,2025-03-30 03:07:56
6156,9748,574,2,LIQUIDATION,3,107.474888,126.4891074233,107.474888,2025-03-30 03:53:44
6157,9750,849,4,REPAY,2,129.065021,,129.065021,2025-03-30 04:00:45
6158,9751,26,1,REPAY,4,0.080329,,0.080329,2025-03-30 04:03:07
6159,9752,964,1,BORROW,5,5720.034623,11305.4265239718,5720.034623,2025-03-30 04:06:56
6160,9753,299,2,REPAY,4,7.996328,,7.996328,2025-03-30 04:09:03
6161,9754,679,3,BORROW,4,3988.276368,9474.9706309348,3988.276368,2025-03-30 04:09:41
6162,9756,870,1,REPAY,5,2.138395,,2.138395,2025-03-30 05:12:04
6163,9757,450,4,DEPOSIT,1,476.808607,476.808607,,2025-03-30 05:14:10
6164,9758,773,1,REPAY,3,0.107867,,0.107867,2025-03-30 05:25:12
6165,9759,8,3,REPAY,4,174.124406,,174.124406,2025-03-30 05:30:20
6166,9761,328,2,WITHDRAW,1,9642.867207,,,2025-03-30 05:56:13
6167,9762,344,3,REPAY,4,2.886225,,2.886225,2025-03-30 06:02:01
6168,9763,183,3,BORROW,4,9592.537536,19887.0427413608,9592.537536,2025-03-30 06:29:24
6169,9764,251,2,DEPOSIT,2,7782.846672,7782.846672,,2025-03-30 06:30:16
6170,9765,516,2,WITHDRAW,4,5526.064901,,,2025-03-30 06:43:43
6171,9766,559,1,WITHDRAW,1,8857.596887,,,2025-03-30 06:45:05
6172,9767,82,1,DEPOSIT,3,6956.908657,6956.908657,,2025-03-30 06:47:31
6173,9769,151,1,REPAY,4,38.757061,,38.757061,2025-03-30 06:54:07
6174,9770,725,4,REPAY,3,0.027941,,0.027941,2025-03-30 06:58:38
6175,9771,370,2,DEPOSIT,4,3412.639713,3412.639713,,2025-03-30 07:01:07
6176,9772,968,4,REPAY,4,306.773975,,306.773975,2025-03-30 07:02:07
6177,9773,632,3,BORROW,3,8974.742888,17834.7382262921,8974.742888,2025-03-30 07:19:50
6178,9775,275,4,REPAY,3,13.292804,,13.292804,2025-03-30 07:42:42
6179,9776,390,2,REPAY,2,7.960884,,7.960884,2025-03-30 08:21:15
6180,9777,494,2,REPAY,3,101.348239,,101.348239,2025-03-30 08:24:14
6181,9778,170,2,WITHDRAW,5,8210.801068,,,2025-03-30 08:24:40
6182,9780,918,3,DEPOSIT,4,8356.101807,8356.101807,,2025-03-30 08:33:58
6183,9781,63,4,REPAY,3,25.462088,,25.462088,2025-03-30 08:34:57
6184,9782,348,3,BORROW,4,4759.509444,11755.574190146,4759.509444,2025-03-30 09:22:31
6185,9783,962,1,REPAY,4,6e-06,,6e-06,2025-03-30 09:27:42
6186,9784,758,3,REPAY,1,0.770014,,0.770014,2025-03-30 10:00:13
6187,9785,110,2,BORROW,4,3743.354394,7076.2800595844,3743.354394,2025-03-30 10:01:41
6188,9786,1000,3,REPAY,4,173.704373,,173.704373,2025-03-30 10:03:08
6189,9787,348,4,REPAY,3,1396.918214,,1396.918214,2025-03-30 10:28:07
6190,9788,322,1,LIQUIDATION,5,5399.482119,5268.9598332548,5399.482119,2025-03-30 10:30:31
6191,9789,622,1,WITHDRAW,3,8325.644871,,,2025-03-30 10:38:51
6192,9791,688,1,REPAY,1,1.914921,,1.914921,2025-03-30 12:06:35
6193,9792,178,1,REPAY,1,0.099293,,0.099293,2025-03-30 12:16:50
6194,9793,300,3,DEPOSIT,5,4358.388776,4358.388776,,2025-03-30 12:46:14
6195,9794,981,2,REPAY,1,0.305137,,0.305137,2025-03-30 12:46:17
6196,9795,940,1,BORROW,1,1895.141028,4005.8792338951,1895.141028,2025-03-30 13:06:08
6197,9796,654,1,LIQUIDATION,4,2355.20987,2453.0813510038,2355.20987,2025-03-30 13:09:32
6198,9798,914,2,WITHDRAW,1,3441.001377,,,2025-03-30 13:25:18
6199,9801,897,4,DEPOSIT,2,8273.677929,8273.677929,,2025-03-30 14:03:47
6200,9802,457,2,REPAY,3,1619.513945,,1619.513945,2025-03-30 14:04:58
6201,9803,305,1,BORROW,2,3605.759749,4943.761220929,3605.759749,2025-03-30 14:17:59
6202,9804,83,2,REPAY,2,1.145011,,1.145011,2025-03-30 14:32:34
6203,9805,947,1,DEPOSIT,1,8942.48904,8942.48904,,2025-03-30 14:35:12
6204,9806,438,3,REPAY,2,193.74263,,193.74263,2025-03-30 15:11:27
6205,9808,625,1,BORROW,2,4962.664101,12294.6526554582,4962.664101,2025-03-30 15:31:43
6206,9810,370,4,WITHDRAW,4,3514.603224,,,2025-03-30 15:38:47
6207,9811,125,4,DEPOSIT,1,879.669228,879.669228,,2025-03-30 16:01:05
6208,9812,418,2,REPAY,4,361.276673,,361.276673,2025-03-30 16:35:29
6209,9815,483,3,REPAY,5,0.009068,,0.009068,2025-03-30 17:15:37
6210,9816,860,1,REPAY,5,4.05922,,4.05922,2025-03-30 17:18:37
6211,9817,722,2,LIQUIDATION,2,183.565309,193.0079163378,183.565309,2025-03-30 17:23:53
6212,9818,745,2,REPAY,2,0.301901,,0.301901,2025-03-30 17:31:17
6213,9819,225,1,REPAY,3,7.192285,,7.192285,2025-03-30 17:33:31
6214,9820,399,1,WITHDRAW,4,1521.850805,,,2025-03-30 17:43:15
6215,9822,838,2,DEPOSIT,1,6187.476996,6187.476996,,2025-03-30 18:09:28
6216,9826,245,4,REPAY,4,158.682203,,158.682203,2025-03-30 19:16:19
6217,9828,366,4,REPAY,4,7.524565,,7.524565,2025-03-30 19:47:39
6218,9829,879,2,DEPOSIT,4,5686.015662,5686.015662,,2025-03-30 20:15:21
6219,9830,941,2,REPAY,5,116.317583,,116.317583,2025-03-30 20:18:50
6220,9835,292,4,REPAY,3,1415.409307,,1415.409307,2025-03-30 21:17:06
6221,9837,343,3,REPAY,5,1771.933402,,1771.933402,2025-03-30 21:21:27
6222,9838,813,4,REPAY,2,297.829624,,297.829624,2025-03-30 21:26:24
6223,9840,391,2,REPAY,5,1475.584718,,1475.584718,2025-03-30 21:47:05
6224,9841,558,3,REPAY,5,25.863875,,25.863875,2025-03-30 21:47:23
6225,9842,424,1,REPAY,5,1.420192,,1.420192,2025-03-30 21:50:53
6226,9843,33,4,DEPOSIT,4,3361.947468,3361.947468,,2025-03-30 22:22:14
6227,9844,373,4,BORROW,1,7472.171747,17571.6897609769,7472.171747,2025-03-30 22:28:03
6228,9845,671,2,BORROW,4,1616.343719,2213.7658819186,1616.343719,2025-03-30 22:34:42
6229,9848,507,3,REPAY,4,546.807447,,546.807447,2025-03-30 23:11:58
6230,9849,171,1,REPAY,3,159.604742,,159.604742,2025-03-30 23:23:17
6231,9850,243,4,REPAY,4,0.399193,,0.399193,2025-03-30 23:33:45
6232,9851,748,1,REPAY,4,339.347994,,339.347994,2025-03-31 00:03:59
6233,9853,787,2,REPAY,2,384.788335,,384.788335,2025-03-31 00:23:24
6234,9854,109,1,REPAY,3,0.344116,,0.344116,2025-03-31 00:31:42
6235,9855,245,3,REPAY,3,17.752774,,17.752774,2025-03-31 00:34:09
6236,9857,365,1,REPAY,4,124.285806,,124.285806,2025-03-31 01:12:03
6237,9858,711,2,REPAY,5,1549.871993,,1549.871993,2025-03-31 01:25:46
6238,9860,337,1,BORROW,5,5279.596191,10148.1280834663,5279.596191,2025-03-31 01:45:35
6239,9861,426,2,DEPOSIT,2,7316.45699,7316.45699,,2025-03-31 01:47:34
6240,9862,482,2,REPAY,2,2170.805735,,2170.805735,2025-03-31 01:56:00
6241,9863,790,1,REPAY,3,4013.77148,,4013.77148,2025-03-31 01:56:39
6242,9864,706,3,REPAY,2,140.076309,,140.076309,2025-03-31 02:03:02
6243,9865,964,4,REPAY,3,1446.352539,,1446.352539,2025-03-31 02:16:22
6244,9866,631,4,REPAY,3,64.312641,,64.312641,2025-03-31 02:23:19
6245,9867,933,1,REPAY,5,1914.192578,,1914.192578,2025-03-31 02:39:19
6246,9868,52,3,REPAY,3,3779.864418,,3779.864418,2025-03-31 02:41:47
6247,9870,448,4,REPAY,3,11.276909,,11.276909,2025-03-31 03:05:04
6248,9871,639,1,DEPOSIT,4,5711.17834,5711.17834,,2025-03-31 03:05:08
6249,9873,352,3,REPAY,2,35.728692,,35.728692,2025-03-31 03:41:24
6250,9874,217,1,DEPOSIT,3,4649.788874,4649.788874,,2025-03-31 03:59:38
6251,9877,142,3,WITHDRAW,2,3865.846452,,,2025-03-31 04:35:39
6252,9878,507,4,REPAY,4,286.184709,,286.184709,2025-03-31 04:48:43
6253,9879,154,4,BORROW,1,1721.623381,3553.0753606639,1721.623381,2025-03-31 04:54:47
6254,9880,286,4,REPAY,5,1.142086,,1.142086,2025-03-31 05:20:24
6255,9881,991,2,DEPOSIT,1,7708.608006,7708.608006,,2025-03-31 05:48:22
6256,9882,405,4,REPAY,2,2559.700668,,2559.700668,2025-03-31 06:04:28
6257,9884,279,4,WITHDRAW,4,9577.465063,,,2025-03-31 06:11:14
6258,9887,20,1,WITHDRAW,4,526.456597,,,2025-03-31 08:30:54
6259,9888,976,2,BORROW,2,7482.305898,11838.2177295912,7482.305898,2025-03-31 08:42:31
6260,9889,697,1,REPAY,4,1.020313,,1.020313,2025-03-31 08:47:02
6261,9891,332,4,LIQUIDATION,3,441.729013,388.069588983,441.729013,2025-03-31 08:52:06
6262,9892,667,4,REPAY,3,0.035268,,0.035268,2025-03-31 08:55:25
6263,9893,322,1,BORROW,1,9918.78707,14973.7516033059,9918.78707,2025-03-31 09:22:56
6264,9894,298,2,BORROW,1,2896.419862,3877.1025179781,2896.419862,2025-03-31 09:24:16
6265,9896,752,2,REPAY,2,103.348484,,103.348484,2025-03-31 09:33:55
6266,9897,768,2,REPAY,2,109.842999,,109.842999,2025-03-31 10:02:42
6267,9898,61,2,LIQUIDATION,1,4630.180558,4010.3525291678,4630.180558,2025-03-31 10:29:39
6268,9899,894,4,DEPOSIT,1,3948.441385,3948.441385,,2025-03-31 10:33:52
6269,9901,692,1,WITHDRAW,3,9779.373372,,,2025-03-31 10:40:09
6270,9903,542,4,REPAY,4,812.218057,,812.218057,2025-03-31 10:59:18
6271,9904,550,2,REPAY,1,482.60185,,482.60185,2025-03-31 11:06:46
6272,9906,151,1,REPAY,2,39.408272,,39.408272,2025-03-31 11:13:04
6273,9907,9,2,REPAY,1,1325.21732,,1325.21732,2025-03-31 11:30:03
6274,9908,723,3,DEPOSIT,5,1324.266921,1324.266921,,2025-03-31 11:37:07
6275,9909,455,2,REPAY,4,2.789094,,2.789094,2025-03-31 11:38:42
6276,9910,857,3,LIQUIDATION,4,6646.166149,6596.5877445065,6646.166149,2025-03-31 11:42:06
6277,9914,711,1,REPAY,4,685.378571,,685.378571,2025-03-31 12:17:54
6278,9915,823,3,REPAY,2,1262.006369,,1262.006369,2025-03-31 12:23:31
6279,9916,230,2,REPAY,2,1759.063568,,1759.063568,2025-03-31 12:37:14
6280,9917,19,2,REPAY,3,54.981018,,54.981018,2025-03-31 12:55:18
6281,9918,140,4,REPAY,3,0.02936,,0.02936,2025-03-31 13:08:06
6282,9919,933,4,LIQUIDATION,4,629.787334,528.5692436944,629.787334,2025-03-31 13:15:09
6283,9922,896,2,REPAY,3,53.798847,,53.798847,2025-03-31 13:44:21
6284,9924,23,4,BORROW,3,8096.098755,18327.4855197442,8096.098755,2025-03-31 14:04:46
6285,9929,444,2,REPAY,3,454.449461,,454.449461,2025-03-31 16:00:46
6286,9931,226,3,WITHDRAW,5,7502.846094,,,2025-03-31 16:49:53
6287,9932,28,4,REPAY,4,8.968218,,8.968218,2025-03-31 17:16:39
6288,9933,726,3,REPAY,4,48.888701,,48.888701,2025-03-31 17:19:42
6289,9934,939,3,REPAY,2,0.258242,,0.258242,2025-03-31 17:38:06
6290,9935,814,1,REPAY,3,900.707178,,900.707178,2025-03-31 17:46:16
6291,9937,746,3,LIQUIDATION,3,7113.429083,7973.3545332255,7113.429083,2025-03-31 18:03:54
6292,9938,625,1,REPAY,2,1967.842704,,1967.842704,2025-03-31 18:22:27
6293,9939,408,3,REPAY,1,0.000608,,0.000608,2025-03-31 18:50:20
6294,9941,155,2,BORROW,3,814.867607,1853.1148183991,814.867607,2025-03-31 19:07:56
6295,9942,655,4,BORROW,3,1831.001332,2362.7429781481,1831.001332,2025-03-31 19:16:00
6296,9943,636,2,REPAY,5,601.234714,,601.234714,2025-03-31 19:20:39
6297,9947,454,3,REPAY,1,571.178312,,571.178312,2025-03-31 20:37:53
6298,9949,16,4,REPAY,2,106.638867,,106.638867,2025-03-31 21:01:47
6299,9951,895,1,REPAY,1,1.213743,,1.213743,2025-03-31 21:10:40
6300,9952,702,2,DEPOSIT,3,6081.34177,6081.34177,,2025-03-31 21:18:34
6301,9953,571,4,REPAY,5,13.901081,,13.901081,2025-03-31 21:45:16
6302,9954,19,4,REPAY,3,5.942118,,5.942118,2025-03-31 21:45:41
6303,9956,891,2,REPAY,4,1423.885934,,1423.885934,2025-03-31 22:00:06
6304,9959,403,2,REPAY,3,0.007124,,0.007124,2025-03-31 23:21:05
6305,9960,393,3,LIQUIDATION,1,90.84594,105.7876107879,90.84594,2025-03-31 23:43:10
6306,9961,877,2,REPAY,2,135.724429,,135.724429,2025-03-31 23:50:31
6307,9962,791,3,WITHDRAW,5,2096.706396,,,2025-03-31 23:59:30
6308,9963,770,4,BORROW,3,1841.040229,3613.3500138368,1841.040229,2025-04-01 00:04:42
6309,9964,766,4,REPAY,3,168.367053,,168.367053,2025-04-01 00:10:56
6310,9965,256,4,DEPOSIT,2,1269.635675,1269.635675,,2025-04-01 00:26:04
6311,9966,186,2,WITHDRAW,3,1327.241248,,,2025-04-01 00:46:16
6312,9967,926,2,REPAY,2,6.829655,,6.829655,2025-04-01 00:52:35
6313,9968,292,1,REPAY,5,683.853604,,683.853604,2025-04-01 00:55:34
6314,9969,787,2,LIQUIDATION,5,463.779264,383.7274624327,463.779264,2025-04-01 01:14:28
6315,9970,288,4,BORROW,1,6970.45516,16903.6718996515,6970.45516,2025-04-01 01:16:52
6316,9971,514,1,LIQUIDATION,1,106.209508,105.2394881617,106.209508,2025-04-01 01:16:52
6317,9973,521,1,REPAY,3,5679.443409,,5679.443409,2025-04-01 02:03:18
6318,9974,588,4,BORROW,4,3682.180788,4840.5023514113,3682.180788,2025-04-01 02:09:01
6395,10095,694,1,WITHDRAW,1,7924.524454,,,2025-04-02 08:51:33
6319,9976,628,3,LIQUIDATION,4,2.538751,2.9143718407,2.538751,2025-04-01 02:27:58
6320,9978,406,1,REPAY,4,3075.309883,,3075.309883,2025-04-01 03:08:27
6321,9980,883,2,DEPOSIT,3,9965.127303,9965.127303,,2025-04-01 03:24:12
6322,9981,611,2,REPAY,1,0.314045,,0.314045,2025-04-01 03:24:53
6323,9982,755,3,LIQUIDATION,1,2386.027994,2411.2681080994,2386.027994,2025-04-01 03:32:27
6324,9983,903,1,REPAY,4,0.010229,,0.010229,2025-04-01 03:38:32
6325,9986,756,3,DEPOSIT,1,6519.168909,6519.168909,,2025-04-01 03:46:30
6326,9987,24,1,REPAY,1,0.03829,,0.03829,2025-04-01 04:24:58
6327,9988,732,3,REPAY,2,272.24248,,272.24248,2025-04-01 04:27:26
6328,9989,953,2,REPAY,3,55.144119,,55.144119,2025-04-01 05:26:07
6329,9990,611,3,BORROW,2,7225.718876,17801.5857445614,7225.718876,2025-04-01 05:27:22
6330,9992,762,1,REPAY,5,0.01195,,0.01195,2025-04-01 05:49:35
6331,9993,785,3,REPAY,5,2.802044,,2.802044,2025-04-01 05:57:12
6332,9994,29,1,BORROW,5,9480.145303,13386.8733135926,9480.145303,2025-04-01 06:14:04
6333,9997,707,3,REPAY,3,0.287879,,0.287879,2025-04-01 06:41:48
6334,10000,294,4,REPAY,4,760.122786,,760.122786,2025-04-01 07:19:37
6335,10001,999,2,BORROW,2,7623.730462,12288.7479760172,7623.730462,2025-04-01 07:29:45
6336,10003,420,1,REPAY,2,329.74056,,329.74056,2025-04-01 08:23:31
6337,10004,517,1,DEPOSIT,5,7212.619177,7212.619177,,2025-04-01 08:42:05
6338,10005,656,4,WITHDRAW,2,4769.585198,,,2025-04-01 08:48:44
6339,10006,907,3,REPAY,4,1557.561174,,1557.561174,2025-04-01 08:53:52
6340,10007,495,3,REPAY,2,7.569426,,7.569426,2025-04-01 08:54:18
6341,10008,43,2,WITHDRAW,5,7772.225812,,,2025-04-01 09:32:49
6342,10009,116,2,REPAY,1,11.124392,,11.124392,2025-04-01 10:17:51
6343,10016,316,2,REPAY,5,63.820617,,63.820617,2025-04-01 11:58:27
6344,10017,88,3,REPAY,3,0.000296,,0.000296,2025-04-01 12:04:15
6345,10018,445,1,WITHDRAW,3,8827.521671,,,2025-04-01 12:53:04
6346,10020,597,4,WITHDRAW,3,8252.242263,,,2025-04-01 13:11:48
6347,10022,142,1,DEPOSIT,5,9115.438848,9115.438848,,2025-04-01 13:45:56
6348,10023,914,4,REPAY,5,347.076037,,347.076037,2025-04-01 13:55:11
6349,10024,727,3,REPAY,1,937.527559,,937.527559,2025-04-01 14:10:02
6350,10027,789,4,LIQUIDATION,5,424.819964,466.9657798773,424.819964,2025-04-01 14:27:06
6351,10030,126,2,DEPOSIT,5,5109.633505,5109.633505,,2025-04-01 15:30:58
6352,10031,800,4,LIQUIDATION,5,8082.123505,6739.7283263391,8082.123505,2025-04-01 15:38:16
6353,10032,71,3,BORROW,4,6315.659829,15678.5819619768,6315.659829,2025-04-01 15:47:57
6354,10035,167,4,REPAY,5,4.566966,,4.566966,2025-04-01 16:43:25
6355,10036,516,3,BORROW,5,2205.965685,3462.6253188075,2205.965685,2025-04-01 16:59:48
6356,10038,471,3,DEPOSIT,2,3028.757047,3028.757047,,2025-04-01 17:31:41
6357,10040,212,4,REPAY,1,49.109714,,49.109714,2025-04-01 17:55:37
6358,10041,219,3,BORROW,4,9910.118128,18471.8609910741,9910.118128,2025-04-01 18:08:57
6359,10043,576,3,REPAY,2,0.107407,,0.107407,2025-04-01 18:16:08
6360,10045,992,4,REPAY,3,14.542021,,14.542021,2025-04-01 19:35:05
6361,10047,818,1,REPAY,1,0.038352,,0.038352,2025-04-01 21:03:26
6362,10049,944,3,REPAY,3,1.148791,,1.148791,2025-04-01 21:18:49
6363,10050,168,4,REPAY,3,1.28172,,1.28172,2025-04-01 21:26:00
6364,10052,7,2,REPAY,4,4334.154144,,4334.154144,2025-04-01 22:03:34
6365,10053,754,4,WITHDRAW,2,5465.747571,,,2025-04-01 22:19:26
6366,10054,66,1,REPAY,5,989.537582,,989.537582,2025-04-01 22:33:33
6367,10055,551,1,REPAY,2,226.023703,,226.023703,2025-04-01 22:48:13
6368,10057,775,1,DEPOSIT,3,8169.665268,8169.665268,,2025-04-01 23:04:13
6369,10058,994,3,REPAY,3,618.166673,,618.166673,2025-04-01 23:07:13
6370,10059,782,4,REPAY,4,171.122626,,171.122626,2025-04-01 23:12:56
6371,10060,85,4,DEPOSIT,3,8342.790086,8342.790086,,2025-04-01 23:18:56
6372,10061,710,1,BORROW,1,911.624923,1395.3516507383,911.624923,2025-04-02 00:08:27
6373,10062,903,3,WITHDRAW,5,9986.259315,,,2025-04-02 00:16:22
6374,10063,749,2,BORROW,5,5792.151057,10783.9218088499,5792.151057,2025-04-02 00:28:44
6375,10065,588,2,DEPOSIT,4,942.892394,942.892394,,2025-04-02 01:05:13
6376,10066,538,3,REPAY,1,94.363999,,94.363999,2025-04-02 01:08:48
6377,10068,440,3,REPAY,3,0.290395,,0.290395,2025-04-02 02:37:15
6378,10069,681,1,BORROW,3,3514.063855,5824.8318828472,3514.063855,2025-04-02 02:46:53
6379,10070,137,3,DEPOSIT,4,5554.947365,5554.947365,,2025-04-02 02:49:08
6380,10073,548,2,BORROW,3,8782.508226,16912.8531194522,8782.508226,2025-04-02 03:58:04
6381,10074,241,4,LIQUIDATION,1,789.47285,636.2403686232,789.47285,2025-04-02 03:59:02
6382,10075,153,2,REPAY,1,524.988619,,524.988619,2025-04-02 04:08:21
6383,10076,228,3,DEPOSIT,5,450.518466,450.518466,,2025-04-02 04:22:28
6384,10077,737,3,REPAY,4,1.366796,,1.366796,2025-04-02 04:50:25
6385,10079,22,2,REPAY,4,21.441212,,21.441212,2025-04-02 05:15:44
6386,10080,224,3,REPAY,5,34.875959,,34.875959,2025-04-02 05:29:09
6387,10082,752,1,REPAY,4,296.15749,,296.15749,2025-04-02 05:42:27
6388,10083,419,1,REPAY,4,655.23082,,655.23082,2025-04-02 05:45:39
6389,10084,37,2,DEPOSIT,4,1505.575881,1505.575881,,2025-04-02 05:51:42
6390,10086,950,1,DEPOSIT,4,7544.283746,7544.283746,,2025-04-02 06:53:47
6391,10088,154,3,REPAY,3,702.524894,,702.524894,2025-04-02 07:07:20
6392,10092,88,4,WITHDRAW,1,3835.253629,,,2025-04-02 08:39:30
6393,10093,927,2,DEPOSIT,3,3412.117571,3412.117571,,2025-04-02 08:41:59
6394,10094,60,4,REPAY,5,17.984666,,17.984666,2025-04-02 08:43:06
6396,10096,291,4,LIQUIDATION,1,2832.01851,2274.2931302423,2832.01851,2025-04-02 08:54:09
6397,10098,490,2,REPAY,2,0.017286,,0.017286,2025-04-02 09:24:00
6398,10099,29,4,WITHDRAW,5,4505.214937,,,2025-04-02 09:28:06
6399,10100,149,4,DEPOSIT,4,6186.950541,6186.950541,,2025-04-02 09:33:04
6400,10101,752,1,REPAY,1,83.350244,,83.350244,2025-04-02 09:36:53
6401,10102,833,1,DEPOSIT,1,5163.058832,5163.058832,,2025-04-02 09:41:01
6402,10103,920,4,REPAY,3,12.757424,,12.757424,2025-04-02 09:47:12
6403,10104,687,3,REPAY,2,120.055656,,120.055656,2025-04-02 09:59:52
6404,10105,528,4,WITHDRAW,3,1140.674727,,,2025-04-02 10:01:47
6405,10106,970,2,DEPOSIT,4,2681.911607,2681.911607,,2025-04-02 10:05:24
6406,10108,166,3,REPAY,3,94.318829,,94.318829,2025-04-02 10:09:55
6407,10109,106,1,REPAY,3,0.006226,,0.006226,2025-04-02 10:13:04
6408,10110,744,4,WITHDRAW,1,8492.551456,,,2025-04-02 10:42:14
6409,10111,554,3,REPAY,3,356.285769,,356.285769,2025-04-02 10:45:36
6410,10112,882,1,REPAY,1,952.101677,,952.101677,2025-04-02 10:55:11
6411,10114,971,1,WITHDRAW,1,2867.723505,,,2025-04-02 11:05:14
6412,10115,533,2,REPAY,3,1501.757043,,1501.757043,2025-04-02 11:26:40
6413,10116,594,3,BORROW,4,2444.798591,4903.3142134299,2444.798591,2025-04-02 11:31:43
6414,10118,645,4,REPAY,2,176.097485,,176.097485,2025-04-02 12:02:33
6415,10120,223,4,BORROW,3,5116.88,12218.7718030499,5116.88,2025-04-02 12:42:13
6416,10121,289,2,REPAY,2,27.88805,,27.88805,2025-04-02 12:53:05
6417,10126,278,4,REPAY,5,875.913097,,875.913097,2025-04-02 14:12:30
6418,10129,907,1,REPAY,1,8176.698234,,8176.698234,2025-04-02 14:34:56
6419,10130,200,4,REPAY,3,1492.092363,,1492.092363,2025-04-02 14:56:16
6420,10131,379,2,REPAY,4,2766.164906,,2766.164906,2025-04-02 15:05:59
6421,10132,457,3,BORROW,2,938.86928,1975.8626641475,938.86928,2025-04-02 15:16:35
6422,10134,674,2,WITHDRAW,2,9177.702611,,,2025-04-02 15:41:52
6423,10138,904,1,REPAY,5,4.044347,,4.044347,2025-04-02 16:11:32
6424,10139,778,4,REPAY,1,1.632945,,1.632945,2025-04-02 16:27:59
6425,10142,6,2,REPAY,4,1677.465875,,1677.465875,2025-04-02 17:11:35
6426,10143,501,3,LIQUIDATION,5,8255.767964,7720.4660015976,8255.767964,2025-04-02 17:12:48
6427,10144,172,1,REPAY,2,289.816096,,289.816096,2025-04-02 17:33:42
6428,10145,121,1,DEPOSIT,5,5192.665885,5192.665885,,2025-04-02 17:47:02
6429,10147,873,1,WITHDRAW,4,2196.763119,,,2025-04-02 18:19:39
6430,10149,327,2,REPAY,3,1825.585123,,1825.585123,2025-04-02 19:57:34
6431,10150,90,1,DEPOSIT,4,3047.547556,3047.547556,,2025-04-02 20:16:45
6432,10151,599,2,REPAY,2,2507.095974,,2507.095974,2025-04-02 20:33:25
6433,10154,433,4,REPAY,2,573.145686,,573.145686,2025-04-02 21:10:05
6434,10156,401,4,REPAY,2,8.863827,,8.863827,2025-04-02 21:25:11
6435,10157,25,2,REPAY,3,279.708902,,279.708902,2025-04-02 21:33:21
6436,10158,551,1,REPAY,5,24.939496,,24.939496,2025-04-02 21:54:53
6437,10159,740,4,DEPOSIT,2,5582.005373,5582.005373,,2025-04-02 21:59:48
6438,10160,6,4,DEPOSIT,3,2442.341225,2442.341225,,2025-04-02 22:14:08
6439,10161,123,1,REPAY,5,421.504822,,421.504822,2025-04-02 22:14:55
6440,10162,811,4,REPAY,1,10.33815,,10.33815,2025-04-02 22:18:16
6441,10163,853,4,BORROW,4,1814.59922,4015.1789291554,1814.59922,2025-04-02 22:25:46
6442,10164,923,1,REPAY,4,13.779602,,13.779602,2025-04-02 22:37:07
6443,10167,179,4,DEPOSIT,3,3857.756358,3857.756358,,2025-04-02 22:53:25
6444,10168,927,2,WITHDRAW,5,9718.485182,,,2025-04-02 22:59:57
6445,10169,359,2,REPAY,3,269.662759,,269.662759,2025-04-02 23:00:20
6446,10170,40,3,REPAY,3,1602.451569,,1602.451569,2025-04-02 23:01:35
6447,10172,538,1,REPAY,3,1.333495,,1.333495,2025-04-02 23:45:18
6448,10173,427,4,LIQUIDATION,3,12988.532902,10458.5339859986,12988.532902,2025-04-02 23:47:58
6449,10174,569,1,BORROW,5,2678.302913,6571.3254889471,2678.302913,2025-04-02 23:48:27
6450,10175,514,1,BORROW,2,3320.973832,4359.9719594321,3320.973832,2025-04-02 23:52:22
6451,10176,136,3,BORROW,2,5976.989338,7830.6368181592,5976.989338,2025-04-02 23:57:08
6452,10177,66,4,REPAY,1,821.909025,,821.909025,2025-04-03 00:12:30
6453,10178,631,3,DEPOSIT,1,9029.19028,9029.19028,,2025-04-03 00:17:12
6454,10179,896,4,REPAY,3,0.499066,,0.499066,2025-04-03 00:23:46
6455,10180,867,1,DEPOSIT,3,7746.468545,7746.468545,,2025-04-03 00:25:15
6456,10181,797,3,REPAY,3,372.531715,,372.531715,2025-04-03 00:30:02
6457,10183,950,3,REPAY,5,1268.77111,,1268.77111,2025-04-03 00:35:01
6458,10184,634,4,BORROW,4,4220.155691,5091.2221620834,4220.155691,2025-04-03 00:39:24
6459,10186,861,3,REPAY,1,1.394424,,1.394424,2025-04-03 00:56:57
6460,10187,90,2,REPAY,2,96.153665,,96.153665,2025-04-03 01:27:11
6461,10188,991,4,WITHDRAW,2,6356.515256,,,2025-04-03 01:55:30
6462,10190,712,2,REPAY,2,0.249884,,0.249884,2025-04-03 02:53:58
6463,10191,33,3,REPAY,4,7586.473943,,7586.473943,2025-04-03 02:55:26
6464,10192,721,2,REPAY,5,4657.929131,,4657.929131,2025-04-03 03:02:33
6465,10195,821,4,REPAY,4,341.722364,,341.722364,2025-04-03 03:42:49
6466,10196,177,1,REPAY,5,915.887911,,915.887911,2025-04-03 03:44:51
6467,10197,26,1,REPAY,5,0.017416,,0.017416,2025-04-03 03:45:02
6468,10198,168,1,REPAY,3,0.944889,,0.944889,2025-04-03 03:47:58
6469,10199,371,2,WITHDRAW,3,2795.492856,,,2025-04-03 03:51:26
6470,10202,724,3,BORROW,1,4868.160563,6270.3537225438,4868.160563,2025-04-03 04:38:07
6471,10203,620,1,REPAY,4,3.167476,,3.167476,2025-04-03 04:50:31
6472,10205,662,1,WITHDRAW,2,570.725561,,,2025-04-03 04:59:41
6473,10207,483,1,REPAY,2,0.028894,,0.028894,2025-04-03 05:09:35
6474,10208,954,4,LIQUIDATION,2,17806.070488,19176.0743533732,17806.070488,2025-04-03 06:35:23
6475,10209,46,2,REPAY,3,4701.487305,,4701.487305,2025-04-03 06:38:17
6476,10210,392,4,REPAY,3,0.013064,,0.013064,2025-04-03 06:40:38
6477,10211,334,2,LIQUIDATION,3,5294.596115,5729.507418741,5294.596115,2025-04-03 06:41:38
6478,10214,793,4,REPAY,5,968.608001,,968.608001,2025-04-03 06:55:18
6479,10219,722,1,WITHDRAW,4,6035.381212,,,2025-04-03 07:59:16
6480,10221,736,2,WITHDRAW,2,4806.572233,,,2025-04-03 08:28:12
6481,10224,424,4,REPAY,1,7.022589,,7.022589,2025-04-03 08:55:15
6482,10225,551,3,BORROW,2,8601.088539,11928.4734374208,8601.088539,2025-04-03 08:58:42
6483,10226,412,2,WITHDRAW,1,4355.572146,,,2025-04-03 09:02:22
6484,10227,129,1,REPAY,1,810.74705,,810.74705,2025-04-03 09:05:12
6485,10228,360,3,REPAY,2,26.861991,,26.861991,2025-04-03 09:05:54
6486,10229,30,1,WITHDRAW,3,3989.643739,,,2025-04-03 09:30:40
6487,10230,582,3,WITHDRAW,4,5141.121809,,,2025-04-03 09:33:18
6488,10231,230,1,REPAY,3,3964.761366,,3964.761366,2025-04-03 09:38:36
6489,10232,960,3,REPAY,2,3.617035,,3.617035,2025-04-03 09:42:40
6490,10233,292,3,REPAY,1,1490.405309,,1490.405309,2025-04-03 09:54:22
6491,10235,275,1,REPAY,5,1.272573,,1.272573,2025-04-03 10:22:44
6492,10236,59,1,REPAY,4,1.055671,,1.055671,2025-04-03 10:29:15
6493,10237,521,4,BORROW,2,6074.687197,9824.3661863353,6074.687197,2025-04-03 10:30:37
6494,10238,489,4,REPAY,5,0.019846,,0.019846,2025-04-03 10:53:20
6495,10239,246,2,WITHDRAW,3,5198.666533,,,2025-04-03 11:02:30
6496,10240,601,4,WITHDRAW,5,200.396704,,,2025-04-03 11:03:32
6497,10242,413,2,REPAY,3,244.194997,,244.194997,2025-04-03 11:20:36
6498,10243,672,2,REPAY,5,19.630806,,19.630806,2025-04-03 11:24:06
6499,10244,823,4,BORROW,5,4071.29064,9758.75997632,4071.29064,2025-04-03 11:26:28
6500,10245,146,2,BORROW,5,2710.617182,4665.215816634,2710.617182,2025-04-03 11:27:19
6501,10247,939,3,REPAY,3,0.01879,,0.01879,2025-04-03 11:32:35
6502,10249,666,2,DEPOSIT,3,9640.58865,9640.58865,,2025-04-03 11:43:46
6503,10250,291,4,WITHDRAW,2,5863.138957,,,2025-04-03 12:14:43
6504,10251,181,3,DEPOSIT,1,466.650654,466.650654,,2025-04-03 12:22:11
6505,10252,322,3,LIQUIDATION,2,9918.78707,11461.7044133971,9918.78707,2025-04-03 12:47:09
6506,10253,715,2,DEPOSIT,5,9830.712434,9830.712434,,2025-04-03 12:50:04
6507,10254,209,2,REPAY,5,302.641029,,302.641029,2025-04-03 12:51:52
6508,10256,310,4,REPAY,2,102.460261,,102.460261,2025-04-03 13:07:38
6509,10260,152,2,DEPOSIT,4,7738.102669,7738.102669,,2025-04-03 14:04:49
6510,10261,976,4,BORROW,4,1645.203531,2585.0113111271,1645.203531,2025-04-03 14:10:22
6511,10262,909,3,REPAY,4,5.308984,,5.308984,2025-04-03 14:20:14
6512,10263,859,2,DEPOSIT,1,5393.31866,5393.31866,,2025-04-03 14:45:44
6513,10264,953,3,REPAY,4,0.027888,,0.027888,2025-04-03 14:51:41
6514,10265,394,3,LIQUIDATION,5,14525.298513,16654.5778889074,14525.298513,2025-04-03 15:17:37
6515,10267,909,2,REPAY,4,1.016806,,1.016806,2025-04-03 15:32:23
6516,10268,541,1,BORROW,3,2348.080863,3228.3315666455,2348.080863,2025-04-03 15:38:21
6517,10269,205,2,DEPOSIT,2,7904.056489,7904.056489,,2025-04-03 16:17:48
6518,10270,416,2,REPAY,4,5.012832,,5.012832,2025-04-03 16:35:04
6519,10271,759,4,BORROW,2,4856.644208,9758.3957134012,4856.644208,2025-04-03 16:50:47
6520,10275,429,3,REPAY,2,1717.849495,,1717.849495,2025-04-03 17:44:34
6521,10277,3,3,REPAY,3,5.485326,,5.485326,2025-04-03 18:14:40
6522,10278,427,4,BORROW,1,2297.246561,3042.9705562203,2297.246561,2025-04-03 18:21:44
6523,10279,272,1,WITHDRAW,5,3903.852576,,,2025-04-03 18:39:43
6524,10280,232,1,REPAY,1,10.237992,,10.237992,2025-04-03 19:09:43
6525,10281,986,1,REPAY,2,6779.310474,,6779.310474,2025-04-03 19:18:01
6526,10282,773,3,REPAY,4,0.014713,,0.014713,2025-04-03 19:32:36
6527,10283,903,1,REPAY,2,0.005152,,0.005152,2025-04-03 19:35:24
6528,10285,467,1,REPAY,2,722.599005,,722.599005,2025-04-03 20:29:21
6529,10286,112,1,REPAY,1,259.377014,,259.377014,2025-04-03 20:46:59
6530,10287,926,3,REPAY,1,0.104997,,0.104997,2025-04-03 20:48:42
6531,10288,657,4,DEPOSIT,3,8835.520289,8835.520289,,2025-04-03 20:57:32
6532,10290,917,4,REPAY,4,2.056466,,2.056466,2025-04-03 21:07:59
6533,10291,896,2,REPAY,3,0.483701,,0.483701,2025-04-03 21:20:40
6534,10292,884,2,REPAY,4,2944.47113,,2944.47113,2025-04-03 21:22:13
6535,10294,303,4,REPAY,2,8.953952,,8.953952,2025-04-03 21:56:28
6536,10295,901,2,DEPOSIT,2,1952.170481,1952.170481,,2025-04-03 22:40:49
6537,10297,666,3,DEPOSIT,1,4650.241086,4650.241086,,2025-04-03 22:54:36
6538,10298,718,2,BORROW,4,6405.828852,15237.6974650504,6405.828852,2025-04-03 23:03:58
6539,10299,232,3,REPAY,3,15.283234,,15.283234,2025-04-03 23:14:12
6540,10300,58,2,DEPOSIT,4,9819.364967,9819.364967,,2025-04-03 23:26:16
6541,10302,383,4,DEPOSIT,3,7643.060249,7643.060249,,2025-04-03 23:55:58
6542,10303,695,3,DEPOSIT,5,4744.611826,4744.611826,,2025-04-04 00:12:51
6543,10304,949,1,DEPOSIT,5,7210.585784,7210.585784,,2025-04-04 00:20:02
6544,10306,743,4,DEPOSIT,2,5728.30355,5728.30355,,2025-04-04 00:24:01
6545,10307,986,3,REPAY,3,1005.424024,,1005.424024,2025-04-04 00:26:45
6546,10308,807,3,REPAY,5,5.582193,,5.582193,2025-04-04 00:40:16
6547,10309,56,2,WITHDRAW,4,9295.434506,,,2025-04-04 00:48:22
6548,10310,768,1,REPAY,4,89.709411,,89.709411,2025-04-04 01:12:42
6549,10312,588,4,REPAY,5,978.813892,,978.813892,2025-04-04 01:33:25
6550,10313,114,2,DEPOSIT,5,9493.653194,9493.653194,,2025-04-04 01:40:35
6551,10315,134,1,DEPOSIT,3,1788.766639,1788.766639,,2025-04-04 02:34:54
6552,10318,580,2,REPAY,1,350.455276,,350.455276,2025-04-04 03:21:31
6553,10320,203,2,BORROW,1,7742.520598,16208.582738295,7742.520598,2025-04-04 03:29:29
6554,10321,46,2,LIQUIDATION,4,10990.169648,12821.7538094309,10990.169648,2025-04-04 03:57:02
6555,10323,156,1,DEPOSIT,5,3802.098064,3802.098064,,2025-04-04 04:17:12
6556,10324,793,1,REPAY,3,509.815181,,509.815181,2025-04-04 04:44:51
6557,10325,611,3,WITHDRAW,5,6028.328321,,,2025-04-04 04:48:20
6558,10326,171,4,REPAY,3,57.300429,,57.300429,2025-04-04 05:51:41
6559,10328,202,1,REPAY,5,149.714549,,149.714549,2025-04-04 06:29:33
6560,10330,918,2,REPAY,4,0.002245,,0.002245,2025-04-04 06:56:07
6561,10331,977,1,WITHDRAW,5,3637.028447,,,2025-04-04 06:56:41
6562,10333,201,1,REPAY,1,4.895964,,4.895964,2025-04-04 07:08:09
6563,10334,924,2,REPAY,4,22.300674,,22.300674,2025-04-04 07:13:35
6564,10335,115,4,BORROW,2,8525.807442,16459.4138650311,8525.807442,2025-04-04 08:00:03
6565,10336,773,1,REPAY,1,0.005148,,0.005148,2025-04-04 08:03:22
6566,10339,220,2,REPAY,5,1172.31929,,1172.31929,2025-04-04 08:43:32
6567,10340,25,4,REPAY,1,87.111848,,87.111848,2025-04-04 08:53:49
6568,10341,528,4,DEPOSIT,4,3612.612918,3612.612918,,2025-04-04 09:15:40
6569,10342,466,2,DEPOSIT,4,7811.463523,7811.463523,,2025-04-04 09:18:22
6570,10344,728,3,REPAY,5,42.738615,,42.738615,2025-04-04 10:10:07
6571,10345,529,3,REPAY,3,256.772914,,256.772914,2025-04-04 10:25:04
6572,10346,243,1,REPAY,2,0.510352,,0.510352,2025-04-04 10:26:40
6573,10348,572,4,DEPOSIT,4,6347.790757,6347.790757,,2025-04-04 10:58:01
6574,10349,824,4,WITHDRAW,4,3881.077607,,,2025-04-04 11:29:00
6575,10350,8,1,REPAY,1,698.32455,,698.32455,2025-04-04 11:48:10
6576,10351,311,4,BORROW,4,3164.320879,6555.3085388955,3164.320879,2025-04-04 11:55:54
6577,10352,557,4,REPAY,1,1034.272209,,1034.272209,2025-04-04 12:01:48
6578,10353,620,4,DEPOSIT,5,7962.346665,7962.346665,,2025-04-04 12:06:21
6579,10354,625,1,REPAY,5,2395.213244,,2395.213244,2025-04-04 12:18:05
6580,10355,2,3,REPAY,1,660.199122,,660.199122,2025-04-04 12:32:10
6581,10356,964,1,REPAY,4,3716.720588,,3716.720588,2025-04-04 12:39:34
6582,10357,740,2,DEPOSIT,3,7033.602437,7033.602437,,2025-04-04 12:44:14
6583,10358,583,1,DEPOSIT,2,1875.30486,1875.30486,,2025-04-04 13:03:49
6584,10360,23,4,LIQUIDATION,5,8096.098755,7431.4964893451,8096.098755,2025-04-04 14:08:37
6585,10361,670,4,BORROW,5,7950.190955,12020.2077731729,7950.190955,2025-04-04 14:17:10
6586,10362,989,2,REPAY,5,5.7e-05,,5.7e-05,2025-04-04 14:31:38
6587,10363,110,4,LIQUIDATION,3,4507.277358,3653.73764654,4507.277358,2025-04-04 14:35:31
6588,10365,408,4,REPAY,3,1.6e-05,,1.6e-05,2025-04-04 14:51:29
6589,10366,297,2,REPAY,5,445.747745,,445.747745,2025-04-04 14:53:25
6590,10367,10,2,WITHDRAW,2,2030.752857,,,2025-04-04 15:04:05
6591,10368,579,2,BORROW,4,4429.209334,9335.9198421427,4429.209334,2025-04-04 15:05:26
6592,10369,684,2,REPAY,4,11.116877,,11.116877,2025-04-04 15:09:03
6593,10370,444,1,REPAY,5,366.166601,,366.166601,2025-04-04 15:24:20
6594,10372,704,2,REPAY,5,45.553172,,45.553172,2025-04-04 16:01:43
6595,10373,977,1,DEPOSIT,5,3658.831597,3658.831597,,2025-04-04 16:20:28
6596,10374,680,2,DEPOSIT,1,4360.521429,4360.521429,,2025-04-04 16:27:45
6597,10375,270,2,WITHDRAW,3,9909.684151,,,2025-04-04 16:46:03
6598,10376,555,4,DEPOSIT,1,7648.076734,7648.076734,,2025-04-04 16:52:52
6599,10378,121,1,WITHDRAW,5,6803.792359,,,2025-04-04 17:22:24
6600,10379,211,3,DEPOSIT,4,6906.097395,6906.097395,,2025-04-04 17:25:40
6601,10381,664,1,REPAY,2,0.00765,,0.00765,2025-04-04 17:42:59
6602,10382,122,3,REPAY,3,3316.406096,,3316.406096,2025-04-04 17:52:34
6603,10383,780,3,REPAY,2,158.062611,,158.062611,2025-04-04 18:06:25
6604,10384,820,1,BORROW,1,3951.057395,8288.8814436728,3951.057395,2025-04-04 18:25:45
6605,10385,751,2,REPAY,2,2669.168068,,2669.168068,2025-04-04 18:35:53
6606,10388,913,4,REPAY,3,3191.630305,,3191.630305,2025-04-04 18:55:33
6607,10389,22,2,REPAY,2,4.698599,,4.698599,2025-04-04 19:03:57
6608,10390,452,3,REPAY,4,1.059329,,1.059329,2025-04-04 19:18:51
6609,10391,846,1,DEPOSIT,4,1920.851563,1920.851563,,2025-04-04 19:31:27
6610,10392,347,3,BORROW,1,3664.514493,6743.9943506488,3664.514493,2025-04-04 19:53:40
6611,10393,305,3,BORROW,4,2070.789349,3775.4902485654,2070.789349,2025-04-04 20:11:33
6612,10394,73,2,REPAY,5,81.759224,,81.759224,2025-04-04 20:13:00
6613,10396,484,2,BORROW,3,4368.031522,6725.7398307718,4368.031522,2025-04-04 20:19:39
6614,10397,280,2,REPAY,3,0.469739,,0.469739,2025-04-04 20:34:19
6615,10398,595,3,WITHDRAW,3,4802.963742,,,2025-04-04 21:08:33
6616,10399,457,3,REPAY,4,3440.18819,,3440.18819,2025-04-04 21:17:21
6617,10403,283,3,DEPOSIT,3,1591.013602,1591.013602,,2025-04-04 22:23:09
6618,10404,94,3,WITHDRAW,4,2057.26694,,,2025-04-04 22:24:48
6619,10405,118,4,LIQUIDATION,4,10.365787,12.3194572117,10.365787,2025-04-04 22:29:08
6620,10406,854,4,DEPOSIT,3,7389.468429,7389.468429,,2025-04-04 22:42:14
6621,10408,825,2,DEPOSIT,1,3970.697984,3970.697984,,2025-04-04 23:11:19
6622,10409,669,3,BORROW,3,7797.574386,18783.0094968442,7797.574386,2025-04-04 23:35:46
6623,10411,581,2,REPAY,5,64.484506,,64.484506,2025-04-05 00:24:10
6624,10412,887,2,REPAY,5,20.088449,,20.088449,2025-04-05 00:26:34
6625,10413,50,3,REPAY,4,629.79096,,629.79096,2025-04-05 00:29:44
6626,10414,79,1,DEPOSIT,4,6176.075608,6176.075608,,2025-04-05 00:40:53
6627,10415,51,4,REPAY,2,29.229239,,29.229239,2025-04-05 00:41:22
6628,10416,196,2,BORROW,1,7366.345889,15702.0875819716,7366.345889,2025-04-05 00:44:11
6629,10419,561,3,REPAY,2,25.588523,,25.588523,2025-04-05 01:15:25
6630,10420,763,3,WITHDRAW,1,1256.837675,,,2025-04-05 01:30:12
6631,10421,285,2,WITHDRAW,4,4734.852599,,,2025-04-05 01:44:55
6632,10422,49,1,REPAY,1,0.607153,,0.607153,2025-04-05 01:58:01
6633,10423,623,4,WITHDRAW,2,4077.768264,,,2025-04-05 02:05:12
6634,10426,109,1,REPAY,1,0.46467,,0.46467,2025-04-05 02:41:21
6635,10427,109,1,REPAY,2,0.013795,,0.013795,2025-04-05 02:46:12
6636,10428,475,3,LIQUIDATION,1,5965.613349,5228.6556288444,5965.613349,2025-04-05 03:08:30
6637,10429,540,1,REPAY,4,0.164891,,0.164891,2025-04-05 03:08:46
6638,10430,402,4,WITHDRAW,4,9045.251685,,,2025-04-05 03:09:57
6639,10432,781,3,REPAY,1,36.73746,,36.73746,2025-04-05 03:47:51
6640,10433,251,1,WITHDRAW,1,2711.139951,,,2025-04-05 03:53:02
6641,10434,477,1,DEPOSIT,3,6920.422887,6920.422887,,2025-04-05 04:03:17
6642,10435,719,1,BORROW,2,6605.895865,10307.4112105574,6605.895865,2025-04-05 04:28:55
6643,10436,141,4,REPAY,2,6.983198,,6.983198,2025-04-05 04:32:35
6644,10437,569,3,REPAY,4,412.503004,,412.503004,2025-04-05 04:32:59
6645,10441,716,1,BORROW,4,7087.205878,14809.2511850328,7087.205878,2025-04-05 05:40:18
6646,10442,88,2,REPAY,1,0.000775,,0.000775,2025-04-05 05:50:18
6647,10443,415,2,BORROW,4,770.294505,1504.4916229461,770.294505,2025-04-05 05:59:22
6648,10444,32,4,REPAY,1,680.529796,,680.529796,2025-04-05 06:02:44
6649,10446,924,2,LIQUIDATION,2,33.288966,38.8277829217,33.288966,2025-04-05 06:37:08
6650,10447,288,1,REPAY,5,5697.135896,,5697.135896,2025-04-05 06:49:16
6651,10448,851,2,REPAY,5,463.073716,,463.073716,2025-04-05 06:59:20
6652,10450,952,3,WITHDRAW,3,458.13462,,,2025-04-05 08:16:38
6653,10451,423,2,WITHDRAW,3,7871.903993,,,2025-04-05 08:34:37
6654,10452,846,4,REPAY,3,85.879673,,85.879673,2025-04-05 08:34:48
6655,10453,161,2,BORROW,4,2387.168702,5233.8670573589,2387.168702,2025-04-05 08:35:39
6656,10454,933,4,BORROW,3,5729.81489,14317.136492902,5729.81489,2025-04-05 09:23:40
6657,10456,402,3,DEPOSIT,1,2301.977554,2301.977554,,2025-04-05 09:36:56
6658,10457,213,2,BORROW,5,5933.385301,9691.1524646382,5933.385301,2025-04-05 09:53:31
6659,10458,297,2,LIQUIDATION,3,239.10795,216.0706343379,239.10795,2025-04-05 09:58:53
6660,10460,719,1,REPAY,1,8882.081601,,8882.081601,2025-04-05 10:35:25
6661,10461,119,3,REPAY,4,7104.594481,,7104.594481,2025-04-05 10:37:35
6662,10463,967,1,REPAY,3,0.008515,,0.008515,2025-04-05 11:13:23
6663,10464,866,1,WITHDRAW,4,4944.401108,,,2025-04-05 11:16:15
6664,10467,351,3,REPAY,1,0.249758,,0.249758,2025-04-05 11:48:52
6665,10468,546,2,LIQUIDATION,1,495.901871,557.6749835854,495.901871,2025-04-05 11:51:41
6666,10469,245,2,REPAY,1,48.265284,,48.265284,2025-04-05 11:53:12
6667,10470,678,4,REPAY,4,39.533175,,39.533175,2025-04-05 12:02:51
6668,10471,313,2,LIQUIDATION,3,4292.127838,3469.7161177825,4292.127838,2025-04-05 12:11:33
6669,10473,8,3,REPAY,3,288.429366,,288.429366,2025-04-05 12:40:27
6670,10476,818,1,REPAY,3,0.001228,,0.001228,2025-04-05 13:25:58
6671,10477,14,1,REPAY,1,0.037797,,0.037797,2025-04-05 13:27:04
6672,10478,133,2,REPAY,1,891.25949,,891.25949,2025-04-05 13:46:37
6673,10479,917,1,REPAY,4,0.019093,,0.019093,2025-04-05 14:28:18
6674,10481,32,3,REPAY,5,170.604462,,170.604462,2025-04-05 14:30:59
6675,10482,845,1,BORROW,1,8221.250715,11931.8256123006,8221.250715,2025-04-05 14:39:34
6676,10483,43,1,DEPOSIT,1,2965.208406,2965.208406,,2025-04-05 15:00:06
6677,10485,868,2,BORROW,5,3698.571198,8132.9246132159,3698.571198,2025-04-05 15:30:19
6678,10486,546,3,WITHDRAW,1,5231.766903,,,2025-04-05 15:42:16
6679,10487,214,1,BORROW,4,6165.157759,15282.2646063342,6165.157759,2025-04-05 15:53:07
6680,10488,570,4,DEPOSIT,4,1046.101791,1046.101791,,2025-04-05 15:53:54
6681,10489,364,1,REPAY,1,0.316231,,0.316231,2025-04-05 15:56:10
6682,10491,378,4,WITHDRAW,2,6962.341337,,,2025-04-05 16:17:22
6683,10494,256,3,BORROW,2,424.980236,1030.6476614677,424.980236,2025-04-05 16:35:35
6684,10499,206,4,REPAY,4,0.062289,,0.062289,2025-04-05 17:36:05
6685,10502,72,4,REPAY,1,341.58753,,341.58753,2025-04-05 18:49:01
6686,10503,42,1,REPAY,3,5688.44952,,5688.44952,2025-04-05 19:27:06
6687,10504,233,3,WITHDRAW,5,9846.402462,,,2025-04-05 19:29:11
6688,10505,150,3,REPAY,2,42.368045,,42.368045,2025-04-05 19:31:58
6689,10506,939,4,LIQUIDATION,1,0.144814,0.1554398263,0.144814,2025-04-05 19:40:37
6690,10509,713,4,REPAY,2,50.720003,,50.720003,2025-04-05 19:54:58
6691,10510,394,4,BORROW,2,1976.819682,3798.6071288813,1976.819682,2025-04-05 19:57:00
6692,10511,803,2,REPAY,5,0.987321,,0.987321,2025-04-05 19:57:09
6693,10512,862,1,REPAY,1,143.169258,,143.169258,2025-04-05 20:52:11
6694,10513,224,3,REPAY,5,1.293001,,1.293001,2025-04-05 21:06:11
6695,10514,262,4,REPAY,2,1899.984436,,1899.984436,2025-04-05 21:08:21
6696,10515,840,2,DEPOSIT,1,3728.9697,3728.9697,,2025-04-05 21:08:34
6697,10517,542,1,DEPOSIT,5,5656.939018,5656.939018,,2025-04-05 21:30:17
6698,10520,796,1,BORROW,2,191.724722,349.3585318474,191.724722,2025-04-05 21:56:36
6699,10522,200,3,DEPOSIT,2,4314.154904,4314.154904,,2025-04-05 22:24:52
6700,10523,924,3,DEPOSIT,1,2374.297633,2374.297633,,2025-04-05 22:47:47
6701,10524,130,1,WITHDRAW,1,119.357943,,,2025-04-05 22:51:41
6702,10525,552,1,WITHDRAW,2,5109.438866,,,2025-04-05 22:55:10
6703,10527,223,2,REPAY,1,2447.983198,,2447.983198,2025-04-05 23:21:22
6704,10529,184,3,BORROW,2,5133.617339,11132.3323790733,5133.617339,2025-04-05 23:43:04
6705,10531,959,2,REPAY,1,20.528287,,20.528287,2025-04-05 23:55:23
6706,10533,120,2,DEPOSIT,4,2436.533314,2436.533314,,2025-04-06 00:29:46
6707,10534,210,1,WITHDRAW,3,4861.764348,,,2025-04-06 01:02:34
6708,10535,145,3,BORROW,4,4092.840796,6352.1008999634,4092.840796,2025-04-06 01:09:38
6709,10536,869,2,DEPOSIT,4,7245.403656,7245.403656,,2025-04-06 01:25:36
6710,10537,944,4,REPAY,1,0.071283,,0.071283,2025-04-06 01:28:24
6711,10542,169,1,WITHDRAW,5,6234.584674,,,2025-04-06 01:53:50
6712,10543,852,3,BORROW,1,3350.542117,7292.3436954572,3350.542117,2025-04-06 02:41:12
6713,10544,513,3,BORROW,3,3843.841251,9344.4708596788,3843.841251,2025-04-06 02:51:03
6714,10545,108,1,REPAY,5,2918.357252,,2918.357252,2025-04-06 03:01:57
6715,10546,484,4,REPAY,2,711.192155,,711.192155,2025-04-06 03:08:39
6716,10547,448,3,REPAY,5,6.217118,,6.217118,2025-04-06 03:15:09
6717,10548,767,1,BORROW,1,7538.082367,10137.8458838604,7538.082367,2025-04-06 03:17:57
6718,10549,254,4,REPAY,4,651.712564,,651.712564,2025-04-06 03:59:39
6719,10550,477,2,BORROW,2,9135.11288,19738.4675867238,9135.11288,2025-04-06 04:00:04
6720,10552,155,1,LIQUIDATION,5,11609.596523,11281.7406448507,11609.596523,2025-04-06 04:23:53
6721,10554,402,4,DEPOSIT,5,4709.398675,4709.398675,,2025-04-06 04:43:56
6722,10555,64,1,REPAY,1,5638.888869,,5638.888869,2025-04-06 04:57:57
6723,10556,706,2,REPAY,3,23.214704,,23.214704,2025-04-06 05:14:11
6724,10558,587,4,WITHDRAW,5,4897.007264,,,2025-04-06 05:37:45
6725,10559,275,4,REPAY,3,0.073625,,0.073625,2025-04-06 05:44:03
6726,10560,462,2,REPAY,5,0.000424,,0.000424,2025-04-06 05:58:52
6727,10563,218,4,DEPOSIT,4,4466.100583,4466.100583,,2025-04-06 06:17:40
6728,10564,213,4,REPAY,2,2862.753115,,2862.753115,2025-04-06 06:20:28
6729,10565,346,4,REPAY,3,0.052859,,0.052859,2025-04-06 06:22:40
6730,10566,605,3,REPAY,4,1438.781299,,1438.781299,2025-04-06 06:38:59
6731,10568,43,4,WITHDRAW,2,610.279682,,,2025-04-06 06:47:11
6732,10569,841,2,BORROW,3,5639.98912,11319.8342972027,5639.98912,2025-04-06 07:05:34
6733,10572,271,2,REPAY,5,9.149379,,9.149379,2025-04-06 07:20:22
6734,10574,827,2,LIQUIDATION,3,6662.775169,5932.0645024935,6662.775169,2025-04-06 07:59:05
6735,10575,827,4,DEPOSIT,3,7722.639036,7722.639036,,2025-04-06 08:01:58
6736,10576,115,3,REPAY,3,6816.578415,,6816.578415,2025-04-06 08:15:35
6737,10577,40,2,REPAY,2,51.472644,,51.472644,2025-04-06 08:23:53
6738,10578,923,2,REPAY,4,0.955483,,0.955483,2025-04-06 08:42:21
6739,10579,781,3,REPAY,3,4.480562,,4.480562,2025-04-06 09:09:31
6740,10581,516,3,LIQUIDATION,3,2205.965685,2076.5611329053,2205.965685,2025-04-06 09:33:37
6741,10582,599,4,REPAY,5,5361.729752,,5361.729752,2025-04-06 10:06:56
6742,10583,274,4,DEPOSIT,4,3242.401875,3242.401875,,2025-04-06 10:18:08
6743,10584,545,3,REPAY,4,3750.417314,,3750.417314,2025-04-06 10:20:25
6744,10585,551,1,REPAY,4,2861.79873,,2861.79873,2025-04-06 10:25:49
6745,10586,859,3,WITHDRAW,3,8024.428696,,,2025-04-06 10:27:39
6746,10587,354,1,WITHDRAW,1,4357.15652,,,2025-04-06 10:54:52
6747,10588,288,1,WITHDRAW,2,9688.239136,,,2025-04-06 11:06:41
6748,10589,75,3,LIQUIDATION,5,517.921556,552.8499072114,517.921556,2025-04-06 11:13:08
6749,10590,310,3,REPAY,4,0.75113,,0.75113,2025-04-06 11:14:44
6750,10592,981,4,REPAY,1,0.096204,,0.096204,2025-04-06 11:27:00
6751,10593,411,4,REPAY,1,1011.272474,,1011.272474,2025-04-06 11:35:22
6752,10595,615,3,REPAY,2,0.133809,,0.133809,2025-04-06 11:36:31
6753,10597,288,2,REPAY,1,475.584036,,475.584036,2025-04-06 12:21:26
6754,10598,692,4,BORROW,3,1507.384074,1817.6661989527,1507.384074,2025-04-06 12:34:03
6755,10599,843,4,REPAY,2,706.678352,,706.678352,2025-04-06 12:41:38
6756,10600,42,1,REPAY,4,203.87174,,203.87174,2025-04-06 12:52:03
6757,10602,229,3,REPAY,2,4693.918285,,4693.918285,2025-04-06 13:01:14
6758,10608,636,1,BORROW,2,4350.307591,6413.8532381658,4350.307591,2025-04-06 14:28:20
6759,10609,679,3,LIQUIDATION,2,11163.539444,11928.4280331944,11163.539444,2025-04-06 14:51:12
6760,10610,1000,4,REPAY,1,184.746236,,184.746236,2025-04-06 15:14:13
6761,10611,889,3,REPAY,4,26.333772,,26.333772,2025-04-06 15:41:20
6762,10612,335,2,BORROW,5,1259.813496,3105.7519700699,1259.813496,2025-04-06 15:42:22
6763,10613,203,4,REPAY,5,5450.228155,,5450.228155,2025-04-06 15:59:04
6764,10614,128,4,WITHDRAW,5,9431.099433,,,2025-04-06 16:37:20
6765,10615,719,2,LIQUIDATION,5,3514.410503,4124.1875214663,3514.410503,2025-04-06 16:47:27
6766,10616,57,2,WITHDRAW,2,2356.821612,,,2025-04-06 16:48:00
6767,10618,444,4,REPAY,1,382.506285,,382.506285,2025-04-06 17:22:45
6768,10619,685,4,REPAY,1,134.132076,,134.132076,2025-04-06 17:27:02
6769,10620,664,4,REPAY,1,0.02417,,0.02417,2025-04-06 17:29:35
6770,10621,8,4,REPAY,5,125.341789,,125.341789,2025-04-06 17:46:50
6771,10622,281,1,BORROW,5,150.994703,193.2820641665,150.994703,2025-04-06 17:55:43
6772,10623,277,4,BORROW,1,650.765905,1356.6321965619,650.765905,2025-04-06 18:07:26
6773,10625,347,1,REPAY,5,2837.586061,,2837.586061,2025-04-06 18:54:51
6774,10626,52,4,REPAY,1,149.478236,,149.478236,2025-04-06 19:06:55
6775,10627,649,1,REPAY,4,76.96041,,76.96041,2025-04-06 19:13:38
6776,10628,170,1,DEPOSIT,1,6952.343665,6952.343665,,2025-04-06 19:29:36
6777,10630,65,4,WITHDRAW,4,19.744284,,,2025-04-06 19:43:19
6778,10631,649,2,REPAY,4,5.806506,,5.806506,2025-04-06 19:49:07
6779,10632,225,3,REPAY,1,30.916756,,30.916756,2025-04-06 20:08:00
6780,10634,439,4,REPAY,1,76.233147,,76.233147,2025-04-06 20:25:06
6781,10635,713,2,REPAY,1,52.11599,,52.11599,2025-04-06 20:52:06
6782,10636,136,1,LIQUIDATION,2,5976.989338,5360.4742578523,5976.989338,2025-04-06 20:55:32
6783,10637,919,2,REPAY,1,27.745908,,27.745908,2025-04-06 21:18:54
6784,10639,419,2,DEPOSIT,3,6502.920992,6502.920992,,2025-04-06 21:47:55
6785,10640,498,1,BORROW,3,8219.618617,15579.4916395838,8219.618617,2025-04-06 21:54:01
6786,10643,588,3,BORROW,3,5107.63816,7560.9605956816,5107.63816,2025-04-06 22:40:30
6787,10645,864,3,DEPOSIT,1,2002.819966,2002.819966,,2025-04-06 22:54:05
6788,10647,168,4,REPAY,1,3.202195,,3.202195,2025-04-06 23:08:24
6789,10648,229,2,REPAY,3,2055.108009,,2055.108009,2025-04-06 23:10:08
6790,10649,993,4,REPAY,4,40.097181,,40.097181,2025-04-06 23:20:55
6791,10650,654,3,WITHDRAW,5,3950.224812,,,2025-04-06 23:34:56
6792,10651,248,2,REPAY,4,0.10793,,0.10793,2025-04-06 23:55:25
6793,10652,752,3,REPAY,5,20.622794,,20.622794,2025-04-07 00:30:14
6794,10655,706,3,REPAY,5,24.742725,,24.742725,2025-04-07 01:25:39
6795,10656,986,2,REPAY,2,455.876527,,455.876527,2025-04-07 01:32:19
6796,10658,598,2,REPAY,2,18.049551,,18.049551,2025-04-07 01:53:52
6797,10659,239,2,REPAY,4,712.152802,,712.152802,2025-04-07 02:05:23
6798,10660,80,1,WITHDRAW,2,4308.915647,,,2025-04-07 02:20:38
6799,10661,820,2,REPAY,5,989.585908,,989.585908,2025-04-07 02:22:26
6800,10666,380,1,WITHDRAW,1,3365.72617,,,2025-04-07 02:45:03
6801,10669,343,4,BORROW,2,9002.039144,14521.3707111199,9002.039144,2025-04-07 02:59:16
6802,10673,230,2,REPAY,5,352.702855,,352.702855,2025-04-07 04:17:13
6803,10674,699,3,REPAY,1,1049.073179,,1049.073179,2025-04-07 04:19:38
6804,10675,948,3,BORROW,5,2686.154731,5360.7280991138,2686.154731,2025-04-07 04:22:08
6805,10676,746,2,BORROW,3,6059.043794,12467.3488563007,6059.043794,2025-04-07 04:31:59
6806,10680,746,1,LIQUIDATION,3,6059.043794,5580.6360943527,6059.043794,2025-04-07 05:32:44
6807,10681,372,2,WITHDRAW,2,6137.985188,,,2025-04-07 05:45:37
6808,10682,407,2,BORROW,4,8891.99051,18792.6809922959,8891.99051,2025-04-07 06:08:39
6809,10683,673,3,REPAY,2,509.610485,,509.610485,2025-04-07 06:32:21
6810,10684,723,2,BORROW,3,414.873916,685.2262930543,414.873916,2025-04-07 06:36:12
6811,10685,349,3,REPAY,1,1309.253826,,1309.253826,2025-04-07 06:36:24
6812,10686,504,4,REPAY,2,595.204281,,595.204281,2025-04-07 06:40:12
6813,10687,202,1,BORROW,5,309.39567,667.4381604271,309.39567,2025-04-07 06:45:29
6814,10688,999,4,DEPOSIT,2,1247.775244,1247.775244,,2025-04-07 07:12:16
6815,10689,947,2,DEPOSIT,2,3401.596889,3401.596889,,2025-04-07 07:17:11
6816,10690,47,1,WITHDRAW,1,226.548827,,,2025-04-07 07:20:47
6817,10691,681,2,REPAY,2,9999.494808,,9999.494808,2025-04-07 08:06:59
6818,10692,932,3,WITHDRAW,4,9059.803522,,,2025-04-07 08:12:54
6819,10694,904,4,BORROW,3,9664.556244,15280.563029763,9664.556244,2025-04-07 08:23:23
6820,10695,386,4,REPAY,2,649.170688,,649.170688,2025-04-07 09:03:34
6821,10696,118,3,DEPOSIT,4,5205.346884,5205.346884,,2025-04-07 09:10:50
6822,10697,829,2,DEPOSIT,4,8830.979284,8830.979284,,2025-04-07 09:22:38
6823,10699,789,1,BORROW,5,6989.84606,17242.4170132963,6989.84606,2025-04-07 09:27:06
6824,10700,73,3,REPAY,3,91.727543,,91.727543,2025-04-07 09:37:47
6825,10702,624,2,BORROW,3,8609.84861,20411.5244455464,8609.84861,2025-04-07 10:54:46
6826,10704,503,2,WITHDRAW,2,1269.612581,,,2025-04-07 11:57:46
6827,10706,600,2,REPAY,5,26.154608,,26.154608,2025-04-07 12:26:29
6828,10708,851,4,REPAY,5,123.626327,,123.626327,2025-04-07 12:48:26
6829,10711,571,4,DEPOSIT,2,2590.276658,2590.276658,,2025-04-07 13:27:49
6830,10713,953,2,REPAY,4,0.120183,,0.120183,2025-04-07 13:54:48
6831,10714,690,1,DEPOSIT,2,2097.624354,2097.624354,,2025-04-07 13:55:31
6832,10715,152,3,BORROW,4,4844.495654,9573.4442214586,4844.495654,2025-04-07 13:55:40
6833,10716,946,2,DEPOSIT,4,5551.356771,5551.356771,,2025-04-07 14:35:13
6834,10717,804,4,REPAY,2,2.502016,,2.502016,2025-04-07 14:37:27
6835,10718,74,3,REPAY,5,1162.030556,,1162.030556,2025-04-07 14:43:07
6836,10719,688,2,REPAY,4,0.156934,,0.156934,2025-04-07 14:44:49
6837,10721,908,3,LIQUIDATION,2,0.562538,0.6578019658,0.562538,2025-04-07 15:06:45
6838,10723,389,2,REPAY,3,842.678791,,842.678791,2025-04-07 15:27:23
6839,10724,290,3,BORROW,1,1887.459318,4058.437843688,1887.459318,2025-04-07 15:37:55
6840,10727,733,2,BORROW,2,9786.15049,13803.990614547,9786.15049,2025-04-07 16:03:58
6841,10728,129,1,REPAY,1,80.220308,,80.220308,2025-04-07 16:22:39
6842,10729,9,3,REPAY,3,10.005964,,10.005964,2025-04-07 16:29:56
6843,10730,986,4,REPAY,3,220.052702,,220.052702,2025-04-07 17:01:32
6844,10731,572,4,WITHDRAW,2,8983.305947,,,2025-04-07 17:21:52
6845,10732,534,1,REPAY,5,378.07073,,378.07073,2025-04-07 17:28:36
6846,10733,184,4,REPAY,2,1432.518513,,1432.518513,2025-04-07 17:34:46
6847,10735,582,4,WITHDRAW,4,1646.607498,,,2025-04-07 18:05:08
6848,10736,686,1,REPAY,1,17.67266,,17.67266,2025-04-07 18:40:13
6849,10737,359,4,REPAY,4,707.19772,,707.19772,2025-04-07 18:41:33
6850,10738,204,2,DEPOSIT,1,1303.736769,1303.736769,,2025-04-07 18:58:26
6851,10739,494,4,DEPOSIT,3,2109.364049,2109.364049,,2025-04-07 19:35:14
6852,10740,780,3,REPAY,3,105.105123,,105.105123,2025-04-07 19:50:28
6853,10741,91,2,LIQUIDATION,4,1789.53547,1912.4942196015,1789.53547,2025-04-07 19:52:55
6854,10742,377,1,BORROW,5,4204.193127,8987.5767325301,4204.193127,2025-04-07 20:10:03
6855,10744,385,2,REPAY,5,119.045551,,119.045551,2025-04-07 20:23:19
6856,10745,374,2,LIQUIDATION,4,5999.322577,5146.2750320658,5999.322577,2025-04-07 20:26:12
6857,10746,554,1,REPAY,5,62.910846,,62.910846,2025-04-07 20:31:51
6858,10747,654,2,WITHDRAW,5,6783.3253,,,2025-04-07 20:42:13
6859,10748,535,2,WITHDRAW,3,17.78754,,,2025-04-07 20:42:35
6860,10749,707,2,WITHDRAW,3,9848.034141,,,2025-04-07 21:00:12
6861,10750,500,1,REPAY,2,320.105528,,320.105528,2025-04-07 21:04:38
6862,10751,136,3,BORROW,1,2449.189896,5145.8310315035,2449.189896,2025-04-07 21:05:58
6863,10752,702,2,DEPOSIT,2,808.803555,808.803555,,2025-04-07 21:10:06
6864,10753,951,3,REPAY,4,46.832139,,46.832139,2025-04-07 21:23:25
6865,10754,407,4,REPAY,3,4934.744719,,4934.744719,2025-04-07 21:30:19
6866,10756,642,1,BORROW,2,2187.599895,5061.9141274468,2187.599895,2025-04-07 22:01:18
6867,10757,943,2,REPAY,2,1798.229187,,1798.229187,2025-04-07 22:07:02
6868,10758,418,4,REPAY,3,255.885315,,255.885315,2025-04-07 22:27:27
6869,10760,936,4,BORROW,5,2373.411716,5338.3091655512,2373.411716,2025-04-07 22:40:38
6870,10761,937,4,REPAY,3,222.121172,,222.121172,2025-04-07 22:54:48
6871,10764,778,1,WITHDRAW,4,4909.441814,,,2025-04-07 23:31:50
6872,10766,737,4,REPAY,1,5.783278,,5.783278,2025-04-08 00:11:34
6873,10768,458,3,WITHDRAW,5,7695.082889,,,2025-04-08 00:17:40
6874,10769,712,4,REPAY,3,0.056905,,0.056905,2025-04-08 00:21:04
6875,10771,849,1,REPAY,1,405.699629,,405.699629,2025-04-08 00:41:48
6876,10772,281,4,BORROW,4,4017.013964,6401.9816577428,4017.013964,2025-04-08 01:14:16
6877,10773,677,1,REPAY,1,930.653592,,930.653592,2025-04-08 01:18:32
6878,10774,400,1,REPAY,2,1304.643014,,1304.643014,2025-04-08 01:23:20
6879,10775,874,1,WITHDRAW,4,7794.348052,,,2025-04-08 01:24:23
6880,10776,160,3,DEPOSIT,3,3547.025662,3547.025662,,2025-04-08 01:30:32
6881,10778,20,4,DEPOSIT,1,7853.816169,7853.816169,,2025-04-08 01:47:32
6882,10779,897,4,DEPOSIT,3,7550.243026,7550.243026,,2025-04-08 01:56:03
6883,10780,32,1,REPAY,1,227.165174,,227.165174,2025-04-08 02:10:23
6884,10781,298,3,LIQUIDATION,1,2896.419862,2763.0571688599,2896.419862,2025-04-08 02:23:16
6885,10782,785,4,REPAY,1,2.413414,,2.413414,2025-04-08 02:25:19
6886,10783,756,4,REPAY,1,958.32173,,958.32173,2025-04-08 02:31:55
6887,10784,500,1,REPAY,4,296.325581,,296.325581,2025-04-08 03:10:14
6888,10785,961,2,REPAY,1,11.820454,,11.820454,2025-04-08 03:10:33
6889,10786,522,4,DEPOSIT,2,6652.534012,6652.534012,,2025-04-08 03:19:37
6890,10787,796,1,REPAY,3,131.679143,,131.679143,2025-04-08 03:41:11
6891,10788,690,2,BORROW,4,8619.786039,13675.7959187016,8619.786039,2025-04-08 03:55:01
6892,10789,638,4,WITHDRAW,5,4748.862329,,,2025-04-08 04:11:02
6893,10790,22,3,REPAY,2,12.905315,,12.905315,2025-04-08 04:20:22
6894,10793,116,4,REPAY,2,7.161704,,7.161704,2025-04-08 05:08:38
6895,10795,710,1,REPAY,3,1483.837868,,1483.837868,2025-04-08 05:12:06
6896,10797,521,4,REPAY,4,7647.561473,,7647.561473,2025-04-08 05:25:48
6897,10798,901,3,DEPOSIT,5,8194.188008,8194.188008,,2025-04-08 05:51:49
6898,10803,642,1,REPAY,3,759.947894,,759.947894,2025-04-08 08:00:04
6899,10804,437,1,REPAY,4,0.054646,,0.054646,2025-04-08 08:55:36
6900,10806,314,3,REPAY,3,59.60349,,59.60349,2025-04-08 09:09:22
6901,10808,113,2,BORROW,3,7972.492935,19211.5397278456,7972.492935,2025-04-08 09:27:12
6902,10811,687,4,WITHDRAW,1,5738.028224,,,2025-04-08 10:23:38
6903,10812,497,3,REPAY,1,0.893616,,0.893616,2025-04-08 10:27:45
6904,10813,154,4,REPAY,5,368.232925,,368.232925,2025-04-08 10:38:54
6905,10815,109,1,REPAY,3,0.018235,,0.018235,2025-04-08 10:43:47
6906,10817,314,3,REPAY,4,0.706906,,0.706906,2025-04-08 10:53:42
6907,10819,844,1,REPAY,4,3374.970871,,3374.970871,2025-04-08 11:40:49
6908,10821,37,2,WITHDRAW,3,2521.73372,,,2025-04-08 11:53:11
6909,10822,404,2,REPAY,4,1.291686,,1.291686,2025-04-08 11:57:44
6910,10823,193,3,BORROW,1,7308.171978,13254.1993271661,7308.171978,2025-04-08 12:16:08
6911,10825,705,2,DEPOSIT,4,5405.730221,5405.730221,,2025-04-08 12:22:36
6912,10826,3,1,REPAY,3,19.484536,,19.484536,2025-04-08 12:29:46
6913,10828,85,4,WITHDRAW,3,1633.401167,,,2025-04-08 12:54:33
6914,10829,479,2,REPAY,5,3144.251964,,3144.251964,2025-04-08 13:00:08
6915,10830,199,2,BORROW,2,7498.957367,15690.0385869302,7498.957367,2025-04-08 13:02:45
6916,10832,762,3,DEPOSIT,1,5820.840867,5820.840867,,2025-04-08 13:19:20
6917,10833,272,2,DEPOSIT,2,4075.005423,4075.005423,,2025-04-08 13:21:40
6918,10834,594,3,REPAY,4,290.748259,,290.748259,2025-04-08 13:42:11
6919,10837,149,3,WITHDRAW,4,6527.983513,,,2025-04-08 14:09:38
6920,10838,995,1,LIQUIDATION,1,5138.731411,5339.9964857191,5138.731411,2025-04-08 14:20:59
6921,10839,351,3,REPAY,5,0.264497,,0.264497,2025-04-08 14:27:59
6922,10840,671,1,REPAY,2,938.109922,,938.109922,2025-04-08 15:04:16
6923,10842,796,1,WITHDRAW,4,182.181137,,,2025-04-08 15:23:24
6924,10843,690,1,REPAY,1,5218.028705,,5218.028705,2025-04-08 15:30:54
6925,10844,640,4,REPAY,3,0.026854,,0.026854,2025-04-08 15:53:10
6926,10846,424,2,REPAY,2,3.750465,,3.750465,2025-04-08 16:49:57
6927,10848,38,3,REPAY,5,940.935792,,940.935792,2025-04-08 17:06:29
6928,10849,102,4,REPAY,3,8.009361,,8.009361,2025-04-08 17:16:08
6929,10851,225,2,REPAY,2,6.047253,,6.047253,2025-04-08 17:41:02
6930,10852,310,1,REPAY,1,1.733199,,1.733199,2025-04-08 17:43:04
6931,10854,768,4,REPAY,2,5.202142,,5.202142,2025-04-08 17:50:04
6932,10856,730,3,WITHDRAW,4,6984.704015,,,2025-04-08 18:06:26
6933,10858,574,1,BORROW,4,1041.407611,1261.4057240132,1041.407611,2025-04-08 18:13:32
6934,10859,666,3,WITHDRAW,2,2518.09767,,,2025-04-08 18:22:54
6935,10861,73,3,REPAY,2,8.38739,,8.38739,2025-04-08 18:47:15
6936,10862,417,1,BORROW,5,6857.988734,14533.2286228386,6857.988734,2025-04-08 18:50:43
6937,10863,404,4,BORROW,1,4611.618746,9901.3510021812,4611.618746,2025-04-08 19:37:47
6938,10864,698,1,REPAY,3,300.232766,,300.232766,2025-04-08 19:42:58
6939,10865,432,4,DEPOSIT,4,884.838631,884.838631,,2025-04-08 19:56:55
6940,10866,364,2,DEPOSIT,5,2406.040064,2406.040064,,2025-04-08 19:57:39
6941,10867,403,3,LIQUIDATION,5,0.026622,0.0291027542,0.026622,2025-04-08 20:12:06
6942,10869,663,3,REPAY,3,8.963374,,8.963374,2025-04-08 20:19:29
6943,10871,482,4,REPAY,1,5348.659867,,5348.659867,2025-04-08 21:43:12
6944,10872,424,1,REPAY,4,0.07017,,0.07017,2025-04-08 21:43:51
6945,10874,376,3,BORROW,2,6131.034276,10086.0468473267,6131.034276,2025-04-08 21:48:04
6946,10876,55,3,DEPOSIT,2,1932.796915,1932.796915,,2025-04-08 22:00:03
6947,10877,10,4,DEPOSIT,1,7091.036668,7091.036668,,2025-04-08 22:00:29
6948,10882,811,3,REPAY,4,2.443729,,2.443729,2025-04-08 23:11:36
6949,10883,209,1,REPAY,3,215.639254,,215.639254,2025-04-08 23:20:10
6950,10884,873,3,REPAY,2,2.34242,,2.34242,2025-04-08 23:45:46
6951,10885,925,4,REPAY,4,1256.909643,,1256.909643,2025-04-08 23:46:37
6952,10886,330,2,REPAY,3,0.088133,,0.088133,2025-04-08 23:47:26
6953,10887,467,4,REPAY,2,325.439071,,325.439071,2025-04-09 00:02:19
6954,10889,143,2,REPAY,5,0.496184,,0.496184,2025-04-09 00:12:33
6955,10890,888,3,WITHDRAW,1,3537.042015,,,2025-04-09 00:22:12
6956,10891,428,1,REPAY,3,6.350661,,6.350661,2025-04-09 00:30:50
6957,10894,242,4,DEPOSIT,2,9080.763422,9080.763422,,2025-04-09 01:34:35
6958,10896,379,1,REPAY,5,6607.214088,,6607.214088,2025-04-09 02:03:34
6959,10898,862,4,REPAY,2,310.303434,,310.303434,2025-04-09 02:45:00
6960,10899,638,4,WITHDRAW,2,483.622863,,,2025-04-09 02:50:02
6961,10900,806,1,BORROW,5,4598.720527,10910.0064757368,4598.720527,2025-04-09 03:27:50
6962,10901,739,4,REPAY,3,26.311998,,26.311998,2025-04-09 03:30:42
6963,10902,576,2,REPAY,4,0.07176,,0.07176,2025-04-09 03:32:30
6964,10903,4,2,REPAY,5,107.279616,,107.279616,2025-04-09 03:38:29
6965,10907,650,3,REPAY,2,0.492693,,0.492693,2025-04-09 04:28:09
6966,10908,779,1,REPAY,5,2.268299,,2.268299,2025-04-09 04:53:10
6967,10910,342,1,REPAY,1,581.158468,,581.158468,2025-04-09 05:13:11
6968,10911,526,3,REPAY,3,264.094193,,264.094193,2025-04-09 05:38:56
6969,10912,507,1,REPAY,2,613.106347,,613.106347,2025-04-09 05:51:45
6970,10913,526,3,REPAY,4,1316.330248,,1316.330248,2025-04-09 05:56:02
6971,10915,175,1,WITHDRAW,4,4518.341123,,,2025-04-09 06:25:54
6972,10916,707,2,REPAY,3,0.591706,,0.591706,2025-04-09 06:41:12
6973,10918,89,1,REPAY,2,26.372159,,26.372159,2025-04-09 07:14:25
6974,10919,96,4,REPAY,2,240.562978,,240.562978,2025-04-09 07:41:23
6975,10921,338,1,WITHDRAW,5,2898.271285,,,2025-04-09 08:58:35
6976,10922,253,3,REPAY,4,495.609749,,495.609749,2025-04-09 08:59:09
6977,10925,959,3,BORROW,1,1604.928558,3392.5626980269,1604.928558,2025-04-09 09:24:31
6978,10927,389,1,WITHDRAW,3,3388.239538,,,2025-04-09 09:50:13
6979,10928,145,3,REPAY,1,2512.108922,,2512.108922,2025-04-09 10:22:21
6980,10929,425,3,LIQUIDATION,2,4608.621922,5186.03637532,4608.621922,2025-04-09 10:27:42
6981,10930,60,2,REPAY,4,59.7758,,59.7758,2025-04-09 10:30:07
6982,10932,500,4,REPAY,3,335.69073,,335.69073,2025-04-09 10:39:12
6983,10934,675,1,LIQUIDATION,1,1258.735556,1312.1799017132,1258.735556,2025-04-09 11:04:18
6984,10935,210,1,DEPOSIT,1,3687.58981,3687.58981,,2025-04-09 11:17:38
6985,10936,562,3,REPAY,5,2103.982467,,2103.982467,2025-04-09 11:37:20
6986,10938,836,3,BORROW,1,5172.275596,9586.6831472352,5172.275596,2025-04-09 12:12:57
6987,10939,419,1,LIQUIDATION,1,605.389206,534.1475101551,605.389206,2025-04-09 12:15:30
6988,10940,631,2,REPAY,2,2.789652,,2.789652,2025-04-09 12:15:33
6989,10941,97,3,REPAY,3,10.553823,,10.553823,2025-04-09 12:19:23
6990,10945,243,4,REPAY,4,0.086465,,0.086465,2025-04-09 12:54:22
6991,10947,576,2,REPAY,4,0.015708,,0.015708,2025-04-09 13:07:06
6992,10948,605,1,REPAY,5,953.459963,,953.459963,2025-04-09 13:18:40
6993,10949,723,1,DEPOSIT,3,5441.66838,5441.66838,,2025-04-09 13:24:17
6994,10950,227,2,WITHDRAW,1,4919.877955,,,2025-04-09 13:36:26
6995,10952,238,4,REPAY,3,4544.386347,,4544.386347,2025-04-09 14:37:45
6996,10958,347,3,REPAY,5,163.170207,,163.170207,2025-04-09 16:42:26
6997,10959,398,3,REPAY,3,976.079526,,976.079526,2025-04-09 17:00:10
6998,10960,816,2,WITHDRAW,2,2086.076637,,,2025-04-09 17:01:32
6999,10962,749,1,REPAY,1,687.615224,,687.615224,2025-04-09 17:58:10
7000,10964,329,4,WITHDRAW,5,7514.726458,,,2025-04-09 18:18:43
7001,10966,722,4,WITHDRAW,1,8398.446924,,,2025-04-09 18:33:39
7002,10967,881,4,BORROW,1,9532.38706,20289.9713941784,9532.38706,2025-04-09 18:37:53
7003,10968,999,4,REPAY,3,2038.175751,,2038.175751,2025-04-09 18:42:19
7004,10969,430,1,DEPOSIT,3,6417.811979,6417.811979,,2025-04-09 18:52:41
7233,11297,506,1,REPAY,5,0.114573,,0.114573,2025-04-12 19:30:05
7005,10970,948,2,DEPOSIT,5,9673.240931,9673.240931,,2025-04-09 18:52:46
7006,10974,274,3,DEPOSIT,4,9989.781165,9989.781165,,2025-04-09 19:38:11
7007,10975,746,2,BORROW,3,8476.493876,14607.498111813,8476.493876,2025-04-09 20:40:58
7008,10976,596,1,REPAY,2,235.669698,,235.669698,2025-04-09 20:51:02
7009,10977,896,3,LIQUIDATION,4,0.89129,0.860380283,0.89129,2025-04-09 21:24:33
7010,10978,557,2,DEPOSIT,4,9921.23473,9921.23473,,2025-04-09 21:51:17
7011,10979,849,2,REPAY,5,103.600826,,103.600826,2025-04-09 22:02:44
7012,10980,138,3,LIQUIDATION,2,3134.35121,3405.6502834087,3134.35121,2025-04-09 22:32:50
7013,10981,467,3,LIQUIDATION,1,7.719091,8.5382298158,7.719091,2025-04-09 22:39:55
7014,10982,398,4,REPAY,2,2290.716667,,2290.716667,2025-04-09 22:56:49
7015,10983,958,3,BORROW,5,7505.640022,13450.5179819036,7505.640022,2025-04-09 23:26:23
7016,10984,962,2,REPAY,5,3e-06,,3e-06,2025-04-09 23:36:00
7017,10986,488,4,BORROW,3,4658.316452,8110.7175298353,4658.316452,2025-04-10 02:18:10
7018,10987,958,2,REPAY,5,6861.081497,,6861.081497,2025-04-10 02:31:17
7019,10988,227,1,DEPOSIT,5,3138.879865,3138.879865,,2025-04-10 02:41:32
7020,10989,213,2,REPAY,2,2670.145313,,2670.145313,2025-04-10 02:44:51
7021,10990,214,2,REPAY,3,7371.795054,,7371.795054,2025-04-10 02:50:38
7022,10991,39,1,REPAY,3,6.356238,,6.356238,2025-04-10 03:19:31
7023,10993,784,4,REPAY,2,1088.250721,,1088.250721,2025-04-10 03:48:31
7024,10994,747,3,BORROW,2,2983.374106,7018.4520855772,2983.374106,2025-04-10 03:55:25
7025,10995,23,1,BORROW,1,7634.030729,18686.6009230218,7634.030729,2025-04-10 04:24:57
7026,10996,930,1,DEPOSIT,2,6591.960658,6591.960658,,2025-04-10 04:28:57
7027,10998,290,3,BORROW,2,1171.712976,2755.1260377989,1171.712976,2025-04-10 04:31:42
7028,10999,104,3,LIQUIDATION,5,363.343701,405.7296893907,363.343701,2025-04-10 04:35:52
7029,11001,875,1,DEPOSIT,5,2086.887964,2086.887964,,2025-04-10 04:59:17
7030,11002,314,1,REPAY,4,0.359043,,0.359043,2025-04-10 05:04:13
7031,11003,566,3,WITHDRAW,3,1127.251705,,,2025-04-10 05:33:15
7032,11005,973,4,REPAY,4,0.016312,,0.016312,2025-04-10 06:03:19
7033,11006,520,2,WITHDRAW,5,8694.226468,,,2025-04-10 06:33:01
7034,11009,509,4,REPAY,5,31.372221,,31.372221,2025-04-10 06:59:45
7035,11010,83,4,REPAY,5,0.334306,,0.334306,2025-04-10 07:05:43
7036,11012,56,1,DEPOSIT,3,9380.463297,9380.463297,,2025-04-10 07:25:28
7037,11014,472,1,DEPOSIT,5,4957.464913,4957.464913,,2025-04-10 07:49:57
7038,11015,425,3,WITHDRAW,4,4590.528289,,,2025-04-10 07:57:37
7039,11017,253,2,REPAY,2,1429.743035,,1429.743035,2025-04-10 08:02:27
7040,11020,237,3,REPAY,5,538.311686,,538.311686,2025-04-10 08:33:45
7041,11021,175,3,WITHDRAW,4,9587.491394,,,2025-04-10 08:43:09
7042,11022,91,1,DEPOSIT,2,6968.335169,6968.335169,,2025-04-10 08:43:11
7043,11023,284,2,REPAY,1,99.161066,,99.161066,2025-04-10 08:54:11
7044,11025,449,1,REPAY,4,0.009213,,0.009213,2025-04-10 11:02:43
7045,11026,92,3,BORROW,5,3822.939599,8593.5022855623,3822.939599,2025-04-10 11:03:24
7046,11027,600,3,REPAY,5,38.018409,,38.018409,2025-04-10 11:18:44
7047,11029,757,3,WITHDRAW,4,7894.984112,,,2025-04-10 11:27:57
7048,11030,314,1,REPAY,4,0.108543,,0.108543,2025-04-10 11:45:01
7049,11031,199,2,REPAY,3,3184.174283,,3184.174283,2025-04-10 12:08:50
7050,11032,9,2,REPAY,1,4.032992,,4.032992,2025-04-10 12:19:35
7051,11034,308,2,WITHDRAW,3,934.575683,,,2025-04-10 12:32:37
7052,11036,299,1,REPAY,5,4.293667,,4.293667,2025-04-10 13:02:22
7053,11037,282,1,REPAY,5,2330.398493,,2330.398493,2025-04-10 13:05:19
7054,11038,316,3,REPAY,3,28.048451,,28.048451,2025-04-10 13:06:28
7055,11040,783,4,LIQUIDATION,2,7013.452333,6068.3775429618,7013.452333,2025-04-10 13:09:09
7056,11041,617,3,BORROW,3,5287.160288,11024.9036589148,5287.160288,2025-04-10 13:10:59
7057,11042,438,1,REPAY,4,21.158861,,21.158861,2025-04-10 13:46:45
7058,11043,755,2,BORROW,5,4370.970107,8319.3908162802,4370.970107,2025-04-10 13:48:03
7059,11048,327,2,REPAY,1,315.782147,,315.782147,2025-04-10 15:37:03
7060,11049,52,4,REPAY,4,30.780707,,30.780707,2025-04-10 15:54:29
7061,11050,542,4,DEPOSIT,5,1631.456414,1631.456414,,2025-04-10 16:01:22
7062,11051,521,1,REPAY,2,1209.595889,,1209.595889,2025-04-10 16:03:50
7063,11052,128,4,BORROW,5,9702.487417,21782.6781479538,9702.487417,2025-04-10 16:05:21
7064,11053,180,1,DEPOSIT,4,1547.836202,1547.836202,,2025-04-10 16:20:40
7065,11054,151,2,REPAY,5,71.019541,,71.019541,2025-04-10 16:24:39
7066,11055,317,1,DEPOSIT,1,4729.20363,4729.20363,,2025-04-10 16:41:06
7067,11057,110,3,BORROW,3,5290.849049,9557.2124487458,5290.849049,2025-04-10 16:54:57
7068,11058,635,2,DEPOSIT,2,5880.357811,5880.357811,,2025-04-10 16:59:11
7069,11059,88,1,REPAY,2,8e-05,,8e-05,2025-04-10 17:01:33
7070,11060,242,4,REPAY,2,0.001152,,0.001152,2025-04-10 17:05:06
7071,11062,342,4,REPAY,5,162.515403,,162.515403,2025-04-10 17:56:35
7072,11063,713,3,REPAY,4,21.025079,,21.025079,2025-04-10 18:41:59
7073,11064,639,2,REPAY,4,203.352442,,203.352442,2025-04-10 18:47:29
7074,11065,163,4,REPAY,5,0.218542,,0.218542,2025-04-10 18:55:22
7075,11068,764,3,WITHDRAW,5,9552.097869,,,2025-04-10 19:41:46
7076,11070,60,4,LIQUIDATION,1,17.217379,16.1598310816,17.217379,2025-04-10 20:20:48
7077,11071,916,2,WITHDRAW,3,3141.168758,,,2025-04-10 20:35:00
7078,11072,584,1,LIQUIDATION,1,4062.320456,4860.3785514666,4062.320456,2025-04-10 20:51:14
7079,11073,128,2,LIQUIDATION,3,9702.487417,9717.443650263,9702.487417,2025-04-10 20:53:54
7080,11074,237,3,REPAY,2,114.329941,,114.329941,2025-04-10 21:20:51
7081,11075,219,3,LIQUIDATION,4,9910.118128,11582.7439215285,9910.118128,2025-04-10 21:25:21
7082,11076,714,2,REPAY,3,1048.960179,,1048.960179,2025-04-10 21:42:05
7083,11077,266,1,WITHDRAW,3,7489.177535,,,2025-04-10 21:56:10
7084,11078,616,2,REPAY,2,5961.572719,,5961.572719,2025-04-10 22:47:29
7085,11079,701,3,REPAY,4,1706.0521,,1706.0521,2025-04-10 22:50:04
7086,11080,318,3,BORROW,1,7195.157567,10280.3255904761,7195.157567,2025-04-10 22:50:45
7087,11081,31,1,BORROW,2,624.192208,1269.5088267172,624.192208,2025-04-10 22:57:16
7088,11083,674,4,BORROW,2,9648.190798,16168.3781166948,9648.190798,2025-04-10 23:35:39
7089,11084,389,3,REPAY,3,365.011395,,365.011395,2025-04-10 23:37:30
7090,11085,568,3,REPAY,1,8680.892625,,8680.892625,2025-04-10 23:40:23
7091,11086,474,1,REPAY,3,289.116323,,289.116323,2025-04-10 23:58:52
7092,11087,4,1,REPAY,5,150.238039,,150.238039,2025-04-11 00:07:38
7093,11088,790,2,BORROW,5,1576.575337,3938.5709686556,1576.575337,2025-04-11 01:19:51
7094,11089,265,3,REPAY,4,5.696205,,5.696205,2025-04-11 01:22:54
7095,11093,955,1,REPAY,4,36.506919,,36.506919,2025-04-11 02:06:07
7096,11094,997,2,REPAY,2,355.340475,,355.340475,2025-04-11 02:25:51
7097,11096,600,4,REPAY,1,52.547777,,52.547777,2025-04-11 02:55:58
7098,11097,962,3,WITHDRAW,4,97.358714,,,2025-04-11 03:40:53
7099,11100,834,4,BORROW,5,7004.527904,16049.5985881704,7004.527904,2025-04-11 04:42:21
7100,11101,74,1,REPAY,2,959.071692,,959.071692,2025-04-11 05:19:28
7101,11102,807,1,REPAY,1,2.966255,,2.966255,2025-04-11 05:25:03
7102,11103,551,4,REPAY,3,631.593204,,631.593204,2025-04-11 05:27:28
7103,11105,585,3,BORROW,2,6813.948145,10322.9975458154,6813.948145,2025-04-11 05:57:53
7104,11108,513,1,REPAY,1,3477.980399,,3477.980399,2025-04-11 06:19:15
7105,11110,125,3,DEPOSIT,4,479.996141,479.996141,,2025-04-11 06:28:00
7106,11111,161,1,LIQUIDATION,5,2387.168702,2494.4353211698,2387.168702,2025-04-11 06:50:23
7107,11112,179,2,WITHDRAW,1,3981.93281,,,2025-04-11 06:54:26
7108,11114,992,1,REPAY,3,2.43309,,2.43309,2025-04-11 07:04:15
7109,11115,195,1,REPAY,2,1.884256,,1.884256,2025-04-11 07:05:02
7110,11118,233,1,REPAY,4,0.404655,,0.404655,2025-04-11 07:49:25
7111,11119,961,2,REPAY,1,1.493829,,1.493829,2025-04-11 08:32:37
7112,11122,408,3,REPAY,1,0.000103,,0.000103,2025-04-11 08:56:56
7113,11123,222,3,BORROW,1,6341.119464,13253.3481641752,6341.119464,2025-04-11 09:09:34
7114,11126,29,2,WITHDRAW,5,2578.24324,,,2025-04-11 09:25:37
7115,11127,36,3,BORROW,1,3947.620535,6159.5951642412,3947.620535,2025-04-11 09:32:00
7116,11128,335,1,REPAY,3,1028.460453,,1028.460453,2025-04-11 10:23:12
7117,11129,795,3,REPAY,4,0.000148,,0.000148,2025-04-11 10:25:59
7118,11131,850,1,WITHDRAW,2,8474.078341,,,2025-04-11 10:35:30
7119,11132,124,2,DEPOSIT,3,330.336165,330.336165,,2025-04-11 10:41:09
7120,11133,444,3,REPAY,5,23.351172,,23.351172,2025-04-11 10:45:46
7121,11136,455,1,REPAY,4,0.788894,,0.788894,2025-04-11 11:04:20
7122,11138,303,4,REPAY,5,2.065499,,2.065499,2025-04-11 12:33:09
7123,11139,514,4,BORROW,5,7237.26062,10752.3024207387,7237.26062,2025-04-11 12:33:59
7124,11142,919,2,REPAY,1,31.341874,,31.341874,2025-04-11 12:53:08
7125,11143,698,1,REPAY,2,92.353815,,92.353815,2025-04-11 12:56:07
7126,11146,751,4,REPAY,1,1079.283859,,1079.283859,2025-04-11 14:01:52
7127,11147,579,1,REPAY,5,1568.658634,,1568.658634,2025-04-11 14:05:36
7128,11148,900,1,DEPOSIT,2,1763.13513,1763.13513,,2025-04-11 14:31:51
7129,11149,316,3,WITHDRAW,5,7809.774212,,,2025-04-11 14:46:09
7130,11150,502,2,DEPOSIT,5,7128.782343,7128.782343,,2025-04-11 14:51:02
7131,11151,439,3,BORROW,2,2204.242763,5280.9442377616,2204.242763,2025-04-11 15:00:39
7132,11152,914,2,REPAY,5,794.192302,,794.192302,2025-04-11 15:25:51
7133,11155,517,1,WITHDRAW,4,480.341268,,,2025-04-11 16:33:27
7134,11156,266,3,DEPOSIT,4,1888.546045,1888.546045,,2025-04-11 16:43:04
7135,11158,876,4,REPAY,4,39.626377,,39.626377,2025-04-11 16:56:13
7136,11159,594,4,BORROW,4,958.966036,1217.003832998,958.966036,2025-04-11 16:57:13
7137,11161,203,1,REPAY,4,1272.197295,,1272.197295,2025-04-11 17:14:20
7138,11163,398,1,REPAY,4,1395.124229,,1395.124229,2025-04-11 17:46:22
7139,11164,647,2,WITHDRAW,5,3603.480272,,,2025-04-11 17:52:47
7140,11167,485,1,REPAY,4,841.215274,,841.215274,2025-04-11 18:15:16
7141,11168,650,2,REPAY,2,0.236476,,0.236476,2025-04-11 18:18:33
7142,11169,607,1,BORROW,3,7095.134816,13104.3104388351,7095.134816,2025-04-11 18:27:32
7143,11170,836,3,BORROW,3,3272.103064,6370.8910897994,3272.103064,2025-04-11 18:32:38
7144,11171,335,4,REPAY,2,56.441082,,56.441082,2025-04-11 18:33:37
7145,11172,532,4,DEPOSIT,3,144.197505,144.197505,,2025-04-11 19:03:18
7146,11173,597,4,DEPOSIT,2,7462.032471,7462.032471,,2025-04-11 19:10:47
7147,11176,922,4,REPAY,2,4091.718596,,4091.718596,2025-04-11 20:15:57
7148,11178,42,3,REPAY,1,104.032267,,104.032267,2025-04-11 20:46:48
7149,11180,842,2,WITHDRAW,5,3881.680946,,,2025-04-11 20:58:36
7150,11182,652,2,BORROW,4,995.903588,1523.1173482041,995.903588,2025-04-11 21:49:19
7151,11184,700,2,BORROW,1,9701.578297,22907.1646313162,9701.578297,2025-04-11 21:55:20
7152,11185,405,4,REPAY,4,143.58547,,143.58547,2025-04-11 22:00:16
7153,11186,711,1,REPAY,4,232.486237,,232.486237,2025-04-11 22:06:21
7154,11187,529,3,REPAY,1,52.240652,,52.240652,2025-04-11 22:13:01
7155,11188,160,3,WITHDRAW,4,4431.520461,,,2025-04-11 22:15:12
7156,11190,713,2,REPAY,2,8.054655,,8.054655,2025-04-11 22:17:31
7157,11191,733,4,LIQUIDATION,4,9786.15049,10702.9103362039,9786.15049,2025-04-11 22:20:33
7158,11194,890,1,REPAY,5,10.889918,,10.889918,2025-04-11 22:59:18
7159,11195,115,3,REPAY,1,700.061068,,700.061068,2025-04-11 23:05:29
7160,11196,170,3,WITHDRAW,4,1642.901741,,,2025-04-11 23:08:15
7161,11198,473,3,REPAY,5,88.488253,,88.488253,2025-04-11 23:37:45
7162,11199,515,1,REPAY,2,154.611629,,154.611629,2025-04-11 23:43:15
7163,11200,710,1,REPAY,4,15.459512,,15.459512,2025-04-11 23:44:16
7164,11201,943,1,REPAY,5,2091.098712,,2091.098712,2025-04-12 00:43:11
7165,11202,416,3,REPAY,5,6.651562,,6.651562,2025-04-12 00:49:00
7166,11203,725,2,REPAY,5,0.150824,,0.150824,2025-04-12 00:56:29
7167,11204,50,4,WITHDRAW,4,2788.137304,,,2025-04-12 00:58:02
7168,11205,224,2,DEPOSIT,2,8717.119374,8717.119374,,2025-04-12 01:33:52
7169,11206,715,3,LIQUIDATION,1,2241.652121,2095.041506763,2241.652121,2025-04-12 02:04:04
7170,11207,81,4,REPAY,4,1913.567973,,1913.567973,2025-04-12 02:08:49
7171,11208,100,4,REPAY,1,3207.816528,,3207.816528,2025-04-12 02:12:04
7172,11209,166,2,REPAY,2,15.894837,,15.894837,2025-04-12 02:15:58
7173,11210,43,2,DEPOSIT,4,1022.926421,1022.926421,,2025-04-12 02:20:54
7174,11212,732,2,REPAY,1,157.300216,,157.300216,2025-04-12 02:34:48
7175,11214,129,4,REPAY,3,78.780599,,78.780599,2025-04-12 02:43:15
7176,11217,192,2,BORROW,2,3441.842489,8574.705443885,3441.842489,2025-04-12 03:41:32
7177,11218,779,1,REPAY,1,2.347538,,2.347538,2025-04-12 03:44:10
7178,11220,846,3,REPAY,2,167.302465,,167.302465,2025-04-12 04:03:42
7179,11223,800,1,DEPOSIT,5,3552.66769,3552.66769,,2025-04-12 04:34:16
7180,11224,949,4,DEPOSIT,1,9761.158933,9761.158933,,2025-04-12 04:41:03
7181,11225,429,1,REPAY,1,2450.839919,,2450.839919,2025-04-12 05:12:21
7182,11226,936,4,REPAY,3,1602.670352,,1602.670352,2025-04-12 05:25:09
7183,11227,146,3,BORROW,1,6288.912831,12583.4280412745,6288.912831,2025-04-12 05:36:04
7184,11229,506,2,WITHDRAW,3,1004.184335,,,2025-04-12 06:14:07
7185,11230,734,1,WITHDRAW,4,8300.104949,,,2025-04-12 06:22:15
7186,11231,230,4,REPAY,1,192.850945,,192.850945,2025-04-12 07:31:28
7187,11236,130,1,REPAY,4,0.268957,,0.268957,2025-04-12 07:40:03
7188,11237,673,4,REPAY,5,381.547502,,381.547502,2025-04-12 08:29:54
7189,11238,193,2,BORROW,4,7893.139807,15213.4043692971,7893.139807,2025-04-12 08:37:36
7190,11240,178,4,WITHDRAW,5,3581.303,,,2025-04-12 08:54:08
7191,11241,608,1,BORROW,2,7326.936047,10631.1702313804,7326.936047,2025-04-12 09:57:09
7192,11242,872,2,REPAY,5,381.588193,,381.588193,2025-04-12 10:10:38
7193,11243,894,2,WITHDRAW,2,4355.57617,,,2025-04-12 10:15:19
7194,11244,71,2,REPAY,5,7167.916598,,7167.916598,2025-04-12 10:18:12
7195,11245,33,3,BORROW,3,4915.27454,11752.7514305066,4915.27454,2025-04-12 10:56:01
7196,11247,716,3,REPAY,2,8403.347511,,8403.347511,2025-04-12 11:17:43
7197,11248,799,3,REPAY,3,0.013484,,0.013484,2025-04-12 11:18:55
7198,11249,152,2,REPAY,5,2290.094072,,2290.094072,2025-04-12 11:24:35
7199,11253,465,1,REPAY,2,5171.736535,,5171.736535,2025-04-12 12:05:53
7200,11254,504,3,REPAY,1,128.212179,,128.212179,2025-04-12 12:15:47
7201,11258,19,2,DEPOSIT,2,5289.370347,5289.370347,,2025-04-12 13:07:04
7202,11259,676,2,BORROW,5,8741.615572,21090.7224977551,8741.615572,2025-04-12 13:22:53
7203,11260,805,1,DEPOSIT,4,4336.965992,4336.965992,,2025-04-12 13:33:20
7204,11262,255,1,REPAY,4,31.59142,,31.59142,2025-04-12 13:45:41
7205,11263,727,4,REPAY,3,581.300279,,581.300279,2025-04-12 13:47:08
7206,11264,173,2,DEPOSIT,2,9056.568512,9056.568512,,2025-04-12 13:50:14
7207,11265,629,4,REPAY,4,34.45837,,34.45837,2025-04-12 13:54:51
7208,11267,257,3,DEPOSIT,3,6637.097273,6637.097273,,2025-04-12 14:02:15
7209,11269,110,1,LIQUIDATION,4,5290.849049,5046.8529117601,5290.849049,2025-04-12 14:13:27
7210,11270,848,3,WITHDRAW,4,2296.781662,,,2025-04-12 14:17:28
7211,11271,46,1,DEPOSIT,1,7755.443775,7755.443775,,2025-04-12 14:31:39
7212,11273,458,3,BORROW,2,3129.070659,7124.120853502,3129.070659,2025-04-12 14:41:40
7213,11274,101,1,BORROW,4,7223.769312,16018.9218601522,7223.769312,2025-04-12 14:49:49
7214,11276,881,2,REPAY,5,1701.062842,,1701.062842,2025-04-12 15:01:09
7215,11277,5,2,REPAY,3,0.095134,,0.095134,2025-04-12 15:14:49
7216,11278,262,3,REPAY,4,107.131015,,107.131015,2025-04-12 15:29:58
7217,11280,860,2,REPAY,1,6.50208,,6.50208,2025-04-12 15:57:38
7218,11281,796,2,LIQUIDATION,5,60.045579,52.618260048,60.045579,2025-04-12 16:16:59
7219,11282,485,3,REPAY,4,186.448142,,186.448142,2025-04-12 16:54:40
7220,11283,563,2,DEPOSIT,5,5419.693171,5419.693171,,2025-04-12 17:06:37
7221,11284,417,2,LIQUIDATION,1,6857.988734,5793.935244812,6857.988734,2025-04-12 17:09:56
7222,11285,936,1,REPAY,3,276.907346,,276.907346,2025-04-12 17:20:15
7223,11286,615,3,REPAY,2,0.011693,,0.011693,2025-04-12 17:23:54
7224,11288,526,2,REPAY,4,10.492461,,10.492461,2025-04-12 17:56:12
7225,11289,52,2,REPAY,3,3.487783,,3.487783,2025-04-12 18:20:31
7226,11290,195,1,REPAY,1,0.348874,,0.348874,2025-04-12 18:24:54
7227,11291,433,3,BORROW,1,1177.804365,1662.837671006,1177.804365,2025-04-12 18:33:54
7228,11292,870,1,REPAY,3,0.036983,,0.036983,2025-04-12 18:34:06
7229,11293,771,1,DEPOSIT,2,1036.491142,1036.491142,,2025-04-12 19:05:59
7230,11294,542,1,REPAY,5,399.211571,,399.211571,2025-04-12 19:08:23
7231,11295,29,4,DEPOSIT,1,1550.460641,1550.460641,,2025-04-12 19:10:18
7232,11296,444,2,REPAY,5,28.28937,,28.28937,2025-04-12 19:21:03
7234,11299,301,4,DEPOSIT,2,8919.916068,8919.916068,,2025-04-12 19:48:12
7235,11300,698,4,DEPOSIT,5,3684.829251,3684.829251,,2025-04-12 19:48:47
7236,11301,348,2,REPAY,3,579.37699,,579.37699,2025-04-12 19:51:39
7237,11302,292,1,REPAY,1,305.248534,,305.248534,2025-04-12 20:06:18
7238,11303,743,2,REPAY,3,259.08608,,259.08608,2025-04-12 20:10:30
7239,11304,977,4,WITHDRAW,1,1934.835662,,,2025-04-12 20:45:44
7240,11307,92,4,REPAY,4,2545.919395,,2545.919395,2025-04-12 21:38:32
7241,11308,508,3,REPAY,2,1814.807033,,1814.807033,2025-04-12 21:49:43
7242,11309,755,4,LIQUIDATION,4,4370.970107,5123.3876643332,4370.970107,2025-04-12 22:30:00
7243,11311,133,3,REPAY,5,85.261141,,85.261141,2025-04-12 22:53:17
7244,11317,881,1,LIQUIDATION,4,7831.324218,8177.737306836,7831.324218,2025-04-12 23:45:06
7245,11318,217,2,REPAY,4,2.522995,,2.522995,2025-04-12 23:46:52
7246,11319,292,4,REPAY,1,106.873251,,106.873251,2025-04-12 23:53:22
7247,11321,317,2,WITHDRAW,3,1234.483181,,,2025-04-12 23:55:54
7248,11322,971,2,WITHDRAW,3,3731.83893,,,2025-04-13 00:04:49
7249,11323,777,3,DEPOSIT,3,3418.225956,3418.225956,,2025-04-13 00:30:02
7250,11324,714,4,REPAY,2,281.704721,,281.704721,2025-04-13 00:31:06
7251,11325,434,2,DEPOSIT,5,6515.526354,6515.526354,,2025-04-13 00:41:58
7252,11326,59,2,DEPOSIT,2,6748.287362,6748.287362,,2025-04-13 00:53:38
7253,11327,396,4,BORROW,3,2965.867257,3816.3730788357,2965.867257,2025-04-13 00:54:03
7254,11332,161,3,BORROW,3,3320.35416,5622.0708468816,3320.35416,2025-04-13 02:06:17
7255,11333,496,1,REPAY,4,127.34408,,127.34408,2025-04-13 02:28:16
7256,11334,939,1,DEPOSIT,4,6087.148433,6087.148433,,2025-04-13 02:30:18
7257,11335,374,3,BORROW,5,8943.301722,15868.7106973818,8943.301722,2025-04-13 02:34:52
7258,11337,75,3,DEPOSIT,2,1153.839084,1153.839084,,2025-04-13 03:20:59
7259,11338,433,1,REPAY,3,986.31735,,986.31735,2025-04-13 03:24:34
7260,11340,194,4,DEPOSIT,4,1382.20889,1382.20889,,2025-04-13 04:31:43
7261,11341,482,4,REPAY,1,438.712634,,438.712634,2025-04-13 04:42:42
7262,11343,461,1,DEPOSIT,4,5650.264228,5650.264228,,2025-04-13 05:21:34
7263,11345,477,4,REPAY,2,9069.721232,,9069.721232,2025-04-13 05:27:45
7264,11347,725,2,REPAY,5,0.03515,,0.03515,2025-04-13 05:55:33
7265,11348,477,3,DEPOSIT,1,5073.311711,5073.311711,,2025-04-13 06:00:02
7266,11349,652,1,LIQUIDATION,5,995.903588,1189.2382250656,995.903588,2025-04-13 06:31:07
7267,11350,782,2,REPAY,5,27.857817,,27.857817,2025-04-13 06:47:49
7268,11351,321,1,WITHDRAW,1,5313.73271,,,2025-04-13 06:57:57
7269,11353,633,4,REPAY,1,70.353718,,70.353718,2025-04-13 07:16:18
7270,11355,26,2,REPAY,3,0.033744,,0.033744,2025-04-13 07:39:23
7271,11356,993,3,REPAY,5,89.663864,,89.663864,2025-04-13 07:44:45
7272,11358,903,4,BORROW,3,3787.59614,8275.9950573801,3787.59614,2025-04-13 09:13:14
7273,11359,215,1,WITHDRAW,4,8362.277087,,,2025-04-13 09:17:48
7274,11360,117,2,REPAY,5,2181.970795,,2181.970795,2025-04-13 09:34:14
7275,11361,914,2,REPAY,4,568.325986,,568.325986,2025-04-13 09:48:36
7276,11362,457,4,REPAY,5,116.881314,,116.881314,2025-04-13 10:05:43
7277,11363,539,4,WITHDRAW,3,6007.401813,,,2025-04-13 10:23:31
7278,11364,846,2,WITHDRAW,4,5571.407307,,,2025-04-13 10:44:33
7279,11365,903,1,REPAY,5,807.348767,,807.348767,2025-04-13 11:00:08
7280,11366,685,1,LIQUIDATION,5,675.144127,636.2602541554,675.144127,2025-04-13 11:19:31
7281,11369,742,1,BORROW,3,849.776015,2062.2249024176,849.776015,2025-04-13 11:41:15
7282,11370,92,2,REPAY,2,838.501456,,838.501456,2025-04-13 11:56:00
7283,11371,124,2,WITHDRAW,1,124.978961,,,2025-04-13 12:12:01
7284,11372,291,3,WITHDRAW,4,3926.931957,,,2025-04-13 13:10:39
7285,11373,330,4,REPAY,2,0.108418,,0.108418,2025-04-13 13:22:42
7286,11376,309,3,REPAY,1,4.634745,,4.634745,2025-04-13 13:59:36
7287,11377,14,2,DEPOSIT,5,755.671695,755.671695,,2025-04-13 14:05:51
7288,11378,879,1,DEPOSIT,3,4241.208561,4241.208561,,2025-04-13 14:30:37
7289,11380,510,1,REPAY,4,120.045074,,120.045074,2025-04-13 16:34:01
7290,11381,912,3,REPAY,5,318.870008,,318.870008,2025-04-13 16:35:05
7291,11382,415,4,LIQUIDATION,3,3024.923139,3281.3745963048,3024.923139,2025-04-13 16:40:33
7292,11383,135,1,REPAY,2,472.997552,,472.997552,2025-04-13 17:04:11
7293,11384,370,1,DEPOSIT,5,211.11134,211.11134,,2025-04-13 17:07:58
7294,11385,57,1,WITHDRAW,5,7153.916802,,,2025-04-13 17:24:56
7295,11386,303,3,REPAY,3,1.943023,,1.943023,2025-04-13 17:46:07
7296,11387,303,1,DEPOSIT,4,8925.525596,8925.525596,,2025-04-13 17:52:56
7297,11389,453,3,BORROW,3,497.02944,740.3340968696,497.02944,2025-04-13 18:45:42
7298,11390,89,3,REPAY,2,21.152635,,21.152635,2025-04-13 19:15:15
7299,11391,470,4,LIQUIDATION,2,10570.960848,9056.5377502598,10570.960848,2025-04-13 19:15:54
7300,11393,636,4,BORROW,1,4263.444636,7208.7596845115,4263.444636,2025-04-13 19:27:42
7301,11395,197,4,WITHDRAW,5,449.898751,,,2025-04-13 20:04:35
7302,11396,514,3,LIQUIDATION,2,10558.234452,8830.6981095729,10558.234452,2025-04-13 20:10:20
7303,11399,733,1,BORROW,3,3409.501009,5679.8346455955,3409.501009,2025-04-13 21:06:52
7304,11400,71,2,WITHDRAW,5,6251.989436,,,2025-04-13 21:07:26
7305,11401,173,1,DEPOSIT,4,5190.767423,5190.767423,,2025-04-13 21:13:35
7306,11402,401,2,REPAY,1,1.674405,,1.674405,2025-04-13 21:56:27
7307,11403,766,3,REPAY,1,18.648017,,18.648017,2025-04-13 22:23:15
7308,11404,548,4,REPAY,2,5336.992992,,5336.992992,2025-04-13 22:45:13
7309,11405,517,3,DEPOSIT,3,5043.637532,5043.637532,,2025-04-13 22:54:23
7310,11406,834,2,REPAY,4,5178.841068,,5178.841068,2025-04-13 23:09:36
7311,11407,841,3,LIQUIDATION,2,5639.98912,5001.8599414328,5639.98912,2025-04-13 23:40:37
7312,11408,750,4,BORROW,2,2600.869102,5080.7601767859,2600.869102,2025-04-13 23:50:27
7313,11409,775,4,BORROW,1,9885.24064,14706.1669431743,9885.24064,2025-04-13 23:57:14
7314,11410,873,3,BORROW,1,4159.870656,7229.3530497696,4159.870656,2025-04-14 00:02:22
7315,11411,144,2,WITHDRAW,4,3229.545451,,,2025-04-14 00:07:41
7316,11412,978,2,REPAY,2,0.171794,,0.171794,2025-04-14 00:13:08
7317,11414,201,3,REPAY,5,1.265307,,1.265307,2025-04-14 00:18:14
7318,11415,382,1,WITHDRAW,3,1284.284932,,,2025-04-14 00:20:51
7319,11416,811,4,REPAY,1,0.918684,,0.918684,2025-04-14 00:35:45
7320,11418,663,3,REPAY,4,0.716388,,0.716388,2025-04-14 01:10:25
7321,11419,227,2,DEPOSIT,4,805.82816,805.82816,,2025-04-14 02:02:01
7322,11420,960,1,REPAY,3,1.521501,,1.521501,2025-04-14 02:06:19
7323,11421,840,2,REPAY,1,185.22486,,185.22486,2025-04-14 02:16:05
7324,11422,416,2,REPAY,2,1.63856,,1.63856,2025-04-14 02:46:02
7325,11425,244,3,WITHDRAW,3,1170.355108,,,2025-04-14 02:56:09
7326,11427,660,2,DEPOSIT,2,4838.653694,4838.653694,,2025-04-14 03:16:47
7327,11429,594,3,REPAY,4,1726.52801,,1726.52801,2025-04-14 03:53:26
7328,11430,137,3,WITHDRAW,3,2991.645799,,,2025-04-14 04:00:23
7329,11431,554,2,REPAY,1,6.875006,,6.875006,2025-04-14 04:38:35
7330,11432,271,4,REPAY,2,16.621003,,16.621003,2025-04-14 04:49:49
7331,11434,152,4,REPAY,3,1365.206966,,1365.206966,2025-04-14 05:43:12
7332,11435,607,2,REPAY,4,3980.32143,,3980.32143,2025-04-14 05:49:06
7333,11436,986,4,REPAY,3,613.965298,,613.965298,2025-04-14 05:57:20
7334,11437,97,1,REPAY,5,20.740977,,20.740977,2025-04-14 06:11:33
7335,11438,363,4,LIQUIDATION,1,0.724627,0.8163929394,0.724627,2025-04-14 06:38:40
7336,11439,974,4,REPAY,3,483.91473,,483.91473,2025-04-14 06:51:16
7337,11443,245,4,REPAY,1,7.348256,,7.348256,2025-04-14 07:54:48
7338,11447,557,3,REPAY,3,1388.496734,,1388.496734,2025-04-14 08:35:06
7339,11448,363,1,DEPOSIT,2,3004.762794,3004.762794,,2025-04-14 08:36:29
7340,11449,29,4,DEPOSIT,4,1804.825766,1804.825766,,2025-04-14 08:41:32
7341,11450,344,2,LIQUIDATION,3,3.111623,3.0435467908,3.111623,2025-04-14 08:53:00
7342,11453,691,2,REPAY,3,143.199491,,143.199491,2025-04-14 09:12:42
7343,11454,269,4,REPAY,4,9680.221769,,9680.221769,2025-04-14 09:29:21
7344,11455,292,2,LIQUIDATION,4,26.156293,28.8999450969,26.156293,2025-04-14 09:30:38
7345,11456,241,3,BORROW,1,9874.321641,16125.103517142,9874.321641,2025-04-14 09:35:32
7346,11457,917,4,REPAY,4,0.108653,,0.108653,2025-04-14 09:40:08
7347,11460,737,1,REPAY,4,0.864834,,0.864834,2025-04-14 10:24:07
7348,11461,610,3,DEPOSIT,2,2018.394909,2018.394909,,2025-04-14 10:39:07
7349,11463,58,1,REPAY,5,251.855704,,251.855704,2025-04-14 11:09:26
7350,11465,437,1,REPAY,1,0.01119,,0.01119,2025-04-14 11:41:14
7351,11466,689,3,WITHDRAW,4,1149.477884,,,2025-04-14 11:46:50
7352,11467,59,4,REPAY,4,2.355248,,2.355248,2025-04-14 12:33:07
7353,11468,196,3,REPAY,5,7236.789394,,7236.789394,2025-04-14 12:41:17
7354,11470,497,1,WITHDRAW,2,231.018598,,,2025-04-14 12:54:37
7355,11471,637,2,WITHDRAW,5,7192.718358,,,2025-04-14 12:55:09
7356,11472,978,1,REPAY,1,0.060978,,0.060978,2025-04-14 13:18:18
7357,11473,795,4,REPAY,3,0.00018,,0.00018,2025-04-14 13:55:36
7358,11474,921,4,BORROW,1,3080.091733,4298.5341856349,3080.091733,2025-04-14 14:08:11
7359,11475,599,1,REPAY,2,338.366452,,338.366452,2025-04-14 14:08:23
7360,11476,566,1,BORROW,2,2065.225027,3114.6290773939,2065.225027,2025-04-14 14:09:00
7361,11478,464,3,BORROW,4,4621.171769,9383.8733782117,4621.171769,2025-04-14 14:13:11
7362,11480,499,2,WITHDRAW,2,9740.574385,,,2025-04-14 14:33:30
7363,11481,166,4,REPAY,3,1.231444,,1.231444,2025-04-14 14:35:48
7364,11482,37,3,WITHDRAW,3,9105.774175,,,2025-04-14 14:57:23
7365,11484,954,4,DEPOSIT,5,6844.642991,6844.642991,,2025-04-14 15:10:25
7366,11485,454,4,REPAY,3,534.171435,,534.171435,2025-04-14 15:33:05
7367,11486,951,2,REPAY,4,58.229937,,58.229937,2025-04-14 15:36:26
7368,11488,74,3,REPAY,3,685.958122,,685.958122,2025-04-14 16:09:23
7369,11489,190,3,REPAY,5,13.831067,,13.831067,2025-04-14 16:10:02
7370,11492,709,1,BORROW,1,5787.075326,14462.4956327526,5787.075326,2025-04-14 17:02:11
7371,11494,466,2,DEPOSIT,3,5177.006026,5177.006026,,2025-04-14 17:09:25
7372,11496,180,1,BORROW,1,5912.239836,12908.7629368277,5912.239836,2025-04-14 17:29:11
7373,11497,284,4,REPAY,4,99.862568,,99.862568,2025-04-14 17:53:36
7374,11501,210,1,BORROW,5,238.09437,507.3851489463,238.09437,2025-04-14 18:34:45
7375,11504,821,2,LIQUIDATION,4,2161.076468,2166.3625387704,2161.076468,2025-04-14 18:54:23
7376,11505,974,2,REPAY,5,50.689279,,50.689279,2025-04-14 19:09:08
7377,11506,24,4,LIQUIDATION,2,0.012293,0.0142610396,0.012293,2025-04-14 19:23:34
7378,11507,474,2,REPAY,1,746.23709,,746.23709,2025-04-14 19:32:20
7379,11508,476,1,REPAY,2,8.227566,,8.227566,2025-04-14 19:34:48
7380,11510,249,1,REPAY,5,2138.535156,,2138.535156,2025-04-14 20:02:18
7381,11511,203,4,REPAY,4,174.267662,,174.267662,2025-04-14 20:08:01
7382,11512,767,1,REPAY,3,5867.304473,,5867.304473,2025-04-14 20:10:07
7383,11514,827,3,BORROW,4,727.855501,1286.4038792776,727.855501,2025-04-14 20:51:52
7384,11515,890,4,REPAY,2,25.262348,,25.262348,2025-04-14 21:08:39
7385,11516,870,1,REPAY,2,0.00248,,0.00248,2025-04-14 21:12:42
7386,11517,498,1,DEPOSIT,4,7561.285212,7561.285212,,2025-04-14 21:23:35
7387,11519,760,2,WITHDRAW,3,6824.874617,,,2025-04-14 21:44:29
7388,11520,605,4,REPAY,5,2726.89428,,2726.89428,2025-04-14 21:49:12
7389,11521,816,2,REPAY,1,0.075405,,0.075405,2025-04-14 21:59:25
7390,11522,895,2,REPAY,1,1.369299,,1.369299,2025-04-14 22:16:40
7391,11524,827,2,BORROW,5,2951.939371,5713.5675913582,2951.939371,2025-04-14 22:45:23
7392,11525,414,1,WITHDRAW,2,8746.959203,,,2025-04-14 22:57:28
7393,11526,708,3,WITHDRAW,2,1855.04382,,,2025-04-14 23:13:30
7394,11527,629,1,REPAY,5,31.877895,,31.877895,2025-04-14 23:27:48
7395,11528,710,4,REPAY,1,90.445115,,90.445115,2025-04-14 23:29:00
7396,11529,498,4,LIQUIDATION,1,8219.618617,8925.5141834486,8219.618617,2025-04-14 23:38:24
7397,11530,675,2,BORROW,5,4019.114625,9237.9091373935,4019.114625,2025-04-14 23:40:40
7398,11531,583,1,DEPOSIT,2,2488.823925,2488.823925,,2025-04-15 00:05:27
7399,11532,613,4,REPAY,5,0.97424,,0.97424,2025-04-15 00:12:10
7400,11534,38,4,DEPOSIT,4,4600.078684,4600.078684,,2025-04-15 00:14:33
7401,11535,277,4,REPAY,5,2249.50642,,2249.50642,2025-04-15 00:19:07
7402,11537,997,4,REPAY,3,349.067649,,349.067649,2025-04-15 00:43:13
7403,11539,745,4,BORROW,1,9753.683336,11776.439535069,9753.683336,2025-04-15 01:24:26
7404,11540,934,2,DEPOSIT,5,3552.266235,3552.266235,,2025-04-15 01:29:42
7405,11542,419,1,DEPOSIT,4,197.092454,197.092454,,2025-04-15 01:43:39
7406,11544,241,1,DEPOSIT,5,4291.211646,4291.211646,,2025-04-15 02:25:47
7407,11546,118,2,BORROW,1,2497.729017,4340.394452194,2497.729017,2025-04-15 02:47:13
7408,11549,416,1,REPAY,4,8.843887,,8.843887,2025-04-15 03:35:15
7409,11551,109,1,BORROW,5,1208.067978,2099.2051175969,1208.067978,2025-04-15 03:53:00
7410,11554,135,2,REPAY,5,1064.836466,,1064.836466,2025-04-15 04:33:26
7411,11556,376,3,LIQUIDATION,1,6131.034276,5625.6551074723,6131.034276,2025-04-15 05:01:03
7412,11557,630,4,REPAY,3,2.501095,,2.501095,2025-04-15 05:09:36
7413,11558,543,1,REPAY,3,75.040657,,75.040657,2025-04-15 05:19:48
7414,11559,404,3,LIQUIDATION,5,4612.254358,4508.5189597086,4612.254358,2025-04-15 06:05:02
7415,11560,874,2,WITHDRAW,1,2632.608921,,,2025-04-15 06:09:47
7416,11561,334,1,BORROW,5,9111.214789,10940.8902872441,9111.214789,2025-04-15 06:17:31
7417,11562,721,3,REPAY,4,671.248108,,671.248108,2025-04-15 06:27:00
7418,11565,74,3,REPAY,1,302.418924,,302.418924,2025-04-15 07:18:35
7419,11566,746,4,REPAY,5,929.577538,,929.577538,2025-04-15 07:31:21
7420,11567,116,1,DEPOSIT,4,7491.149518,7491.149518,,2025-04-15 07:48:21
7421,11568,893,4,REPAY,3,26.137854,,26.137854,2025-04-15 08:11:33
7422,11569,912,3,REPAY,3,556.943036,,556.943036,2025-04-15 08:16:55
7423,11571,500,4,REPAY,5,78.264531,,78.264531,2025-04-15 08:24:46
7424,11572,829,2,BORROW,1,2770.541437,4387.566375509,2770.541437,2025-04-15 08:37:17
7425,11573,385,4,REPAY,5,10.483843,,10.483843,2025-04-15 08:58:59
7426,11574,113,3,REPAY,1,3114.20258,,3114.20258,2025-04-15 09:00:50
7427,11575,919,4,REPAY,1,8.428046,,8.428046,2025-04-15 09:05:51
7428,11576,430,1,BORROW,4,2768.822145,6890.7358460209,2768.822145,2025-04-15 09:12:12
7429,11578,593,3,WITHDRAW,3,1549.751012,,,2025-04-15 09:21:49
7430,11579,862,2,BORROW,5,898.105981,1682.7598444203,898.105981,2025-04-15 09:24:58
7431,11580,543,2,WITHDRAW,4,8471.967169,,,2025-04-15 09:26:15
7432,11581,834,4,REPAY,5,184.827075,,184.827075,2025-04-15 09:28:18
7433,11583,70,1,DEPOSIT,5,1108.264851,1108.264851,,2025-04-15 09:59:57
7434,11584,980,1,REPAY,4,981.864944,,981.864944,2025-04-15 10:00:37
7435,11586,945,2,REPAY,5,0.001324,,0.001324,2025-04-15 10:06:58
7436,11588,197,1,BORROW,4,3436.498236,5913.4307827064,3436.498236,2025-04-15 10:46:32
7437,11590,10,4,BORROW,5,7027.254347,13676.5783883837,7027.254347,2025-04-15 10:52:11
7438,11591,514,1,BORROW,5,7653.933865,12674.0904505481,7653.933865,2025-04-15 10:55:38
7439,11593,824,2,BORROW,3,7893.552258,18075.9313745668,7893.552258,2025-04-15 11:08:39
7440,11594,558,2,REPAY,2,16.987976,,16.987976,2025-04-15 11:17:13
7441,11597,723,2,REPAY,3,232.608969,,232.608969,2025-04-15 12:21:20
7442,11598,497,3,REPAY,1,0.911008,,0.911008,2025-04-15 12:26:49
7443,11600,694,2,DEPOSIT,2,6583.701636,6583.701636,,2025-04-15 12:37:36
7444,11601,791,2,BORROW,1,8290.146042,14662.9864205668,8290.146042,2025-04-15 13:06:20
7445,11602,730,3,DEPOSIT,4,2694.711406,2694.711406,,2025-04-15 13:10:59
7446,11603,429,1,BORROW,1,3979.143292,8606.3995000837,3979.143292,2025-04-15 13:12:15
7447,11604,753,2,BORROW,2,251.126018,335.4129574623,251.126018,2025-04-15 13:18:14
7448,11605,264,2,REPAY,4,1389.094724,,1389.094724,2025-04-15 13:57:18
7449,11606,581,1,REPAY,4,33.020249,,33.020249,2025-04-15 13:58:35
7450,11607,211,2,BORROW,2,592.408095,1405.3978454679,592.408095,2025-04-15 14:00:42
7451,11609,391,1,LIQUIDATION,2,390.080432,317.7461066644,390.080432,2025-04-15 14:17:16
7452,11610,847,3,REPAY,1,35.070203,,35.070203,2025-04-15 14:44:38
7453,11611,721,1,REPAY,5,3299.912211,,3299.912211,2025-04-15 14:50:36
7454,11612,532,3,REPAY,3,1527.485956,,1527.485956,2025-04-15 15:02:01
7455,11613,77,4,BORROW,2,7474.950858,18515.9592711697,7474.950858,2025-04-15 15:43:09
7456,11616,269,4,REPAY,5,3934.166286,,3934.166286,2025-04-15 16:28:46
7457,11619,750,2,REPAY,1,7287.838069,,7287.838069,2025-04-15 17:15:17
7458,11620,310,3,REPAY,3,0.159271,,0.159271,2025-04-15 17:15:44
7459,11621,239,4,REPAY,4,200.623867,,200.623867,2025-04-15 17:19:17
7460,11624,225,3,WITHDRAW,5,9453.483675,,,2025-04-15 18:03:10
7461,11625,665,3,REPAY,2,2419.087785,,2419.087785,2025-04-15 18:08:07
7462,11627,980,1,LIQUIDATION,1,16.647513,17.9461444392,16.647513,2025-04-15 18:52:33
7463,11628,754,2,BORROW,4,7087.993018,13729.5103485163,7087.993018,2025-04-15 19:02:08
7464,11630,505,4,REPAY,3,155.099504,,155.099504,2025-04-15 19:17:26
7465,11631,543,3,REPAY,1,88.429023,,88.429023,2025-04-15 19:27:46
7466,11632,19,1,REPAY,5,4.961355,,4.961355,2025-04-15 19:29:52
7467,11633,946,2,BORROW,4,2729.327802,5221.164286882,2729.327802,2025-04-15 19:47:20
7468,11634,29,3,REPAY,5,5859.58391,,5859.58391,2025-04-15 19:57:38
7469,11635,706,2,REPAY,3,12.746634,,12.746634,2025-04-15 20:15:17
7470,11636,278,4,REPAY,2,109.73647,,109.73647,2025-04-15 20:16:06
7471,11637,789,4,LIQUIDATION,3,6989.84606,6239.6474604544,6989.84606,2025-04-15 20:20:17
7472,11638,553,2,BORROW,4,7615.294763,14534.0147756915,7615.294763,2025-04-15 20:31:03
7473,11639,905,1,BORROW,5,773.435099,1081.2858017352,773.435099,2025-04-15 20:56:15
7474,11640,341,2,WITHDRAW,5,4854.37688,,,2025-04-15 21:10:01
7475,11641,963,1,REPAY,3,35.854802,,35.854802,2025-04-15 21:10:56
7476,11643,349,4,REPAY,3,5905.184105,,5905.184105,2025-04-15 22:18:09
7477,11644,653,2,WITHDRAW,5,3449.586575,,,2025-04-15 22:37:54
7478,11646,126,3,DEPOSIT,2,7684.321763,7684.321763,,2025-04-15 23:02:51
7479,11647,449,3,REPAY,3,0.001127,,0.001127,2025-04-15 23:05:23
7480,11649,784,3,REPAY,1,194.954453,,194.954453,2025-04-15 23:12:12
7481,11652,889,1,REPAY,2,40.026747,,40.026747,2025-04-15 23:31:42
7482,11653,138,4,BORROW,3,8967.977011,18941.5235886908,8967.977011,2025-04-15 23:41:42
7483,11655,239,4,REPAY,1,4.20026,,4.20026,2025-04-16 00:15:54
7484,11656,232,4,REPAY,4,0.031363,,0.031363,2025-04-16 00:24:40
7485,11658,772,1,REPAY,3,558.659018,,558.659018,2025-04-16 01:19:18
7486,11659,851,1,DEPOSIT,4,3750.094853,3750.094853,,2025-04-16 01:54:44
7487,11661,678,2,REPAY,5,44.629485,,44.629485,2025-04-16 02:02:41
7488,11662,353,2,REPAY,4,9.58335,,9.58335,2025-04-16 02:27:07
7489,11663,8,4,REPAY,1,10.593797,,10.593797,2025-04-16 02:53:30
7490,11664,811,2,BORROW,3,1160.510498,2015.1537069416,1160.510498,2025-04-16 03:11:46
7491,11665,155,2,BORROW,1,7181.506106,14512.0468236309,7181.506106,2025-04-16 03:16:11
7492,11667,254,4,REPAY,3,39.297118,,39.297118,2025-04-16 03:22:36
7493,11669,561,1,REPAY,4,40.522268,,40.522268,2025-04-16 03:47:00
7494,11670,703,3,DEPOSIT,1,250.44765,250.44765,,2025-04-16 03:48:07
7495,11672,409,3,REPAY,2,2479.118351,,2479.118351,2025-04-16 04:04:00
7496,11674,318,3,BORROW,2,3553.189581,6995.6670157055,3553.189581,2025-04-16 04:31:02
7497,11675,525,1,WITHDRAW,1,3196.285784,,,2025-04-16 04:52:27
7498,11676,596,2,REPAY,2,32.482592,,32.482592,2025-04-16 05:07:51
7499,11677,887,1,REPAY,4,7.93963,,7.93963,2025-04-16 06:06:18
7500,11679,109,2,REPAY,4,866.529539,,866.529539,2025-04-16 06:32:27
7501,11680,521,1,REPAY,1,540.485821,,540.485821,2025-04-16 06:42:06
7502,11681,316,4,LIQUIDATION,2,12.626335,12.5351202381,12.626335,2025-04-16 06:59:32
7503,11682,246,2,REPAY,4,90.237688,,90.237688,2025-04-16 07:37:19
7504,11683,267,3,BORROW,2,2899.418642,5513.7057239049,2899.418642,2025-04-16 07:37:41
7505,11685,855,4,BORROW,3,2397.461377,3159.7545765664,2397.461377,2025-04-16 07:56:41
7506,11686,762,3,REPAY,3,0.031766,,0.031766,2025-04-16 08:04:46
7507,11688,102,4,REPAY,3,5.336803,,5.336803,2025-04-16 08:22:01
7508,11689,662,4,WITHDRAW,5,1879.689136,,,2025-04-16 09:19:26
7509,11690,484,2,REPAY,1,2988.340567,,2988.340567,2025-04-16 09:23:28
7510,11691,70,2,WITHDRAW,2,2804.759333,,,2025-04-16 09:27:30
7511,11692,461,3,DEPOSIT,3,7038.469403,7038.469403,,2025-04-16 09:39:09
7512,11693,743,1,REPAY,1,444.746858,,444.746858,2025-04-16 10:42:23
7513,11694,243,1,REPAY,1,0.2488,,0.2488,2025-04-16 10:56:13
7514,11695,113,4,REPAY,1,2663.485563,,2663.485563,2025-04-16 11:03:29
7515,11696,967,1,REPAY,5,0.013033,,0.013033,2025-04-16 11:08:56
7516,11697,128,1,BORROW,5,6702.759054,16722.6186150313,6702.759054,2025-04-16 11:27:10
7517,11698,420,3,LIQUIDATION,4,82.874873,72.8192024445,82.874873,2025-04-16 11:27:28
7518,11699,710,1,REPAY,4,27.008337,,27.008337,2025-04-16 11:49:10
7519,11700,898,3,REPAY,2,0.000536,,0.000536,2025-04-16 11:57:49
7520,11703,469,1,WITHDRAW,3,303.680121,,,2025-04-16 12:45:02
7521,11704,278,4,REPAY,5,244.710494,,244.710494,2025-04-16 12:53:56
7522,11705,168,2,REPAY,2,0.884734,,0.884734,2025-04-16 13:01:00
7523,11706,766,1,REPAY,4,20.52932,,20.52932,2025-04-16 13:25:11
7524,11707,348,1,REPAY,2,1619.33487,,1619.33487,2025-04-16 13:27:19
7525,11709,94,1,WITHDRAW,1,4917.42367,,,2025-04-16 13:34:29
7526,11710,118,1,LIQUIDATION,1,2497.729017,2992.0315761713,2497.729017,2025-04-16 13:37:25
7527,11711,582,1,DEPOSIT,1,6690.610425,6690.610425,,2025-04-16 13:41:50
7528,11712,945,1,REPAY,4,0.000376,,0.000376,2025-04-16 13:52:59
7529,11713,63,1,REPAY,1,46.50208,,46.50208,2025-04-16 13:58:12
7530,11714,42,1,BORROW,5,2614.313147,3647.7213300947,2614.313147,2025-04-16 15:36:46
7531,11715,388,1,REPAY,3,0.087553,,0.087553,2025-04-16 15:48:39
7532,11716,515,3,BORROW,1,624.199159,1242.4437190764,624.199159,2025-04-16 16:51:18
7533,11717,70,1,BORROW,3,2336.415953,5061.9757568741,2336.415953,2025-04-16 17:12:20
7534,11718,561,3,REPAY,1,25.975159,,25.975159,2025-04-16 17:12:51
7535,11719,633,3,REPAY,4,219.572153,,219.572153,2025-04-16 17:17:57
7536,11720,492,3,REPAY,4,720.978473,,720.978473,2025-04-16 17:38:12
7537,11721,479,3,REPAY,1,457.765357,,457.765357,2025-04-16 17:40:45
7538,11722,88,2,REPAY,2,3e-05,,3e-05,2025-04-16 18:12:58
7539,11723,408,3,REPAY,2,2e-05,,2e-05,2025-04-16 18:38:35
7540,11724,671,4,DEPOSIT,4,2398.27429,2398.27429,,2025-04-16 19:29:40
7541,11725,586,1,REPAY,2,8.646053,,8.646053,2025-04-16 20:15:45
7542,11726,311,3,BORROW,4,1693.961085,4117.6571906859,1693.961085,2025-04-16 20:26:15
7543,11727,861,4,REPAY,5,9.064305,,9.064305,2025-04-16 22:34:31
7544,11728,861,3,REPAY,3,0.162245,,0.162245,2025-04-16 22:37:16
7545,11729,603,3,REPAY,1,5.006819,,5.006819,2025-04-16 22:37:40
7546,11730,112,2,REPAY,2,182.915805,,182.915805,2025-04-16 22:48:09
7547,11731,314,1,REPAY,5,0.118611,,0.118611,2025-04-16 22:48:57
7548,11734,997,4,REPAY,5,367.753558,,367.753558,2025-04-16 23:21:22
7549,11735,213,1,REPAY,1,188.387834,,188.387834,2025-04-16 23:45:19
7550,11736,452,1,REPAY,3,0.926585,,0.926585,2025-04-16 23:58:57
7551,11737,652,4,BORROW,5,3079.878507,7438.9652847099,3079.878507,2025-04-17 00:00:27
7552,11738,645,4,REPAY,3,58.980673,,58.980673,2025-04-17 00:16:20
7553,11739,388,3,REPAY,5,0.058097,,0.058097,2025-04-17 00:39:22
7554,11743,369,3,WITHDRAW,5,1625.777233,,,2025-04-17 01:19:09
7555,11744,667,3,DEPOSIT,1,790.847426,790.847426,,2025-04-17 01:49:03
7556,11746,548,1,REPAY,2,2799.519389,,2799.519389,2025-04-17 02:12:16
7557,11747,167,4,REPAY,4,0.774916,,0.774916,2025-04-17 02:26:30
7558,11748,664,1,REPAY,4,0.016545,,0.016545,2025-04-17 02:31:17
7559,11749,625,4,REPAY,4,478.931704,,478.931704,2025-04-17 02:47:39
7560,11750,976,4,LIQUIDATION,1,13987.334715,14629.176936846,13987.334715,2025-04-17 03:05:25
7561,11751,835,1,BORROW,2,743.218968,1054.3091198457,743.218968,2025-04-17 03:09:02
7562,11752,904,3,REPAY,1,8330.640931,,8330.640931,2025-04-17 03:14:34
7563,11753,550,3,REPAY,1,49.139138,,49.139138,2025-04-17 03:15:04
7564,11754,119,3,REPAY,4,84.277927,,84.277927,2025-04-17 03:15:14
7565,11755,584,3,WITHDRAW,5,8656.038405,,,2025-04-17 03:16:17
7566,11756,949,3,BORROW,4,8645.326445,12895.9740037189,8645.326445,2025-04-17 03:24:40
7567,11757,973,2,REPAY,1,0.005145,,0.005145,2025-04-17 03:26:02
7568,11759,865,1,WITHDRAW,4,593.650002,,,2025-04-17 03:43:05
7569,11761,592,2,REPAY,2,0.176499,,0.176499,2025-04-17 04:10:14
7570,11762,866,3,WITHDRAW,4,8362.895692,,,2025-04-17 05:25:13
7571,11763,893,1,REPAY,4,1.714811,,1.714811,2025-04-17 05:36:04
7572,11764,267,1,LIQUIDATION,3,19889.529177,20004.8606420627,19889.529177,2025-04-17 05:36:42
7573,11765,767,1,REPAY,4,435.421466,,435.421466,2025-04-17 05:50:19
7574,11766,197,2,REPAY,5,1540.284754,,1540.284754,2025-04-17 05:55:58
7575,11767,766,2,REPAY,4,0.758139,,0.758139,2025-04-17 06:29:56
7576,11768,280,3,REPAY,2,0.045956,,0.045956,2025-04-17 06:31:14
7577,11769,650,3,DEPOSIT,2,8670.898818,8670.898818,,2025-04-17 06:39:07
7578,11770,429,1,LIQUIDATION,4,5088.82901,5364.5828605601,5088.82901,2025-04-17 06:47:48
7579,11771,246,1,REPAY,2,93.9494,,93.9494,2025-04-17 07:39:12
7580,11774,732,4,REPAY,2,210.569322,,210.569322,2025-04-17 08:03:34
7581,11776,592,3,REPAY,4,0.018416,,0.018416,2025-04-17 08:25:23
7582,11777,883,4,BORROW,5,3669.250169,6599.4296816045,3669.250169,2025-04-17 08:35:46
7583,11778,765,3,REPAY,4,0.038319,,0.038319,2025-04-17 08:57:39
7584,11781,873,3,LIQUIDATION,4,4160.446681,3802.5797331711,4160.446681,2025-04-17 09:46:26
7585,11782,337,4,LIQUIDATION,1,5279.596191,4862.871007042,5279.596191,2025-04-17 09:48:19
7586,11783,66,3,REPAY,2,339.67393,,339.67393,2025-04-17 09:54:42
7587,11784,470,1,WITHDRAW,5,7833.905314,,,2025-04-17 10:30:42
7588,11786,35,4,WITHDRAW,5,2631.333198,,,2025-04-17 10:51:14
7589,11787,426,3,BORROW,3,9312.923623,13952.4228475461,9312.923623,2025-04-17 10:57:03
7590,11788,340,2,DEPOSIT,1,7197.582032,7197.582032,,2025-04-17 11:35:01
7591,11789,847,2,REPAY,3,28.693111,,28.693111,2025-04-17 11:51:44
7592,11790,255,1,REPAY,1,9.989488,,9.989488,2025-04-17 11:53:11
7593,11791,920,2,REPAY,1,66.020008,,66.020008,2025-04-17 12:02:58
7594,11792,958,3,REPAY,3,572.20633,,572.20633,2025-04-17 12:24:22
7595,11793,992,2,REPAY,4,1.501971,,1.501971,2025-04-17 12:29:26
7596,11795,454,2,REPAY,3,146.360501,,146.360501,2025-04-17 13:35:37
7597,11796,241,1,LIQUIDATION,5,9874.321641,9173.9002422625,9874.321641,2025-04-17 13:48:46
7598,11797,13,4,WITHDRAW,2,7481.880722,,,2025-04-17 13:49:53
7599,11799,862,4,REPAY,4,892.294565,,892.294565,2025-04-17 14:03:47
7600,11804,543,1,REPAY,3,231.860799,,231.860799,2025-04-17 16:13:46
7601,11806,997,1,REPAY,1,44.461693,,44.461693,2025-04-17 17:13:41
7602,11807,769,3,WITHDRAW,5,8166.321797,,,2025-04-17 17:17:14
7603,11809,636,4,REPAY,3,5491.642873,,5491.642873,2025-04-17 17:37:21
7604,11810,786,1,WITHDRAW,3,8940.588192,,,2025-04-17 17:54:34
7605,11811,827,2,BORROW,2,1385.623664,1992.7737721927,1385.623664,2025-04-17 18:23:21
7606,11812,471,1,DEPOSIT,2,7456.178591,7456.178591,,2025-04-17 18:28:48
7607,11813,533,2,REPAY,1,416.381869,,416.381869,2025-04-17 18:31:11
7608,11815,255,4,REPAY,3,0.943213,,0.943213,2025-04-17 19:09:21
7609,11816,791,1,REPAY,4,5806.132671,,5806.132671,2025-04-17 19:10:20
7610,11819,707,2,REPAY,4,0.024205,,0.024205,2025-04-17 19:38:52
7611,11820,343,2,LIQUIDATION,2,9071.669132,7723.7140511739,9071.669132,2025-04-17 19:44:57
7612,11821,224,4,REPAY,2,5.652566,,5.652566,2025-04-17 19:45:43
7613,11823,613,3,REPAY,5,0.819749,,0.819749,2025-04-17 20:17:53
7614,11825,819,1,WITHDRAW,3,3306.770089,,,2025-04-17 20:47:51
7615,11828,95,4,REPAY,5,634.718295,,634.718295,2025-04-17 21:22:52
7616,11831,304,3,REPAY,4,4388.004723,,4388.004723,2025-04-17 21:45:29
7617,11833,804,4,REPAY,4,7.674057,,7.674057,2025-04-17 22:10:48
7618,11834,159,2,DEPOSIT,4,6337.508377,6337.508377,,2025-04-17 22:23:42
7619,11835,115,2,LIQUIDATION,4,1009.167959,1206.9671311811,1009.167959,2025-04-17 22:28:35
7620,11837,934,4,BORROW,5,5688.149165,12832.145833975,5688.149165,2025-04-17 23:16:35
7621,11839,951,3,LIQUIDATION,5,69.709073,59.5164132479,69.709073,2025-04-17 23:49:10
7622,11840,588,4,LIQUIDATION,2,7811.005056,7149.728536655,7811.005056,2025-04-18 00:22:18
7623,11841,687,2,LIQUIDATION,2,25.160232,25.4562349983,25.160232,2025-04-18 00:54:00
7624,11843,648,3,DEPOSIT,2,9928.098141,9928.098141,,2025-04-18 01:24:04
7625,11845,687,2,WITHDRAW,3,57.861176,,,2025-04-18 01:49:40
7626,11846,541,3,LIQUIDATION,3,2348.080863,1947.2239117063,2348.080863,2025-04-18 01:56:00
7627,11847,600,3,REPAY,2,0.332366,,0.332366,2025-04-18 02:01:34
7628,11849,614,1,WITHDRAW,3,2133.407947,,,2025-04-18 02:10:41
7629,11851,249,2,REPAY,2,3488.806423,,3488.806423,2025-04-18 02:35:09
7630,11852,559,2,BORROW,4,2351.715275,5433.4146155363,2351.715275,2025-04-18 02:36:51
7631,11853,527,4,BORROW,3,8957.818008,18197.3993031359,8957.818008,2025-04-18 02:41:40
7632,11854,486,4,BORROW,2,268.381087,579.9838202418,268.381087,2025-04-18 02:50:43
7633,11855,967,2,REPAY,1,0.005781,,0.005781,2025-04-18 02:51:39
7634,11856,697,3,REPAY,2,0.096875,,0.096875,2025-04-18 02:58:35
7635,11858,984,3,REPAY,1,1109.06831,,1109.06831,2025-04-18 03:04:05
7636,11859,146,4,LIQUIDATION,3,8999.530013,10380.9555140317,8999.530013,2025-04-18 03:25:34
7637,11860,389,1,REPAY,3,617.952407,,617.952407,2025-04-18 03:30:19
7638,11861,474,1,REPAY,4,59.227346,,59.227346,2025-04-18 03:30:30
7639,11862,102,3,REPAY,3,3.597207,,3.597207,2025-04-18 04:05:18
7640,11863,566,1,LIQUIDATION,1,2065.225027,2006.2620375469,2065.225027,2025-04-18 04:23:34
7641,11864,674,2,REPAY,5,6189.253022,,6189.253022,2025-04-18 04:44:22
7642,11866,701,4,REPAY,3,6332.26229,,6332.26229,2025-04-18 04:46:25
7643,11868,146,1,WITHDRAW,4,8048.717614,,,2025-04-18 04:52:33
7644,11869,995,3,BORROW,1,9126.921724,11009.5979303624,9126.921724,2025-04-18 04:59:43
7645,11873,547,1,LIQUIDATION,2,3857.136495,4420.5403554061,3857.136495,2025-04-18 06:49:04
7646,11874,823,3,BORROW,1,6505.376829,9258.6193509811,6505.376829,2025-04-18 07:22:25
7647,11875,54,3,LIQUIDATION,4,2536.537946,2228.8601198896,2536.537946,2025-04-18 07:46:31
7648,11876,682,1,DEPOSIT,3,603.994182,603.994182,,2025-04-18 07:53:55
7649,11877,937,1,REPAY,5,900.432679,,900.432679,2025-04-18 08:01:06
7650,11879,747,1,REPAY,1,1129.133087,,1129.133087,2025-04-18 08:20:45
7651,11880,525,3,DEPOSIT,5,5873.851924,5873.851924,,2025-04-18 08:28:39
7652,11881,513,2,REPAY,1,194.027843,,194.027843,2025-04-18 08:32:11
7653,11883,275,4,REPAY,4,0.231908,,0.231908,2025-04-18 08:43:35
7654,11884,625,4,REPAY,5,65.627481,,65.627481,2025-04-18 08:43:56
7655,11887,397,2,DEPOSIT,3,5556.041941,5556.041941,,2025-04-18 09:20:33
7656,11889,382,4,BORROW,5,8655.529567,17127.6664128506,8655.529567,2025-04-18 09:43:51
7657,11890,513,4,LIQUIDATION,3,171.833009,202.7023756505,171.833009,2025-04-18 10:12:20
7658,11893,457,2,BORROW,5,7466.429699,18279.20256939,7466.429699,2025-04-18 10:29:33
7659,11895,778,3,REPAY,3,1.523359,,1.523359,2025-04-18 10:33:29
7660,11897,999,1,REPAY,4,991.214314,,991.214314,2025-04-18 11:00:54
7661,11898,782,2,REPAY,4,4.648689,,4.648689,2025-04-18 11:04:00
7662,11900,910,4,DEPOSIT,1,3219.238675,3219.238675,,2025-04-18 11:36:34
7663,11901,265,4,REPAY,1,6.899145,,6.899145,2025-04-18 11:52:37
7664,11902,499,4,BORROW,2,2809.146179,5520.7401353988,2809.146179,2025-04-18 11:58:18
7665,11903,433,1,REPAY,3,62.14171,,62.14171,2025-04-18 12:00:41
7666,11904,750,4,DEPOSIT,5,7669.761815,7669.761815,,2025-04-18 12:15:26
7667,11905,380,3,BORROW,2,8708.164204,20516.0896823465,8708.164204,2025-04-18 12:49:12
7668,11907,667,3,REPAY,3,0.0403,,0.0403,2025-04-18 13:26:06
7669,11908,418,2,REPAY,1,40.045193,,40.045193,2025-04-18 13:55:37
7670,11909,690,4,LIQUIDATION,5,3401.757334,2772.0994628403,3401.757334,2025-04-18 14:09:59
7671,11910,852,4,REPAY,1,870.037759,,870.037759,2025-04-18 14:10:40
7672,11912,605,4,REPAY,4,87.141891,,87.141891,2025-04-18 14:33:13
7673,11913,474,4,BORROW,5,5501.254238,11306.6624401547,5501.254238,2025-04-18 14:34:18
7674,11914,546,1,BORROW,5,2013.619717,4273.5451801083,2013.619717,2025-04-18 14:51:05
7675,11915,934,1,REPAY,2,771.199599,,771.199599,2025-04-18 15:08:58
7676,11917,424,2,REPAY,3,0.003193,,0.003193,2025-04-18 15:58:46
7677,11918,282,3,REPAY,2,2217.157335,,2217.157335,2025-04-18 16:02:34
7678,11919,738,4,BORROW,4,7075.472766,17482.6924941501,7075.472766,2025-04-18 16:10:49
7679,11920,259,2,REPAY,2,1427.873821,,1427.873821,2025-04-18 16:15:07
7680,11921,833,2,REPAY,3,10.741854,,10.741854,2025-04-18 16:23:50
7681,11923,159,1,BORROW,1,8454.755737,10965.2971168039,8454.755737,2025-04-18 17:03:00
7682,11924,742,2,REPAY,1,1088.726266,,1088.726266,2025-04-18 17:07:26
7683,11925,289,4,REPAY,2,2.225182,,2.225182,2025-04-18 17:11:26
7684,11926,283,3,BORROW,4,3437.867539,4816.2184777396,3437.867539,2025-04-18 17:16:32
7685,11927,255,3,REPAY,4,0.048324,,0.048324,2025-04-18 17:35:20
7686,11928,304,3,BORROW,1,1898.00646,3898.846513892,1898.00646,2025-04-18 18:04:27
7687,11930,385,3,REPAY,4,9.805465,,9.805465,2025-04-18 18:12:17
7688,11932,108,2,REPAY,2,84.343705,,84.343705,2025-04-18 18:53:46
7689,11933,804,2,REPAY,2,1.175407,,1.175407,2025-04-18 19:11:49
7690,11934,155,4,REPAY,3,6128.258229,,6128.258229,2025-04-18 19:18:47
7691,11936,218,4,DEPOSIT,4,5039.141061,5039.141061,,2025-04-18 20:06:37
7692,11937,200,2,REPAY,1,995.361778,,995.361778,2025-04-18 20:27:07
7693,11938,949,1,REPAY,1,1601.418392,,1601.418392,2025-04-18 21:37:54
7694,11940,366,2,REPAY,1,0.538441,,0.538441,2025-04-18 22:01:01
7695,11943,766,3,REPAY,2,0.222415,,0.222415,2025-04-18 22:27:06
7696,11944,425,1,WITHDRAW,2,4700.681954,,,2025-04-18 22:55:56
7697,11946,95,3,REPAY,3,43.126026,,43.126026,2025-04-18 23:50:46
7698,11947,394,4,LIQUIDATION,1,1976.819682,1915.7131556296,1976.819682,2025-04-19 00:39:00
7699,11948,706,1,REPAY,3,2.898889,,2.898889,2025-04-19 00:39:12
7700,11952,874,3,DEPOSIT,2,8314.878454,8314.878454,,2025-04-19 01:19:47
7701,11957,132,1,BORROW,5,4066.244462,5347.4111560918,4066.244462,2025-04-19 02:17:27
7702,11958,990,1,WITHDRAW,3,8426.291326,,,2025-04-19 02:29:40
7703,11959,109,1,REPAY,2,83.759778,,83.759778,2025-04-19 03:01:05
7704,11960,366,1,REPAY,5,0.504281,,0.504281,2025-04-19 03:31:55
7705,11961,961,2,REPAY,4,3.971742,,3.971742,2025-04-19 03:44:18
7706,11963,113,4,DEPOSIT,3,3677.679696,3677.679696,,2025-04-19 03:54:44
7707,11964,181,2,WITHDRAW,2,5246.37388,,,2025-04-19 04:24:23
7708,11965,639,3,REPAY,2,130.800499,,130.800499,2025-04-19 04:25:07
7709,11967,623,3,REPAY,4,457.988958,,457.988958,2025-04-19 05:08:40
7710,11968,177,3,REPAY,3,2568.615345,,2568.615345,2025-04-19 05:23:38
7711,11969,389,1,REPAY,1,139.03146,,139.03146,2025-04-19 06:05:55
7712,11970,640,2,WITHDRAW,4,6080.428676,,,2025-04-19 06:21:54
7713,11971,982,2,BORROW,5,4959.063682,9036.9712099227,4959.063682,2025-04-19 06:25:49
7714,11972,349,1,REPAY,4,115.112846,,115.112846,2025-04-19 06:52:14
7715,11973,102,1,REPAY,3,1.391403,,1.391403,2025-04-19 07:04:29
7716,11974,23,3,LIQUIDATION,2,7634.030729,7090.2860209998,7634.030729,2025-04-19 07:07:07
7717,11975,597,1,WITHDRAW,3,7119.942499,,,2025-04-19 07:14:36
7718,11976,565,2,REPAY,3,1310.78377,,1310.78377,2025-04-19 07:41:05
7719,11977,958,4,REPAY,3,39.477767,,39.477767,2025-04-19 08:01:34
7720,11978,180,4,REPAY,1,2852.137277,,2852.137277,2025-04-19 08:26:16
7721,11979,117,2,REPAY,1,614.018289,,614.018289,2025-04-19 08:33:40
7722,11981,815,4,REPAY,5,163.39694,,163.39694,2025-04-19 08:51:39
7723,11982,980,2,DEPOSIT,2,2590.620362,2590.620362,,2025-04-19 08:52:20
7724,11983,941,3,REPAY,5,167.865444,,167.865444,2025-04-19 09:07:29
7725,11984,22,3,REPAY,5,1.75221,,1.75221,2025-04-19 09:07:42
7726,11987,998,1,REPAY,4,189.040732,,189.040732,2025-04-19 09:49:22
7727,11989,602,4,REPAY,1,120.438676,,120.438676,2025-04-19 10:06:05
7728,11990,490,4,REPAY,4,0.010807,,0.010807,2025-04-19 10:12:49
7729,11991,291,1,DEPOSIT,5,4950.857723,4950.857723,,2025-04-19 10:26:31
7730,11992,549,2,DEPOSIT,3,8214.554324,8214.554324,,2025-04-19 10:33:02
7731,11993,311,1,LIQUIDATION,3,4858.281964,5112.868954852,4858.281964,2025-04-19 10:41:42
7732,11994,476,3,REPAY,1,20.400918,,20.400918,2025-04-19 10:44:16
7733,11996,98,4,REPAY,4,265.472528,,265.472528,2025-04-19 10:56:18
7734,11998,268,1,REPAY,3,1.012737,,1.012737,2025-04-19 11:31:19
7735,11999,39,3,REPAY,3,6.019829,,6.019829,2025-04-19 11:43:05
7736,12000,325,1,REPAY,3,0.001754,,0.001754,2025-04-19 12:09:08
7737,12001,958,1,REPAY,3,3.68975,,3.68975,2025-04-19 12:11:01
7738,12002,795,1,WITHDRAW,1,9052.613401,,,2025-04-19 12:25:55
7739,12003,795,2,REPAY,3,2.1e-05,,2.1e-05,2025-04-19 12:42:18
7740,12004,756,3,REPAY,2,656.122726,,656.122726,2025-04-19 12:58:54
7741,12005,159,2,REPAY,4,1411.440585,,1411.440585,2025-04-19 13:06:37
7742,12006,645,4,REPAY,2,92.957392,,92.957392,2025-04-19 13:14:39
7743,12008,192,4,REPAY,5,2791.218403,,2791.218403,2025-04-19 13:16:34
7744,12009,208,1,BORROW,4,2876.67015,6469.8071441435,2876.67015,2025-04-19 13:33:57
7745,12010,108,2,REPAY,5,23.696419,,23.696419,2025-04-19 13:39:34
7746,12011,351,1,REPAY,5,0.006393,,0.006393,2025-04-19 13:51:22
7747,12012,191,3,REPAY,2,3437.036276,,3437.036276,2025-04-19 14:19:53
7748,12013,603,2,REPAY,4,3.421583,,3.421583,2025-04-19 14:26:19
7749,12017,976,2,BORROW,4,7958.12885,13941.3367578,7958.12885,2025-04-19 15:13:32
7750,12020,852,1,LIQUIDATION,2,2480.504358,2598.0874397218,2480.504358,2025-04-19 16:02:42
7751,12021,539,1,WITHDRAW,3,1755.077476,,,2025-04-19 16:49:45
7752,12022,418,3,WITHDRAW,4,1780.441367,,,2025-04-19 16:58:25
7753,12024,344,1,DEPOSIT,2,9969.012612,9969.012612,,2025-04-19 17:25:19
7754,12025,605,3,REPAY,5,47.212935,,47.212935,2025-04-19 17:35:48
7755,12026,273,4,REPAY,3,279.163348,,279.163348,2025-04-19 17:39:35
7756,12027,393,2,BORROW,4,4538.93075,11207.4505568594,4538.93075,2025-04-19 17:55:48
7757,12030,632,3,LIQUIDATION,5,18657.358564,15500.9020739449,18657.358564,2025-04-19 18:29:31
7758,12031,605,2,REPAY,5,43.426324,,43.426324,2025-04-19 19:24:06
7759,12032,963,2,REPAY,1,21.043856,,21.043856,2025-04-19 19:25:13
7760,12033,198,2,BORROW,5,3275.101646,6327.0412355475,3275.101646,2025-04-19 19:43:31
7761,12034,725,3,REPAY,3,0.002866,,0.002866,2025-04-19 19:55:10
7762,12035,896,1,BORROW,2,9045.772609,17298.8316336281,9045.772609,2025-04-19 20:03:02
7763,12036,604,4,WITHDRAW,5,876.902211,,,2025-04-19 20:03:12
7764,12037,511,2,WITHDRAW,4,445.346818,,,2025-04-19 20:03:41
7765,12040,414,3,BORROW,1,3530.501147,7649.5863077866,3530.501147,2025-04-19 20:54:54
7766,12041,594,4,REPAY,1,623.092666,,623.092666,2025-04-19 20:59:35
7767,12042,508,1,REPAY,3,284.68638,,284.68638,2025-04-19 21:16:49
7768,12043,472,1,DEPOSIT,5,259.845739,259.845739,,2025-04-19 21:19:21
7769,12044,161,4,LIQUIDATION,4,3320.35416,3633.5376036377,3320.35416,2025-04-19 21:31:09
7770,12045,958,2,REPAY,5,4.37135,,4.37135,2025-04-19 21:46:17
7771,12047,606,4,BORROW,2,7125.157943,15801.9806945693,7125.157943,2025-04-19 21:55:18
7772,12048,406,4,DEPOSIT,5,5241.728452,5241.728452,,2025-04-19 22:01:22
7773,12049,205,2,WITHDRAW,4,3113.006079,,,2025-04-19 22:15:25
7774,12050,679,2,BORROW,3,8222.454154,11274.0855254311,8222.454154,2025-04-19 22:25:55
7775,12051,328,2,WITHDRAW,2,2097.49306,,,2025-04-19 22:36:12
7776,12052,456,4,REPAY,3,96.746736,,96.746736,2025-04-19 22:39:22
7777,12053,762,2,REPAY,2,0.022958,,0.022958,2025-04-19 22:58:22
7778,12055,744,2,REPAY,1,49.899214,,49.899214,2025-04-19 23:40:52
7779,12056,89,4,REPAY,4,0.001369,,0.001369,2025-04-19 23:42:37
7780,12058,81,1,REPAY,1,3046.886425,,3046.886425,2025-04-20 00:00:33
7781,12060,263,4,DEPOSIT,1,5909.950732,5909.950732,,2025-04-20 01:09:43
7782,12063,155,1,REPAY,4,523.082376,,523.082376,2025-04-20 01:35:04
7783,12064,645,3,REPAY,2,20.804244,,20.804244,2025-04-20 02:15:22
7784,12065,264,3,REPAY,3,208.337336,,208.337336,2025-04-20 02:20:50
7785,12066,26,4,REPAY,5,0.018941,,0.018941,2025-04-20 02:34:25
7786,12070,269,1,REPAY,2,2795.24177,,2795.24177,2025-04-20 03:11:37
7787,12071,577,4,REPAY,5,0.005439,,0.005439,2025-04-20 03:20:21
7788,12072,90,1,REPAY,2,57.342599,,57.342599,2025-04-20 03:21:43
7789,12074,615,4,REPAY,1,0.004643,,0.004643,2025-04-20 03:46:19
7790,12075,540,4,REPAY,2,0.203478,,0.203478,2025-04-20 03:56:08
7791,12076,24,3,BORROW,1,2309.552705,3134.7400713875,2309.552705,2025-04-20 04:18:00
7792,12077,623,1,REPAY,1,307.183799,,307.183799,2025-04-20 04:18:32
7793,12078,229,4,REPAY,5,138.900571,,138.900571,2025-04-20 04:24:56
7794,12079,218,4,DEPOSIT,4,3140.276437,3140.276437,,2025-04-20 04:39:35
7795,12080,593,2,DEPOSIT,4,7828.691286,7828.691286,,2025-04-20 04:54:30
7796,12081,336,2,BORROW,4,4292.712432,10656.0673010277,4292.712432,2025-04-20 05:01:05
7797,12082,2,1,REPAY,3,326.13975,,326.13975,2025-04-20 05:18:48
7798,12083,579,2,REPAY,3,1174.611669,,1174.611669,2025-04-20 05:22:49
7799,12084,889,2,REPAY,1,128.912237,,128.912237,2025-04-20 05:25:20
7800,12086,483,4,REPAY,3,0.015499,,0.015499,2025-04-20 05:33:18
7801,12088,944,1,REPAY,3,0.090975,,0.090975,2025-04-20 06:17:46
7802,12089,700,2,LIQUIDATION,4,9701.578297,9907.9887910326,9701.578297,2025-04-20 07:04:36
7803,12090,53,3,REPAY,1,0.001059,,0.001059,2025-04-20 07:13:29
7804,12091,366,2,REPAY,1,0.636493,,0.636493,2025-04-20 07:25:01
7805,12092,625,4,DEPOSIT,4,8523.783772,8523.783772,,2025-04-20 07:45:17
7806,12094,670,4,REPAY,2,6763.600725,,6763.600725,2025-04-20 08:09:01
7807,12095,71,4,REPAY,2,3278.14341,,3278.14341,2025-04-20 08:16:39
7808,12096,374,3,LIQUIDATION,1,8943.301722,7938.7937267338,8943.301722,2025-04-20 08:26:40
7809,12097,112,4,REPAY,1,114.406873,,114.406873,2025-04-20 08:27:31
7810,12098,885,1,DEPOSIT,2,5363.064049,5363.064049,,2025-04-20 08:29:04
7811,12100,51,1,REPAY,4,86.482835,,86.482835,2025-04-20 08:47:48
7812,12101,515,1,REPAY,1,332.432653,,332.432653,2025-04-20 08:55:23
7813,12103,457,3,REPAY,3,3078.44512,,3078.44512,2025-04-20 09:07:38
7814,12104,226,2,BORROW,4,3849.967683,8143.4865102977,3849.967683,2025-04-20 09:28:11
7815,12105,696,3,WITHDRAW,3,2919.492835,,,2025-04-20 10:08:46
7816,12108,198,1,REPAY,2,649.121712,,649.121712,2025-04-20 10:35:47
7817,12109,96,3,REPAY,3,119.385436,,119.385436,2025-04-20 10:39:01
7818,12110,248,1,REPAY,2,0.031836,,0.031836,2025-04-20 10:45:46
7819,12111,311,2,BORROW,1,3396.120064,8429.9098574211,3396.120064,2025-04-20 10:50:41
7820,12112,754,2,BORROW,2,9684.597681,23917.6166975874,9684.597681,2025-04-20 11:03:41
7821,12113,13,1,WITHDRAW,1,197.018575,,,2025-04-20 11:12:56
7822,12114,121,3,BORROW,1,5594.113876,12802.8734409132,5594.113876,2025-04-20 11:21:21
7823,12115,993,2,REPAY,1,1.993119,,1.993119,2025-04-20 11:31:47
7824,12116,759,3,LIQUIDATION,4,4856.644208,5793.8898507094,4856.644208,2025-04-20 11:32:48
7825,12117,424,1,REPAY,4,0.000378,,0.000378,2025-04-20 11:44:01
7826,12118,958,2,REPAY,2,9.147945,,9.147945,2025-04-20 11:45:37
7827,12120,797,4,REPAY,3,237.556679,,237.556679,2025-04-20 12:00:59
7828,12121,759,4,WITHDRAW,4,2502.352279,,,2025-04-20 12:14:08
7829,12122,691,1,REPAY,3,68.22388,,68.22388,2025-04-20 12:21:29
7830,12123,506,1,DEPOSIT,3,7153.769012,7153.769012,,2025-04-20 13:02:33
7831,12125,871,2,LIQUIDATION,5,751.524073,746.2787871108,751.524073,2025-04-20 13:24:17
7832,12126,960,2,REPAY,5,0.203754,,0.203754,2025-04-20 13:34:46
7833,12127,735,2,LIQUIDATION,4,1276.497,1413.3058518929,1276.497,2025-04-20 15:07:48
7834,12128,85,2,WITHDRAW,1,7102.946171,,,2025-04-20 15:33:14
7835,12129,579,1,REPAY,2,448.250485,,448.250485,2025-04-20 16:08:38
7836,12130,529,3,REPAY,5,4.762915,,4.762915,2025-04-20 16:21:54
7837,12131,847,4,REPAY,5,1.211536,,1.211536,2025-04-20 16:35:22
7838,12132,959,1,REPAY,2,702.296757,,702.296757,2025-04-20 16:41:05
7839,12133,422,2,BORROW,5,5576.295493,9397.8982778486,5576.295493,2025-04-20 16:49:24
7840,12134,611,1,REPAY,1,2832.230941,,2832.230941,2025-04-20 17:06:03
7841,12135,964,3,LIQUIDATION,5,556.961496,665.059916089,556.961496,2025-04-20 17:08:52
7842,12137,485,4,REPAY,4,18.446375,,18.446375,2025-04-20 17:44:39
7843,12139,555,4,WITHDRAW,5,8035.919626,,,2025-04-20 18:31:14
7844,12140,758,4,REPAY,4,0.609184,,0.609184,2025-04-20 18:32:47
7845,12142,719,4,BORROW,2,8283.634426,10179.7095640533,8283.634426,2025-04-20 18:57:57
7846,12143,711,1,REPAY,1,13.529325,,13.529325,2025-04-20 19:09:26
7847,12145,961,2,REPAY,1,1.423604,,1.423604,2025-04-20 19:39:18
7848,12146,106,3,DEPOSIT,4,6701.715317,6701.715317,,2025-04-20 19:39:48
7849,12147,517,2,DEPOSIT,5,84.391825,84.391825,,2025-04-20 19:46:07
7850,12149,327,2,REPAY,5,164.28487,,164.28487,2025-04-20 19:52:26
7851,12152,418,4,REPAY,1,35.102392,,35.102392,2025-04-20 20:07:19
7852,12153,650,4,REPAY,4,0.0983,,0.0983,2025-04-20 20:07:30
7853,12154,371,3,WITHDRAW,5,3138.671303,,,2025-04-20 20:23:09
7854,12155,506,4,REPAY,5,0.326727,,0.326727,2025-04-20 20:25:15
7855,12156,650,4,REPAY,5,0.12216,,0.12216,2025-04-20 20:39:04
7856,12158,752,4,REPAY,3,49.308296,,49.308296,2025-04-20 21:04:58
7857,12159,960,4,REPAY,1,1.677252,,1.677252,2025-04-20 22:04:18
7858,12161,977,4,BORROW,5,8372.933519,16978.1955972252,8372.933519,2025-04-20 22:17:37
7859,12162,533,4,REPAY,3,97.190516,,97.190516,2025-04-20 22:24:48
7860,12165,697,2,REPAY,3,0.028145,,0.028145,2025-04-20 23:24:57
7861,12166,225,1,REPAY,5,2.782657,,2.782657,2025-04-20 23:44:49
7862,12167,295,1,WITHDRAW,1,4443.167881,,,2025-04-21 00:31:08
7863,12168,183,4,DEPOSIT,3,420.524282,420.524282,,2025-04-21 00:43:48
7864,12169,646,2,REPAY,3,19.138047,,19.138047,2025-04-21 00:50:17
7865,12170,753,3,REPAY,2,134.237013,,134.237013,2025-04-21 00:51:02
7866,12171,329,2,DEPOSIT,2,8393.47825,8393.47825,,2025-04-21 00:59:39
7867,12172,829,4,REPAY,1,388.929653,,388.929653,2025-04-21 01:01:17
7868,12173,29,3,REPAY,5,2612.272308,,2612.272308,2025-04-21 01:01:24
7869,12174,956,2,WITHDRAW,2,402.530743,,,2025-04-21 01:24:20
7870,12175,252,2,BORROW,3,7518.637993,13725.2780395588,7518.637993,2025-04-21 01:46:04
7871,12177,524,3,BORROW,1,1764.325661,2609.3069542424,1764.325661,2025-04-21 01:56:58
7872,12178,944,1,REPAY,1,0.0405,,0.0405,2025-04-21 02:05:07
7873,12179,891,4,REPAY,5,13.749312,,13.749312,2025-04-21 02:36:44
7874,12180,923,1,REPAY,1,0.622816,,0.622816,2025-04-21 02:50:27
7875,12181,554,3,REPAY,4,15.381888,,15.381888,2025-04-21 03:04:24
7876,12182,73,2,REPAY,4,16.627041,,16.627041,2025-04-21 03:23:44
7877,12183,728,2,REPAY,5,42.797277,,42.797277,2025-04-21 03:32:36
7878,12185,263,4,DEPOSIT,3,4602.200979,4602.200979,,2025-04-21 03:35:03
7879,12186,673,1,REPAY,4,295.094426,,295.094426,2025-04-21 03:39:16
7880,12187,696,4,REPAY,4,53.517242,,53.517242,2025-04-21 03:46:31
7881,12188,140,1,REPAY,3,0.077138,,0.077138,2025-04-21 03:46:51
7882,12190,15,1,REPAY,3,142.208495,,142.208495,2025-04-21 04:39:40
7883,12192,414,3,REPAY,3,3170.803831,,3170.803831,2025-04-21 05:06:09
7884,12193,255,2,REPAY,3,0.000209,,0.000209,2025-04-21 05:23:37
7885,12194,51,1,REPAY,4,14.943726,,14.943726,2025-04-21 05:26:49
7886,12196,689,2,DEPOSIT,3,8447.595597,8447.595597,,2025-04-21 06:05:23
7887,12200,324,3,REPAY,5,0.039065,,0.039065,2025-04-21 06:53:38
7888,12201,492,2,LIQUIDATION,4,1141.351666,1141.591987358,1141.351666,2025-04-21 07:01:01
7889,12202,831,4,REPAY,2,0.415244,,0.415244,2025-04-21 07:17:54
7890,12203,499,2,REPAY,1,1234.842256,,1234.842256,2025-04-21 07:18:07
7891,12204,203,2,BORROW,4,4522.403052,10814.9332534793,4522.403052,2025-04-21 07:26:18
7892,12206,602,1,REPAY,5,173.757885,,173.757885,2025-04-21 07:46:08
7893,12208,519,1,WITHDRAW,5,5329.481511,,,2025-04-21 07:57:41
7894,12210,190,1,WITHDRAW,1,2733.714912,,,2025-04-21 08:08:57
7895,12211,599,3,LIQUIDATION,1,548.761061,598.4313143273,548.761061,2025-04-21 08:12:59
7896,12212,320,2,DEPOSIT,3,754.818605,754.818605,,2025-04-21 08:26:48
7897,12214,98,2,REPAY,1,374.416058,,374.416058,2025-04-21 08:50:40
7898,12215,215,1,WITHDRAW,2,9532.291475,,,2025-04-21 09:07:38
7899,12216,148,3,DEPOSIT,2,1679.467825,1679.467825,,2025-04-21 09:18:01
7900,12218,315,3,REPAY,1,0.731814,,0.731814,2025-04-21 09:56:21
7901,12220,98,1,REPAY,5,111.600698,,111.600698,2025-04-21 10:12:18
7902,12221,732,3,LIQUIDATION,4,65.362912,53.9684312761,65.362912,2025-04-21 10:23:12
7903,12222,944,1,REPAY,4,0.038099,,0.038099,2025-04-21 10:29:23
7904,12223,958,3,WITHDRAW,3,909.813799,,,2025-04-21 10:59:44
7905,12225,366,4,REPAY,1,0.580673,,0.580673,2025-04-21 11:21:59
7906,12226,427,2,REPAY,2,1455.971994,,1455.971994,2025-04-21 11:28:06
7907,12229,77,3,REPAY,4,6173.623287,,6173.623287,2025-04-21 12:12:31
7908,12232,178,1,REPAY,3,0.000617,,0.000617,2025-04-21 12:35:08
7909,12233,660,4,WITHDRAW,3,7507.97615,,,2025-04-21 12:41:16
7910,12234,616,3,REPAY,4,21.56159,,21.56159,2025-04-21 12:47:59
7911,12236,954,4,BORROW,4,2350.218593,5115.3723965377,2350.218593,2025-04-21 13:16:00
7912,12238,865,1,DEPOSIT,5,5438.144718,5438.144718,,2025-04-21 13:36:46
7913,12240,2,1,REPAY,1,18.648334,,18.648334,2025-04-21 13:44:17
7914,12241,571,2,REPAY,3,2.498761,,2.498761,2025-04-21 14:07:56
7915,12242,421,3,WITHDRAW,1,1437.302571,,,2025-04-21 14:47:55
7916,12245,984,2,REPAY,5,311.684984,,311.684984,2025-04-21 15:43:40
7917,12248,635,3,WITHDRAW,1,2933.514252,,,2025-04-21 16:44:20
7918,12249,759,1,BORROW,2,4295.840325,5763.1828494671,4295.840325,2025-04-21 16:53:24
7919,12251,433,3,REPAY,2,301.207039,,301.207039,2025-04-21 17:00:56
7920,12252,834,2,REPAY,3,1185.302147,,1185.302147,2025-04-21 17:08:20
7921,12253,167,1,REPAY,3,0.057871,,0.057871,2025-04-21 17:29:21
7922,12254,744,2,REPAY,3,2.355248,,2.355248,2025-04-21 17:31:53
7923,12257,205,1,DEPOSIT,2,403.245931,403.245931,,2025-04-21 17:52:09
7924,12258,450,1,BORROW,2,2053.48043,3873.9520544064,2053.48043,2025-04-21 18:02:24
7925,12260,828,3,BORROW,1,7685.053441,12803.6101574406,7685.053441,2025-04-21 18:07:01
7926,12261,272,4,BORROW,5,6831.211592,13181.1517473516,6831.211592,2025-04-21 18:10:01
7927,12262,212,2,WITHDRAW,2,3976.07093,,,2025-04-21 18:12:45
7928,12263,931,3,WITHDRAW,5,20.703283,,,2025-04-21 18:39:46
7929,12264,533,3,REPAY,2,175.477639,,175.477639,2025-04-21 19:07:02
7930,12265,152,4,REPAY,3,540.565592,,540.565592,2025-04-21 19:22:00
7931,12266,291,1,BORROW,5,5807.735852,12992.7044337266,5807.735852,2025-04-21 19:30:23
7932,12267,615,4,REPAY,4,0.014871,,0.014871,2025-04-21 19:51:52
7933,12270,829,1,REPAY,4,1510.372824,,1510.372824,2025-04-21 20:55:43
7934,12271,366,2,REPAY,1,0.55361,,0.55361,2025-04-21 20:58:02
7935,12273,430,3,REPAY,3,2733.76765,,2733.76765,2025-04-21 21:06:34
7936,12274,758,2,DEPOSIT,4,5657.322625,5657.322625,,2025-04-21 21:26:16
7937,12276,273,3,REPAY,5,287.256012,,287.256012,2025-04-21 22:04:40
7938,12277,430,4,REPAY,4,13.144086,,13.144086,2025-04-21 22:10:09
7939,12279,711,2,REPAY,3,5.061646,,5.061646,2025-04-21 22:35:38
7940,12280,630,4,REPAY,4,0.172499,,0.172499,2025-04-21 22:39:31
7941,12281,772,4,REPAY,1,1222.998569,,1222.998569,2025-04-21 22:45:48
7942,12283,890,2,REPAY,1,44.077652,,44.077652,2025-04-21 22:57:44
7943,12284,70,3,REPAY,4,2313.916504,,2313.916504,2025-04-21 23:01:28
7944,12285,710,4,REPAY,5,0.796898,,0.796898,2025-04-21 23:06:22
7945,12286,749,1,REPAY,3,5067.475223,,5067.475223,2025-04-21 23:18:54
7946,12287,361,3,WITHDRAW,1,6181.665511,,,2025-04-21 23:33:02
7947,12289,917,2,REPAY,4,0.027142,,0.027142,2025-04-22 00:01:27
7948,12290,245,1,REPAY,5,6.15121,,6.15121,2025-04-22 00:37:00
7949,12293,677,1,REPAY,2,819.997584,,819.997584,2025-04-22 00:52:21
7950,12297,559,1,REPAY,1,933.057525,,933.057525,2025-04-22 01:31:43
7951,12298,417,4,BORROW,1,2212.770911,5272.9315626454,2212.770911,2025-04-22 01:41:20
7952,12299,822,3,REPAY,4,0.280175,,0.280175,2025-04-22 01:49:17
7953,12300,941,2,REPAY,2,47.847445,,47.847445,2025-04-22 01:54:39
7954,12301,334,2,BORROW,1,6965.420993,13708.4392927638,6965.420993,2025-04-22 02:01:00
7955,12303,352,1,BORROW,3,8485.102688,11328.5758205228,8485.102688,2025-04-22 02:21:09
7956,12304,502,4,BORROW,4,5709.287825,7822.4879101464,5709.287825,2025-04-22 02:26:59
7957,12305,178,1,REPAY,2,0.000512,,0.000512,2025-04-22 02:33:22
7958,12306,216,1,DEPOSIT,3,9853.399528,9853.399528,,2025-04-22 02:35:12
7959,12307,423,2,WITHDRAW,4,6593.472573,,,2025-04-22 02:41:34
7960,12308,197,4,REPAY,1,1257.859535,,1257.859535,2025-04-22 02:54:57
7961,12314,943,1,REPAY,4,2697.920616,,2697.920616,2025-04-22 04:13:24
7962,12316,24,3,REPAY,1,484.646564,,484.646564,2025-04-22 04:31:16
7963,12317,967,1,REPAY,3,0.002759,,0.002759,2025-04-22 04:33:50
7964,12318,828,4,REPAY,2,3448.80321,,3448.80321,2025-04-22 04:39:06
7965,12319,820,3,LIQUIDATION,3,2973.826547,3010.2815124246,2973.826547,2025-04-22 04:52:05
7966,12320,290,1,REPAY,3,1027.307004,,1027.307004,2025-04-22 04:58:59
7967,12321,602,2,REPAY,2,37.388522,,37.388522,2025-04-22 05:02:27
7968,12323,243,3,REPAY,1,0.062303,,0.062303,2025-04-22 05:03:43
7969,12326,201,4,REPAY,5,0.69277,,0.69277,2025-04-22 05:16:54
7970,12328,380,3,LIQUIDATION,4,8708.164204,10312.3361663198,8708.164204,2025-04-22 05:37:23
7971,12330,198,1,REPAY,2,1714.658614,,1714.658614,2025-04-22 05:48:07
7972,12331,730,3,BORROW,2,5781.20934,12411.7193886129,5781.20934,2025-04-22 05:54:02
7973,12332,928,4,LIQUIDATION,5,7843.47863,9357.0700367091,7843.47863,2025-04-22 06:17:21
7974,12333,242,2,WITHDRAW,5,3506.080133,,,2025-04-22 06:32:10
7975,12334,501,1,BORROW,5,8275.129224,11033.5705769813,8275.129224,2025-04-22 06:38:56
7976,12337,173,2,DEPOSIT,3,7958.463647,7958.463647,,2025-04-22 07:58:51
7977,12339,256,2,REPAY,2,81.565334,,81.565334,2025-04-22 08:38:27
7978,12340,39,2,REPAY,5,2.287716,,2.287716,2025-04-22 08:48:00
7979,12341,559,1,REPAY,2,430.248718,,430.248718,2025-04-22 09:38:21
7980,12342,256,1,REPAY,3,223.916112,,223.916112,2025-04-22 09:41:40
7981,12344,193,4,LIQUIDATION,1,15201.311785,13739.8895485361,15201.311785,2025-04-22 10:00:25
7982,12345,36,4,REPAY,4,4699.601106,,4699.601106,2025-04-22 10:28:07
7983,12346,854,2,WITHDRAW,1,3293.443873,,,2025-04-22 10:29:39
7984,12349,314,2,REPAY,5,0.004958,,0.004958,2025-04-22 10:41:07
7985,12350,66,1,REPAY,1,32.787779,,32.787779,2025-04-22 10:47:36
7986,12352,504,2,REPAY,3,27.675967,,27.675967,2025-04-22 10:54:11
7987,12354,10,1,REPAY,4,1323.638875,,1323.638875,2025-04-22 11:02:50
7988,12356,968,1,REPAY,2,9.875314,,9.875314,2025-04-22 11:26:40
7989,12359,317,1,WITHDRAW,1,6726.949744,,,2025-04-22 11:54:40
7990,12360,182,1,REPAY,5,0.156671,,0.156671,2025-04-22 12:14:29
7991,12361,290,1,LIQUIDATION,5,2031.86529,2083.3002082439,2031.86529,2025-04-22 13:04:37
7992,12362,146,2,BORROW,1,3639.57943,4657.9876661746,3639.57943,2025-04-22 13:04:51
7993,12364,32,2,REPAY,3,0.432934,,0.432934,2025-04-22 13:28:52
7994,12365,448,1,REPAY,4,7.699157,,7.699157,2025-04-22 13:37:51
7995,12366,779,1,REPAY,2,1.19173,,1.19173,2025-04-22 14:01:03
7996,12368,379,1,DEPOSIT,1,8023.728273,8023.728273,,2025-04-22 14:12:47
7997,12369,311,3,REPAY,5,2043.937204,,2043.937204,2025-04-22 14:28:20
7998,12371,455,3,REPAY,3,0.215547,,0.215547,2025-04-22 14:50:03
7999,12372,627,2,REPAY,2,0.505142,,0.505142,2025-04-22 15:11:58
8000,12373,810,2,REPAY,3,2506.496845,,2506.496845,2025-04-22 15:13:50
8001,12374,975,2,DEPOSIT,4,3262.545732,3262.545732,,2025-04-22 15:15:34
8002,12375,758,1,WITHDRAW,2,7340.387731,,,2025-04-22 15:31:06
8003,12377,512,4,REPAY,5,39.92039,,39.92039,2025-04-22 16:05:55
8004,12378,803,3,REPAY,3,0.056581,,0.056581,2025-04-22 16:07:12
8005,12380,661,2,BORROW,2,7291.603756,17712.7692503995,7291.603756,2025-04-22 16:21:33
8006,12382,607,3,REPAY,2,1395.095539,,1395.095539,2025-04-22 16:45:47
8007,12383,982,2,REPAY,4,1474.893507,,1474.893507,2025-04-22 16:46:06
8008,12384,613,1,WITHDRAW,1,4077.54121,,,2025-04-22 16:47:28
8009,12385,102,4,REPAY,1,0.716428,,0.716428,2025-04-22 16:49:48
8010,12386,474,4,REPAY,2,2933.784832,,2933.784832,2025-04-22 16:52:54
8011,12387,98,3,LIQUIDATION,4,477.102959,422.1173568474,477.102959,2025-04-22 16:55:23
8012,12388,276,3,REPAY,2,0.067424,,0.067424,2025-04-22 17:10:12
8013,12390,500,3,REPAY,3,274.359006,,274.359006,2025-04-22 17:49:24
8014,12394,565,4,REPAY,1,2020.469921,,2020.469921,2025-04-22 18:55:10
8015,12395,265,4,REPAY,4,0.145088,,0.145088,2025-04-22 19:13:48
8016,12399,73,4,REPAY,4,1.928521,,1.928521,2025-04-22 19:51:45
8017,12401,16,2,REPAY,2,46.190621,,46.190621,2025-04-22 20:12:02
8018,12404,817,1,REPAY,5,180.736986,,180.736986,2025-04-22 20:26:22
8019,12405,238,3,BORROW,1,4425.903497,10778.9198931698,4425.903497,2025-04-22 20:32:09
8020,12406,332,3,BORROW,4,9935.774715,20593.7579959803,9935.774715,2025-04-22 20:52:07
8021,12407,948,4,BORROW,4,7084.468023,13111.5671498424,7084.468023,2025-04-22 20:55:03
8022,12408,867,1,BORROW,4,7075.190888,12434.9831614704,7075.190888,2025-04-22 20:58:23
8023,12409,87,3,BORROW,2,4185.261904,5094.3961350914,4185.261904,2025-04-22 21:17:31
8024,12410,418,1,REPAY,5,10.925502,,10.925502,2025-04-22 21:26:16
8025,12412,177,2,REPAY,5,225.231765,,225.231765,2025-04-22 21:40:36
8026,12413,96,1,REPAY,4,5.465295,,5.465295,2025-04-22 21:59:47
8027,12414,263,3,WITHDRAW,3,5009.622402,,,2025-04-22 22:14:03
8028,12415,284,1,REPAY,1,96.684947,,96.684947,2025-04-22 22:16:59
8029,12416,533,1,REPAY,5,69.991889,,69.991889,2025-04-22 22:19:13
8030,12417,62,1,REPAY,5,6.74907,,6.74907,2025-04-22 22:44:20
8031,12418,382,1,REPAY,3,8265.898058,,8265.898058,2025-04-22 22:58:53
8032,12419,813,4,REPAY,3,101.007583,,101.007583,2025-04-22 23:22:44
8033,12420,336,2,REPAY,3,3511.956239,,3511.956239,2025-04-22 23:23:29
8034,12421,939,4,WITHDRAW,5,344.193268,,,2025-04-22 23:27:16
8035,12423,578,4,BORROW,1,5811.02701,12607.2458445089,5811.02701,2025-04-23 00:15:09
8036,12424,268,3,REPAY,4,0.482765,,0.482765,2025-04-23 00:17:04
8037,12425,758,4,WITHDRAW,5,9032.179055,,,2025-04-23 00:20:00
8038,12426,133,1,REPAY,5,39.265398,,39.265398,2025-04-23 00:20:30
8039,12428,533,1,REPAY,4,2.880038,,2.880038,2025-04-23 00:37:38
8040,12429,928,3,BORROW,2,981.395956,1746.8031493135,981.395956,2025-04-23 00:42:22
8041,12430,259,3,REPAY,2,2013.114909,,2013.114909,2025-04-23 01:20:52
8042,12431,428,3,REPAY,1,6.559489,,6.559489,2025-04-23 01:44:54
8043,12434,484,1,REPAY,1,663.073374,,663.073374,2025-04-23 02:08:38
8044,12435,299,1,REPAY,4,0.792158,,0.792158,2025-04-23 02:38:10
8045,12436,294,4,REPAY,2,1458.344117,,1458.344117,2025-04-23 02:52:04
8046,12437,63,2,REPAY,3,15.93894,,15.93894,2025-04-23 02:59:52
8047,12438,235,3,REPAY,4,0.001854,,0.001854,2025-04-23 03:13:39
8048,12440,63,2,REPAY,3,19.304096,,19.304096,2025-04-23 03:23:03
8049,12441,276,3,REPAY,3,0.008293,,0.008293,2025-04-23 03:37:26
8050,12444,42,4,REPAY,3,1872.454694,,1872.454694,2025-04-23 03:58:17
8051,12446,981,4,REPAY,4,0.017431,,0.017431,2025-04-23 04:13:00
8052,12447,738,4,REPAY,1,1146.040319,,1146.040319,2025-04-23 04:32:40
8053,12448,871,4,BORROW,2,3403.935877,7287.996282377,3403.935877,2025-04-23 04:56:34
8054,12449,686,3,REPAY,1,2.52716,,2.52716,2025-04-23 04:59:34
8055,12450,289,1,REPAY,3,2.538,,2.538,2025-04-23 05:05:57
8056,12451,988,2,REPAY,5,9.334048,,9.334048,2025-04-23 05:06:48
8057,12453,672,3,REPAY,4,0.594129,,0.594129,2025-04-23 05:21:20
8058,12454,943,1,REPAY,1,1344.963027,,1344.963027,2025-04-23 05:21:57
8059,12455,642,2,REPAY,3,458.388445,,458.388445,2025-04-23 05:23:19
8060,12456,348,3,REPAY,4,979.758063,,979.758063,2025-04-23 05:36:55
8061,12457,685,3,BORROW,3,3176.676267,3841.1434539551,3176.676267,2025-04-23 05:56:01
8062,12458,406,2,REPAY,2,199.185039,,199.185039,2025-04-23 06:06:26
8063,12459,731,1,REPAY,1,904.832285,,904.832285,2025-04-23 06:14:28
8064,12460,983,2,BORROW,3,2160.206501,5371.2094492535,2160.206501,2025-04-23 06:17:53
8065,12462,939,3,DEPOSIT,2,6000.901425,6000.901425,,2025-04-23 06:27:19
8066,12463,738,1,LIQUIDATION,4,5929.432447,6169.7355061523,5929.432447,2025-04-23 06:34:33
8067,12465,463,1,REPAY,5,0.724653,,0.724653,2025-04-23 07:07:33
8068,12466,24,4,REPAY,3,344.643743,,344.643743,2025-04-23 07:16:05
8069,12469,907,1,REPAY,4,5154.421191,,5154.421191,2025-04-23 07:53:08
8070,12470,364,1,REPAY,1,0.115225,,0.115225,2025-04-23 07:57:20
8147,12573,630,4,REPAY,1,0.019244,,0.019244,2025-04-24 10:27:40
8071,12471,969,1,DEPOSIT,2,5778.072975,5778.072975,,2025-04-23 08:15:31
8072,12472,840,1,REPAY,5,342.313936,,342.313936,2025-04-23 08:37:04
8073,12473,638,2,WITHDRAW,1,6510.06902,,,2025-04-23 08:45:25
8074,12474,349,2,REPAY,5,103.360778,,103.360778,2025-04-23 08:55:10
8075,12476,206,3,REPAY,2,0.026261,,0.026261,2025-04-23 09:52:23
8076,12477,750,2,LIQUIDATION,1,1226.587135,1064.3470358955,1226.587135,2025-04-23 10:01:48
8077,12478,539,3,BORROW,2,2132.617279,3931.9275463705,2132.617279,2025-04-23 10:08:31
8078,12479,313,1,BORROW,5,8757.594467,17134.1061954932,8757.594467,2025-04-23 10:10:42
8079,12480,369,4,BORROW,1,7252.716336,17714.8030753542,7252.716336,2025-04-23 11:00:05
8080,12482,261,1,REPAY,3,755.2374,,755.2374,2025-04-23 11:59:16
8081,12484,758,1,REPAY,2,0.095117,,0.095117,2025-04-23 12:30:43
8082,12485,455,4,DEPOSIT,3,9018.232129,9018.232129,,2025-04-23 12:44:39
8083,12486,593,1,DEPOSIT,1,2782.550803,2782.550803,,2025-04-23 12:54:41
8084,12487,907,4,REPAY,5,691.582616,,691.582616,2025-04-23 12:59:36
8085,12489,485,2,REPAY,3,9.123837,,9.123837,2025-04-23 13:50:13
8086,12490,252,3,LIQUIDATION,2,7518.637993,7683.5459598006,7518.637993,2025-04-23 13:53:08
8087,12491,25,4,REPAY,3,202.245788,,202.245788,2025-04-23 14:07:10
8088,12492,521,2,REPAY,1,111.045571,,111.045571,2025-04-23 14:11:43
8089,12493,679,3,BORROW,5,3762.649435,9191.7962170653,3762.649435,2025-04-23 14:29:11
8090,12494,859,2,WITHDRAW,3,5178.345093,,,2025-04-23 14:46:49
8091,12496,810,4,BORROW,1,9871.759497,22836.0797344387,9871.759497,2025-04-23 15:33:08
8092,12497,584,2,BORROW,5,4111.51272,5238.4584591143,4111.51272,2025-04-23 15:33:53
8093,12498,21,2,BORROW,5,3634.577203,8595.0956438827,3634.577203,2025-04-23 15:43:53
8094,12501,331,1,REPAY,3,1.480241,,1.480241,2025-04-23 16:29:54
8095,12503,342,4,REPAY,2,396.049302,,396.049302,2025-04-23 16:57:07
8096,12504,166,3,REPAY,4,0.150164,,0.150164,2025-04-23 17:15:54
8097,12505,812,1,WITHDRAW,4,9467.77839,,,2025-04-23 17:24:40
8098,12506,261,3,REPAY,5,137.537916,,137.537916,2025-04-23 17:30:12
8099,12507,740,3,WITHDRAW,5,9088.340069,,,2025-04-23 17:46:18
8100,12508,139,3,WITHDRAW,5,298.036439,,,2025-04-23 18:00:31
8101,12511,473,1,REPAY,5,2.263909,,2.263909,2025-04-23 18:35:14
8102,12512,564,1,BORROW,3,2810.800843,4992.6128022892,2810.800843,2025-04-23 19:10:11
8103,12514,842,3,WITHDRAW,1,3682.130956,,,2025-04-23 19:41:40
8104,12515,881,3,DEPOSIT,1,1476.592275,1476.592275,,2025-04-23 19:47:57
8105,12516,500,4,REPAY,2,132.719209,,132.719209,2025-04-23 19:57:45
8106,12517,634,4,REPAY,4,2179.415807,,2179.415807,2025-04-23 20:00:54
8107,12519,979,1,DEPOSIT,5,1670.925457,1670.925457,,2025-04-23 20:44:41
8108,12520,854,2,DEPOSIT,5,6479.849266,6479.849266,,2025-04-23 20:54:59
8109,12521,592,3,REPAY,1,0.02275,,0.02275,2025-04-23 21:55:24
8110,12522,826,3,DEPOSIT,1,3283.154968,3283.154968,,2025-04-23 22:25:25
8111,12523,961,3,REPAY,3,3.065623,,3.065623,2025-04-23 22:29:07
8112,12524,248,2,REPAY,3,0.033934,,0.033934,2025-04-23 22:42:23
8113,12525,299,2,REPAY,2,0.005783,,0.005783,2025-04-23 22:44:59
8114,12526,620,3,REPAY,1,2.128221,,2.128221,2025-04-23 22:58:53
8115,12528,377,2,REPAY,5,3608.401481,,3608.401481,2025-04-23 23:48:22
8116,12530,613,3,REPAY,3,0.261639,,0.261639,2025-04-24 00:06:33
8117,12531,698,4,REPAY,3,96.521161,,96.521161,2025-04-24 00:15:01
8118,12532,303,1,REPAY,4,3.338575,,3.338575,2025-04-24 00:49:10
8119,12533,314,1,REPAY,5,0.009551,,0.009551,2025-04-24 01:02:32
8120,12535,819,1,REPAY,5,21.366546,,21.366546,2025-04-24 01:49:32
8121,12536,751,3,REPAY,2,112.845613,,112.845613,2025-04-24 02:02:11
8122,12537,867,3,REPAY,2,6916.587051,,6916.587051,2025-04-24 02:23:33
8123,12540,23,3,BORROW,2,6241.097448,12349.7357005919,6241.097448,2025-04-24 03:28:19
8124,12541,163,2,REPAY,3,0.026474,,0.026474,2025-04-24 03:30:53
8125,12542,779,3,WITHDRAW,5,511.137403,,,2025-04-24 03:42:16
8126,12543,736,3,BORROW,1,476.637175,1151.8887756158,476.637175,2025-04-24 03:55:00
8127,12545,552,2,DEPOSIT,5,8060.58358,8060.58358,,2025-04-24 04:31:30
8128,12547,378,4,REPAY,2,12.043719,,12.043719,2025-04-24 04:59:59
8129,12548,130,4,BORROW,5,5076.158427,12082.3945842715,5076.158427,2025-04-24 05:05:14
8130,12549,676,4,REPAY,4,7407.049578,,7407.049578,2025-04-24 05:39:54
8131,12550,133,2,REPAY,1,1.062336,,1.062336,2025-04-24 05:43:02
8132,12551,182,3,REPAY,5,0.009405,,0.009405,2025-04-24 06:03:01
8133,12552,170,3,BORROW,2,8523.612081,11842.624325921,8523.612081,2025-04-24 06:11:39
8134,12554,324,3,DEPOSIT,1,1109.699177,1109.699177,,2025-04-24 06:59:15
8135,12557,557,3,REPAY,2,622.299195,,622.299195,2025-04-24 07:31:40
8136,12560,672,4,REPAY,3,1.36372,,1.36372,2025-04-24 08:03:11
8137,12561,502,2,DEPOSIT,2,3762.444346,3762.444346,,2025-04-24 08:04:49
8138,12562,216,3,WITHDRAW,4,300.748447,,,2025-04-24 08:14:56
8139,12563,815,1,REPAY,2,33.508967,,33.508967,2025-04-24 09:09:58
8140,12564,254,1,REPAY,4,30.996986,,30.996986,2025-04-24 09:27:40
8141,12565,253,2,REPAY,3,796.513713,,796.513713,2025-04-24 09:29:00
8142,12566,984,4,REPAY,5,44.129621,,44.129621,2025-04-24 09:33:22
8143,12568,574,3,LIQUIDATION,1,1041.407611,969.6889848794,1041.407611,2025-04-24 09:35:08
8144,12570,912,2,REPAY,4,58.060285,,58.060285,2025-04-24 10:01:13
8145,12571,99,3,WITHDRAW,5,787.767754,,,2025-04-24 10:14:40
8146,12572,508,4,REPAY,5,36.403184,,36.403184,2025-04-24 10:25:45
8148,12574,926,4,REPAY,3,0.256875,,0.256875,2025-04-24 10:43:53
8149,12575,713,3,REPAY,2,1.604003,,1.604003,2025-04-24 11:03:10
8150,12578,788,4,DEPOSIT,1,45.788819,45.788819,,2025-04-24 11:23:30
8151,12579,439,3,REPAY,4,2047.915597,,2047.915597,2025-04-24 11:49:12
8152,12580,490,2,WITHDRAW,1,7746.134935,,,2025-04-24 11:54:27
8153,12582,210,4,REPAY,2,206.402266,,206.402266,2025-04-24 12:04:16
8154,12583,889,2,REPAY,1,2.710236,,2.710236,2025-04-24 12:30:53
8155,12585,803,1,REPAY,1,0.039831,,0.039831,2025-04-24 12:56:13
8156,12586,255,1,REPAY,1,1.8e-05,,1.8e-05,2025-04-24 12:59:59
8157,12587,744,3,REPAY,4,0.087459,,0.087459,2025-04-24 13:09:26
8158,12588,92,3,WITHDRAW,5,813.581093,,,2025-04-24 14:00:12
8159,12590,79,2,WITHDRAW,2,4244.849798,,,2025-04-24 14:28:10
8160,12591,884,3,REPAY,2,341.419105,,341.419105,2025-04-24 14:43:39
8161,12594,225,4,REPAY,3,0.354628,,0.354628,2025-04-24 15:16:05
8162,12596,524,1,REPAY,1,937.07007,,937.07007,2025-04-24 15:20:43
8163,12597,599,4,BORROW,5,2809.501644,6183.672687739,2809.501644,2025-04-24 15:21:07
8164,12598,883,2,REPAY,4,2973.665362,,2973.665362,2025-04-24 16:01:22
8165,12599,307,1,BORROW,2,5578.539092,7227.9468710191,5578.539092,2025-04-24 16:23:02
8166,12602,751,1,REPAY,1,2.113784,,2.113784,2025-04-24 17:07:52
8167,12604,821,4,BORROW,3,4516.843914,7090.7601931814,4516.843914,2025-04-24 17:27:16
8168,12608,943,3,REPAY,2,95.980158,,95.980158,2025-04-24 18:22:33
8169,12609,68,3,BORROW,1,7094.183701,17692.1973705918,7094.183701,2025-04-24 18:37:49
8170,12610,815,3,REPAY,1,42.365871,,42.365871,2025-04-24 19:02:08
8171,12611,699,3,REPAY,4,267.922246,,267.922246,2025-04-24 19:05:36
8172,12612,667,1,REPAY,4,0.014362,,0.014362,2025-04-24 19:19:46
8173,12615,402,1,DEPOSIT,4,9125.438921,9125.438921,,2025-04-24 19:30:40
8174,12616,560,3,REPAY,4,346.788505,,346.788505,2025-04-24 19:42:20
8175,12617,804,2,DEPOSIT,3,8449.122948,8449.122948,,2025-04-24 19:45:45
8176,12618,631,1,REPAY,5,6.007572,,6.007572,2025-04-24 19:50:09
8177,12619,910,4,DEPOSIT,1,7727.869768,7727.869768,,2025-04-24 20:33:29
8178,12620,194,3,WITHDRAW,4,1118.862231,,,2025-04-24 20:37:38
8179,12621,611,3,REPAY,1,2890.117328,,2890.117328,2025-04-24 20:57:25
8180,12622,66,3,DEPOSIT,2,7150.08287,7150.08287,,2025-04-24 20:59:42
8181,12623,594,2,REPAY,3,522.891758,,522.891758,2025-04-24 21:00:29
8182,12626,268,4,REPAY,2,0.000186,,0.000186,2025-04-24 22:46:58
8183,12628,460,3,REPAY,1,0.503918,,0.503918,2025-04-24 22:49:42
8184,12630,95,2,REPAY,3,21.228904,,21.228904,2025-04-24 22:55:17
8185,12631,18,3,BORROW,2,5506.073343,8624.0533762744,5506.073343,2025-04-24 23:00:32
8186,12633,190,3,REPAY,2,67.831555,,67.831555,2025-04-24 23:03:36
8187,12635,407,1,REPAY,3,1040.633147,,1040.633147,2025-04-24 23:24:32
8188,12636,898,4,REPAY,2,0.000118,,0.000118,2025-04-24 23:38:06
8189,12637,363,4,DEPOSIT,4,470.508035,470.508035,,2025-04-24 23:38:24
8190,12638,50,3,REPAY,3,326.391482,,326.391482,2025-04-24 23:47:11
8191,12641,230,3,REPAY,3,10.524381,,10.524381,2025-04-25 00:27:26
8192,12643,687,2,BORROW,3,9131.449237,22064.1391198326,9131.449237,2025-04-25 01:05:45
8193,12644,517,1,WITHDRAW,1,7555.604996,,,2025-04-25 01:08:13
8194,12645,749,2,REPAY,5,6.285006,,6.285006,2025-04-25 01:18:44
8195,12646,40,4,REPAY,2,5.642503,,5.642503,2025-04-25 01:42:16
8196,12648,968,2,REPAY,2,6.008164,,6.008164,2025-04-25 01:54:39
8197,12649,960,2,REPAY,5,0.038516,,0.038516,2025-04-25 02:18:10
8198,12651,929,1,WITHDRAW,4,3529.00767,,,2025-04-25 02:20:18
8199,12652,846,3,REPAY,1,33.750839,,33.750839,2025-04-25 02:25:43
8200,12653,852,3,WITHDRAW,5,5132.593275,,,2025-04-25 02:41:17
8201,12654,578,3,WITHDRAW,5,4543.880571,,,2025-04-25 02:46:54
8202,12655,249,2,REPAY,5,2135.267807,,2135.267807,2025-04-25 03:16:52
8203,12656,438,4,BORROW,4,2693.23373,5721.3343935536,2693.23373,2025-04-25 03:24:31
8204,12658,931,3,DEPOSIT,3,7297.897009,7297.897009,,2025-04-25 03:55:26
8205,12662,165,2,DEPOSIT,3,1042.268451,1042.268451,,2025-04-25 05:02:44
8206,12663,626,1,LIQUIDATION,1,2461.192878,2084.8072760096,2461.192878,2025-04-25 05:11:27
8207,12664,481,4,REPAY,1,6.054909,,6.054909,2025-04-25 05:23:40
8208,12666,486,1,LIQUIDATION,5,268.381087,317.5578729165,268.381087,2025-04-25 05:43:07
8209,12667,44,1,WITHDRAW,3,1489.886318,,,2025-04-25 06:04:27
8210,12668,751,2,REPAY,4,2.53232,,2.53232,2025-04-25 06:05:59
8211,12669,506,3,REPAY,2,0.032332,,0.032332,2025-04-25 07:01:40
8212,12670,505,3,DEPOSIT,3,6646.827889,6646.827889,,2025-04-25 07:09:22
8213,12672,271,3,WITHDRAW,5,125.377373,,,2025-04-25 07:39:14
8214,12675,715,2,BORROW,4,2942.637554,7248.7725826801,2942.637554,2025-04-25 08:07:58
8215,12676,276,1,REPAY,5,0.004567,,0.004567,2025-04-25 08:14:58
8216,12677,472,1,DEPOSIT,3,2450.115256,2450.115256,,2025-04-25 08:17:50
8217,12678,986,2,REPAY,3,78.754585,,78.754585,2025-04-25 08:26:25
8218,12679,615,4,REPAY,3,0.005686,,0.005686,2025-04-25 08:31:28
8219,12680,253,3,REPAY,1,34.457488,,34.457488,2025-04-25 08:38:52
8220,12681,119,2,REPAY,2,4.254715,,4.254715,2025-04-25 08:42:23
8221,12682,331,1,REPAY,4,0.328045,,0.328045,2025-04-25 09:09:46
8222,12683,538,1,REPAY,4,1.34234,,1.34234,2025-04-25 09:37:40
8223,12684,615,1,REPAY,1,0.000161,,0.000161,2025-04-25 10:24:44
8224,12686,860,4,REPAY,3,8.730047,,8.730047,2025-04-25 10:42:45
8225,12687,548,4,REPAY,5,473.390209,,473.390209,2025-04-25 11:10:49
8226,12688,751,1,WITHDRAW,3,9011.810559,,,2025-04-25 11:32:24
8227,12690,469,2,WITHDRAW,1,3701.513489,,,2025-04-25 11:44:19
8228,12692,787,3,WITHDRAW,2,5039.810886,,,2025-04-25 12:10:04
8229,12693,331,1,REPAY,4,0.535383,,0.535383,2025-04-25 12:19:27
8230,12694,703,3,DEPOSIT,1,3700.350343,3700.350343,,2025-04-25 12:42:21
8231,12695,393,1,LIQUIDATION,4,4538.93075,3908.7892554391,4538.93075,2025-04-25 13:46:06
8232,12697,389,2,REPAY,2,9.076986,,9.076986,2025-04-25 14:05:41
8233,12698,539,2,DEPOSIT,1,9558.167741,9558.167741,,2025-04-25 14:18:44
8234,12699,711,3,REPAY,3,0.389786,,0.389786,2025-04-25 14:21:46
8235,12702,66,4,REPAY,2,15.069863,,15.069863,2025-04-25 15:00:05
8236,12704,562,4,LIQUIDATION,5,15.802369,13.6712311122,15.802369,2025-04-25 15:10:36
8237,12705,428,4,REPAY,4,23.388369,,23.388369,2025-04-25 15:11:52
8238,12706,809,3,BORROW,4,1672.935905,4165.0912475968,1672.935905,2025-04-25 15:45:32
8239,12708,972,1,DEPOSIT,1,7887.498364,7887.498364,,2025-04-25 16:05:49
8240,12709,805,3,REPAY,1,0.000303,,0.000303,2025-04-25 16:11:46
8241,12710,659,3,DEPOSIT,2,6854.486484,6854.486484,,2025-04-25 16:22:36
8242,12712,453,2,LIQUIDATION,2,4504.453638,4073.7227723278,4504.453638,2025-04-25 17:05:45
8243,12714,455,4,REPAY,5,0.386091,,0.386091,2025-04-25 17:15:21
8244,12715,670,2,WITHDRAW,2,1748.1399,,,2025-04-25 17:17:06
8245,12717,796,3,BORROW,1,2539.390589,3239.9671593544,2539.390589,2025-04-25 18:04:00
8246,12718,127,4,DEPOSIT,3,2156.40024,2156.40024,,2025-04-25 18:07:14
8247,12719,608,4,DEPOSIT,1,3647.679854,3647.679854,,2025-04-25 18:26:33
8248,12720,80,4,DEPOSIT,3,3915.068989,3915.068989,,2025-04-25 18:27:27
8249,12721,460,4,REPAY,3,0.76706,,0.76706,2025-04-25 18:28:11
8250,12722,431,2,BORROW,5,3587.060611,8653.8168418525,3587.060611,2025-04-25 18:33:10
8251,12724,718,3,REPAY,3,5201.924739,,5201.924739,2025-04-25 18:52:49
8252,12725,226,3,REPAY,5,509.540378,,509.540378,2025-04-25 18:57:06
8253,12726,34,3,WITHDRAW,3,7792.283666,,,2025-04-25 19:03:25
8254,12727,70,4,DEPOSIT,5,5721.854179,5721.854179,,2025-04-25 19:10:26
8255,12729,313,1,REPAY,5,1994.252689,,1994.252689,2025-04-25 20:12:00
8256,12730,824,2,REPAY,5,4148.395342,,4148.395342,2025-04-25 20:29:14
8257,12731,369,2,WITHDRAW,4,7907.850359,,,2025-04-25 20:52:51
8258,12733,188,1,WITHDRAW,1,2129.605491,,,2025-04-25 21:22:07
8259,12735,455,3,REPAY,5,0.058648,,0.058648,2025-04-25 21:50:55
8260,12736,209,2,REPAY,2,53.016572,,53.016572,2025-04-25 21:51:20
8261,12737,506,1,REPAY,2,0.044293,,0.044293,2025-04-25 21:54:33
8262,12739,635,1,DEPOSIT,3,819.871113,819.871113,,2025-04-25 22:17:21
8263,12740,884,2,REPAY,1,770.195279,,770.195279,2025-04-25 22:26:03
8264,12741,826,2,DEPOSIT,2,7658.053584,7658.053584,,2025-04-25 23:26:43
8265,12742,332,3,LIQUIDATION,5,9935.774715,8538.063778064,9935.774715,2025-04-25 23:40:48
8266,12743,598,2,REPAY,1,91.18402,,91.18402,2025-04-25 23:42:43
8267,12745,359,2,REPAY,5,944.9694,,944.9694,2025-04-25 23:52:00
8268,12746,451,3,WITHDRAW,2,8534.780014,,,2025-04-25 23:58:40
8269,12747,422,3,REPAY,2,2553.38749,,2553.38749,2025-04-26 00:21:54
8270,12748,993,3,REPAY,3,1.865178,,1.865178,2025-04-26 00:32:24
8271,12749,577,3,REPAY,2,0.005926,,0.005926,2025-04-26 01:16:00
8272,12750,242,3,REPAY,3,0.000879,,0.000879,2025-04-26 01:20:27
8273,12751,860,4,REPAY,2,1.78839,,1.78839,2025-04-26 01:23:36
8274,12752,73,1,REPAY,3,2.970953,,2.970953,2025-04-26 01:23:51
8275,12753,462,2,REPAY,1,0.000149,,0.000149,2025-04-26 01:51:32
8276,12757,420,2,BORROW,4,2436.93558,4765.6575585662,2436.93558,2025-04-26 03:00:59
8277,12758,48,1,DEPOSIT,2,4964.968815,4964.968815,,2025-04-26 03:03:04
8278,12759,328,2,WITHDRAW,1,5829.227164,,,2025-04-26 03:18:06
8279,12760,706,2,REPAY,1,1.85455,,1.85455,2025-04-26 03:19:33
8280,12761,711,1,REPAY,1,2.370645,,2.370645,2025-04-26 03:40:31
8281,12763,756,1,REPAY,4,35.711003,,35.711003,2025-04-26 03:54:50
8282,12764,758,3,REPAY,3,0.003845,,0.003845,2025-04-26 03:56:05
8283,12765,726,2,REPAY,1,0.578433,,0.578433,2025-04-26 03:58:39
8284,12766,40,3,REPAY,4,0.892486,,0.892486,2025-04-26 04:24:04
8285,12767,676,2,BORROW,3,3918.010335,5641.4179532251,3918.010335,2025-04-26 04:55:24
8286,12769,722,1,WITHDRAW,3,4111.0042,,,2025-04-26 05:24:32
8287,12771,494,1,REPAY,2,6.839141,,6.839141,2025-04-26 06:09:31
8288,12774,985,1,BORROW,2,6630.406759,9616.3896646173,6630.406759,2025-04-26 06:44:49
8289,12775,319,1,DEPOSIT,5,1874.141887,1874.141887,,2025-04-26 06:57:26
8290,12776,559,4,BORROW,1,7957.435317,14746.2130745721,7957.435317,2025-04-26 06:59:05
8291,12777,851,1,REPAY,5,57.108286,,57.108286,2025-04-26 07:10:50
8292,12779,627,4,REPAY,1,0.40752,,0.40752,2025-04-26 07:20:18
8293,12780,338,1,DEPOSIT,1,7695.739445,7695.739445,,2025-04-26 07:24:05
8294,12782,538,3,REPAY,4,2.1811,,2.1811,2025-04-26 07:53:12
8295,12784,633,4,REPAY,5,151.819288,,151.819288,2025-04-26 07:54:48
8296,12785,874,3,WITHDRAW,4,8439.247998,,,2025-04-26 07:58:49
8297,12786,78,2,REPAY,4,6.803036,,6.803036,2025-04-26 08:10:13
8298,12787,755,4,BORROW,3,4215.705621,6997.5386551773,4215.705621,2025-04-26 08:15:52
8299,12789,313,3,BORROW,2,8465.952975,12642.7540881539,8465.952975,2025-04-26 08:22:58
8300,12791,715,2,LIQUIDATION,5,2942.637554,2899.5213063796,2942.637554,2025-04-26 08:28:11
8301,12792,690,1,BORROW,5,1880.672771,2920.9686350608,1880.672771,2025-04-26 08:53:11
8302,12793,80,4,BORROW,1,1400.385644,2138.0214010561,1400.385644,2025-04-26 09:11:33
8303,12795,702,1,WITHDRAW,5,1577.885965,,,2025-04-26 09:49:25
8304,12797,951,3,BORROW,4,5595.84416,7787.6114698824,5595.84416,2025-04-26 10:14:09
8305,12799,16,4,WITHDRAW,4,5912.831513,,,2025-04-26 11:06:57
8306,12801,230,3,REPAY,4,62.741587,,62.741587,2025-04-26 12:43:06
8307,12802,887,3,REPAY,5,7.834531,,7.834531,2025-04-26 12:45:23
8308,12803,517,1,DEPOSIT,4,2555.641447,2555.641447,,2025-04-26 12:47:44
8309,12807,954,1,REPAY,2,549.436887,,549.436887,2025-04-26 13:45:19
8310,12808,467,4,WITHDRAW,2,3350.458779,,,2025-04-26 13:47:42
8311,12809,711,1,DEPOSIT,3,9258.21646,9258.21646,,2025-04-26 13:58:16
8312,12810,172,3,REPAY,5,385.650271,,385.650271,2025-04-26 13:58:35
8313,12814,880,1,WITHDRAW,4,4582.628471,,,2025-04-26 15:44:15
8314,12815,380,3,BORROW,1,841.290924,1083.3935555121,841.290924,2025-04-26 16:21:58
8315,12816,659,3,WITHDRAW,2,6936.064667,,,2025-04-26 16:27:21
8316,12818,262,2,REPAY,3,2.310472,,2.310472,2025-04-26 16:41:47
8317,12819,208,2,REPAY,3,2675.250319,,2675.250319,2025-04-26 16:48:48
8318,12820,780,3,REPAY,1,162.090401,,162.090401,2025-04-26 17:04:09
8319,12821,368,3,LIQUIDATION,4,14532.85927,17352.7940071,14532.85927,2025-04-26 17:54:47
8320,12822,357,4,DEPOSIT,4,4017.436789,4017.436789,,2025-04-26 18:07:36
8321,12823,829,3,REPAY,3,391.414499,,391.414499,2025-04-26 18:17:09
8322,12824,551,4,REPAY,3,1805.674045,,1805.674045,2025-04-26 18:30:51
8323,12825,631,4,REPAY,2,0.321644,,0.321644,2025-04-26 18:33:02
8324,12826,80,1,REPAY,2,507.125222,,507.125222,2025-04-26 18:49:43
8325,12827,613,3,REPAY,1,0.007849,,0.007849,2025-04-26 19:01:18
8326,12828,633,2,REPAY,4,8.18069,,8.18069,2025-04-26 19:05:53
8327,12830,642,2,REPAY,3,746.567964,,746.567964,2025-04-26 19:17:06
8328,12832,83,2,REPAY,1,0.814042,,0.814042,2025-04-26 19:32:44
8329,12833,244,1,DEPOSIT,2,1913.722278,1913.722278,,2025-04-26 20:02:49
8330,12835,89,2,REPAY,3,0.000652,,0.000652,2025-04-26 21:31:40
8331,12836,637,3,DEPOSIT,1,2263.222985,2263.222985,,2025-04-26 21:33:30
8332,12838,616,1,REPAY,2,40.946268,,40.946268,2025-04-26 21:48:01
8333,12839,640,2,REPAY,1,0.001637,,0.001637,2025-04-26 21:52:12
8334,12840,538,4,REPAY,3,0.65656,,0.65656,2025-04-26 21:56:12
8335,12841,591,2,DEPOSIT,4,5762.66293,5762.66293,,2025-04-26 22:05:08
8336,12842,656,2,BORROW,4,9027.175391,12955.1207088563,9027.175391,2025-04-26 22:14:20
8337,12843,667,3,REPAY,2,0.011866,,0.011866,2025-04-26 22:14:35
8338,12846,36,1,REPAY,1,53.388455,,53.388455,2025-04-26 22:43:03
8339,12848,639,2,REPAY,4,21.785729,,21.785729,2025-04-26 22:45:50
8340,12849,898,1,REPAY,2,0.000176,,0.000176,2025-04-26 22:49:16
8341,12851,413,3,REPAY,2,187.271189,,187.271189,2025-04-27 00:25:26
8342,12854,294,4,WITHDRAW,2,5010.820339,,,2025-04-27 01:11:16
8343,12855,483,3,REPAY,3,0.006539,,0.006539,2025-04-27 01:14:40
8344,12857,383,4,DEPOSIT,2,1528.626796,1528.626796,,2025-04-27 01:52:46
8345,12859,502,2,REPAY,2,4836.061227,,4836.061227,2025-04-27 02:15:56
8346,12860,311,1,LIQUIDATION,5,1352.18286,1145.8679795869,1352.18286,2025-04-27 02:29:53
8347,12861,221,1,REPAY,1,326.883236,,326.883236,2025-04-27 02:34:25
8348,12862,56,4,WITHDRAW,1,4515.629809,,,2025-04-27 02:34:56
8349,12863,969,2,WITHDRAW,4,3371.543912,,,2025-04-27 02:44:21
8350,12864,398,2,BORROW,3,6783.591525,15979.6603835769,6783.591525,2025-04-27 03:05:09
8351,12865,135,4,LIQUIDATION,2,93.750732,95.6942688906,93.750732,2025-04-27 03:13:56
8352,12866,23,1,BORROW,2,268.903525,634.223998088,268.903525,2025-04-27 03:34:11
8353,12867,297,4,WITHDRAW,3,3816.348324,,,2025-04-27 03:50:20
8354,12869,297,1,BORROW,2,8371.305422,17954.1507314714,8371.305422,2025-04-27 04:05:23
8355,12870,811,3,WITHDRAW,3,3033.684446,,,2025-04-27 04:14:39
8356,12871,550,2,REPAY,1,154.439872,,154.439872,2025-04-27 04:15:03
8357,12872,920,4,BORROW,3,7033.046476,10783.5614729002,7033.046476,2025-04-27 04:42:24
8358,12873,784,2,REPAY,2,8.066174,,8.066174,2025-04-27 04:57:46
8359,12874,755,1,LIQUIDATION,1,4215.705621,3994.6991190875,4215.705621,2025-04-27 05:14:49
8360,12875,223,3,REPAY,2,1270.414771,,1270.414771,2025-04-27 06:03:02
8361,12876,480,3,DEPOSIT,1,2090.952564,2090.952564,,2025-04-27 06:17:04
8362,12878,961,2,REPAY,4,0.245326,,0.245326,2025-04-27 06:55:56
8363,12879,331,1,REPAY,5,1.046337,,1.046337,2025-04-27 06:59:04
8364,12880,8,1,REPAY,1,0.761735,,0.761735,2025-04-27 07:02:09
8365,12881,976,4,REPAY,5,1805.469033,,1805.469033,2025-04-27 07:45:40
8366,12882,927,4,BORROW,2,3911.581978,5409.906945735,3911.581978,2025-04-27 07:54:45
8367,12885,431,3,REPAY,1,1401.564686,,1401.564686,2025-04-27 08:20:07
8368,12886,811,4,REPAY,5,588.775847,,588.775847,2025-04-27 08:42:02
8369,12887,664,3,REPAY,5,0.000278,,0.000278,2025-04-27 09:04:19
8370,12889,255,1,REPAY,3,9e-06,,9e-06,2025-04-27 09:20:11
8371,12890,655,4,LIQUIDATION,3,1831.001332,1816.1245713099,1831.001332,2025-04-27 09:56:10
8372,12891,496,3,REPAY,3,80.086408,,80.086408,2025-04-27 09:56:31
8373,12895,276,1,REPAY,3,0.000571,,0.000571,2025-04-27 10:23:31
8374,12896,299,2,REPAY,4,0.000396,,0.000396,2025-04-27 10:30:42
8375,12897,465,3,REPAY,3,427.532012,,427.532012,2025-04-27 10:53:23
8376,12900,914,2,REPAY,3,127.111331,,127.111331,2025-04-27 11:22:11
8377,12901,187,2,DEPOSIT,5,4478.084241,4478.084241,,2025-04-27 11:35:00
8378,12903,600,1,REPAY,5,0.231572,,0.231572,2025-04-27 11:56:58
8379,12904,283,1,REPAY,3,2776.907529,,2776.907529,2025-04-27 11:58:30
8380,12905,923,1,REPAY,4,0.06603,,0.06603,2025-04-27 12:02:17
8381,12907,144,4,DEPOSIT,2,8385.498554,8385.498554,,2025-04-27 12:14:21
8382,12908,601,2,REPAY,5,586.631582,,586.631582,2025-04-27 12:21:28
8383,12909,605,1,REPAY,5,30.590316,,30.590316,2025-04-27 12:35:18
8384,12910,428,4,REPAY,1,0.726486,,0.726486,2025-04-27 12:40:42
8385,12911,326,3,REPAY,3,45.483214,,45.483214,2025-04-27 13:12:25
8386,12912,979,1,BORROW,1,4420.7858,10963.3704916801,4420.7858,2025-04-27 13:20:47
8387,12913,679,1,LIQUIDATION,3,11985.103589,14186.2272505178,11985.103589,2025-04-27 13:47:26
8388,12914,242,1,BORROW,1,5096.895452,6977.5946397857,5096.895452,2025-04-27 14:01:04
8389,12916,795,2,REPAY,3,1.3e-05,,1.3e-05,2025-04-27 14:44:50
8390,12917,98,1,BORROW,5,107.404932,146.1865463914,107.404932,2025-04-27 14:54:00
8391,12918,50,3,WITHDRAW,4,7799.790195,,,2025-04-27 15:22:08
8392,12919,254,1,REPAY,1,85.300424,,85.300424,2025-04-27 16:06:40
8393,12920,632,4,BORROW,3,2732.299671,5580.3557824117,2732.299671,2025-04-27 16:33:58
8394,12921,981,1,REPAY,2,0.000212,,0.000212,2025-04-27 16:35:32
8395,12922,850,3,DEPOSIT,1,1448.614358,1448.614358,,2025-04-27 16:35:56
8396,12923,71,2,REPAY,1,1942.668908,,1942.668908,2025-04-27 16:51:31
8397,12924,134,4,BORROW,1,8909.675626,22053.6938144605,8909.675626,2025-04-27 17:08:13
8398,12925,463,4,WITHDRAW,3,3618.860717,,,2025-04-27 17:13:25
8399,12927,146,2,BORROW,2,4052.235778,8198.5601032214,4052.235778,2025-04-27 17:52:20
8400,12928,284,4,REPAY,5,33.536691,,33.536691,2025-04-27 17:56:43
8401,12932,215,1,BORROW,4,6375.835011,12947.6513989481,6375.835011,2025-04-27 18:52:12
8402,12933,112,1,REPAY,5,27.762846,,27.762846,2025-04-27 19:01:55
8403,12935,414,1,WITHDRAW,3,3448.000614,,,2025-04-27 19:18:42
8404,12936,679,3,BORROW,2,9218.826959,22302.0154857382,9218.826959,2025-04-27 19:39:28
8405,12937,474,1,BORROW,2,8074.134585,12756.1434630623,8074.134585,2025-04-27 19:39:36
8406,12939,299,2,REPAY,2,0.00023,,0.00023,2025-04-27 19:56:58
8407,12940,1,3,REPAY,3,958.792038,,958.792038,2025-04-27 19:57:06
8408,12941,146,3,BORROW,2,3384.174713,4817.6835111267,3384.174713,2025-04-27 20:19:34
8409,12942,630,3,REPAY,4,0.049264,,0.049264,2025-04-27 20:33:13
8410,12944,651,2,WITHDRAW,5,7978.666529,,,2025-04-27 20:45:17
8411,12945,210,2,REPAY,3,8.108362,,8.108362,2025-04-27 20:59:55
8412,12946,300,4,LIQUIDATION,3,8094.601061,7669.7380328565,8094.601061,2025-04-27 21:06:00
8413,12947,323,4,WITHDRAW,2,4982.526367,,,2025-04-27 21:09:26
8414,12948,448,1,REPAY,4,1.579903,,1.579903,2025-04-27 21:37:04
8415,12950,272,1,REPAY,4,3098.190654,,3098.190654,2025-04-27 22:03:49
8416,12951,130,4,REPAY,1,3048.010572,,3048.010572,2025-04-27 22:11:46
8417,12952,268,1,REPAY,2,0.00021,,0.00021,2025-04-27 22:13:09
8418,12953,139,2,WITHDRAW,3,5314.749186,,,2025-04-27 22:52:55
8419,12954,636,1,REPAY,5,2463.731917,,2463.731917,2025-04-27 22:55:44
8420,12956,928,3,LIQUIDATION,5,981.395956,951.5907457862,981.395956,2025-04-27 23:27:43
8421,12958,960,2,REPAY,2,0.000721,,0.000721,2025-04-27 23:58:02
8422,12959,516,1,BORROW,1,8283.361693,14709.2747134524,8283.361693,2025-04-28 01:10:20
8423,12960,315,4,REPAY,5,0.214472,,0.214472,2025-04-28 01:49:13
8424,12961,625,1,REPAY,1,37.258842,,37.258842,2025-04-28 02:03:20
8425,12962,681,2,BORROW,1,3418.347418,5786.3702734416,3418.347418,2025-04-28 02:06:47
8426,12963,847,1,REPAY,4,0.961618,,0.961618,2025-04-28 02:11:47
8427,12965,933,4,BORROW,1,2894.986276,6171.4206120084,2894.986276,2025-04-28 02:59:04
8428,12966,538,4,REPAY,5,0.047551,,0.047551,2025-04-28 03:04:11
8429,12967,707,2,WITHDRAW,5,2280.518743,,,2025-04-28 03:10:05
8430,12968,586,2,LIQUIDATION,3,1.068417,0.9696515259,1.068417,2025-04-28 03:20:38
8431,12971,868,1,REPAY,2,728.993742,,728.993742,2025-04-28 03:33:05
8432,12972,641,3,REPAY,3,2473.345768,,2473.345768,2025-04-28 03:35:36
8433,12973,704,2,REPAY,3,77.54089,,77.54089,2025-04-28 03:39:23
8434,12974,238,1,REPAY,2,2996.323548,,2996.323548,2025-04-28 03:43:09
8435,12975,465,1,REPAY,3,1495.586854,,1495.586854,2025-04-28 03:52:46
8436,12976,177,2,REPAY,3,14.291875,,14.291875,2025-04-28 03:59:13
8437,12977,536,2,DEPOSIT,3,2800.690838,2800.690838,,2025-04-28 04:23:44
8438,12978,118,3,BORROW,4,5255.676508,11228.2519572903,5255.676508,2025-04-28 04:31:46
8439,12979,112,4,WITHDRAW,4,2610.841019,,,2025-04-28 04:34:38
8440,12980,3,3,REPAY,1,0.662983,,0.662983,2025-04-28 05:00:49
8441,12981,325,3,REPAY,5,0.000461,,0.000461,2025-04-28 05:03:30
8442,12982,406,3,REPAY,5,646.685845,,646.685845,2025-04-28 05:08:51
8443,12983,877,4,LIQUIDATION,3,1018.75718,1011.1837201622,1018.75718,2025-04-28 05:08:52
8444,12985,961,2,REPAY,1,0.016172,,0.016172,2025-04-28 05:52:06
8445,12986,448,2,REPAY,2,0.673074,,0.673074,2025-04-28 05:56:19
8446,12987,993,3,REPAY,3,3.492929,,3.492929,2025-04-28 06:00:44
8447,12988,401,4,REPAY,5,0.43751,,0.43751,2025-04-28 06:17:40
8448,12989,244,2,DEPOSIT,2,6787.928686,6787.928686,,2025-04-28 06:52:32
8449,12990,397,2,REPAY,3,4279.989268,,4279.989268,2025-04-28 07:00:09
8450,12991,226,3,REPAY,5,1534.135821,,1534.135821,2025-04-28 07:05:25
8451,12992,232,3,REPAY,4,0.00816,,0.00816,2025-04-28 07:16:15
8452,12995,939,3,DEPOSIT,5,7608.573853,7608.573853,,2025-04-28 07:49:38
8453,12997,710,4,DEPOSIT,3,1180.035756,1180.035756,,2025-04-28 08:26:11
8454,12998,470,1,BORROW,1,8987.654798,20550.9982202476,8987.654798,2025-04-28 08:33:56
8455,12999,134,4,REPAY,4,5098.717927,,5098.717927,2025-04-28 08:34:32
8456,13002,671,4,REPAY,3,554.023897,,554.023897,2025-04-28 08:53:44
8457,13005,998,2,WITHDRAW,1,5660.889872,,,2025-04-28 09:30:56
8458,13006,271,3,LIQUIDATION,3,3.794344,3.4799763372,3.794344,2025-04-28 09:33:55
8459,13008,503,4,WITHDRAW,1,2435.36549,,,2025-04-28 10:02:24
8460,13010,278,1,REPAY,1,206.711361,,206.711361,2025-04-28 10:10:14
8461,13011,231,2,REPAY,1,3.072953,,3.072953,2025-04-28 10:27:24
8462,13013,379,4,BORROW,3,6178.651264,13760.4716710113,6178.651264,2025-04-28 10:47:52
8463,13014,150,3,REPAY,1,8.426299,,8.426299,2025-04-28 10:47:55
8464,13015,627,1,REPAY,5,1.167323,,1.167323,2025-04-28 10:54:25
8465,13016,949,1,REPAY,1,5735.555647,,5735.555647,2025-04-28 11:14:47
8466,13017,92,3,REPAY,1,192.161621,,192.161621,2025-04-28 11:19:24
8467,13019,178,1,REPAY,3,0.00061,,0.00061,2025-04-28 11:24:25
8468,13020,527,1,REPAY,1,6616.47255,,6616.47255,2025-04-28 11:52:01
8469,13021,385,4,REPAY,5,26.680213,,26.680213,2025-04-28 11:53:34
8470,13022,360,2,REPAY,5,111.032614,,111.032614,2025-04-28 12:09:06
8471,13023,645,2,REPAY,2,32.340361,,32.340361,2025-04-28 12:14:52
8472,13024,373,2,REPAY,3,2852.548025,,2852.548025,2025-04-28 12:17:26
8473,13026,855,4,DEPOSIT,3,9464.854827,9464.854827,,2025-04-28 13:13:24
8474,13027,401,1,REPAY,2,0.103795,,0.103795,2025-04-28 13:16:47
8475,13028,267,2,BORROW,3,6752.296856,13278.8709389323,6752.296856,2025-04-28 13:17:54
8476,13029,81,1,REPAY,1,396.718196,,396.718196,2025-04-28 13:32:04
8477,13031,108,2,LIQUIDATION,5,6.23044,5.7982524637,6.23044,2025-04-28 14:02:50
8478,13033,503,3,WITHDRAW,2,9705.246345,,,2025-04-28 14:19:17
8479,13037,825,2,DEPOSIT,2,9424.559964,9424.559964,,2025-04-28 14:48:42
8480,13038,986,1,REPAY,2,24.93921,,24.93921,2025-04-28 14:56:53
8481,13039,567,2,WITHDRAW,4,5821.66203,,,2025-04-28 14:59:41
8482,13040,610,3,DEPOSIT,2,103.86834,103.86834,,2025-04-28 15:18:04
8483,13041,367,2,BORROW,1,8186.67224,10272.9526999707,8186.67224,2025-04-28 15:25:38
8484,13042,152,3,REPAY,5,409.384832,,409.384832,2025-04-28 15:28:17
8485,13043,456,3,REPAY,4,243.626615,,243.626615,2025-04-28 15:56:54
8486,13046,266,2,WITHDRAW,2,8156.425985,,,2025-04-28 16:40:51
8487,13047,766,3,REPAY,1,0.39109,,0.39109,2025-04-28 16:44:30
8488,13048,489,3,REPAY,3,0.04932,,0.04932,2025-04-28 16:54:27
8489,13049,821,3,LIQUIDATION,4,4516.843914,3614.9086207302,4516.843914,2025-04-28 16:54:50
8490,13051,686,4,REPAY,5,1.456518,,1.456518,2025-04-28 16:58:00
8491,13052,720,1,DEPOSIT,5,1981.947145,1981.947145,,2025-04-28 17:22:43
8492,13053,499,4,REPAY,3,512.960411,,512.960411,2025-04-28 17:51:29
8493,13055,438,3,WITHDRAW,1,8337.203965,,,2025-04-28 18:35:47
8494,13056,906,1,REPAY,3,27.245699,,27.245699,2025-04-28 18:36:55
8495,13058,589,2,REPAY,3,2090.719285,,2090.719285,2025-04-28 18:48:06
8496,13059,541,4,BORROW,2,8998.211916,18228.3373970444,8998.211916,2025-04-28 19:05:23
8497,13060,797,2,WITHDRAW,3,9500.459305,,,2025-04-28 19:05:26
8498,13061,878,4,WITHDRAW,1,7497.964516,,,2025-04-28 19:09:00
8499,13063,787,1,WITHDRAW,1,4909.476314,,,2025-04-28 19:14:30
8500,13065,449,2,REPAY,1,0.000996,,0.000996,2025-04-28 19:43:14
8501,13067,308,1,BORROW,4,8596.136991,15426.223052987,8596.136991,2025-04-28 20:08:54
8502,13068,867,4,REPAY,4,28.147159,,28.147159,2025-04-28 20:15:07
8503,13069,636,3,REPAY,1,525.83571,,525.83571,2025-04-28 20:29:03
8504,13070,615,2,REPAY,1,7.6e-05,,7.6e-05,2025-04-28 20:40:12
8505,13071,130,4,BORROW,2,1942.3493,4448.453515494,1942.3493,2025-04-28 20:43:02
8506,13073,465,2,REPAY,1,91.061704,,91.061704,2025-04-28 21:18:01
8507,13074,488,2,LIQUIDATION,5,11474.187513,11644.8551710195,11474.187513,2025-04-28 21:23:32
8508,13075,341,3,DEPOSIT,2,2756.387398,2756.387398,,2025-04-28 21:38:06
8509,13076,43,2,BORROW,2,6050.577812,7942.0713705711,6050.577812,2025-04-28 21:50:33
8510,13077,908,1,DEPOSIT,3,6367.030144,6367.030144,,2025-04-28 22:12:10
8511,13078,91,4,WITHDRAW,5,2142.067706,,,2025-04-28 22:18:18
8512,13079,552,2,WITHDRAW,5,7067.899865,,,2025-04-28 22:33:57
8513,13080,700,1,BORROW,1,1910.712861,3030.5761360316,1910.712861,2025-04-28 22:54:48
8514,13081,477,1,REPAY,2,52.253435,,52.253435,2025-04-28 22:55:10
8515,13082,813,4,REPAY,3,30.837959,,30.837959,2025-04-28 23:00:04
8516,13083,550,4,REPAY,2,64.262341,,64.262341,2025-04-28 23:22:14
8517,13084,508,1,DEPOSIT,1,4106.259254,4106.259254,,2025-04-28 23:35:20
8518,13086,777,4,WITHDRAW,3,2193.537492,,,2025-04-29 00:43:37
8519,13087,588,4,BORROW,4,8757.98597,12870.5729344262,8757.98597,2025-04-29 01:02:22
8520,13089,919,1,REPAY,4,2.356111,,2.356111,2025-04-29 01:24:37
8521,13090,591,4,BORROW,4,3524.579193,6251.7213063323,3524.579193,2025-04-29 01:28:53
8522,13091,47,3,WITHDRAW,2,7089.572976,,,2025-04-29 01:46:47
8523,13092,900,2,DEPOSIT,3,5853.580398,5853.580398,,2025-04-29 02:07:57
8524,13094,206,2,REPAY,4,0.009386,,0.009386,2025-04-29 03:05:16
8525,13095,431,4,REPAY,3,1715.963437,,1715.963437,2025-04-29 03:24:42
8526,13096,34,1,WITHDRAW,2,5375.517141,,,2025-04-29 03:55:10
8527,13097,156,3,DEPOSIT,3,5291.361294,5291.361294,,2025-04-29 03:57:02
8528,13098,732,3,DEPOSIT,5,4429.085797,4429.085797,,2025-04-29 03:58:14
8529,13099,275,3,REPAY,2,0.000956,,0.000956,2025-04-29 04:28:25
8530,13101,872,1,REPAY,1,553.175128,,553.175128,2025-04-29 04:45:41
8531,13102,4,2,REPAY,4,0.410452,,0.410452,2025-04-29 04:55:44
8532,13105,15,1,REPAY,1,225.498832,,225.498832,2025-04-29 05:09:06
8533,13106,179,4,DEPOSIT,4,9412.243495,9412.243495,,2025-04-29 05:21:52
8534,13108,253,3,REPAY,3,48.602507,,48.602507,2025-04-29 05:58:09
8535,13109,754,1,REPAY,4,4513.086037,,4513.086037,2025-04-29 06:06:58
8536,13110,652,2,BORROW,1,7845.277568,18943.3062492995,7845.277568,2025-04-29 06:09:14
8537,13111,602,1,REPAY,5,0.094608,,0.094608,2025-04-29 06:16:48
8538,13112,893,1,REPAY,3,0.022369,,0.022369,2025-04-29 06:19:24
8539,13113,742,2,REPAY,5,5540.95698,,5540.95698,2025-04-29 06:22:45
8540,13114,426,2,BORROW,4,4871.743237,7547.1996059362,4871.743237,2025-04-29 06:47:14
8541,13115,793,1,REPAY,2,19.793501,,19.793501,2025-04-29 07:02:52
8542,13117,236,2,REPAY,1,16.585272,,16.585272,2025-04-29 07:47:35
8543,13121,923,1,REPAY,1,0.284542,,0.284542,2025-04-29 08:36:00
8544,13122,400,1,REPAY,1,502.859376,,502.859376,2025-04-29 08:54:57
8545,13124,150,1,REPAY,4,10.130428,,10.130428,2025-04-29 09:14:50
8546,13125,743,2,REPAY,1,15.572163,,15.572163,2025-04-29 09:26:10
8547,13127,16,1,REPAY,2,7.59224,,7.59224,2025-04-29 09:55:56
8548,13129,52,4,REPAY,3,2.815104,,2.815104,2025-04-29 10:57:09
8549,13132,871,4,REPAY,5,2563.748252,,2563.748252,2025-04-29 11:09:46
8550,13133,502,1,REPAY,3,634.758102,,634.758102,2025-04-29 11:22:49
8551,13134,913,4,REPAY,3,776.660979,,776.660979,2025-04-29 12:01:34
8552,13135,762,1,REPAY,2,0.014954,,0.014954,2025-04-29 12:12:46
8553,13136,440,2,REPAY,1,0.020646,,0.020646,2025-04-29 12:17:37
8554,13137,300,3,WITHDRAW,4,6181.444778,,,2025-04-29 12:20:13
8555,13138,25,1,REPAY,2,78.818176,,78.818176,2025-04-29 12:36:38
8556,13139,66,3,WITHDRAW,3,75.808005,,,2025-04-29 12:40:30
8557,13140,531,4,REPAY,3,15.73929,,15.73929,2025-04-29 12:52:52
8558,13141,556,4,DEPOSIT,5,644.282202,644.282202,,2025-04-29 13:04:08
8559,13143,764,2,BORROW,4,1538.791916,1967.1817657616,1538.791916,2025-04-29 13:26:46
8560,13147,584,2,BORROW,1,9914.114233,23355.6223784003,9914.114233,2025-04-29 14:34:35
8561,13148,502,3,REPAY,1,64.845751,,64.845751,2025-04-29 14:46:32
8562,13149,268,4,REPAY,4,5e-06,,5e-06,2025-04-29 15:15:15
8563,13150,145,3,LIQUIDATION,4,1580.731874,1545.8647950972,1580.731874,2025-04-29 15:40:02
8564,13153,887,3,REPAY,3,4.097488,,4.097488,2025-04-29 16:28:42
8565,13155,426,2,LIQUIDATION,3,14184.66686,11573.9154513239,14184.66686,2025-04-29 16:37:08
8566,13156,701,3,REPAY,3,683.157428,,683.157428,2025-04-29 16:54:13
8567,13159,729,4,WITHDRAW,2,8105.229573,,,2025-04-29 17:14:33
8568,13160,560,1,REPAY,1,913.372524,,913.372524,2025-04-29 17:15:59
8569,13163,689,1,WITHDRAW,4,9759.701171,,,2025-04-29 17:45:12
8570,13165,778,3,REPAY,5,0.448714,,0.448714,2025-04-29 17:49:09
8571,13166,748,1,REPAY,4,367.305721,,367.305721,2025-04-29 17:55:38
8572,13167,265,3,REPAY,4,0.080689,,0.080689,2025-04-29 19:33:15
8573,13169,562,3,BORROW,5,3293.528753,4322.7730562093,3293.528753,2025-04-29 19:40:39
8574,13171,292,2,BORROW,4,8359.794438,11406.1245205713,8359.794438,2025-04-29 20:02:27
8575,13172,119,4,REPAY,4,0.640856,,0.640856,2025-04-29 20:08:29
8576,13174,627,2,REPAY,3,0.00496,,0.00496,2025-04-29 20:22:37
8577,13175,940,4,REPAY,5,1125.788923,,1125.788923,2025-04-29 20:27:53
8578,13177,645,2,REPAY,3,4.262019,,4.262019,2025-04-29 21:30:35
8579,13180,98,4,REPAY,5,81.199572,,81.199572,2025-04-29 21:48:49
8580,13182,921,3,WITHDRAW,5,4523.494589,,,2025-04-29 22:08:34
8581,13184,712,3,WITHDRAW,4,7980.23506,,,2025-04-29 22:12:58
8582,13185,249,3,REPAY,1,69.671363,,69.671363,2025-04-29 22:27:45
8583,13186,816,2,REPAY,4,0.00521,,0.00521,2025-04-29 22:53:14
8584,13187,501,2,LIQUIDATION,2,8275.129224,7555.3911206678,8275.129224,2025-04-29 23:17:09
8585,13188,275,1,DEPOSIT,3,8756.515566,8756.515566,,2025-04-29 23:37:29
8586,13190,398,2,REPAY,3,2166.451774,,2166.451774,2025-04-29 23:45:10
8587,13191,448,3,BORROW,5,3196.885929,5498.9172538216,3196.885929,2025-04-30 00:23:10
8588,13192,613,3,REPAY,2,0.001005,,0.001005,2025-04-30 00:24:59
8589,13194,191,2,REPAY,5,191.246833,,191.246833,2025-04-30 00:35:02
8590,13196,445,4,BORROW,2,3400.721733,6818.0706183828,3400.721733,2025-04-30 00:58:09
8591,13199,210,4,REPAY,5,2.97696,,2.97696,2025-04-30 01:10:43
8592,13200,499,4,REPAY,1,286.252214,,286.252214,2025-04-30 01:20:00
8593,13201,397,3,REPAY,5,1954.83899,,1954.83899,2025-04-30 01:24:46
8594,13202,642,3,REPAY,5,33.477522,,33.477522,2025-04-30 01:40:48
8595,13203,318,4,REPAY,4,4707.557048,,4707.557048,2025-04-30 01:47:40
8596,13204,96,2,REPAY,4,24.409142,,24.409142,2025-04-30 02:00:43
8597,13205,90,3,REPAY,4,20.385267,,20.385267,2025-04-30 02:12:13
8598,13206,862,4,WITHDRAW,4,9972.28945,,,2025-04-30 02:32:58
8599,13207,112,1,REPAY,2,17.228383,,17.228383,2025-04-30 02:44:40
8600,13208,919,3,REPAY,4,19.245632,,19.245632,2025-04-30 02:47:00
8601,13209,581,3,REPAY,3,80.737512,,80.737512,2025-04-30 02:51:00
8602,13211,281,1,BORROW,4,3024.363625,5000.5626980092,3024.363625,2025-04-30 03:47:30
8603,13212,76,2,DEPOSIT,1,9488.64474,9488.64474,,2025-04-30 03:52:49
8604,13213,662,3,WITHDRAW,4,4942.054395,,,2025-04-30 04:03:15
8605,13215,968,2,REPAY,5,4.444241,,4.444241,2025-04-30 04:38:27
8606,13216,597,4,WITHDRAW,2,1053.440586,,,2025-04-30 04:45:01
8607,13217,779,4,REPAY,5,0.149231,,0.149231,2025-04-30 04:49:09
8608,13218,22,3,REPAY,2,1.79382,,1.79382,2025-04-30 04:49:52
8609,13219,335,1,REPAY,4,171.051255,,171.051255,2025-04-30 05:17:13
8610,13220,104,3,WITHDRAW,3,3723.377244,,,2025-04-30 05:17:25
8611,13221,678,2,REPAY,5,1.592187,,1.592187,2025-04-30 05:26:47
8612,13223,736,2,REPAY,4,231.015654,,231.015654,2025-04-30 05:28:14
8613,13224,351,2,REPAY,4,0.001338,,0.001338,2025-04-30 05:33:56
8614,13227,200,1,REPAY,5,188.909162,,188.909162,2025-04-30 05:56:44
8615,13228,961,2,REPAY,5,0.000167,,0.000167,2025-04-30 06:04:31
8616,13230,949,4,REPAY,3,1212.532568,,1212.532568,2025-04-30 07:22:24
8617,13231,883,1,REPAY,5,268.600202,,268.600202,2025-04-30 07:24:55
8618,13233,237,1,REPAY,5,17.335046,,17.335046,2025-04-30 07:34:30
8619,13234,342,3,REPAY,2,58.974826,,58.974826,2025-04-30 07:39:46
8620,13235,63,3,REPAY,4,0.297388,,0.297388,2025-04-30 07:40:59
8621,13236,766,1,REPAY,5,0.030035,,0.030035,2025-04-30 07:42:19
8622,13237,733,1,LIQUIDATION,4,3409.501009,3495.6371921834,3409.501009,2025-04-30 07:52:16
8623,13238,439,3,REPAY,2,58.364048,,58.364048,2025-04-30 08:21:43
8624,13239,366,4,REPAY,1,0.458078,,0.458078,2025-04-30 08:56:02
8625,13241,985,4,REPAY,1,4661.157123,,4661.157123,2025-04-30 09:34:42
8626,13242,755,4,WITHDRAW,5,3459.077963,,,2025-04-30 09:44:59
8627,13243,221,1,REPAY,2,94.581161,,94.581161,2025-04-30 09:45:07
8628,13244,623,4,WITHDRAW,4,1542.742059,,,2025-04-30 10:10:32
8629,13246,326,4,REPAY,4,18.747248,,18.747248,2025-04-30 10:59:35
8630,13247,919,3,REPAY,3,0.694053,,0.694053,2025-04-30 11:04:46
8631,13248,746,2,LIQUIDATION,5,7546.916338,6916.2169262854,7546.916338,2025-04-30 11:32:35
8632,13249,290,2,WITHDRAW,4,1629.071066,,,2025-04-30 11:52:00
8633,13250,259,2,REPAY,1,45.302994,,45.302994,2025-04-30 12:19:58
8634,13251,223,2,REPAY,1,666.822076,,666.822076,2025-04-30 12:34:43
8635,13252,37,1,WITHDRAW,2,6842.757065,,,2025-04-30 12:39:29
8636,13253,116,1,REPAY,1,41.475164,,41.475164,2025-04-30 12:46:27
8637,13254,980,4,BORROW,5,9496.198553,12356.6874264252,9496.198553,2025-04-30 12:49:03
8638,13255,742,1,WITHDRAW,4,6400.764225,,,2025-04-30 12:56:39
8639,13256,580,1,WITHDRAW,5,6946.557495,,,2025-04-30 13:02:12
8640,13257,780,3,REPAY,1,134.914777,,134.914777,2025-04-30 13:09:06
8641,13259,434,4,WITHDRAW,5,32.984913,,,2025-04-30 13:21:17
8642,13260,521,2,REPAY,5,98.278985,,98.278985,2025-04-30 13:49:32
8643,13261,223,2,REPAY,1,310.724435,,310.724435,2025-04-30 14:14:32
8644,13263,934,4,REPAY,4,1001.888128,,1001.888128,2025-04-30 14:45:11
8645,13267,205,1,WITHDRAW,3,6422.096787,,,2025-04-30 15:14:55
8646,13269,136,1,LIQUIDATION,3,2449.189896,2201.2613951973,2449.189896,2025-04-30 15:28:21
8647,13271,386,4,REPAY,5,42.600526,,42.600526,2025-04-30 15:58:53
8648,13272,457,1,REPAY,1,4161.493206,,4161.493206,2025-04-30 16:00:59
8649,13275,808,3,LIQUIDATION,1,221.642181,237.6471724406,221.642181,2025-04-30 16:21:50
8650,13276,742,1,WITHDRAW,2,6405.112661,,,2025-04-30 16:23:34
8651,13278,568,3,REPAY,1,720.911597,,720.911597,2025-04-30 16:56:46
8652,13281,823,1,REPAY,3,8529.785832,,8529.785832,2025-04-30 17:09:21
8653,13283,568,3,REPAY,1,1671.520286,,1671.520286,2025-04-30 17:37:18
8654,13284,831,1,REPAY,4,0.181396,,0.181396,2025-04-30 17:42:07
8655,13285,5,3,REPAY,3,0.000256,,0.000256,2025-04-30 17:53:05
8656,13286,197,4,REPAY,1,276.144734,,276.144734,2025-04-30 18:14:21
8657,13287,184,1,REPAY,4,595.034627,,595.034627,2025-04-30 18:35:11
8658,13288,795,1,REPAY,3,1e-06,,1e-06,2025-04-30 18:53:31
8659,13289,813,1,REPAY,3,5.163712,,5.163712,2025-04-30 19:07:03
8660,13290,280,3,REPAY,3,0.054382,,0.054382,2025-04-30 19:08:50
8661,13292,842,1,WITHDRAW,2,9911.414414,,,2025-04-30 19:10:44
8662,13294,8,3,REPAY,4,0.108444,,0.108444,2025-04-30 19:19:19
8663,13296,200,4,REPAY,5,500.455817,,500.455817,2025-04-30 20:10:01
8664,13297,298,4,BORROW,3,6698.187631,8523.7047762043,6698.187631,2025-04-30 20:33:07
8665,13299,891,4,REPAY,2,0.955482,,0.955482,2025-04-30 21:07:07
8666,13300,767,1,REPAY,4,976.51555,,976.51555,2025-04-30 21:38:31
8667,13301,867,4,REPAY,4,28.182323,,28.182323,2025-04-30 21:51:39
8668,13302,627,4,BORROW,1,2578.901305,3361.3728541383,2578.901305,2025-04-30 22:00:54
8669,13303,804,1,WITHDRAW,4,8849.947574,,,2025-04-30 22:01:07
8670,13304,248,1,REPAY,2,0.005009,,0.005009,2025-04-30 22:03:06
8671,13306,633,3,REPAY,5,3.966661,,3.966661,2025-04-30 22:35:54
8672,13309,927,1,REPAY,1,825.32383,,825.32383,2025-04-30 22:51:38
8673,13311,34,1,WITHDRAW,1,9724.956154,,,2025-04-30 23:19:15
8674,13313,178,4,REPAY,3,0.002348,,0.002348,2025-04-30 23:55:28
8675,13314,999,3,REPAY,1,4243.645584,,4243.645584,2025-04-30 23:58:53
8676,13315,129,3,REPAY,5,25.459409,,25.459409,2025-05-01 00:06:27
8677,13316,15,2,REPAY,2,11.664978,,11.664978,2025-05-01 00:33:11
8678,13318,788,1,BORROW,5,593.451932,1118.4142587267,593.451932,2025-05-01 00:35:38
8679,13320,132,2,BORROW,1,233.113827,283.8594000835,233.113827,2025-05-01 00:57:44
8680,13321,482,1,REPAY,5,23.932482,,23.932482,2025-05-01 01:12:09
8681,13322,835,1,REPAY,3,277.033811,,277.033811,2025-05-01 01:13:41
8682,13323,178,1,DEPOSIT,5,1776.169052,1776.169052,,2025-05-01 01:23:47
8683,13325,145,1,WITHDRAW,3,2787.874025,,,2025-05-01 01:43:39
8684,13326,317,2,DEPOSIT,1,6708.242692,6708.242692,,2025-05-01 01:49:22
8685,13327,403,3,WITHDRAW,5,9884.97406,,,2025-05-01 02:13:56
8686,13329,265,2,REPAY,5,0.154168,,0.154168,2025-05-01 02:19:13
8687,13330,366,3,REPAY,5,0.033145,,0.033145,2025-05-01 02:24:57
8688,13332,206,1,REPAY,2,0.002849,,0.002849,2025-05-01 02:57:32
8689,13333,162,1,REPAY,4,631.081336,,631.081336,2025-05-01 03:01:32
8690,13334,370,3,WITHDRAW,4,9523.968287,,,2025-05-01 03:05:38
8691,13335,95,1,REPAY,5,48.649257,,48.649257,2025-05-01 03:05:39
8692,13336,8,3,REPAY,3,0.049298,,0.049298,2025-05-01 03:22:11
8693,13337,117,4,REPAY,5,178.179412,,178.179412,2025-05-01 03:50:40
8694,13338,128,1,REPAY,5,1302.913032,,1302.913032,2025-05-01 04:10:15
8695,13339,25,3,REPAY,1,91.292378,,91.292378,2025-05-01 04:22:50
8696,13341,273,4,REPAY,2,534.897516,,534.897516,2025-05-01 04:57:10
8697,13342,476,2,REPAY,3,11.393449,,11.393449,2025-05-01 05:03:26
8698,13343,840,4,BORROW,1,3435.277528,6672.5869154656,3435.277528,2025-05-01 05:22:15
8699,13345,776,2,BORROW,3,7235.321349,16281.316048815,7235.321349,2025-05-01 05:49:24
8700,13346,684,3,DEPOSIT,2,4122.657374,4122.657374,,2025-05-01 06:36:01
8701,13348,887,2,REPAY,1,4.66957,,4.66957,2025-05-01 07:09:10
8702,13349,513,2,BORROW,4,4636.924241,6243.4267881712,4636.924241,2025-05-01 07:23:21
8703,13350,819,2,REPAY,3,31.497144,,31.497144,2025-05-01 07:48:54
8704,13352,805,4,REPAY,4,4e-05,,4e-05,2025-05-01 08:10:21
8705,13353,719,3,LIQUIDATION,5,8283.634426,8247.4520635751,8283.634426,2025-05-01 08:10:41
8706,13354,259,1,REPAY,5,17.505086,,17.505086,2025-05-01 08:16:53
8707,13355,184,2,REPAY,2,904.256007,,904.256007,2025-05-01 08:19:08
8708,13357,310,1,REPAY,4,0.094621,,0.094621,2025-05-01 08:23:17
8709,13358,259,4,REPAY,1,47.334966,,47.334966,2025-05-01 08:50:01
8710,13359,550,3,REPAY,2,2.256081,,2.256081,2025-05-01 09:02:16
8711,13360,895,1,REPAY,4,0.498924,,0.498924,2025-05-01 10:18:18
8712,13361,919,1,REPAY,2,0.339513,,0.339513,2025-05-01 10:19:44
8713,13362,619,2,DEPOSIT,5,2559.914395,2559.914395,,2025-05-01 10:23:28
8714,13363,649,2,BORROW,2,8277.847991,20403.3311554423,8277.847991,2025-05-01 10:26:17
8715,13364,287,3,BORROW,2,1417.080422,3251.9356919949,1417.080422,2025-05-01 10:40:56
8716,13366,134,1,REPAY,3,516.532502,,516.532502,2025-05-01 11:31:51
8717,13367,603,2,REPAY,4,0.050192,,0.050192,2025-05-01 11:38:14
8718,13368,973,2,LIQUIDATION,2,0.002294,0.002425136,0.002294,2025-05-01 12:01:37
8719,13369,909,2,REPAY,1,0.096491,,0.096491,2025-05-01 12:16:10
8720,13370,900,4,DEPOSIT,5,93.679085,93.679085,,2025-05-01 12:27:37
8721,13371,699,4,REPAY,1,5.526311,,5.526311,2025-05-01 12:31:12
8722,13372,194,2,WITHDRAW,4,505.526724,,,2025-05-01 12:48:39
8723,13373,98,3,REPAY,4,24.664764,,24.664764,2025-05-01 13:22:29
8724,13374,691,1,REPAY,3,2.725205,,2.725205,2025-05-01 13:28:30
8725,13375,696,1,LIQUIDATION,2,99.010006,86.1752961221,99.010006,2025-05-01 13:29:11
8726,13376,207,1,REPAY,2,0.000129,,0.000129,2025-05-01 13:33:21
8727,13377,85,4,WITHDRAW,4,5028.682121,,,2025-05-01 13:50:33
8728,13378,620,1,REPAY,3,5.19445,,5.19445,2025-05-01 14:04:52
8729,13380,710,3,BORROW,3,6399.755286,11232.6165468495,6399.755286,2025-05-01 14:41:00
8730,13381,546,4,REPAY,4,1370.714634,,1370.714634,2025-05-01 15:31:35
8731,13382,331,2,REPAY,4,0.093743,,0.093743,2025-05-01 16:32:31
8732,13384,887,4,REPAY,2,1.272235,,1.272235,2025-05-01 17:49:50
8733,13385,284,1,REPAY,2,1.085692,,1.085692,2025-05-01 17:59:43
8734,13386,8,1,REPAY,1,0.021592,,0.021592,2025-05-01 18:07:57
8735,13390,448,3,REPAY,2,654.346764,,654.346764,2025-05-01 19:06:54
8736,13391,864,3,WITHDRAW,2,5441.105881,,,2025-05-01 19:16:53
8737,13392,82,2,BORROW,1,4556.799376,6057.6741765165,4556.799376,2025-05-01 20:11:15
8738,13393,576,1,REPAY,1,0.006252,,0.006252,2025-05-01 20:25:49
8739,13394,633,1,REPAY,4,6.76183,,6.76183,2025-05-01 21:20:29
8740,13395,69,3,WITHDRAW,4,715.681873,,,2025-05-01 21:58:36
8741,13396,326,1,REPAY,4,11.404472,,11.404472,2025-05-01 22:04:26
8742,13397,184,4,REPAY,3,401.361558,,401.361558,2025-05-01 22:14:34
8743,13399,241,4,DEPOSIT,5,4702.722676,4702.722676,,2025-05-01 22:58:31
8744,13400,313,2,LIQUIDATION,1,15229.294753,17854.2990344765,15229.294753,2025-05-01 23:08:02
8745,13403,61,4,WITHDRAW,1,3112.812879,,,2025-05-02 00:01:06
8746,13406,370,1,WITHDRAW,2,5592.363955,,,2025-05-02 00:22:37
8747,13407,645,2,BORROW,1,7929.139107,10006.6280108934,7929.139107,2025-05-02 00:28:28
8748,13408,135,2,WITHDRAW,3,6928.591337,,,2025-05-02 00:30:58
8749,13410,950,4,WITHDRAW,5,736.284706,,,2025-05-02 00:32:54
8750,13411,298,2,LIQUIDATION,1,6698.187631,5563.2684492834,6698.187631,2025-05-02 01:35:03
8751,13414,12,4,WITHDRAW,1,377.95527,,,2025-05-02 02:29:04
8752,13415,884,3,WITHDRAW,2,1276.194083,,,2025-05-02 02:36:17
8753,13417,948,4,REPAY,2,1438.701986,,1438.701986,2025-05-02 03:10:01
8754,13418,305,3,LIQUIDATION,4,5676.549098,4654.0276759974,5676.549098,2025-05-02 03:14:18
8755,13420,283,1,REPAY,2,202.392716,,202.392716,2025-05-02 03:40:40
8756,13421,513,2,BORROW,4,6589.711152,13031.8186286187,6589.711152,2025-05-02 03:54:47
8757,13423,911,3,WITHDRAW,1,8842.666734,,,2025-05-02 04:49:54
8758,13424,169,2,WITHDRAW,1,8064.711978,,,2025-05-02 05:17:11
8759,13425,968,4,REPAY,3,1.095107,,1.095107,2025-05-02 05:31:41
8760,13426,180,3,WITHDRAW,4,6534.595182,,,2025-05-02 05:43:37
8761,13428,751,2,REPAY,5,0.368655,,0.368655,2025-05-02 06:17:02
8762,13429,775,2,REPAY,3,5460.613441,,5460.613441,2025-05-02 06:23:07
8763,13431,53,3,REPAY,4,1.2e-05,,1.2e-05,2025-05-02 06:59:44
8764,13433,884,2,BORROW,3,5629.79743,13859.7474582708,5629.79743,2025-05-02 07:35:04
8765,13434,508,2,REPAY,1,1.308923,,1.308923,2025-05-02 07:38:28
8766,13436,853,4,REPAY,3,1536.714733,,1536.714733,2025-05-02 08:32:33
8767,13437,406,1,REPAY,1,416.655027,,416.655027,2025-05-02 08:35:03
8768,13440,958,1,REPAY,3,12.346151,,12.346151,2025-05-02 09:08:05
8769,13441,54,4,BORROW,2,880.206244,1165.0993251101,880.206244,2025-05-02 09:19:40
8770,13442,832,4,BORROW,1,6885.032006,16677.4859543725,6885.032006,2025-05-02 09:25:26
8771,13444,445,1,REPAY,2,1460.546329,,1460.546329,2025-05-02 09:47:15
8772,13445,585,4,REPAY,1,1202.349065,,1202.349065,2025-05-02 09:48:48
8773,13446,989,4,REPAY,5,8e-06,,8e-06,2025-05-02 09:58:16
8774,13448,191,4,REPAY,4,13.488306,,13.488306,2025-05-02 10:05:04
8775,13449,560,1,REPAY,3,178.104196,,178.104196,2025-05-02 10:10:02
8776,13450,514,3,LIQUIDATION,5,7653.933865,6574.2511892298,7653.933865,2025-05-02 10:12:59
8777,13451,457,2,REPAY,3,57.865971,,57.865971,2025-05-02 10:13:33
8778,13453,968,1,REPAY,2,0.765335,,0.765335,2025-05-02 10:25:11
8779,13456,986,3,REPAY,3,5.09948,,5.09948,2025-05-02 11:01:06
8780,13457,47,4,DEPOSIT,1,4923.143855,4923.143855,,2025-05-02 11:09:21
8781,13458,487,4,REPAY,2,321.544539,,321.544539,2025-05-02 11:31:38
8782,13460,205,2,DEPOSIT,4,4573.927285,4573.927285,,2025-05-02 12:24:13
8783,13461,684,3,REPAY,4,3.346824,,3.346824,2025-05-02 13:00:23
8784,13462,1000,2,WITHDRAW,1,5326.895898,,,2025-05-02 13:09:04
8785,13464,324,1,REPAY,5,0.009304,,0.009304,2025-05-02 13:20:22
8786,13465,142,1,WITHDRAW,3,5354.876305,,,2025-05-02 13:20:48
8787,13466,468,4,DEPOSIT,5,9078.64129,9078.64129,,2025-05-02 13:38:49
8788,13467,729,2,DEPOSIT,2,2707.747717,2707.747717,,2025-05-02 13:44:52
8789,13469,946,2,DEPOSIT,5,8201.807236,8201.807236,,2025-05-02 14:12:29
8790,13470,40,2,BORROW,5,575.426876,1008.1098488428,575.426876,2025-05-02 14:14:04
8791,13472,799,4,REPAY,4,0.023873,,0.023873,2025-05-02 14:45:21
8792,13473,322,3,BORROW,1,9087.24743,15566.3787974608,9087.24743,2025-05-02 15:14:42
8793,13474,887,4,REPAY,3,0.996705,,0.996705,2025-05-02 15:28:54
8794,13476,896,3,DEPOSIT,2,1749.520389,1749.520389,,2025-05-02 15:36:41
8795,13477,717,4,BORROW,4,5835.871458,14473.4125723899,5835.871458,2025-05-02 15:45:07
8796,13478,631,3,LIQUIDATION,4,1.08759,1.2436564391,1.08759,2025-05-02 16:15:20
8797,13479,418,4,REPAY,4,3.132167,,3.132167,2025-05-02 16:17:01
8798,13480,632,2,REPAY,2,2278.074839,,2278.074839,2025-05-02 16:17:42
8799,13481,72,2,REPAY,5,74.06377,,74.06377,2025-05-02 16:34:21
8800,13483,39,3,REPAY,4,2.562164,,2.562164,2025-05-02 17:02:11
8801,13485,415,4,BORROW,5,5938.644404,12155.1539471315,5938.644404,2025-05-02 17:16:26
8802,13486,207,1,REPAY,1,3.8e-05,,3.8e-05,2025-05-02 17:31:37
8803,13487,771,1,BORROW,3,1819.995325,4008.1130840124,1819.995325,2025-05-02 17:33:28
8804,13488,482,1,REPAY,4,7.199458,,7.199458,2025-05-02 17:43:11
8805,13489,517,1,WITHDRAW,2,8811.640536,,,2025-05-02 17:54:13
8806,13490,132,4,REPAY,3,4059.73284,,4059.73284,2025-05-02 17:58:58
8807,13491,245,3,BORROW,2,9113.781895,17898.2906648582,9113.781895,2025-05-02 18:47:46
8808,13492,761,3,LIQUIDATION,4,1957.68581,2233.3081118433,1957.68581,2025-05-02 18:55:29
8809,13493,87,2,LIQUIDATION,2,4185.261904,4213.493892467,4185.261904,2025-05-02 18:57:58
8810,13495,74,4,REPAY,2,57.429492,,57.429492,2025-05-02 19:13:14
8811,13496,53,3,BORROW,1,6743.963747,9299.1954763363,6743.963747,2025-05-02 19:19:08
8812,13497,712,2,REPAY,1,0.004847,,0.004847,2025-05-02 19:21:36
8813,13498,506,3,REPAY,5,0.007168,,0.007168,2025-05-02 19:27:11
8814,13499,287,1,WITHDRAW,2,1454.885319,,,2025-05-02 19:30:55
8815,13501,143,2,REPAY,1,0.035733,,0.035733,2025-05-02 20:04:23
8816,13502,10,3,REPAY,3,3257.925487,,3257.925487,2025-05-02 20:17:45
8817,13503,351,3,REPAY,2,0.009288,,0.009288,2025-05-02 20:30:53
8818,13504,680,1,WITHDRAW,3,4393.100008,,,2025-05-02 21:30:02
8819,13505,311,1,BORROW,2,6695.910106,13503.3482790297,6695.910106,2025-05-02 21:42:42
8820,13507,744,1,REPAY,4,0.037247,,0.037247,2025-05-02 21:57:53
8821,13508,430,1,REPAY,1,15.260776,,15.260776,2025-05-02 22:40:25
8822,13509,400,4,BORROW,4,3266.174029,7158.4469425966,3266.174029,2025-05-02 22:49:54
8823,13510,454,2,REPAY,4,41.522145,,41.522145,2025-05-02 23:03:54
8824,13511,54,2,DEPOSIT,4,5287.539994,5287.539994,,2025-05-02 23:04:47
8825,13512,912,2,REPAY,4,4.20265,,4.20265,2025-05-02 23:14:37
8826,13515,128,3,LIQUIDATION,2,5399.846022,4926.1032627585,5399.846022,2025-05-03 00:10:40
8827,13517,616,4,BORROW,2,4060.062173,5011.7843989647,4060.062173,2025-05-03 00:25:16
8828,13518,109,2,REPAY,3,55.517177,,55.517177,2025-05-03 01:14:07
8829,13519,255,4,REPAY,3,1e-06,,1e-06,2025-05-03 01:21:06
8830,13520,754,3,REPAY,3,4184.614232,,4184.614232,2025-05-03 01:39:12
8831,13521,629,2,REPAY,1,48.602721,,48.602721,2025-05-03 02:00:52
8832,13522,962,2,DEPOSIT,5,7755.015743,7755.015743,,2025-05-03 02:31:18
8833,13523,138,2,REPAY,2,6323.786818,,6323.786818,2025-05-03 02:51:32
8834,13524,637,2,WITHDRAW,2,3204.568637,,,2025-05-03 02:55:23
8835,13525,258,2,REPAY,5,1325.704668,,1325.704668,2025-05-03 03:15:09
8836,13528,256,2,REPAY,3,85.454346,,85.454346,2025-05-03 04:07:04
8837,13529,932,2,WITHDRAW,4,506.75282,,,2025-05-03 04:33:59
8838,13530,811,4,REPAY,3,296.599474,,296.599474,2025-05-03 04:36:08
8839,13532,113,1,REPAY,1,742.666517,,742.666517,2025-05-03 05:24:17
8840,13534,791,4,REPAY,2,2148.332015,,2148.332015,2025-05-03 05:32:45
8841,13538,389,2,REPAY,5,7.771652,,7.771652,2025-05-03 05:57:21
8842,13539,462,4,REPAY,5,0.000404,,0.000404,2025-05-03 05:57:37
8843,13540,202,2,BORROW,2,6044.239877,11778.0339172689,6044.239877,2025-05-03 06:00:01
8844,13541,974,3,BORROW,2,2241.519702,3049.3993215012,2241.519702,2025-05-03 06:53:44
8845,13542,832,4,REPAY,3,1617.296529,,1617.296529,2025-05-03 06:59:57
8846,13545,23,2,LIQUIDATION,2,6510.000973,7207.355890752,6510.000973,2025-05-03 07:22:14
8847,13546,496,2,REPAY,3,13.630497,,13.630497,2025-05-03 07:22:55
8848,13547,482,2,REPAY,3,3.82764,,3.82764,2025-05-03 07:36:40
8849,13549,853,3,REPAY,4,99.730388,,99.730388,2025-05-03 08:08:27
8850,13550,513,4,REPAY,4,9434.811065,,9434.811065,2025-05-03 08:31:18
8851,13551,434,3,WITHDRAW,1,9868.673356,,,2025-05-03 08:44:29
8852,13552,240,3,REPAY,1,0.090482,,0.090482,2025-05-03 09:01:31
8853,13553,280,1,REPAY,3,0.12662,,0.12662,2025-05-03 09:17:50
8854,13555,853,2,REPAY,4,153.891349,,153.891349,2025-05-03 09:27:49
8855,13556,425,1,DEPOSIT,3,1250.475579,1250.475579,,2025-05-03 09:31:28
8856,13560,683,1,WITHDRAW,4,759.503344,,,2025-05-03 10:53:18
8857,13562,296,4,BORROW,1,8808.665322,17827.811673925,8808.665322,2025-05-03 11:02:06
8858,13563,581,1,REPAY,1,15.598723,,15.598723,2025-05-03 11:03:04
8859,13564,645,3,REPAY,1,7251.286206,,7251.286206,2025-05-03 11:06:06
8860,13565,674,2,REPAY,4,1579.927245,,1579.927245,2025-05-03 11:12:39
8861,13566,698,2,REPAY,5,35.848251,,35.848251,2025-05-03 11:16:57
8862,13567,579,3,DEPOSIT,1,6101.20325,6101.20325,,2025-05-03 11:31:42
8863,13568,149,1,BORROW,3,9988.490986,15359.4865392419,9988.490986,2025-05-03 11:53:24
8864,13569,268,4,REPAY,3,5e-06,,5e-06,2025-05-03 12:05:08
8865,13570,305,2,DEPOSIT,1,2077.03863,2077.03863,,2025-05-03 12:27:09
8866,13571,260,3,BORROW,5,4358.040487,10251.8472005024,4358.040487,2025-05-03 12:47:45
8867,13572,32,1,DEPOSIT,2,6374.478664,6374.478664,,2025-05-03 12:47:46
8868,13573,908,3,WITHDRAW,4,1995.437004,,,2025-05-03 12:49:33
8869,13575,740,4,DEPOSIT,4,8921.500757,8921.500757,,2025-05-03 13:01:56
8870,13576,576,2,REPAY,2,0.001181,,0.001181,2025-05-03 13:12:10
8871,13577,250,2,WITHDRAW,5,9033.009427,,,2025-05-03 13:16:14
8872,13578,581,4,REPAY,2,1.125762,,1.125762,2025-05-03 13:29:43
8873,13579,724,1,REPAY,2,2094.257438,,2094.257438,2025-05-03 13:40:03
8874,13580,890,4,REPAY,4,1.345935,,1.345935,2025-05-03 13:56:50
8875,13581,464,3,LIQUIDATION,2,4621.171769,5514.1954900385,4621.171769,2025-05-03 14:02:36
8876,13582,989,3,REPAY,1,1e-06,,1e-06,2025-05-03 14:13:56
8877,13583,13,3,DEPOSIT,2,4396.330657,4396.330657,,2025-05-03 14:19:00
8878,13584,221,4,REPAY,4,268.38241,,268.38241,2025-05-03 14:27:46
8879,13586,561,2,REPAY,4,21.19102,,21.19102,2025-05-03 15:00:41
8880,13588,652,4,LIQUIDATION,1,10925.156075,12242.5610740856,10925.156075,2025-05-03 15:30:16
8881,13589,547,1,BORROW,3,4378.542181,6406.9722442611,4378.542181,2025-05-03 15:35:34
8882,13590,53,3,REPAY,1,3673.404696,,3673.404696,2025-05-03 15:59:31
8883,13591,365,1,WITHDRAW,1,5899.189351,,,2025-05-03 16:40:11
8884,13593,660,1,DEPOSIT,4,6776.706308,6776.706308,,2025-05-03 17:25:54
8885,13594,614,2,WITHDRAW,2,8377.351497,,,2025-05-03 18:14:08
8886,13598,348,1,REPAY,4,165.002119,,165.002119,2025-05-03 18:36:12
8887,13599,349,3,REPAY,4,14.183685,,14.183685,2025-05-03 18:53:15
8888,13600,785,3,LIQUIDATION,1,10.67457,11.7896560068,10.67457,2025-05-03 19:12:24
8889,13601,841,3,BORROW,4,8967.672556,18247.230811145,8967.672556,2025-05-03 20:03:06
8890,13603,982,2,DEPOSIT,4,8999.247787,8999.247787,,2025-05-03 20:24:57
8891,13604,149,4,REPAY,2,1018.342744,,1018.342744,2025-05-03 20:30:57
8892,13605,441,1,DEPOSIT,5,7993.13738,7993.13738,,2025-05-03 20:35:18
8893,13606,937,3,BORROW,2,8551.329878,20319.5390763714,8551.329878,2025-05-03 20:55:29
8894,13607,229,1,WITHDRAW,3,9234.398279,,,2025-05-03 21:01:15
8895,13608,925,3,REPAY,3,331.6401,,331.6401,2025-05-03 21:32:21
8896,13610,918,1,REPAY,5,0.000328,,0.000328,2025-05-03 21:37:15
8897,13611,905,2,REPAY,5,134.2284,,134.2284,2025-05-03 22:01:40
8898,13612,209,4,REPAY,2,8.678263,,8.678263,2025-05-03 22:33:08
8899,13613,419,2,DEPOSIT,2,9365.248721,9365.248721,,2025-05-03 22:33:54
8900,13615,627,4,REPAY,1,1695.652139,,1695.652139,2025-05-03 23:06:58
8901,13617,167,2,REPAY,5,0.015371,,0.015371,2025-05-03 23:33:35
8902,13618,53,4,REPAY,5,1668.848357,,1668.848357,2025-05-03 23:52:07
8903,13619,964,1,BORROW,1,8260.146759,16197.7856144864,8260.146759,2025-05-04 00:15:57
8904,13620,324,3,REPAY,1,0.000398,,0.000398,2025-05-04 00:26:28
8905,13621,198,4,REPAY,5,770.93954,,770.93954,2025-05-04 00:30:59
8906,13622,98,1,REPAY,3,0.67141,,0.67141,2025-05-04 00:32:54
8907,13623,343,2,BORROW,3,2507.087868,4746.6668152961,2507.087868,2025-05-04 00:33:55
8908,13624,640,3,REPAY,5,0.004787,,0.004787,2025-05-04 00:38:10
8909,13626,937,3,LIQUIDATION,2,8556.339345,6864.8900320644,8556.339345,2025-05-04 01:04:30
8910,13627,986,2,REPAY,4,0.122075,,0.122075,2025-05-04 01:04:40
8911,13628,566,3,WITHDRAW,5,5167.587716,,,2025-05-04 01:11:54
8912,13629,699,2,REPAY,1,0.033031,,0.033031,2025-05-04 01:34:54
8913,13630,926,1,REPAY,3,0.226846,,0.226846,2025-05-04 01:36:58
8914,13631,810,4,REPAY,3,6934.123261,,6934.123261,2025-05-04 01:40:06
8915,13633,303,4,REPAY,2,0.289071,,0.289071,2025-05-04 02:09:46
8916,13634,587,3,WITHDRAW,3,8168.570181,,,2025-05-04 02:11:32
8917,13636,503,2,DEPOSIT,5,7829.73545,7829.73545,,2025-05-04 02:18:58
8918,13637,796,1,BORROW,3,897.902874,2150.2692070214,897.902874,2025-05-04 02:52:01
8919,13638,384,2,DEPOSIT,3,3335.460792,3335.460792,,2025-05-04 02:59:29
8920,13639,781,2,REPAY,4,1.5024,,1.5024,2025-05-04 03:09:14
8921,13640,516,2,WITHDRAW,1,6281.483741,,,2025-05-04 03:12:00
8922,13642,760,3,WITHDRAW,3,5165.000069,,,2025-05-04 04:01:11
8923,13643,817,4,REPAY,2,156.356159,,156.356159,2025-05-04 04:01:31
8924,13645,92,1,REPAY,3,122.951711,,122.951711,2025-05-04 04:06:39
8925,13648,916,2,WITHDRAW,4,982.084485,,,2025-05-04 04:30:11
8926,13649,506,4,REPAY,3,0.00072,,0.00072,2025-05-04 04:48:45
8927,13650,283,4,REPAY,3,398.690959,,398.690959,2025-05-04 04:52:40
8928,13651,849,2,REPAY,3,49.696818,,49.696818,2025-05-04 04:58:15
8929,13652,770,3,REPAY,3,658.069877,,658.069877,2025-05-04 04:58:46
8930,13654,870,2,REPAY,2,0.016648,,0.016648,2025-05-04 05:48:27
8931,13655,580,1,BORROW,5,4345.260164,9612.9506526222,4345.260164,2025-05-04 06:15:18
8932,13656,420,4,REPAY,3,1855.200227,,1855.200227,2025-05-04 06:15:19
8933,13657,112,4,REPAY,2,0.322312,,0.322312,2025-05-04 06:20:15
8934,13658,558,3,REPAY,1,29.823837,,29.823837,2025-05-04 06:24:59
8935,13659,588,4,REPAY,4,6653.202977,,6653.202977,2025-05-04 06:34:16
8936,13660,936,4,REPAY,2,492.177212,,492.177212,2025-05-04 06:38:47
8937,13661,119,1,REPAY,2,0.126229,,0.126229,2025-05-04 06:52:57
8938,13662,340,3,DEPOSIT,5,4730.944082,4730.944082,,2025-05-04 07:00:00
8939,13665,788,4,BORROW,5,6797.471343,11520.441661325,6797.471343,2025-05-04 08:06:22
8940,13666,956,1,DEPOSIT,3,1159.338024,1159.338024,,2025-05-04 08:42:40
8941,13668,289,3,REPAY,2,0.383365,,0.383365,2025-05-04 09:13:27
8942,13669,222,1,BORROW,1,8586.796109,19238.4072211166,8586.796109,2025-05-04 09:23:04
8943,13670,651,4,DEPOSIT,1,9463.106226,9463.106226,,2025-05-04 09:39:08
8944,13671,454,3,REPAY,4,4.578048,,4.578048,2025-05-04 10:07:41
8945,13672,379,2,REPAY,4,3094.753583,,3094.753583,2025-05-04 10:16:29
8946,13673,742,1,REPAY,3,3249.975833,,3249.975833,2025-05-04 10:30:33
8947,13674,368,3,WITHDRAW,4,1221.969321,,,2025-05-04 10:31:03
8948,13675,215,2,REPAY,1,4422.463953,,4422.463953,2025-05-04 11:02:17
8949,13676,176,4,REPAY,3,1400.036759,,1400.036759,2025-05-04 11:16:51
8950,13677,487,1,REPAY,5,24.743962,,24.743962,2025-05-04 11:23:59
8951,13678,908,3,BORROW,4,6569.707851,8563.1132466582,6569.707851,2025-05-04 11:42:13
8952,13679,296,2,LIQUIDATION,3,8808.665322,7808.2201309996,8808.665322,2025-05-04 11:53:39
8953,13683,306,3,DEPOSIT,2,8023.989781,8023.989781,,2025-05-04 12:50:42
8954,13684,237,2,REPAY,4,16.435827,,16.435827,2025-05-04 12:53:37
8955,13685,68,1,DEPOSIT,1,117.66021,117.66021,,2025-05-04 12:57:53
8956,13687,620,3,REPAY,3,4.445002,,4.445002,2025-05-04 13:12:55
8957,13690,604,3,DEPOSIT,4,1736.906027,1736.906027,,2025-05-04 13:55:03
8958,13694,989,1,REPAY,2,2e-06,,2e-06,2025-05-04 14:13:11
8959,13695,173,2,WITHDRAW,3,2041.883167,,,2025-05-04 14:35:18
8960,13696,501,1,DEPOSIT,4,2618.748883,2618.748883,,2025-05-04 14:47:25
8961,13697,229,2,REPAY,1,330.700118,,330.700118,2025-05-04 15:00:51
8962,13698,32,1,REPAY,1,0.133854,,0.133854,2025-05-04 15:25:42
8963,13699,933,3,REPAY,2,6734.876221,,6734.876221,2025-05-04 15:27:40
8964,13701,572,3,DEPOSIT,3,395.706198,395.706198,,2025-05-04 15:31:39
8965,13702,791,1,WITHDRAW,5,5046.705913,,,2025-05-04 15:55:26
8966,13703,960,2,REPAY,1,0.000924,,0.000924,2025-05-04 15:57:37
8967,13706,539,1,REPAY,4,1384.053942,,1384.053942,2025-05-04 16:09:55
8968,13707,944,1,DEPOSIT,1,6831.777301,6831.777301,,2025-05-04 16:11:10
8969,13708,345,2,WITHDRAW,2,4943.657878,,,2025-05-04 16:50:35
8970,13709,637,3,DEPOSIT,4,80.865115,80.865115,,2025-05-04 17:38:25
8971,13710,536,2,BORROW,3,2741.618169,3291.8757674219,2741.618169,2025-05-04 18:19:49
8972,13711,841,1,DEPOSIT,4,746.460531,746.460531,,2025-05-04 18:28:46
8973,13712,224,2,REPAY,4,1.854852,,1.854852,2025-05-04 18:36:42
8974,13713,993,2,REPAY,5,0.202354,,0.202354,2025-05-04 18:51:48
8975,13714,642,4,BORROW,3,8515.983278,12369.8569708378,8515.983278,2025-05-04 18:58:54
8976,13716,665,2,REPAY,4,78.520423,,78.520423,2025-05-04 19:18:47
8977,13717,695,3,DEPOSIT,4,553.401638,553.401638,,2025-05-04 19:32:13
8978,13718,561,2,WITHDRAW,3,928.369018,,,2025-05-04 19:53:51
8979,13719,394,3,BORROW,5,9338.88047,12733.9223036553,9338.88047,2025-05-04 19:57:56
8980,13721,510,1,DEPOSIT,4,9050.36166,9050.36166,,2025-05-04 20:05:53
8981,13722,335,1,REPAY,2,0.434116,,0.434116,2025-05-04 20:25:51
8982,13723,732,4,WITHDRAW,1,3943.122145,,,2025-05-04 20:45:00
8983,13724,623,2,REPAY,1,28.657736,,28.657736,2025-05-04 20:57:08
8984,13725,139,2,DEPOSIT,4,8650.463376,8650.463376,,2025-05-04 21:02:13
8985,13726,104,4,BORROW,2,4208.485358,8357.9229944835,4208.485358,2025-05-04 21:02:31
8986,13727,895,2,REPAY,5,0.33788,,0.33788,2025-05-04 21:17:30
8987,13728,82,1,LIQUIDATION,5,4556.799376,4943.2108056483,4556.799376,2025-05-04 21:25:01
8988,13729,49,4,REPAY,1,0.176569,,0.176569,2025-05-04 21:34:28
8989,13730,912,3,REPAY,5,2.230169,,2.230169,2025-05-04 21:38:12
8990,13731,943,4,REPAY,4,269.048639,,269.048639,2025-05-04 21:40:45
8991,13732,713,4,REPAY,4,0.219103,,0.219103,2025-05-04 21:40:54
8992,13733,62,2,REPAY,4,0.1529,,0.1529,2025-05-04 21:47:15
8993,13735,207,3,REPAY,1,5e-06,,5e-06,2025-05-04 22:11:02
8994,13736,913,3,REPAY,1,5573.543376,,5573.543376,2025-05-04 22:45:24
8995,13737,493,4,BORROW,5,132.506134,326.1668019277,132.506134,2025-05-04 23:05:49
8996,13738,843,4,REPAY,3,5177.380063,,5177.380063,2025-05-04 23:06:29
8997,13739,302,3,LIQUIDATION,1,6617.455272,5892.1963859933,6617.455272,2025-05-04 23:19:40
8998,13742,211,4,REPAY,4,159.288071,,159.288071,2025-05-05 00:15:43
8999,13743,382,1,REPAY,1,308.689079,,308.689079,2025-05-05 00:36:37
9000,13744,946,4,REPAY,1,1791.716804,,1791.716804,2025-05-05 00:40:40
9001,13745,718,2,WITHDRAW,5,1802.642641,,,2025-05-05 00:42:54
9002,13746,484,1,REPAY,4,3.564293,,3.564293,2025-05-05 00:52:12
9003,13747,42,4,WITHDRAW,3,5723.768421,,,2025-05-05 00:55:58
9004,13748,488,4,BORROW,4,7094.817414,8651.5427750532,7094.817414,2025-05-05 01:03:06
9005,13749,104,4,DEPOSIT,5,9439.343315,9439.343315,,2025-05-05 01:15:38
9006,13752,867,3,REPAY,5,64.585442,,64.585442,2025-05-05 01:34:03
9007,13754,182,2,REPAY,3,0.003192,,0.003192,2025-05-05 01:43:06
9008,13755,525,2,BORROW,5,9943.838689,18228.9692499839,9943.838689,2025-05-05 01:54:53
9009,13756,12,3,WITHDRAW,1,6072.163268,,,2025-05-05 01:58:16
9010,13757,268,4,REPAY,3,1.8e-05,,1.8e-05,2025-05-05 02:26:03
9011,13761,425,1,BORROW,1,720.242557,906.3118444358,720.242557,2025-05-05 04:03:39
9012,13763,242,1,REPAY,1,1063.994399,,1063.994399,2025-05-05 04:25:03
9013,13765,267,3,BORROW,5,4751.558879,7650.7139310097,4751.558879,2025-05-05 04:53:08
9014,13767,975,3,WITHDRAW,5,911.51115,,,2025-05-05 05:04:10
9015,13769,679,1,LIQUIDATION,1,9218.826959,7990.7309232163,9218.826959,2025-05-05 05:39:20
9016,13770,953,2,REPAY,5,0.001998,,0.001998,2025-05-05 05:41:08
9017,13771,1,1,REPAY,5,2112.314962,,2112.314962,2025-05-05 05:48:14
9018,13772,599,1,REPAY,1,1372.904034,,1372.904034,2025-05-05 07:26:36
9019,13773,821,4,WITHDRAW,5,4589.455318,,,2025-05-05 07:37:28
9020,13774,765,2,REPAY,5,0.121632,,0.121632,2025-05-05 07:51:11
9021,13775,527,2,REPAY,2,1284.131509,,1284.131509,2025-05-05 07:58:25
9022,13777,91,1,BORROW,5,2803.304174,5259.1942883195,2803.304174,2025-05-05 08:10:43
9023,13778,821,2,WITHDRAW,5,5478.720098,,,2025-05-05 08:50:52
9024,13779,517,2,WITHDRAW,2,5046.579586,,,2025-05-05 09:07:12
9025,13780,551,3,REPAY,2,691.80188,,691.80188,2025-05-05 09:12:06
9026,13782,671,3,REPAY,2,23.990201,,23.990201,2025-05-05 09:19:19
9027,13783,992,2,REPAY,5,0.335585,,0.335585,2025-05-05 09:22:29
9028,13784,569,1,REPAY,1,2640.32146,,2640.32146,2025-05-05 09:23:16
9029,13785,554,2,REPAY,3,3.599938,,3.599938,2025-05-05 09:29:51
9030,13786,22,4,REPAY,3,0.419224,,0.419224,2025-05-05 10:31:26
9031,13787,324,1,REPAY,4,0.000186,,0.000186,2025-05-05 10:49:43
9032,13788,922,1,LIQUIDATION,4,1758.125387,1822.0797229055,1758.125387,2025-05-05 11:07:09
9033,13789,14,4,REPAY,5,0.112092,,0.112092,2025-05-05 11:13:04
9034,13791,431,2,REPAY,2,394.04815,,394.04815,2025-05-05 11:30:12
9035,13792,377,2,REPAY,5,124.841825,,124.841825,2025-05-05 11:43:45
9036,13793,108,2,BORROW,4,2247.62856,4189.6559786074,2247.62856,2025-05-05 11:44:13
9037,13794,579,1,REPAY,4,767.96107,,767.96107,2025-05-05 12:43:56
9038,13797,934,4,REPAY,2,892.589944,,892.589944,2025-05-05 13:02:38
9039,13798,167,3,REPAY,2,0.004771,,0.004771,2025-05-05 13:06:42
9040,13800,910,4,REPAY,2,2310.842938,,2310.842938,2025-05-05 13:11:02
9041,13801,867,2,REPAY,2,25.395834,,25.395834,2025-05-05 13:14:47
9042,13803,406,3,DEPOSIT,4,9368.952379,9368.952379,,2025-05-05 13:26:49
9043,13804,832,4,REPAY,2,2922.882348,,2922.882348,2025-05-05 13:43:23
9044,13805,437,3,REPAY,1,0.00623,,0.00623,2025-05-05 13:57:41
9045,13806,453,3,BORROW,4,1331.131819,1921.7779910662,1331.131819,2025-05-05 14:02:16
9046,13807,138,3,BORROW,1,5242.696241,13049.9862144804,5242.696241,2025-05-05 14:04:10
9047,13808,680,1,WITHDRAW,1,5299.109373,,,2025-05-05 14:25:04
9048,13809,106,2,REPAY,4,0.005099,,0.005099,2025-05-05 14:30:46
9049,13810,835,2,REPAY,5,190.150585,,190.150585,2025-05-05 14:46:46
9050,13811,663,1,REPAY,3,1.559584,,1.559584,2025-05-05 15:02:55
9051,13814,889,1,REPAY,5,1.830817,,1.830817,2025-05-05 15:24:37
9052,13816,626,4,DEPOSIT,4,7308.272858,7308.272858,,2025-05-05 15:30:17
9053,13817,869,1,BORROW,4,4695.028663,6948.6322199129,4695.028663,2025-05-05 16:06:09
9054,13818,547,1,DEPOSIT,3,5361.04507,5361.04507,,2025-05-05 16:07:05
9055,13819,887,1,REPAY,3,0.018185,,0.018185,2025-05-05 16:24:47
9056,13820,915,4,WITHDRAW,1,4213.414766,,,2025-05-05 17:01:11
9057,13821,6,2,LIQUIDATION,1,3061.171666,3394.9050951501,3061.171666,2025-05-05 17:03:23
9058,13825,158,1,REPAY,2,3.918549,,3.918549,2025-05-05 17:10:07
9059,13826,641,2,REPAY,2,438.123409,,438.123409,2025-05-05 17:18:03
9060,13827,288,2,REPAY,2,760.211265,,760.211265,2025-05-05 17:22:15
9061,13830,647,1,WITHDRAW,4,7211.987011,,,2025-05-05 17:51:43
9062,13831,507,4,REPAY,1,21.093536,,21.093536,2025-05-05 18:03:14
9063,13832,286,3,REPAY,4,3.295888,,3.295888,2025-05-05 18:11:40
9064,13833,296,2,BORROW,3,2522.052516,5773.4286643793,2522.052516,2025-05-05 18:51:37
9065,13834,212,4,REPAY,2,7.355855,,7.355855,2025-05-05 18:58:40
9066,13835,171,1,REPAY,1,0.094918,,0.094918,2025-05-05 19:05:43
9067,13836,893,1,REPAY,4,0.03323,,0.03323,2025-05-05 19:23:13
9068,13837,872,4,REPAY,2,293.256975,,293.256975,2025-05-05 19:45:05
9069,13838,499,2,REPAY,3,314.968582,,314.968582,2025-05-05 20:28:27
9070,13839,872,1,REPAY,2,3.567327,,3.567327,2025-05-05 21:19:03
9071,13840,815,3,REPAY,4,8.97219,,8.97219,2025-05-05 22:02:15
9072,13841,409,4,REPAY,4,1052.98145,,1052.98145,2025-05-05 22:04:12
9073,13843,356,1,REPAY,1,49.932044,,49.932044,2025-05-05 22:10:23
9074,13844,484,2,REPAY,5,1.064357,,1.064357,2025-05-05 22:27:19
9075,13845,277,1,REPAY,2,448.638674,,448.638674,2025-05-05 22:29:48
9076,13848,736,2,BORROW,5,4245.48114,8701.3430705528,4245.48114,2025-05-05 23:24:10
9077,13849,154,4,REPAY,5,432.4552,,432.4552,2025-05-05 23:35:54
9078,13850,846,4,REPAY,4,28.618085,,28.618085,2025-05-05 23:38:48
9079,13851,487,3,DEPOSIT,1,5870.10716,5870.10716,,2025-05-05 23:42:13
9080,13852,599,2,LIQUIDATION,3,1436.59761,1598.6405543967,1436.59761,2025-05-06 00:28:14
9081,13854,872,1,REPAY,4,19.514195,,19.514195,2025-05-06 00:38:12
9082,13855,221,4,REPAY,1,9.3619,,9.3619,2025-05-06 00:39:59
9083,13856,362,3,REPAY,4,0.205897,,0.205897,2025-05-06 00:41:42
9084,13857,299,2,REPAY,3,0.000217,,0.000217,2025-05-06 00:51:27
9085,13859,313,3,DEPOSIT,5,1277.215575,1277.215575,,2025-05-06 02:37:36
9086,13860,402,4,WITHDRAW,3,12.483461,,,2025-05-06 02:49:37
9087,13861,761,3,WITHDRAW,4,7031.4327,,,2025-05-06 03:06:34
9088,13863,655,3,BORROW,2,3891.353662,5046.2864538849,3891.353662,2025-05-06 03:15:32
9089,13864,921,2,REPAY,1,3023.091136,,3023.091136,2025-05-06 03:16:54
9090,13865,349,2,REPAY,4,3.985607,,3.985607,2025-05-06 03:30:15
9091,13866,115,1,DEPOSIT,4,7075.777195,7075.777195,,2025-05-06 03:56:12
9092,13867,663,2,WITHDRAW,1,4911.595225,,,2025-05-06 04:02:17
9093,13868,687,4,REPAY,1,6883.907602,,6883.907602,2025-05-06 04:08:58
9094,13869,932,1,WITHDRAW,4,3031.518019,,,2025-05-06 04:15:36
9095,13871,946,2,LIQUIDATION,4,937.610998,1032.4901277604,937.610998,2025-05-06 04:23:21
9096,13872,895,1,REPAY,2,0.068198,,0.068198,2025-05-06 04:24:03
9097,13873,793,4,REPAY,5,31.845676,,31.845676,2025-05-06 04:26:50
9098,13874,760,2,WITHDRAW,1,9940.576526,,,2025-05-06 04:26:59
9099,13875,693,2,BORROW,4,4553.96142,6068.6247822132,4553.96142,2025-05-06 04:52:20
9100,13876,506,1,DEPOSIT,4,2817.514635,2817.514635,,2025-05-06 04:55:11
9101,13877,126,2,WITHDRAW,2,7449.971347,,,2025-05-06 05:07:34
9102,13878,777,1,REPAY,2,0.072989,,0.072989,2025-05-06 05:12:19
9103,13880,579,1,REPAY,1,186.217964,,186.217964,2025-05-06 05:16:09
9104,13881,11,4,WITHDRAW,5,1489.003652,,,2025-05-06 05:29:08
9105,13882,617,4,BORROW,4,6106.544127,11532.9209657723,6106.544127,2025-05-06 05:45:33
9106,13883,389,1,REPAY,3,1.847275,,1.847275,2025-05-06 05:52:01
9107,13884,789,2,BORROW,3,7335.212615,15994.0754716727,7335.212615,2025-05-06 06:03:47
9108,13885,177,3,REPAY,3,5.917978,,5.917978,2025-05-06 06:15:04
9109,13887,515,2,REPAY,3,204.960007,,204.960007,2025-05-06 06:25:32
9110,13888,158,2,REPAY,2,0.116096,,0.116096,2025-05-06 06:28:16
9111,13889,703,3,WITHDRAW,4,3237.114053,,,2025-05-06 06:32:32
9112,13890,543,4,REPAY,2,1.054323,,1.054323,2025-05-06 06:39:43
9113,13891,834,2,DEPOSIT,4,8193.132284,8193.132284,,2025-05-06 07:07:47
9114,13892,671,4,REPAY,3,99.658268,,99.658268,2025-05-06 07:13:15
9115,13893,136,2,DEPOSIT,3,6220.486603,6220.486603,,2025-05-06 07:28:20
9116,13895,823,4,BORROW,3,7861.195231,15895.5790505811,7861.195231,2025-05-06 07:46:14
9117,13896,440,1,REPAY,2,0.032372,,0.032372,2025-05-06 08:10:10
9118,13898,943,3,REPAY,4,166.01517,,166.01517,2025-05-06 08:30:12
9119,13900,814,1,REPAY,1,225.65821,,225.65821,2025-05-06 08:36:29
9120,13901,545,2,REPAY,5,1986.544117,,1986.544117,2025-05-06 08:57:26
9121,13902,552,4,DEPOSIT,3,3284.819523,3284.819523,,2025-05-06 09:36:43
9122,13905,73,4,REPAY,4,2.045892,,2.045892,2025-05-06 10:11:21
9123,13906,690,1,REPAY,1,400.565757,,400.565757,2025-05-06 10:15:32
9124,13908,946,3,BORROW,5,1119.307544,2562.5824143737,1119.307544,2025-05-06 10:32:07
9125,13909,999,2,REPAY,5,385.760018,,385.760018,2025-05-06 10:36:55
9126,13910,964,3,LIQUIDATION,5,8260.146759,9206.8970683033,8260.146759,2025-05-06 10:46:37
9127,13911,607,3,REPAY,2,1199.664241,,1199.664241,2025-05-06 10:49:00
9128,13912,840,4,REPAY,1,2125.196569,,2125.196569,2025-05-06 10:58:21
9129,13913,531,2,REPAY,2,2.940633,,2.940633,2025-05-06 11:03:04
9130,13914,213,3,REPAY,1,161.397303,,161.397303,2025-05-06 11:22:09
9131,13916,324,2,REPAY,2,9.3e-05,,9.3e-05,2025-05-06 11:50:13
9132,13917,827,3,LIQUIDATION,1,5065.418536,5424.6451619518,5065.418536,2025-05-06 11:58:20
9133,13918,918,2,REPAY,1,4.5e-05,,4.5e-05,2025-05-06 12:11:07
9134,13919,778,4,REPAY,3,0.208007,,0.208007,2025-05-06 12:38:38
9135,13920,42,3,REPAY,2,844.531532,,844.531532,2025-05-06 13:11:36
9136,13921,611,1,DEPOSIT,4,8467.03667,8467.03667,,2025-05-06 13:35:39
9137,13922,943,3,REPAY,5,92.044747,,92.044747,2025-05-06 13:52:03
9138,13923,514,3,BORROW,3,9685.274431,16836.8901984175,9685.274431,2025-05-06 14:02:37
9139,13927,94,1,DEPOSIT,4,9225.594967,9225.594967,,2025-05-06 15:39:03
9140,13928,6,4,BORROW,5,5529.276619,7231.8817336096,5529.276619,2025-05-06 15:39:17
9141,13929,829,4,REPAY,4,55.329986,,55.329986,2025-05-06 15:40:18
9142,13930,142,2,DEPOSIT,3,4693.969496,4693.969496,,2025-05-06 15:44:08
9143,13931,489,3,REPAY,2,0.00234,,0.00234,2025-05-06 15:47:42
9144,13932,261,2,REPAY,3,10.327732,,10.327732,2025-05-06 15:51:51
9145,13933,810,1,REPAY,1,3974.573616,,3974.573616,2025-05-06 16:01:17
9146,13934,899,3,WITHDRAW,5,9780.482514,,,2025-05-06 16:09:51
9147,13935,1,2,REPAY,1,89.429436,,89.429436,2025-05-06 16:15:18
9148,13936,760,4,DEPOSIT,5,8157.910812,8157.910812,,2025-05-06 16:17:18
9149,13937,40,2,REPAY,3,444.359717,,444.359717,2025-05-06 16:17:20
9150,13939,123,2,REPAY,1,194.5533,,194.5533,2025-05-06 16:22:31
9151,13941,896,1,REPAY,4,2430.413208,,2430.413208,2025-05-06 16:32:09
9152,13942,573,2,DEPOSIT,2,8559.594052,8559.594052,,2025-05-06 16:49:58
9153,13943,225,3,DEPOSIT,2,412.346162,412.346162,,2025-05-06 16:54:52
9154,13944,393,1,BORROW,3,5018.04782,12110.9426798626,5018.04782,2025-05-06 16:58:12
9155,13945,785,1,BORROW,2,5608.326337,10263.8638795397,5608.326337,2025-05-06 17:00:32
9156,13947,140,3,WITHDRAW,5,9447.593444,,,2025-05-06 17:52:05
9157,13948,949,3,REPAY,1,61.731665,,61.731665,2025-05-06 18:05:03
9158,13949,38,4,REPAY,3,96.859426,,96.859426,2025-05-06 18:11:08
9159,13951,319,2,DEPOSIT,2,8502.381343,8502.381343,,2025-05-06 18:49:55
9160,13952,389,1,REPAY,2,0.065767,,0.065767,2025-05-06 18:55:55
9161,13954,691,1,REPAY,3,0.961637,,0.961637,2025-05-06 19:20:44
9162,13956,998,3,REPAY,1,14.015664,,14.015664,2025-05-06 19:27:36
9163,13957,158,4,REPAY,4,0.034862,,0.034862,2025-05-06 19:37:19
9164,13959,343,3,LIQUIDATION,3,2507.087868,2488.271643371,2507.087868,2025-05-06 20:06:54
9165,13960,427,3,LIQUIDATION,5,841.274567,990.6287339795,841.274567,2025-05-06 20:17:05
9166,13961,752,1,WITHDRAW,5,2674.917219,,,2025-05-06 20:42:12
9167,13962,706,1,REPAY,5,0.508339,,0.508339,2025-05-06 21:13:43
9168,13963,776,4,WITHDRAW,3,6407.563393,,,2025-05-06 21:14:09
9169,13964,70,1,REPAY,4,2.580671,,2.580671,2025-05-06 21:17:53
9170,13966,60,1,DEPOSIT,2,850.29677,850.29677,,2025-05-06 21:41:01
9171,13967,624,3,LIQUIDATION,4,8609.84861,8503.3717716343,8609.84861,2025-05-06 21:42:46
9172,13968,21,4,REPAY,4,726.043861,,726.043861,2025-05-06 22:01:43
9173,13969,785,4,DEPOSIT,3,5973.088864,5973.088864,,2025-05-06 22:20:39
9174,13970,566,1,WITHDRAW,2,5437.329238,,,2025-05-06 22:35:06
9175,13971,198,3,REPAY,5,30.114166,,30.114166,2025-05-06 22:47:47
9176,13972,28,4,DEPOSIT,2,3131.567104,3131.567104,,2025-05-06 22:48:11
9177,13974,585,2,REPAY,4,3012.29547,,3012.29547,2025-05-06 23:15:38
9178,13975,139,4,BORROW,2,4950.521014,10775.2073800655,4950.521014,2025-05-06 23:25:36
9179,13976,273,2,REPAY,4,183.572815,,183.572815,2025-05-06 23:33:49
9180,13977,46,3,DEPOSIT,4,5496.573828,5496.573828,,2025-05-06 23:50:37
9181,13980,432,4,DEPOSIT,4,912.397258,912.397258,,2025-05-07 00:44:17
9182,13981,891,3,REPAY,2,0.082763,,0.082763,2025-05-07 01:00:45
9183,13982,719,1,BORROW,1,6609.162714,11750.9887094734,6609.162714,2025-05-07 01:10:10
9184,13983,63,3,WITHDRAW,3,5446.975354,,,2025-05-07 01:23:57
9185,13984,175,4,WITHDRAW,3,1790.506469,,,2025-05-07 01:24:02
9186,13985,360,1,REPAY,2,8.233598,,8.233598,2025-05-07 01:32:51
9187,13986,409,3,WITHDRAW,3,5107.265194,,,2025-05-07 01:38:21
9188,13987,495,1,REPAY,1,7.448774,,7.448774,2025-05-07 01:57:28
9189,13988,152,4,REPAY,3,104.426623,,104.426623,2025-05-07 02:26:43
9190,13989,615,1,REPAY,2,7.7e-05,,7.7e-05,2025-05-07 02:27:21
9191,13990,463,2,REPAY,3,0.714067,,0.714067,2025-05-07 02:28:31
9192,13991,223,3,REPAY,2,300.190089,,300.190089,2025-05-07 02:39:46
9193,13992,422,3,REPAY,5,1898.483903,,1898.483903,2025-05-07 03:10:20
9194,13995,736,3,REPAY,1,3938.156005,,3938.156005,2025-05-07 03:29:39
9195,13996,171,4,REPAY,1,0.213037,,0.213037,2025-05-07 03:59:42
9196,13997,845,3,LIQUIDATION,4,8688.148591,7724.99129464,8688.148591,2025-05-07 04:00:25
9197,13998,723,2,REPAY,3,168.721642,,168.721642,2025-05-07 04:08:33
9198,13999,861,4,BORROW,1,148.778804,266.5534950748,148.778804,2025-05-07 04:28:18
9199,14000,551,2,DEPOSIT,1,9318.370804,9318.370804,,2025-05-07 04:35:33
9200,14001,614,2,DEPOSIT,1,938.396334,938.396334,,2025-05-07 04:39:36
9201,14002,884,3,REPAY,2,1405.453711,,1405.453711,2025-05-07 04:43:39
9202,14003,505,3,REPAY,3,232.091438,,232.091438,2025-05-07 04:47:28
9203,14005,260,1,REPAY,1,1190.841304,,1190.841304,2025-05-07 05:12:14
9204,14006,384,4,BORROW,2,4152.300269,5599.1386013368,4152.300269,2025-05-07 05:12:23
9205,14008,567,1,DEPOSIT,2,1121.12967,1121.12967,,2025-05-07 05:21:34
9206,14010,760,4,DEPOSIT,2,1412.078036,1412.078036,,2025-05-07 05:40:31
9207,14011,693,2,REPAY,2,3404.391132,,3404.391132,2025-05-07 06:01:49
9208,14012,10,1,REPAY,5,1924.392733,,1924.392733,2025-05-07 06:14:53
9209,14013,620,1,REPAY,1,0.281669,,0.281669,2025-05-07 06:22:36
9210,14014,39,2,REPAY,2,0.374357,,0.374357,2025-05-07 06:30:47
9211,14015,883,4,REPAY,1,70.204444,,70.204444,2025-05-07 06:34:50
9212,14017,918,4,REPAY,1,1e-05,,1e-05,2025-05-07 06:47:23
9213,14018,187,4,WITHDRAW,3,9428.302082,,,2025-05-07 07:11:15
9214,14019,958,2,REPAY,5,3.690306,,3.690306,2025-05-07 07:14:08
9215,14021,463,4,REPAY,2,0.391632,,0.391632,2025-05-07 07:43:48
9216,14022,451,1,DEPOSIT,4,592.244488,592.244488,,2025-05-07 07:44:16
9217,14023,912,4,REPAY,4,1.820461,,1.820461,2025-05-07 08:58:53
9218,14025,496,3,REPAY,4,5.727315,,5.727315,2025-05-07 09:30:49
9219,14027,367,2,DEPOSIT,5,8515.985821,8515.985821,,2025-05-07 09:44:16
9220,14029,709,3,LIQUIDATION,2,6260.242502,5535.6464649386,6260.242502,2025-05-07 10:29:08
9221,14030,393,4,LIQUIDATION,1,5018.04782,4306.0216516187,5018.04782,2025-05-07 10:59:20
9222,14032,7,1,REPAY,5,2757.677418,,2757.677418,2025-05-07 11:43:13
9223,14033,982,1,REPAY,3,2508.229306,,2508.229306,2025-05-07 12:03:13
9224,14034,304,2,REPAY,5,4198.871852,,4198.871852,2025-05-07 12:20:29
9225,14035,475,3,BORROW,3,598.258554,1174.6369063409,598.258554,2025-05-07 12:22:53
9226,14037,369,1,REPAY,2,2532.207528,,2532.207528,2025-05-07 12:33:50
9227,14038,484,3,REPAY,5,0.441463,,0.441463,2025-05-07 12:37:01
9228,14039,281,4,LIQUIDATION,4,10015.055911,11969.5744703669,10015.055911,2025-05-07 13:08:42
9229,14040,284,3,REPAY,1,3.047446,,3.047446,2025-05-07 13:09:55
9230,14042,934,4,REPAY,3,904.19586,,904.19586,2025-05-07 14:11:18
9231,14043,374,4,BORROW,2,1134.77218,1602.4063803548,1134.77218,2025-05-07 14:26:19
9232,14046,315,1,REPAY,1,0.098076,,0.098076,2025-05-07 14:42:47
9233,14047,639,3,REPAY,2,3.204016,,3.204016,2025-05-07 14:50:50
9234,14053,189,4,DEPOSIT,5,4464.250548,4464.250548,,2025-05-07 16:58:34
9235,14054,130,1,REPAY,4,3643.41763,,3643.41763,2025-05-07 17:31:30
9236,14055,289,2,REPAY,2,0.178529,,0.178529,2025-05-07 17:48:08
9237,14056,274,3,DEPOSIT,3,2404.998902,2404.998902,,2025-05-07 18:10:17
9238,14058,677,2,REPAY,2,184.907458,,184.907458,2025-05-07 18:34:22
9239,14060,232,1,DEPOSIT,3,3743.458489,3743.458489,,2025-05-07 18:42:47
9240,14061,833,4,BORROW,5,3282.264613,7828.1648194056,3282.264613,2025-05-07 19:15:41
9241,14063,913,1,REPAY,1,72.091602,,72.091602,2025-05-07 19:28:29
9242,14064,397,4,LIQUIDATION,2,758.658719,862.9565523017,758.658719,2025-05-07 19:31:32
9243,14065,114,2,WITHDRAW,5,3456.898409,,,2025-05-07 19:41:10
9244,14066,302,1,BORROW,3,4869.439921,7198.6248988696,4869.439921,2025-05-07 20:06:41
9245,14067,914,2,REPAY,4,152.000765,,152.000765,2025-05-07 20:16:54
9246,14068,849,4,REPAY,4,10.160843,,10.160843,2025-05-07 20:29:27
9247,14069,741,2,BORROW,3,3351.825478,6864.0237325427,3351.825478,2025-05-07 20:44:17
9248,14070,184,2,REPAY,4,1268.935904,,1268.935904,2025-05-07 20:46:08
9249,14071,988,4,BORROW,3,6224.900083,11302.3352568068,6224.900083,2025-05-07 20:56:20
9250,14072,920,4,REPAY,5,5812.269427,,5812.269427,2025-05-07 21:29:13
9251,14073,585,3,REPAY,4,2034.858332,,2034.858332,2025-05-07 21:41:22
9252,14074,139,3,REPAY,3,2352.37682,,2352.37682,2025-05-07 21:50:45
9253,14075,833,2,REPAY,1,1991.545464,,1991.545464,2025-05-07 22:03:21
9254,14076,291,2,BORROW,4,695.433686,1115.9153253924,695.433686,2025-05-07 22:09:38
9255,14077,894,4,BORROW,3,5211.798112,11641.1211946678,5211.798112,2025-05-07 22:12:04
9256,14078,217,4,REPAY,1,4.497167,,4.497167,2025-05-07 22:19:51
9257,14081,852,3,DEPOSIT,1,4597.555678,4597.555678,,2025-05-07 22:37:45
9258,14082,741,1,REPAY,4,2390.661527,,2390.661527,2025-05-07 22:59:21
9259,14083,816,1,DEPOSIT,2,3431.410398,3431.410398,,2025-05-07 23:00:32
9260,14084,237,4,DEPOSIT,4,3772.474589,3772.474589,,2025-05-07 23:02:38
9261,14085,528,4,BORROW,3,1088.275722,1944.2498531708,1088.275722,2025-05-07 23:04:32
9262,14086,977,1,REPAY,4,5847.790691,,5847.790691,2025-05-07 23:09:41
9263,14087,607,2,REPAY,2,501.350955,,501.350955,2025-05-07 23:25:58
9264,14089,349,4,REPAY,3,0.626948,,0.626948,2025-05-07 23:38:51
9265,14090,864,3,DEPOSIT,1,9377.907093,9377.907093,,2025-05-07 23:49:37
9266,14091,982,1,REPAY,4,733.686021,,733.686021,2025-05-08 00:04:13
9267,14092,883,2,REPAY,5,106.791956,,106.791956,2025-05-08 00:09:38
9268,14093,676,4,DEPOSIT,5,3988.08159,3988.08159,,2025-05-08 00:17:06
9269,14094,302,1,REPAY,2,4590.680956,,4590.680956,2025-05-08 00:24:06
9270,14096,644,3,WITHDRAW,1,9552.220428,,,2025-05-08 01:04:21
9271,14097,407,1,REPAY,1,1197.5106,,1197.5106,2025-05-08 01:27:38
9272,14098,937,1,BORROW,3,874.647691,1592.6298978527,874.647691,2025-05-08 01:30:57
9273,14099,49,4,REPAY,5,0.023258,,0.023258,2025-05-08 01:53:11
9274,14100,556,2,WITHDRAW,1,7772.003924,,,2025-05-08 02:17:23
9275,14101,390,4,REPAY,5,4.040687,,4.040687,2025-05-08 02:24:21
9276,14102,32,3,REPAY,4,0.096664,,0.096664,2025-05-08 02:36:03
9277,14103,306,1,BORROW,1,2955.386896,7019.9823840279,2955.386896,2025-05-08 02:38:18
9278,14104,592,3,REPAY,1,0.012424,,0.012424,2025-05-08 02:39:39
9279,14105,895,2,LIQUIDATION,1,0.424128,0.3666622637,0.424128,2025-05-08 02:41:39
9280,14106,230,4,REPAY,1,10.422561,,10.422561,2025-05-08 02:48:55
9281,14107,261,4,REPAY,3,47.970867,,47.970867,2025-05-08 03:23:34
9282,14109,791,4,REPAY,2,109.657258,,109.657258,2025-05-08 03:36:30
9283,14110,380,3,LIQUIDATION,1,841.290924,934.2037624814,841.290924,2025-05-08 03:44:29
9284,14111,149,4,REPAY,3,6000.698622,,6000.698622,2025-05-08 03:54:41
9285,14112,106,2,REPAY,2,0.003943,,0.003943,2025-05-08 04:12:08
9286,14115,679,3,BORROW,4,4248.422719,6915.7671920919,4248.422719,2025-05-08 05:00:41
9287,14116,984,4,REPAY,4,8.540551,,8.540551,2025-05-08 05:29:42
9288,14117,411,1,REPAY,2,189.186183,,189.186183,2025-05-08 05:48:26
9289,14118,477,4,REPAY,4,2.200135,,2.200135,2025-05-08 05:52:10
9290,14119,374,1,LIQUIDATION,1,1134.77218,920.3701191659,1134.77218,2025-05-08 05:57:32
9291,14122,88,4,REPAY,5,0.000102,,0.000102,2025-05-08 06:25:52
9292,14124,937,3,BORROW,1,8018.602147,14645.0423265318,8018.602147,2025-05-08 06:43:31
9293,14125,324,2,REPAY,4,4e-06,,4e-06,2025-05-08 06:46:57
9294,14126,427,1,WITHDRAW,2,2060.876283,,,2025-05-08 07:16:31
9295,14127,670,1,REPAY,3,3701.564372,,3701.564372,2025-05-08 07:47:55
9296,14128,6,3,DEPOSIT,4,1721.818971,1721.818971,,2025-05-08 08:00:48
9297,14129,333,3,REPAY,5,2.931723,,2.931723,2025-05-08 08:03:55
9298,14134,226,4,REPAY,1,1213.871734,,1213.871734,2025-05-08 08:48:18
9299,14135,38,1,LIQUIDATION,5,138.341565,151.8948911064,138.341565,2025-05-08 08:52:16
9300,14136,352,4,REPAY,5,4232.449797,,4232.449797,2025-05-08 09:03:04
9301,14137,725,3,BORROW,1,1832.681307,4302.2779564436,1832.681307,2025-05-08 09:04:47
9302,14138,73,2,REPAY,5,8.049164,,8.049164,2025-05-08 09:25:04
9303,14139,956,2,DEPOSIT,5,2471.380409,2471.380409,,2025-05-08 09:44:20
9304,14140,768,3,REPAY,3,2.014289,,2.014289,2025-05-08 09:59:12
9305,14141,555,3,WITHDRAW,4,3643.288927,,,2025-05-08 09:59:53
9306,14142,529,2,DEPOSIT,3,192.529478,192.529478,,2025-05-08 10:04:11
9307,14144,724,4,REPAY,1,1423.712952,,1423.712952,2025-05-08 10:29:05
9308,14145,322,2,REPAY,5,7216.175057,,7216.175057,2025-05-08 10:40:20
9309,14146,109,3,DEPOSIT,3,8298.616376,8298.616376,,2025-05-08 10:55:32
9310,14147,550,4,REPAY,4,4.497289,,4.497289,2025-05-08 11:01:14
9311,14148,401,2,REPAY,4,0.007714,,0.007714,2025-05-08 11:41:03
9312,14149,368,4,DEPOSIT,5,3170.766892,3170.766892,,2025-05-08 11:55:57
9313,14150,798,3,BORROW,4,1367.686324,2538.7073472055,1367.686324,2025-05-08 12:00:12
9314,14151,384,4,REPAY,5,2324.603292,,2324.603292,2025-05-08 12:08:01
9315,14153,353,1,REPAY,2,1.827061,,1.827061,2025-05-08 13:15:59
9316,14154,412,4,BORROW,5,1054.726668,2049.1378043919,1054.726668,2025-05-08 13:18:08
9317,14156,585,3,REPAY,1,96.58222,,96.58222,2025-05-08 13:34:00
9318,14157,83,4,REPAY,5,0.099408,,0.099408,2025-05-08 13:37:49
9319,14158,992,2,REPAY,2,0.054156,,0.054156,2025-05-08 13:38:48
9320,14159,558,4,REPAY,3,2.348706,,2.348706,2025-05-08 13:56:50
9321,14160,292,2,LIQUIDATION,5,8359.794438,9833.0265436435,8359.794438,2025-05-08 14:07:06
9322,14161,791,4,REPAY,1,167.055111,,167.055111,2025-05-08 14:37:16
9323,14162,508,2,REPAY,5,5.567788,,5.567788,2025-05-08 14:44:02
9324,14163,260,4,REPAY,2,1524.614325,,1524.614325,2025-05-08 14:50:00
9325,14164,436,4,DEPOSIT,1,6219.822346,6219.822346,,2025-05-08 15:15:28
9326,14165,63,2,REPAY,5,1.949515,,1.949515,2025-05-08 15:16:36
9327,14168,624,4,BORROW,1,6492.762239,12986.4459506584,6492.762239,2025-05-08 15:47:48
9328,14169,791,4,REPAY,1,7.255712,,7.255712,2025-05-08 15:50:55
9329,14170,351,4,REPAY,2,0.002212,,0.002212,2025-05-08 16:00:38
9330,14171,947,1,WITHDRAW,2,2660.218319,,,2025-05-08 16:16:25
9331,14172,548,2,REPAY,5,110.407779,,110.407779,2025-05-08 16:19:14
9332,14177,547,3,BORROW,2,1422.128137,1951.7733365328,1422.128137,2025-05-08 16:59:45
9333,14178,423,4,WITHDRAW,5,9747.977519,,,2025-05-08 17:11:01
9334,14179,185,2,DEPOSIT,5,7902.003174,7902.003174,,2025-05-08 17:25:12
9335,14180,345,1,DEPOSIT,2,3930.8896,3930.8896,,2025-05-08 18:08:07
9336,14182,650,1,REPAY,4,0.184212,,0.184212,2025-05-08 18:19:25
9337,14183,207,3,REPAY,2,3e-06,,3e-06,2025-05-08 18:31:53
9338,14184,953,1,REPAY,5,0.00354,,0.00354,2025-05-08 18:44:46
9339,14185,661,1,WITHDRAW,1,1706.225772,,,2025-05-08 19:00:40
9340,14187,874,4,WITHDRAW,4,9271.170209,,,2025-05-08 19:14:41
9341,14188,479,2,BORROW,2,792.882179,1218.7748808133,792.882179,2025-05-08 19:16:50
9342,14189,926,4,REPAY,1,0.044906,,0.044906,2025-05-08 19:41:16
9343,14192,584,1,REPAY,1,4794.540875,,4794.540875,2025-05-08 20:03:01
9344,14193,656,4,REPAY,3,3566.383752,,3566.383752,2025-05-08 20:04:55
9345,14194,338,2,WITHDRAW,1,579.70575,,,2025-05-08 20:23:29
9346,14195,378,1,REPAY,1,0.748951,,0.748951,2025-05-08 20:34:16
9347,14198,256,2,REPAY,1,9.776339,,9.776339,2025-05-08 20:46:35
9348,14199,679,2,LIQUIDATION,1,4248.422719,4352.3635654697,4248.422719,2025-05-08 20:55:13
9349,14201,917,3,REPAY,2,0.008377,,0.008377,2025-05-08 21:12:58
9350,14202,364,1,REPAY,5,0.24102,,0.24102,2025-05-08 21:20:18
9351,14205,964,4,BORROW,1,3850.418622,5614.2086376348,3850.418622,2025-05-08 21:40:47
9352,14206,644,4,WITHDRAW,3,1528.860816,,,2025-05-08 21:55:03
9353,14207,340,1,WITHDRAW,3,4568.39051,,,2025-05-08 22:27:17
9354,14208,587,2,BORROW,4,5475.066958,13320.7201007229,5475.066958,2025-05-08 22:35:06
9355,14210,532,2,REPAY,5,243.304403,,243.304403,2025-05-08 22:43:13
9356,14213,322,4,LIQUIDATION,4,1871.072373,1982.8847889243,1871.072373,2025-05-08 23:05:21
9357,14214,532,1,REPAY,3,83.662541,,83.662541,2025-05-08 23:32:08
9358,14215,784,2,REPAY,2,1.218674,,1.218674,2025-05-08 23:53:16
9359,14216,397,3,BORROW,2,7076.316232,11369.5060481964,7076.316232,2025-05-08 23:53:49
9360,14217,767,1,REPAY,3,142.245667,,142.245667,2025-05-09 00:05:03
9361,14218,380,2,BORROW,3,410.671069,710.0682568397,410.671069,2025-05-09 00:08:27
9362,14219,328,4,DEPOSIT,5,3597.160542,3597.160542,,2025-05-09 00:14:03
9363,14220,634,4,REPAY,5,2021.120879,,2021.120879,2025-05-09 00:19:44
9364,14221,64,2,BORROW,3,3727.39886,7118.5387709291,3727.39886,2025-05-09 00:21:48
9365,14222,992,2,REPAY,5,0.273727,,0.273727,2025-05-09 00:28:50
9366,14223,630,1,REPAY,4,0.019799,,0.019799,2025-05-09 00:29:15
9367,14224,466,4,DEPOSIT,1,7918.284097,7918.284097,,2025-05-09 00:41:14
9368,14225,380,1,REPAY,1,339.570153,,339.570153,2025-05-09 00:52:21
9369,14226,785,2,REPAY,4,3090.957614,,3090.957614,2025-05-09 00:52:32
9370,14227,424,3,REPAY,1,0.000878,,0.000878,2025-05-09 00:53:02
9371,14228,528,2,REPAY,2,730.694506,,730.694506,2025-05-09 00:59:32
9372,14229,208,4,REPAY,3,111.810939,,111.810939,2025-05-09 01:04:41
9373,14230,501,2,WITHDRAW,2,6702.736639,,,2025-05-09 01:05:19
9374,14232,417,2,REPAY,5,1026.98635,,1026.98635,2025-05-09 01:07:49
9375,14233,604,4,BORROW,2,4663.906725,10883.0371524185,4663.906725,2025-05-09 01:21:21
9376,14234,955,3,REPAY,1,197.117065,,197.117065,2025-05-09 01:24:11
9377,14237,39,2,REPAY,2,0.17413,,0.17413,2025-05-09 01:49:06
9378,14238,89,1,REPAY,3,0.000362,,0.000362,2025-05-09 01:59:05
9379,14242,779,1,REPAY,2,0.011633,,0.011633,2025-05-09 02:32:12
9380,14243,378,3,REPAY,2,0.441455,,0.441455,2025-05-09 02:38:06
9381,14244,954,2,LIQUIDATION,3,1800.781706,2013.1920125139,1800.781706,2025-05-09 02:50:19
9382,14246,881,3,BORROW,3,5808.17159,7107.6871073861,5808.17159,2025-05-09 03:28:35
9383,14248,217,1,REPAY,2,2.211402,,2.211402,2025-05-09 04:11:21
9384,14249,523,4,WITHDRAW,2,3110.927802,,,2025-05-09 04:17:26
9385,14251,824,2,REPAY,2,2501.45309,,2501.45309,2025-05-09 04:38:38
9386,14252,557,1,REPAY,3,10.582999,,10.582999,2025-05-09 04:44:39
9387,14256,448,4,REPAY,2,670.36885,,670.36885,2025-05-09 05:30:29
9388,14257,177,1,REPAY,5,8.498802,,8.498802,2025-05-09 05:33:37
9389,14258,450,3,REPAY,5,4430.435377,,4430.435377,2025-05-09 05:41:54
9390,14259,381,2,WITHDRAW,3,6106.972316,,,2025-05-09 05:47:13
9391,14260,368,3,DEPOSIT,5,3676.854763,3676.854763,,2025-05-09 05:49:49
9392,14261,821,3,BORROW,4,6824.838492,8721.4683823027,6824.838492,2025-05-09 06:02:59
9393,14262,60,1,DEPOSIT,5,748.611547,748.611547,,2025-05-09 06:17:39
9394,14264,530,1,DEPOSIT,1,1850.049779,1850.049779,,2025-05-09 06:40:44
9395,14266,221,2,REPAY,4,29.992153,,29.992153,2025-05-09 06:57:15
9396,14267,398,4,REPAY,4,3329.315984,,3329.315984,2025-05-09 07:02:32
9397,14269,484,2,REPAY,5,0.269876,,0.269876,2025-05-09 07:11:35
9398,14271,962,2,WITHDRAW,5,6674.741946,,,2025-05-09 07:26:29
9399,14273,641,4,REPAY,5,267.948716,,267.948716,2025-05-09 07:48:31
9400,14274,791,3,REPAY,1,40.562294,,40.562294,2025-05-09 07:55:49
9401,14275,539,1,REPAY,5,525.562374,,525.562374,2025-05-09 08:03:28
9402,14276,15,2,REPAY,1,8.668778,,8.668778,2025-05-09 08:07:54
9403,14277,250,3,WITHDRAW,2,5809.422092,,,2025-05-09 08:15:37
9404,14278,505,1,REPAY,5,88.698489,,88.698489,2025-05-09 08:40:11
9405,14280,571,1,REPAY,3,0.215406,,0.215406,2025-05-09 08:59:39
9406,14281,634,3,REPAY,3,19.609521,,19.609521,2025-05-09 09:05:27
9407,14282,224,4,REPAY,4,0.890628,,0.890628,2025-05-09 09:17:40
9408,14284,980,2,REPAY,2,5428.065575,,5428.065575,2025-05-09 09:36:06
9409,14285,567,4,WITHDRAW,5,3349.030508,,,2025-05-09 09:44:12
9410,14287,753,4,REPAY,2,76.324435,,76.324435,2025-05-09 11:34:49
9411,14289,76,1,BORROW,4,8413.817883,17298.9501104504,8413.817883,2025-05-09 11:53:35
9412,14290,201,2,REPAY,2,0.173231,,0.173231,2025-05-09 11:57:19
9413,14291,909,4,REPAY,3,0.216321,,0.216321,2025-05-09 12:10:36
9414,14292,1000,1,WITHDRAW,4,6190.268685,,,2025-05-09 12:12:55
9415,14294,409,1,REPAY,3,286.283519,,286.283519,2025-05-09 12:37:55
9416,14295,34,1,WITHDRAW,1,3305.821339,,,2025-05-09 13:00:12
9417,14296,683,3,DEPOSIT,2,946.148144,946.148144,,2025-05-09 13:14:16
9418,14297,525,1,REPAY,2,4885.935321,,4885.935321,2025-05-09 13:14:55
9419,14298,963,4,REPAY,4,13.127718,,13.127718,2025-05-09 13:23:53
9420,14299,894,2,REPAY,2,1904.36433,,1904.36433,2025-05-09 13:34:41
9421,14300,779,2,REPAY,2,0.000511,,0.000511,2025-05-09 13:47:38
9422,14301,490,1,REPAY,4,0.003632,,0.003632,2025-05-09 14:11:05
9423,14302,930,1,DEPOSIT,4,3168.802608,3168.802608,,2025-05-09 14:12:02
9424,14303,81,2,REPAY,5,792.553374,,792.553374,2025-05-09 14:26:04
9425,14304,499,1,REPAY,4,454.278316,,454.278316,2025-05-09 14:48:00
9426,14305,635,4,DEPOSIT,1,5515.235536,5515.235536,,2025-05-09 15:05:33
9427,14306,793,2,REPAY,5,3.018924,,3.018924,2025-05-09 15:12:44
9428,14307,252,3,BORROW,1,9869.10056,17532.6440155747,9869.10056,2025-05-09 15:23:39
9429,14308,104,4,WITHDRAW,2,7573.25794,,,2025-05-09 15:24:56
9430,14309,711,2,REPAY,2,0.013994,,0.013994,2025-05-09 15:39:35
9431,14310,371,2,DEPOSIT,2,1735.306403,1735.306403,,2025-05-09 15:53:48
9432,14313,823,3,REPAY,4,6004.0161,,6004.0161,2025-05-09 16:01:08
9433,14315,834,3,REPAY,1,340.14575,,340.14575,2025-05-09 16:18:20
9434,14316,778,4,REPAY,2,0.026081,,0.026081,2025-05-09 16:37:34
9435,14317,571,1,REPAY,5,0.008878,,0.008878,2025-05-09 17:43:06
9436,14318,130,1,REPAY,3,312.560805,,312.560805,2025-05-09 18:26:44
9437,14319,440,2,REPAY,4,0.039336,,0.039336,2025-05-09 18:41:24
9438,14320,36,3,DEPOSIT,5,6031.987686,6031.987686,,2025-05-09 18:57:36
9439,14321,261,3,REPAY,4,2.226457,,2.226457,2025-05-09 19:21:45
9440,14322,28,2,REPAY,2,31.055655,,31.055655,2025-05-09 19:22:13
9441,14324,980,1,REPAY,5,3294.515479,,3294.515479,2025-05-09 19:41:52
9442,14326,714,2,REPAY,2,40.284886,,40.284886,2025-05-09 19:46:49
9443,14329,770,1,BORROW,1,6731.853363,8490.2784095182,6731.853363,2025-05-09 20:11:34
9444,14330,220,3,REPAY,4,288.709813,,288.709813,2025-05-09 20:15:58
9445,14331,984,4,REPAY,5,14.950459,,14.950459,2025-05-09 20:21:47
9446,14333,649,1,REPAY,1,7159.123898,,7159.123898,2025-05-09 21:14:17
9447,14334,834,3,REPAY,4,15.123441,,15.123441,2025-05-09 21:15:55
9448,14337,505,1,REPAY,3,95.917788,,95.917788,2025-05-09 22:54:15
9449,14339,260,3,REPAY,2,1190.5185,,1190.5185,2025-05-09 23:08:04
9450,14340,185,2,DEPOSIT,5,2259.143065,2259.143065,,2025-05-09 23:28:34
9451,14341,940,3,REPAY,2,311.378667,,311.378667,2025-05-09 23:33:26
9452,14343,625,1,REPAY,3,9.047218,,9.047218,2025-05-09 23:57:25
9453,14345,711,1,REPAY,2,0.015161,,0.015161,2025-05-10 00:46:21
9454,14346,66,3,REPAY,5,35.325581,,35.325581,2025-05-10 00:48:18
9455,14347,906,3,REPAY,3,0.449373,,0.449373,2025-05-10 00:50:07
9456,14348,95,3,REPAY,3,7.045314,,7.045314,2025-05-10 01:17:15
9457,14351,682,2,DEPOSIT,4,5869.406601,5869.406601,,2025-05-10 02:23:21
9458,14352,342,3,REPAY,5,10.998459,,10.998459,2025-05-10 02:42:28
9459,14353,804,2,REPAY,5,0.545621,,0.545621,2025-05-10 03:06:09
9460,14354,670,4,REPAY,5,2569.893,,2569.893,2025-05-10 03:09:09
9461,14356,260,4,REPAY,1,281.061742,,281.061742,2025-05-10 03:57:58
9462,14357,860,2,REPAY,5,0.108427,,0.108427,2025-05-10 04:15:14
9463,14359,371,1,DEPOSIT,5,5070.460195,5070.460195,,2025-05-10 04:20:27
9464,14360,608,2,REPAY,4,3424.636507,,3424.636507,2025-05-10 04:37:35
9465,14361,49,4,REPAY,5,0.006832,,0.006832,2025-05-10 04:38:37
9466,14362,541,1,LIQUIDATION,2,8998.211916,10094.2944706293,8998.211916,2025-05-10 04:45:32
9467,14364,683,3,DEPOSIT,2,4320.182637,4320.182637,,2025-05-10 05:20:40
9468,14365,240,4,REPAY,2,0.012025,,0.012025,2025-05-10 05:32:57
9469,14366,138,1,LIQUIDATION,5,7886.886434,8552.1372388434,7886.886434,2025-05-10 05:33:01
9470,14367,6,3,LIQUIDATION,3,5529.276619,4673.6816879066,5529.276619,2025-05-10 05:36:08
9471,14368,424,2,REPAY,3,5e-06,,5e-06,2025-05-10 05:42:11
9472,14369,335,4,REPAY,5,3.106249,,3.106249,2025-05-10 06:03:12
9473,14370,951,1,REPAY,5,1370.387704,,1370.387704,2025-05-10 06:16:23
9474,14371,655,3,REPAY,2,2445.047681,,2445.047681,2025-05-10 07:06:38
9475,14372,997,3,REPAY,2,1.028331,,1.028331,2025-05-10 07:19:52
9476,14373,204,1,WITHDRAW,3,5102.216724,,,2025-05-10 07:22:53
9477,14374,507,1,REPAY,1,2.241606,,2.241606,2025-05-10 07:28:16
9478,14376,154,4,REPAY,5,78.083572,,78.083572,2025-05-10 07:55:52
9479,14379,592,1,REPAY,3,0.005151,,0.005151,2025-05-10 09:19:29
9480,14381,547,4,BORROW,2,7687.487216,13214.9922872721,7687.487216,2025-05-10 09:30:43
9481,14382,325,2,REPAY,1,2.2e-05,,2.2e-05,2025-05-10 09:48:20
9482,14383,968,2,REPAY,1,0.750474,,0.750474,2025-05-10 10:50:47
9483,14384,739,4,REPAY,3,23.835865,,23.835865,2025-05-10 10:56:24
9484,14385,821,2,LIQUIDATION,3,6824.838492,8062.8381599336,6824.838492,2025-05-10 11:01:22
9485,14386,968,1,REPAY,1,0.031992,,0.031992,2025-05-10 11:18:08
9486,14387,383,3,DEPOSIT,5,5028.661611,5028.661611,,2025-05-10 11:21:23
9487,14388,591,4,LIQUIDATION,3,3524.579193,3580.8044766421,3524.579193,2025-05-10 11:55:19
9488,14389,445,1,REPAY,5,1736.830261,,1736.830261,2025-05-10 12:05:00
9489,14390,849,4,REPAY,4,0.501916,,0.501916,2025-05-10 12:20:42
9490,14391,489,3,REPAY,4,0.009437,,0.009437,2025-05-10 12:25:45
9491,14392,332,2,BORROW,2,3763.032062,8391.9607116976,3763.032062,2025-05-10 12:42:30
9492,14394,170,4,REPAY,4,1803.163745,,1803.163745,2025-05-10 13:28:26
9493,14395,645,4,REPAY,4,458.881252,,458.881252,2025-05-10 13:43:09
9494,14396,908,1,REPAY,1,2171.293785,,2171.293785,2025-05-10 13:55:11
9495,14397,726,2,REPAY,1,0.134549,,0.134549,2025-05-10 14:15:05
9496,14398,262,3,REPAY,2,10.245363,,10.245363,2025-05-10 14:37:42
9497,14399,411,2,REPAY,2,34.334255,,34.334255,2025-05-10 14:52:29
9498,14400,208,2,REPAY,3,88.793811,,88.793811,2025-05-10 14:56:27
9499,14401,5,1,REPAY,5,6.6e-05,,6.6e-05,2025-05-10 15:02:28
9500,14403,849,3,DEPOSIT,1,8388.723045,8388.723045,,2025-05-10 15:10:41
9501,14404,810,3,REPAY,5,2364.137538,,2364.137538,2025-05-10 15:42:21
9502,14405,703,3,DEPOSIT,2,7207.443571,7207.443571,,2025-05-10 15:45:17
9503,14406,781,4,REPAY,1,0.158801,,0.158801,2025-05-10 15:48:43
9504,14408,242,4,REPAY,3,2575.935157,,2575.935157,2025-05-10 16:21:32
9505,14409,577,1,REPAY,3,0.002847,,0.002847,2025-05-10 16:27:13
9506,14411,220,2,REPAY,5,20.557272,,20.557272,2025-05-10 16:59:34
9507,14412,724,4,REPAY,2,217.599719,,217.599719,2025-05-10 17:09:53
9508,14414,465,4,REPAY,4,2.544445,,2.544445,2025-05-10 17:45:48
9509,14416,652,3,DEPOSIT,2,706.433321,706.433321,,2025-05-10 18:12:07
9510,14417,265,2,REPAY,5,0.027494,,0.027494,2025-05-10 18:19:12
9511,14418,323,3,WITHDRAW,1,7611.087606,,,2025-05-10 18:45:59
9512,14419,655,3,BORROW,4,9330.667067,17945.1475907494,9330.667067,2025-05-10 19:07:07
9513,14420,856,4,DEPOSIT,1,1724.304349,1724.304349,,2025-05-10 19:08:29
9514,14421,843,3,REPAY,1,172.891912,,172.891912,2025-05-10 19:25:17
9515,14422,437,3,REPAY,2,0.001549,,0.001549,2025-05-10 19:50:05
9516,14423,51,3,REPAY,2,45.519539,,45.519539,2025-05-10 20:10:23
9517,14424,214,1,REPAY,5,7413.445716,,7413.445716,2025-05-10 20:13:04
9518,14426,17,3,DEPOSIT,2,1245.933724,1245.933724,,2025-05-10 20:26:25
9519,14427,137,2,WITHDRAW,2,1864.330601,,,2025-05-10 20:26:51
9520,14429,129,4,BORROW,1,3833.582649,7799.7598111343,3833.582649,2025-05-10 20:47:51
9521,14430,656,4,BORROW,4,4237.665125,10244.6505016232,4237.665125,2025-05-10 21:28:45
9522,14431,738,3,BORROW,5,548.520002,1291.1304927838,548.520002,2025-05-10 21:31:17
9523,14434,882,4,REPAY,5,47.758458,,47.758458,2025-05-10 21:55:54
9524,14440,833,1,REPAY,3,170.635479,,170.635479,2025-05-11 00:45:14
9525,14441,405,3,REPAY,2,26.772409,,26.772409,2025-05-11 00:46:08
9526,14442,706,1,REPAY,2,0.053678,,0.053678,2025-05-11 00:51:04
9527,14443,763,3,DEPOSIT,1,794.2975,794.2975,,2025-05-11 01:39:09
9528,14445,243,2,REPAY,2,0.067275,,0.067275,2025-05-11 01:51:05
9529,14446,848,4,BORROW,2,2327.706646,5668.9631249961,2327.706646,2025-05-11 02:32:26
9530,14447,917,1,REPAY,1,0.006918,,0.006918,2025-05-11 02:36:30
9531,14448,736,3,REPAY,3,506.408513,,506.408513,2025-05-11 02:44:03
9532,14449,191,1,REPAY,5,3.119546,,3.119546,2025-05-11 02:47:44
9533,14450,568,3,DEPOSIT,1,7617.924807,7617.924807,,2025-05-11 03:05:27
9534,14451,776,3,REPAY,3,3810.882793,,3810.882793,2025-05-11 03:20:05
9535,14453,580,2,REPAY,5,1572.455864,,1572.455864,2025-05-11 03:38:14
9536,14454,796,1,BORROW,1,3329.143141,4242.8997125377,3329.143141,2025-05-11 03:48:13
9537,14455,76,1,REPAY,1,4433.104404,,4433.104404,2025-05-11 03:59:17
9538,14456,864,1,WITHDRAW,2,6845.349594,,,2025-05-11 04:29:41
9539,14458,858,3,BORROW,2,1501.670636,2639.9506073531,1501.670636,2025-05-11 05:13:31
9540,14459,464,2,BORROW,3,1768.881106,2994.6761621517,1768.881106,2025-05-11 05:13:42
9541,14460,992,3,REPAY,1,0.010137,,0.010137,2025-05-11 05:41:42
9542,14461,670,4,REPAY,3,793.162251,,793.162251,2025-05-11 05:51:20
9543,14462,876,1,REPAY,4,41.105977,,41.105977,2025-05-11 06:06:54
9544,14463,8,2,REPAY,4,0.011369,,0.011369,2025-05-11 06:28:55
9545,14465,656,4,REPAY,3,9089.744535,,9089.744535,2025-05-11 07:39:53
9546,14466,771,3,LIQUIDATION,4,1819.995325,1538.3489239128,1819.995325,2025-05-11 08:18:27
9547,14467,944,3,REPAY,5,0.000255,,0.000255,2025-05-11 08:27:50
9548,14468,49,2,REPAY,2,0.050799,,0.050799,2025-05-11 08:40:00
9549,14469,445,4,REPAY,3,141.733953,,141.733953,2025-05-11 08:40:58
9550,14470,195,4,REPAY,2,0.112445,,0.112445,2025-05-11 08:41:39
9551,14472,79,4,WITHDRAW,3,6813.562964,,,2025-05-11 09:08:07
9552,14474,410,2,WITHDRAW,4,5176.057095,,,2025-05-11 09:17:50
9553,14475,641,2,REPAY,3,311.413805,,311.413805,2025-05-11 09:41:09
9554,14477,664,3,REPAY,4,0.001334,,0.001334,2025-05-11 09:52:34
9555,14478,13,1,BORROW,3,1612.058025,3946.8773903508,1612.058025,2025-05-11 09:56:37
9556,14479,215,3,REPAY,2,1558.588898,,1558.588898,2025-05-11 10:02:14
9557,14480,587,3,REPAY,5,1642.368565,,1642.368565,2025-05-11 10:13:07
9558,14481,224,4,REPAY,1,0.53459,,0.53459,2025-05-11 10:16:48
9559,14482,230,1,REPAY,1,11.788179,,11.788179,2025-05-11 10:34:13
9560,14483,744,4,REPAY,3,0.001901,,0.001901,2025-05-11 11:08:02
9561,14485,21,3,DEPOSIT,5,3067.071555,3067.071555,,2025-05-11 11:14:01
9562,14486,817,2,DEPOSIT,2,6947.293633,6947.293633,,2025-05-11 11:42:16
9563,14487,776,4,LIQUIDATION,3,3424.438556,4017.6125053235,3424.438556,2025-05-11 11:51:25
9564,14489,206,3,REPAY,5,0.004951,,0.004951,2025-05-11 12:10:07
9565,14490,620,3,REPAY,2,0.374878,,0.374878,2025-05-11 12:11:31
9566,14491,373,3,BORROW,5,7500.419539,14798.8006581204,7500.419539,2025-05-11 12:15:36
9567,14492,277,1,REPAY,2,71.492348,,71.492348,2025-05-11 12:24:27
9568,14493,785,1,REPAY,4,1402.176217,,1402.176217,2025-05-11 12:33:54
9569,14494,540,4,REPAY,1,0.001502,,0.001502,2025-05-11 12:51:23
9570,14496,242,2,LIQUIDATION,4,1456.96617,1165.7239626146,1456.96617,2025-05-11 13:13:32
9571,14499,188,2,DEPOSIT,4,5746.228816,5746.228816,,2025-05-11 13:57:04
9572,14500,450,1,REPAY,4,907.79877,,907.79877,2025-05-11 14:10:23
9573,14501,742,3,REPAY,4,235.761178,,235.761178,2025-05-11 14:13:32
9574,14502,143,2,REPAY,1,0.122189,,0.122189,2025-05-11 14:35:13
9575,14503,531,1,REPAY,5,20.917112,,20.917112,2025-05-11 15:02:20
9576,14504,210,3,REPAY,5,3.168004,,3.168004,2025-05-11 15:19:29
9577,14505,506,2,REPAY,4,0.003398,,0.003398,2025-05-11 15:29:02
9578,14506,79,1,DEPOSIT,1,9173.107522,9173.107522,,2025-05-11 15:29:47
9579,14507,624,1,BORROW,5,7671.361342,17386.1277253684,7671.361342,2025-05-11 16:17:46
9580,14508,762,1,REPAY,2,0.001539,,0.001539,2025-05-11 16:18:11
9581,14509,210,1,REPAY,3,12.244023,,12.244023,2025-05-11 16:20:30
9582,14511,996,2,WITHDRAW,1,9871.648253,,,2025-05-11 16:52:20
9583,14512,720,4,DEPOSIT,3,7937.502883,7937.502883,,2025-05-11 16:54:26
9584,14513,325,3,REPAY,5,8.8e-05,,8.8e-05,2025-05-11 17:18:21
9585,14514,508,4,REPAY,2,0.538926,,0.538926,2025-05-11 17:42:22
9586,14515,221,3,BORROW,5,3526.65653,8397.1132326755,3526.65653,2025-05-11 17:47:58
9587,14516,290,4,BORROW,5,1940.999803,2357.192497794,1940.999803,2025-05-11 17:48:33
9588,14517,461,2,WITHDRAW,2,5412.204399,,,2025-05-11 17:50:08
9589,14518,666,4,WITHDRAW,5,5223.592958,,,2025-05-11 17:55:30
9590,14520,690,4,LIQUIDATION,4,1480.107014,1239.5328921193,1480.107014,2025-05-11 18:18:44
9591,14522,851,2,REPAY,3,45.662975,,45.662975,2025-05-11 18:51:26
9592,14523,578,4,REPAY,5,4343.030158,,4343.030158,2025-05-11 19:09:05
9593,14524,63,2,REPAY,4,0.341587,,0.341587,2025-05-11 19:15:01
9594,14525,375,3,DEPOSIT,3,7179.45615,7179.45615,,2025-05-11 19:22:03
9595,14526,658,1,WITHDRAW,2,8050.109266,,,2025-05-11 19:32:19
9596,14527,318,3,LIQUIDATION,4,6040.7901,6174.0918681531,6040.7901,2025-05-11 19:39:35
9597,14528,286,2,BORROW,5,6360.039413,15514.6681290688,6360.039413,2025-05-11 20:09:00
9598,14530,217,1,REPAY,1,1.394969,,1.394969,2025-05-11 20:38:04
9599,14532,225,4,REPAY,5,0.132726,,0.132726,2025-05-11 21:10:52
9600,14534,373,2,REPAY,5,8453.075507,,8453.075507,2025-05-11 21:32:52
9601,14535,350,4,DEPOSIT,2,5723.061211,5723.061211,,2025-05-11 21:33:27
9602,14536,96,1,REPAY,2,1.072969,,1.072969,2025-05-11 21:37:44
9603,14537,982,1,REPAY,1,119.490241,,119.490241,2025-05-11 21:48:29
9604,14538,117,4,REPAY,1,41.750739,,41.750739,2025-05-11 22:12:08
9605,14539,550,2,REPAY,1,2.876766,,2.876766,2025-05-11 22:56:13
9606,14540,975,1,REPAY,3,28.012996,,28.012996,2025-05-11 22:59:32
9607,14542,417,3,REPAY,5,185.132687,,185.132687,2025-05-11 23:24:15
9608,14544,521,4,REPAY,3,2.387166,,2.387166,2025-05-11 23:34:34
9609,14546,533,2,REPAY,1,5.940508,,5.940508,2025-05-12 00:10:44
9610,14548,810,3,DEPOSIT,3,6227.851017,6227.851017,,2025-05-12 00:25:04
9611,14549,248,3,REPAY,3,0.004244,,0.004244,2025-05-12 00:33:39
9612,14550,858,4,REPAY,5,1936.249632,,1936.249632,2025-05-12 01:11:40
9613,14551,29,1,REPAY,4,460.177717,,460.177717,2025-05-12 01:40:37
9614,14552,425,3,REPAY,3,605.018788,,605.018788,2025-05-12 01:42:38
9615,14554,4,3,REPAY,4,0.913323,,0.913323,2025-05-12 01:56:01
9616,14556,102,2,REPAY,3,0.171633,,0.171633,2025-05-12 02:12:16
9617,14557,408,1,DEPOSIT,5,586.880082,586.880082,,2025-05-12 02:13:41
9618,14559,409,2,REPAY,5,250.757553,,250.757553,2025-05-12 02:47:49
9619,14562,979,1,REPAY,4,1208.591181,,1208.591181,2025-05-12 04:02:21
9620,14563,495,3,REPAY,3,0.450084,,0.450084,2025-05-12 04:10:45
9621,14564,122,1,REPAY,3,3185.318535,,3185.318535,2025-05-12 04:37:37
9622,14565,430,4,REPAY,2,2.525649,,2.525649,2025-05-12 04:54:02
9623,14566,687,3,REPAY,5,1377.683322,,1377.683322,2025-05-12 05:20:41
9624,14569,139,2,DEPOSIT,3,7896.938915,7896.938915,,2025-05-12 07:28:53
9625,14570,676,1,REPAY,1,848.926906,,848.926906,2025-05-12 07:45:56
9626,14571,62,1,REPAY,2,0.034055,,0.034055,2025-05-12 08:22:18
9627,14572,480,1,REPAY,1,521.615066,,521.615066,2025-05-12 08:26:20
9628,14573,656,4,REPAY,1,477.112007,,477.112007,2025-05-12 08:39:41
9629,14574,518,3,BORROW,4,1479.544348,3569.3048962053,1479.544348,2025-05-12 08:48:19
9630,14576,884,1,REPAY,5,1432.60035,,1432.60035,2025-05-12 09:17:17
9631,14578,607,1,REPAY,3,4.47462,,4.47462,2025-05-12 09:43:52
9632,14580,435,2,BORROW,1,9541.319057,17158.5629355894,9541.319057,2025-05-12 09:57:38
9633,14581,428,1,REPAY,1,0.096313,,0.096313,2025-05-12 09:59:46
9634,14582,183,1,REPAY,3,4290.76023,,4290.76023,2025-05-12 10:13:16
9635,14584,726,3,REPAY,3,0.441457,,0.441457,2025-05-12 10:27:14
9636,14585,10,2,REPAY,4,168.976843,,168.976843,2025-05-12 10:37:20
9637,14586,726,1,REPAY,3,0.023955,,0.023955,2025-05-12 10:38:35
9638,14587,299,1,REPAY,2,0.000379,,0.000379,2025-05-12 10:42:44
9639,14588,578,3,REPAY,1,670.450917,,670.450917,2025-05-12 11:12:09
9640,14589,195,2,REPAY,5,0.006245,,0.006245,2025-05-12 11:12:41
9641,14590,441,1,DEPOSIT,5,3631.382125,3631.382125,,2025-05-12 11:20:38
9642,14591,102,3,REPAY,5,0.31903,,0.31903,2025-05-12 11:41:15
9643,14592,139,3,REPAY,2,2436.839661,,2436.839661,2025-05-12 11:41:52
9644,14593,285,1,WITHDRAW,3,6962.327911,,,2025-05-12 11:54:11
9645,14594,496,4,REPAY,2,7.984056,,7.984056,2025-05-12 11:55:40
9646,14595,670,4,DEPOSIT,5,3374.720654,3374.720654,,2025-05-12 11:57:46
9647,14596,120,1,BORROW,3,8523.830226,21139.2561833086,8523.830226,2025-05-12 12:23:44
9648,14597,908,1,REPAY,5,3409.391246,,3409.391246,2025-05-12 12:50:03
9649,14598,584,4,LIQUIDATION,1,9231.086078,9380.4293659691,9231.086078,2025-05-12 13:09:24
9650,14599,407,2,REPAY,3,1035.389836,,1035.389836,2025-05-12 13:14:52
9651,14600,907,1,REPAY,2,23.451608,,23.451608,2025-05-12 13:32:29
9652,14601,946,3,BORROW,3,2402.199698,5061.9864179595,2402.199698,2025-05-12 13:40:45
9653,14602,184,2,DEPOSIT,1,7071.933629,7071.933629,,2025-05-12 14:09:55
9654,14604,707,2,REPAY,3,0.026158,,0.026158,2025-05-12 14:23:43
9655,14605,584,4,BORROW,1,3441.83424,8153.2322208354,3441.83424,2025-05-12 14:28:17
9656,14607,980,4,BORROW,4,9392.602964,20314.5728720382,9392.602964,2025-05-12 14:58:30
9657,14610,804,2,REPAY,3,0.007871,,0.007871,2025-05-12 15:22:39
9658,14611,16,3,REPAY,4,7.706878,,7.706878,2025-05-12 15:22:48
9659,14613,731,2,REPAY,1,711.882967,,711.882967,2025-05-12 15:36:35
9660,14614,27,2,WITHDRAW,3,7745.557252,,,2025-05-12 15:41:06
9661,14615,374,2,BORROW,3,482.555902,786.9149809276,482.555902,2025-05-12 15:44:52
9662,14616,923,3,REPAY,4,0.014961,,0.014961,2025-05-12 16:04:18
9663,14618,688,1,REPAY,3,0.74254,,0.74254,2025-05-12 16:37:48
9664,14619,989,4,WITHDRAW,3,7337.768299,,,2025-05-12 16:40:46
9665,14620,669,2,REPAY,1,1460.4477,,1460.4477,2025-05-12 16:42:43
9666,14621,453,3,BORROW,1,6850.489699,13742.2028666966,6850.489699,2025-05-12 17:06:31
9667,14623,752,3,REPAY,3,6.616791,,6.616791,2025-05-12 17:09:18
9668,14624,614,4,DEPOSIT,3,7156.619142,7156.619142,,2025-05-12 17:11:24
9669,14625,178,2,REPAY,4,0.000424,,0.000424,2025-05-12 17:30:58
9670,14626,741,4,LIQUIDATION,1,961.163951,1051.5730762405,961.163951,2025-05-12 17:32:28
9671,14627,428,3,REPAY,5,0.080666,,0.080666,2025-05-12 17:33:47
9672,14628,361,1,DEPOSIT,5,2412.673181,2412.673181,,2025-05-12 18:00:30
9673,14629,261,3,REPAY,5,0.85126,,0.85126,2025-05-12 18:02:25
9674,14630,29,2,REPAY,2,318.084741,,318.084741,2025-05-12 18:17:57
9675,14631,564,4,REPAY,4,2632.281213,,2632.281213,2025-05-12 18:18:56
9676,14632,982,3,REPAY,3,114.08703,,114.08703,2025-05-12 18:32:42
9677,14633,743,1,REPAY,1,10.788064,,10.788064,2025-05-12 18:49:18
9678,14634,421,3,DEPOSIT,1,7104.031123,7104.031123,,2025-05-12 19:12:17
9679,14635,479,1,BORROW,2,1066.54985,1965.3770716792,1066.54985,2025-05-12 19:26:39
9680,14636,968,4,REPAY,3,0.001746,,0.001746,2025-05-12 19:39:56
9681,14638,846,1,REPAY,5,16.931102,,16.931102,2025-05-12 20:39:49
9682,14639,455,2,REPAY,2,0.06599,,0.06599,2025-05-12 20:40:43
9683,14640,308,2,WITHDRAW,2,5067.587575,,,2025-05-12 20:58:49
9684,14642,965,1,DEPOSIT,2,4826.159663,4826.159663,,2025-05-12 21:19:18
9685,14643,537,4,BORROW,1,1311.463084,2578.1621153798,1311.463084,2025-05-12 21:45:51
9686,14644,165,2,DEPOSIT,4,926.992037,926.992037,,2025-05-12 21:46:39
9687,14645,122,2,REPAY,3,2285.44285,,2285.44285,2025-05-12 21:52:16
9688,14646,81,2,REPAY,4,45.879562,,45.879562,2025-05-12 22:23:19
9689,14647,801,4,WITHDRAW,4,6588.74507,,,2025-05-12 22:26:39
9690,14648,698,2,DEPOSIT,5,6186.237961,6186.237961,,2025-05-12 22:57:29
9691,14649,420,1,REPAY,3,571.047923,,571.047923,2025-05-12 22:58:26
9692,14650,977,2,REPAY,5,2054.161251,,2054.161251,2025-05-12 23:04:23
9693,14652,307,2,REPAY,1,3210.944616,,3210.944616,2025-05-12 23:17:49
9694,14654,223,4,BORROW,3,5233.260595,7739.6116183394,5233.260595,2025-05-12 23:41:21
9695,14655,992,1,REPAY,4,0.003928,,0.003928,2025-05-13 00:34:48
9696,14656,339,3,REPAY,2,678.001134,,678.001134,2025-05-13 00:50:27
9697,14657,973,4,DEPOSIT,5,2222.665949,2222.665949,,2025-05-13 00:56:26
9698,14658,1000,4,REPAY,4,19.680041,,19.680041,2025-05-13 00:56:57
9699,14659,974,2,BORROW,1,8594.045395,14305.5256146828,8594.045395,2025-05-13 01:01:09
9700,14660,447,4,WITHDRAW,4,6536.832227,,,2025-05-13 01:14:42
9701,14661,820,1,DEPOSIT,4,5825.760754,5825.760754,,2025-05-13 01:32:15
9702,14662,190,4,REPAY,1,0.673379,,0.673379,2025-05-13 01:50:17
9703,14663,892,4,REPAY,5,2513.329321,,2513.329321,2025-05-13 02:05:10
9704,14665,147,2,WITHDRAW,2,4499.273489,,,2025-05-13 02:24:20
9705,14666,287,1,REPAY,5,821.186796,,821.186796,2025-05-13 02:37:23
9706,14667,828,2,REPAY,5,3157.251997,,3157.251997,2025-05-13 02:52:45
9707,14668,811,4,REPAY,3,124.795531,,124.795531,2025-05-13 02:53:14
9708,14669,500,3,REPAY,1,49.444547,,49.444547,2025-05-13 03:36:47
9709,14670,40,3,REPAY,2,114.146938,,114.146938,2025-05-13 03:42:23
9710,14671,740,2,DEPOSIT,5,5377.647369,5377.647369,,2025-05-13 03:45:17
9711,14672,24,1,REPAY,3,222.958856,,222.958856,2025-05-13 03:51:08
9712,14673,844,3,BORROW,3,240.03472,300.4514818371,240.03472,2025-05-13 04:00:34
9713,14674,818,3,REPAY,2,0.001418,,0.001418,2025-05-13 04:12:01
9714,14675,132,3,REPAY,1,177.619059,,177.619059,2025-05-13 04:16:53
9715,14677,528,2,LIQUIDATION,4,357.581216,417.1406618397,357.581216,2025-05-13 04:30:20
9716,14678,217,4,REPAY,2,0.027036,,0.027036,2025-05-13 04:33:06
9717,14680,245,3,REPAY,3,8337.337354,,8337.337354,2025-05-13 05:05:14
9718,14681,689,3,WITHDRAW,1,4762.675676,,,2025-05-13 05:10:48
9719,14682,872,2,REPAY,2,3.216042,,3.216042,2025-05-13 05:19:53
9720,14683,26,1,DEPOSIT,3,9380.618431,9380.618431,,2025-05-13 05:45:56
9721,14684,16,3,REPAY,4,1.242835,,1.242835,2025-05-13 05:56:58
9722,14687,708,1,BORROW,5,7708.691902,16923.361694632,7708.691902,2025-05-13 06:30:09
9723,14688,899,3,DEPOSIT,2,8142.381206,8142.381206,,2025-05-13 06:35:05
9724,14690,145,4,BORROW,1,2029.516882,4704.7195809483,2029.516882,2025-05-13 07:11:00
9725,14691,150,1,DEPOSIT,2,9684.699631,9684.699631,,2025-05-13 07:11:21
9726,14692,437,1,REPAY,5,0.003794,,0.003794,2025-05-13 07:45:04
9727,14694,513,1,LIQUIDATION,1,1791.824328,1926.4908087439,1791.824328,2025-05-13 07:49:57
9728,14696,382,3,REPAY,2,45.246947,,45.246947,2025-05-13 08:27:41
9729,14698,260,4,REPAY,3,156.552792,,156.552792,2025-05-13 09:07:20
9730,14699,597,2,DEPOSIT,4,6159.987514,6159.987514,,2025-05-13 09:35:05
9731,14702,783,4,WITHDRAW,4,6199.876222,,,2025-05-13 10:04:35
9732,14703,65,1,DEPOSIT,3,5940.889583,5940.889583,,2025-05-13 10:22:58
9733,14704,887,4,REPAY,5,0.001558,,0.001558,2025-05-13 10:25:59
9734,14705,505,4,REPAY,4,58.710581,,58.710581,2025-05-13 10:27:37
9735,14706,230,2,REPAY,5,0.520251,,0.520251,2025-05-13 10:49:15
9736,14707,208,2,DEPOSIT,5,6645.937288,6645.937288,,2025-05-13 10:57:54
9737,14708,279,4,BORROW,2,4986.59719,9613.4025014014,4986.59719,2025-05-13 11:16:33
9738,14709,249,1,REPAY,3,88.414723,,88.414723,2025-05-13 11:16:52
9739,14710,673,4,REPAY,4,445.985843,,445.985843,2025-05-13 11:17:11
9740,14711,322,2,BORROW,4,2188.686363,4538.1595755879,2188.686363,2025-05-13 11:56:01
9741,14712,906,3,REPAY,1,0.016891,,0.016891,2025-05-13 12:02:01
9742,14713,340,1,DEPOSIT,4,598.147172,598.147172,,2025-05-13 12:05:35
9743,14716,131,2,WITHDRAW,5,7423.024573,,,2025-05-13 12:55:11
9744,14718,960,4,REPAY,1,0.000314,,0.000314,2025-05-13 12:56:22
9745,14719,521,1,REPAY,1,11.02567,,11.02567,2025-05-13 13:08:26
9746,14720,416,3,DEPOSIT,5,1685.111619,1685.111619,,2025-05-13 13:25:15
9747,14721,789,4,REPAY,2,1849.208465,,1849.208465,2025-05-13 13:39:34
9748,14725,237,1,REPAY,5,0.156552,,0.156552,2025-05-13 14:26:03
9749,14726,758,3,REPAY,2,0.001174,,0.001174,2025-05-13 14:44:26
9750,14727,168,3,REPAY,2,0.335205,,0.335205,2025-05-13 14:49:52
9751,14728,238,1,LIQUIDATION,1,3061.629033,3318.7859374917,3061.629033,2025-05-13 15:03:54
9752,14730,48,2,REPAY,5,0.076006,,0.076006,2025-05-13 15:30:38
9753,14732,841,1,LIQUIDATION,4,8967.672556,10404.9600110982,8967.672556,2025-05-13 15:51:16
9754,14733,903,2,REPAY,4,1676.4882,,1676.4882,2025-05-13 16:00:10
9755,14736,159,2,REPAY,4,3215.811803,,3215.811803,2025-05-13 16:39:00
9756,14737,591,2,BORROW,5,7476.857145,17457.6950235591,7476.857145,2025-05-13 16:49:47
9757,14739,289,1,REPAY,2,0.056672,,0.056672,2025-05-13 17:31:26
9758,14740,405,3,REPAY,3,77.187021,,77.187021,2025-05-13 17:47:02
9759,14741,608,3,REPAY,4,931.623896,,931.623896,2025-05-13 18:08:17
9760,14742,843,2,REPAY,3,175.528076,,175.528076,2025-05-13 18:08:23
9761,14743,499,1,REPAY,3,0.728925,,0.728925,2025-05-13 19:27:09
9762,14744,639,1,REPAY,5,3.60431,,3.60431,2025-05-13 19:34:27
9763,14745,988,1,REPAY,2,2242.791248,,2242.791248,2025-05-13 19:51:54
9764,14749,180,1,REPAY,1,1176.010623,,1176.010623,2025-05-13 20:04:58
9765,14750,710,4,REPAY,3,4276.372327,,4276.372327,2025-05-13 20:25:27
9766,14751,421,2,BORROW,4,7887.066104,16540.9970620919,7887.066104,2025-05-13 20:54:56
9767,14753,907,1,REPAY,4,46.219028,,46.219028,2025-05-13 21:08:02
9768,14754,195,4,REPAY,5,0.015941,,0.015941,2025-05-13 21:21:46
9769,14755,391,2,BORROW,4,6019.916644,14905.1189842239,6019.916644,2025-05-13 21:23:06
9770,14757,589,3,LIQUIDATION,4,6105.998927,5761.8427473519,6105.998927,2025-05-13 21:36:59
9771,14758,291,1,REPAY,5,3602.577279,,3602.577279,2025-05-13 21:40:08
9772,14760,718,4,WITHDRAW,4,7031.925171,,,2025-05-13 21:43:40
9773,14762,742,1,REPAY,3,98.024883,,98.024883,2025-05-13 21:53:54
9774,14763,346,2,REPAY,4,0.023399,,0.023399,2025-05-13 22:18:05
9775,14765,510,2,REPAY,2,74.109462,,74.109462,2025-05-13 22:46:15
9776,14766,566,4,BORROW,4,7645.575091,18725.2767394551,7645.575091,2025-05-13 22:54:23
9777,14767,386,3,REPAY,2,73.352716,,73.352716,2025-05-13 22:55:03
9778,14771,937,2,BORROW,4,6630.891825,16377.0390990584,6630.891825,2025-05-13 23:34:00
9779,14772,566,1,REPAY,3,5802.948526,,5802.948526,2025-05-13 23:36:59
9780,14773,569,2,REPAY,5,30.762829,,30.762829,2025-05-13 23:38:30
9781,14774,864,1,BORROW,5,2180.728552,3736.9767866827,2180.728552,2025-05-14 00:09:14
9782,14776,560,1,REPAY,5,344.863399,,344.863399,2025-05-14 00:12:38
9783,14777,801,3,BORROW,1,4117.288857,5464.620783387,4117.288857,2025-05-14 00:17:19
9784,14779,955,1,REPAY,3,9.551161,,9.551161,2025-05-14 00:53:57
9785,14781,81,3,REPAY,1,22.847423,,22.847423,2025-05-14 01:05:32
9786,14782,710,3,REPAY,4,734.427079,,734.427079,2025-05-14 01:28:02
9787,14783,539,1,REPAY,4,164.374766,,164.374766,2025-05-14 01:29:19
9788,14784,712,3,BORROW,1,5019.518003,8974.5275215385,5019.518003,2025-05-14 01:45:37
9789,14786,379,1,REPAY,1,1399.880187,,1399.880187,2025-05-14 01:58:36
9790,14787,184,2,REPAY,4,236.336133,,236.336133,2025-05-14 02:00:19
9791,14788,875,2,BORROW,3,4139.94173,6813.2291677542,4139.94173,2025-05-14 02:02:40
9792,14790,867,4,BORROW,2,3662.898961,5534.0932233665,3662.898961,2025-05-14 02:13:10
9793,14791,348,3,REPAY,2,3.784825,,3.784825,2025-05-14 02:23:57
9794,14792,6,2,BORROW,5,4246.887664,5894.551500219,4246.887664,2025-05-14 02:37:49
9795,14793,282,2,REPAY,2,90.640996,,90.640996,2025-05-14 02:39:34
9796,14795,547,4,LIQUIDATION,2,13488.157534,11689.3410716753,13488.157534,2025-05-14 02:47:09
9797,14798,207,4,REPAY,1,3e-06,,3e-06,2025-05-14 03:50:32
9798,14799,310,1,REPAY,5,0.010241,,0.010241,2025-05-14 03:53:10
9799,14800,773,2,REPAY,2,0.001024,,0.001024,2025-05-14 03:59:08
9800,14801,355,3,BORROW,1,8155.319343,15767.294135137,8155.319343,2025-05-14 04:13:35
9801,14804,149,1,REPAY,4,563.537624,,563.537624,2025-05-14 04:44:01
9802,14805,64,1,BORROW,4,7891.507946,19255.5515631795,7891.507946,2025-05-14 05:02:50
9803,14806,904,1,REPAY,2,565.138471,,565.138471,2025-05-14 05:11:40
9804,14807,744,2,REPAY,3,0.002326,,0.002326,2025-05-14 05:14:50
9805,14808,2,2,REPAY,5,24.013274,,24.013274,2025-05-14 05:17:51
9806,14810,502,4,BORROW,3,2232.718955,3155.0525264072,2232.718955,2025-05-14 05:51:12
9807,14811,100,4,REPAY,1,711.696089,,711.696089,2025-05-14 06:05:38
9808,14812,490,2,REPAY,1,0.000417,,0.000417,2025-05-14 06:13:52
9809,14813,89,3,REPAY,3,2.8e-05,,2.8e-05,2025-05-14 06:19:16
9810,14814,695,4,BORROW,3,2656.146947,5192.2123916004,2656.146947,2025-05-14 06:23:00
9811,14817,602,2,REPAY,1,0.000987,,0.000987,2025-05-14 06:47:53
9812,14818,489,3,REPAY,2,0.001631,,0.001631,2025-05-14 07:25:49
9813,14819,518,4,BORROW,4,7287.720417,17609.9696111267,7287.720417,2025-05-14 07:37:48
9814,14820,709,1,BORROW,2,8325.183867,17004.8428401575,8325.183867,2025-05-14 07:50:26
9815,14822,255,1,WITHDRAW,4,1850.237841,,,2025-05-14 08:33:46
9816,14823,866,2,DEPOSIT,2,3330.609018,3330.609018,,2025-05-14 08:37:38
9817,14824,778,4,REPAY,4,0.009222,,0.009222,2025-05-14 08:39:24
9818,14825,289,4,REPAY,1,0.072666,,0.072666,2025-05-14 08:55:28
9819,14826,117,3,WITHDRAW,5,7682.340049,,,2025-05-14 08:57:51
9820,14827,82,3,WITHDRAW,5,6674.43195,,,2025-05-14 08:58:33
9821,14830,62,1,DEPOSIT,1,7744.418636,7744.418636,,2025-05-14 09:52:08
9822,14831,494,1,REPAY,5,2.852919,,2.852919,2025-05-14 09:53:45
9823,14832,763,1,DEPOSIT,5,117.524617,117.524617,,2025-05-14 09:55:11
9824,14833,377,1,WITHDRAW,5,1767.667816,,,2025-05-14 09:58:07
9825,14834,28,3,REPAY,5,3.711659,,3.711659,2025-05-14 10:23:58
9826,14835,738,4,REPAY,5,187.576958,,187.576958,2025-05-14 10:24:03
9827,14836,6,1,BORROW,1,8632.306793,19598.5800461419,8632.306793,2025-05-14 10:41:10
9828,14839,767,3,REPAY,5,68.84677,,68.84677,2025-05-14 11:21:41
9829,14840,542,2,BORROW,2,3326.383617,4226.4236922033,3326.383617,2025-05-14 11:24:47
9830,14841,806,3,REPAY,5,4216.289191,,4216.289191,2025-05-14 11:49:40
9831,14842,496,4,REPAY,2,2.60054,,2.60054,2025-05-14 12:26:35
9832,14843,894,2,REPAY,1,775.601852,,775.601852,2025-05-14 12:33:54
9833,14844,331,1,REPAY,5,0.018094,,0.018094,2025-05-14 12:44:54
9834,14846,992,1,REPAY,5,0.022032,,0.022032,2025-05-14 13:14:25
9835,14848,52,2,REPAY,4,0.558769,,0.558769,2025-05-14 13:23:05
9836,14849,693,1,REPAY,2,1135.233078,,1135.233078,2025-05-14 13:34:53
9837,14851,908,1,REPAY,1,722.396318,,722.396318,2025-05-14 13:56:49
9838,14852,882,4,REPAY,3,227.727842,,227.727842,2025-05-14 13:59:15
9839,14854,233,1,WITHDRAW,4,3657.303722,,,2025-05-14 14:01:17
9840,14855,500,2,REPAY,2,8.703014,,8.703014,2025-05-14 14:13:36
9841,14856,923,1,REPAY,5,0.009446,,0.009446,2025-05-14 14:14:17
9842,14857,398,4,WITHDRAW,4,9429.490657,,,2025-05-14 14:16:18
9843,14860,616,3,REPAY,3,1503.263727,,1503.263727,2025-05-14 14:38:19
9844,14861,278,2,REPAY,1,58.048528,,58.048528,2025-05-14 14:51:00
9845,14862,747,2,REPAY,2,1143.462487,,1143.462487,2025-05-14 14:58:14
9846,14863,755,1,BORROW,5,7584.738827,11767.8685458862,7584.738827,2025-05-14 15:15:45
9847,14864,727,4,REPAY,2,388.850985,,388.850985,2025-05-14 15:26:12
9848,14865,984,1,WITHDRAW,5,8612.03082,,,2025-05-14 15:26:18
9849,14866,595,1,WITHDRAW,1,4659.183005,,,2025-05-14 15:40:30
9850,14867,438,3,REPAY,2,1534.119736,,1534.119736,2025-05-14 15:55:40
9851,14868,992,2,REPAY,3,0.001446,,0.001446,2025-05-14 16:12:25
9852,14869,493,1,BORROW,4,7075.036817,14483.424705472,7075.036817,2025-05-14 16:35:35
9853,14871,940,3,REPAY,3,308.248568,,308.248568,2025-05-14 16:47:31
9854,14872,515,1,WITHDRAW,5,728.299615,,,2025-05-14 16:52:43
9855,14873,640,1,REPAY,3,0.001503,,0.001503,2025-05-14 17:04:14
9856,14874,214,3,REPAY,4,965.004371,,965.004371,2025-05-14 17:06:30
9857,14875,823,4,DEPOSIT,4,78.734312,78.734312,,2025-05-14 17:10:18
9858,14878,339,4,REPAY,2,186.520961,,186.520961,2025-05-14 18:10:57
9859,14880,543,3,REPAY,5,5.068927,,5.068927,2025-05-14 18:16:34
9860,14881,151,2,LIQUIDATION,2,5.220056,4.728020087,5.220056,2025-05-14 18:20:08
9861,14882,734,2,WITHDRAW,2,5506.389802,,,2025-05-14 18:56:06
9862,14883,334,1,LIQUIDATION,3,16076.635782,16087.3785659555,16076.635782,2025-05-14 18:57:41
9863,14886,650,2,REPAY,5,0.15998,,0.15998,2025-05-14 19:35:43
9864,14887,199,4,BORROW,2,2654.893203,3736.0685233145,2654.893203,2025-05-14 19:39:27
9865,14888,14,1,REPAY,2,0.082833,,0.082833,2025-05-14 19:52:38
9866,14889,378,3,REPAY,4,0.102734,,0.102734,2025-05-14 19:57:14
9867,14890,72,3,REPAY,3,12.477786,,12.477786,2025-05-14 20:08:15
9868,14891,855,4,WITHDRAW,2,5080.166348,,,2025-05-14 20:11:25
9869,14894,735,4,WITHDRAW,3,8668.814514,,,2025-05-14 21:37:47
9870,14895,39,4,REPAY,3,0.150149,,0.150149,2025-05-14 21:44:45
9871,14896,749,1,REPAY,2,15.653812,,15.653812,2025-05-14 21:56:36
9872,14897,383,1,WITHDRAW,2,4602.78077,,,2025-05-14 22:00:54
9873,14899,792,4,BORROW,4,6516.763271,15465.5598251203,6516.763271,2025-05-14 22:19:27
9874,14900,807,4,REPAY,1,0.856935,,0.856935,2025-05-14 22:28:00
9875,14901,361,3,WITHDRAW,3,9697.806778,,,2025-05-14 23:10:42
9876,14902,670,2,REPAY,1,589.768624,,589.768624,2025-05-14 23:24:49
9877,14903,17,2,WITHDRAW,3,2741.519274,,,2025-05-14 23:42:45
9878,14909,272,3,REPAY,4,3291.038331,,3291.038331,2025-05-15 00:59:10
9879,14910,241,1,BORROW,2,2934.700397,7033.5962593367,2934.700397,2025-05-15 01:00:00
9880,14911,681,2,LIQUIDATION,5,5110.940237,4689.1502627542,5110.940237,2025-05-15 01:14:55
9881,14912,979,1,REPAY,1,2808.77115,,2808.77115,2025-05-15 01:29:05
9882,14913,629,2,REPAY,3,4.753955,,4.753955,2025-05-15 01:40:15
9883,14915,260,4,REPAY,2,2.677361,,2.677361,2025-05-15 01:57:01
9884,14916,330,2,REPAY,4,0.090014,,0.090014,2025-05-15 01:57:52
9885,14919,360,3,REPAY,2,19.395676,,19.395676,2025-05-15 02:09:52
9886,14920,213,1,REPAY,3,51.043197,,51.043197,2025-05-15 02:23:46
9887,14921,832,1,WITHDRAW,5,3962.451861,,,2025-05-15 02:24:18
9888,14922,679,2,BORROW,5,8346.457147,11136.5141068028,8346.457147,2025-05-15 02:43:10
9889,14923,938,4,DEPOSIT,1,8795.787363,8795.787363,,2025-05-15 02:48:48
9890,14924,431,2,REPAY,2,25.827491,,25.827491,2025-05-15 02:53:01
9891,14926,965,1,DEPOSIT,1,8236.094669,8236.094669,,2025-05-15 03:08:05
9892,14927,158,3,REPAY,4,0.00912,,0.00912,2025-05-15 03:26:45
9893,14928,272,3,REPAY,5,431.803712,,431.803712,2025-05-15 03:39:33
9894,14929,205,3,DEPOSIT,1,4601.887919,4601.887919,,2025-05-15 04:31:46
9895,14931,855,3,BORROW,3,437.396709,573.7186439114,437.396709,2025-05-15 06:41:13
9896,14933,196,3,WITHDRAW,3,2923.548876,,,2025-05-15 07:25:56
9897,14934,947,1,DEPOSIT,3,3381.176408,3381.176408,,2025-05-15 07:28:48
9898,14935,754,1,REPAY,3,2042.16204,,2042.16204,2025-05-15 07:35:49
9899,14936,451,3,WITHDRAW,5,7065.909828,,,2025-05-15 07:38:12
9900,14938,249,1,REPAY,5,81.582914,,81.582914,2025-05-15 07:59:51
9901,14939,916,4,WITHDRAW,1,8899.066087,,,2025-05-15 08:03:02
9902,14940,679,2,LIQUIDATION,5,8346.457147,7409.0296581473,8346.457147,2025-05-15 08:06:15
9903,14941,454,4,REPAY,3,4.128526,,4.128526,2025-05-15 08:11:35
9904,14943,109,1,REPAY,4,188.501166,,188.501166,2025-05-15 08:13:54
9905,14944,176,4,LIQUIDATION,1,45.8547,54.4298793811,45.8547,2025-05-15 09:08:44
9906,14945,955,4,REPAY,1,4.030426,,4.030426,2025-05-15 09:56:05
9907,14946,701,1,REPAY,3,316.531343,,316.531343,2025-05-15 09:59:09
9908,14947,9,1,LIQUIDATION,5,33.026508,28.6867126115,33.026508,2025-05-15 10:17:40
9909,14949,787,3,DEPOSIT,2,3085.795769,3085.795769,,2025-05-15 10:52:56
9910,14950,8,4,REPAY,5,0.041945,,0.041945,2025-05-15 10:56:30
9911,14951,547,1,BORROW,5,442.976559,616.7023508797,442.976559,2025-05-15 11:21:22
9912,14953,216,2,DEPOSIT,5,5302.759239,5302.759239,,2025-05-15 12:32:08
9913,14955,92,2,REPAY,1,205.998781,,205.998781,2025-05-15 12:57:29
9914,14957,77,2,REPAY,1,416.931489,,416.931489,2025-05-15 13:18:58
9915,14958,461,3,WITHDRAW,1,2700.073909,,,2025-05-15 13:32:52
9916,14960,698,3,REPAY,5,11.771394,,11.771394,2025-05-15 13:57:17
9917,14962,447,1,WITHDRAW,1,9029.700738,,,2025-05-15 14:26:04
9918,14963,201,2,REPAY,4,0.626309,,0.626309,2025-05-15 14:32:30
9919,14964,251,3,WITHDRAW,2,2452.723027,,,2025-05-15 14:38:31
9920,14965,43,4,REPAY,5,5048.937946,,5048.937946,2025-05-15 14:39:13
9921,14966,283,1,BORROW,1,7962.651498,18908.8114780151,7962.651498,2025-05-15 14:55:59
9922,14967,784,1,REPAY,5,1.439581,,1.439581,2025-05-15 15:04:27
9923,14968,211,1,REPAY,3,252.434632,,252.434632,2025-05-15 15:18:32
9924,14970,369,2,REPAY,3,3418.577295,,3418.577295,2025-05-15 15:37:53
9925,14971,999,2,REPAY,1,54.394267,,54.394267,2025-05-15 15:38:54
9926,14972,84,2,DEPOSIT,1,7995.732823,7995.732823,,2025-05-15 15:44:56
9927,14973,797,3,REPAY,4,528.729841,,528.729841,2025-05-15 15:45:41
9928,14974,163,2,WITHDRAW,1,8749.91268,,,2025-05-15 15:56:21
9929,14978,290,4,DEPOSIT,3,838.935618,838.935618,,2025-05-15 16:41:44
9930,14980,401,1,REPAY,4,0.025729,,0.025729,2025-05-15 16:57:04
9931,14981,172,3,REPAY,5,16.960958,,16.960958,2025-05-15 16:58:22
9932,14982,871,2,REPAY,1,368.795657,,368.795657,2025-05-15 16:59:48
9933,14983,603,4,REPAY,1,0.020932,,0.020932,2025-05-15 17:19:12
9934,14984,942,2,BORROW,1,9206.827859,11105.1116554426,9206.827859,2025-05-15 17:21:28
9935,14985,587,3,REPAY,2,3246.586156,,3246.586156,2025-05-15 17:55:22
9936,14986,400,1,REPAY,2,4016.705626,,4016.705626,2025-05-15 18:11:03
9937,14987,525,3,REPAY,4,2786.909299,,2786.909299,2025-05-15 18:25:08
9938,14989,766,3,REPAY,2,0.125359,,0.125359,2025-05-15 18:33:12
9939,14990,739,4,REPAY,3,4.870177,,4.870177,2025-05-15 18:53:41
9940,14992,528,1,BORROW,5,9990.2641,17928.7980328481,9990.2641,2025-05-15 19:10:06
9941,14993,398,3,REPAY,2,194.256678,,194.256678,2025-05-15 19:24:45
9942,14994,413,2,REPAY,5,165.609799,,165.609799,2025-05-15 19:24:59
9943,14996,197,4,REPAY,2,156.709632,,156.709632,2025-05-15 19:43:41
9944,14998,518,3,LIQUIDATION,1,8767.264765,7485.8424504544,8767.264765,2025-05-15 20:28:05
9945,14999,141,4,REPAY,5,2.563983,,2.563983,2025-05-15 20:32:16
9946,15000,632,1,BORROW,5,2522.207251,4441.2835703111,2522.207251,2025-05-15 20:35:50
9947,15001,415,1,BORROW,4,2826.276281,5972.6697423826,2826.276281,2025-05-15 20:38:58
9948,15002,428,4,REPAY,2,0.001756,,0.001756,2025-05-15 20:40:34
9949,15003,608,3,REPAY,2,2255.070735,,2255.070735,2025-05-15 21:09:40
9950,15004,992,1,REPAY,2,0.007771,,0.007771,2025-05-15 21:33:12
9951,15005,974,3,DEPOSIT,2,4230.546468,4230.546468,,2025-05-15 21:55:00
9952,15006,746,4,WITHDRAW,3,1825.349509,,,2025-05-15 22:44:16
9953,15007,912,4,DEPOSIT,4,9499.263252,9499.263252,,2025-05-15 22:46:19
9954,15008,484,2,REPAY,3,0.070024,,0.070024,2025-05-15 23:06:27
9955,15010,211,1,REPAY,3,159.698263,,159.698263,2025-05-15 23:15:43
9956,15011,840,1,REPAY,2,965.940996,,965.940996,2025-05-15 23:15:58
9957,15012,293,4,DEPOSIT,5,6509.904608,6509.904608,,2025-05-15 23:18:12
9958,15013,322,2,DEPOSIT,2,9704.567861,9704.567861,,2025-05-15 23:19:09
9959,15014,327,2,WITHDRAW,1,7290.811327,,,2025-05-15 23:23:58
9960,15015,456,1,REPAY,2,459.280841,,459.280841,2025-05-15 23:24:27
9961,15016,28,2,REPAY,4,2.50982,,2.50982,2025-05-15 23:49:46
9962,15017,868,3,REPAY,1,1325.712065,,1325.712065,2025-05-15 23:54:50
9963,15018,292,4,BORROW,5,7953.346318,13390.3247041905,7953.346318,2025-05-15 23:56:27
9964,15020,152,4,REPAY,4,78.538204,,78.538204,2025-05-16 00:17:49
9965,15021,88,2,REPAY,3,5e-06,,5e-06,2025-05-16 00:45:16
9966,15022,575,1,WITHDRAW,1,1430.210665,,,2025-05-16 00:59:16
9967,15023,336,4,REPAY,5,329.000902,,329.000902,2025-05-16 01:15:38
9968,15024,188,4,WITHDRAW,1,4131.512803,,,2025-05-16 01:43:02
9969,15027,574,3,BORROW,4,1892.819686,4611.4535956844,1892.819686,2025-05-16 01:58:51
9970,15028,3,3,REPAY,2,1.22282,,1.22282,2025-05-16 02:34:23
9971,15030,71,4,REPAY,2,433.701561,,433.701561,2025-05-16 02:48:01
9972,15032,532,1,REPAY,4,24.349964,,24.349964,2025-05-16 03:23:16
9973,15033,875,4,WITHDRAW,2,6214.917589,,,2025-05-16 03:24:05
9974,15034,376,4,BORROW,5,3547.895386,8790.3348403113,3547.895386,2025-05-16 03:44:46
9975,15035,727,3,REPAY,5,35.544255,,35.544255,2025-05-16 04:07:37
9976,15036,30,4,DEPOSIT,3,4982.320348,4982.320348,,2025-05-16 04:09:58
9977,15038,374,1,BORROW,5,4828.2363,8549.1514074354,4828.2363,2025-05-16 04:23:12
9978,15040,463,3,REPAY,3,0.065318,,0.065318,2025-05-16 04:26:49
9979,15041,491,2,DEPOSIT,3,2640.89471,2640.89471,,2025-05-16 04:53:27
9980,15043,81,3,REPAY,5,49.06395,,49.06395,2025-05-16 04:58:24
9981,15044,645,3,REPAY,4,201.148059,,201.148059,2025-05-16 05:01:56
9982,15045,236,4,REPAY,4,14.23342,,14.23342,2025-05-16 05:03:53
9983,15046,279,2,REPAY,2,4313.086082,,4313.086082,2025-05-16 05:04:15
9984,15047,165,4,DEPOSIT,3,8378.808461,8378.808461,,2025-05-16 05:20:55
9985,15048,112,2,REPAY,1,1.204045,,1.204045,2025-05-16 05:31:45
9986,15049,631,2,WITHDRAW,1,7566.309939,,,2025-05-16 05:40:26
9987,15050,345,1,WITHDRAW,4,6967.094014,,,2025-05-16 05:43:02
9988,15052,474,2,REPAY,1,2173.720241,,2173.720241,2025-05-16 05:47:23
9989,15053,954,1,DEPOSIT,1,6365.77405,6365.77405,,2025-05-16 05:52:42
9990,15055,112,3,REPAY,2,0.11812,,0.11812,2025-05-16 06:38:26
9991,15056,921,1,BORROW,4,3383.430975,4797.2457664977,3383.430975,2025-05-16 06:48:40
9992,15057,610,2,BORROW,4,5931.143533,13977.7227710242,5931.143533,2025-05-16 06:53:10
9993,15059,305,2,BORROW,1,4695.922716,11573.5640429989,4695.922716,2025-05-16 06:57:31
9994,15060,237,2,REPAY,1,0.047168,,0.047168,2025-05-16 07:03:17
9995,15061,97,1,REPAY,4,0.083993,,0.083993,2025-05-16 07:09:07
9996,15062,9,1,WITHDRAW,4,4698.543087,,,2025-05-16 07:20:13
9997,15063,615,4,REPAY,4,4e-06,,4e-06,2025-05-16 07:37:10
9998,15064,663,3,LIQUIDATION,1,0.371369,0.3805363175,0.371369,2025-05-16 07:41:12
9999,15065,396,4,LIQUIDATION,1,2976.073691,2863.2173382212,2976.073691,2025-05-16 07:55:23
10000,15067,884,2,BORROW,3,4296.114658,7102.0785108203,4296.114658,2025-05-16 08:06:32
10001,15068,667,4,REPAY,1,0.059006,,0.059006,2025-05-16 08:23:45
10002,15070,721,2,REPAY,2,214.135729,,214.135729,2025-05-16 08:31:22
10003,15071,381,4,BORROW,5,5071.565998,10944.6288257616,5071.565998,2025-05-16 08:38:17
10004,15072,874,1,DEPOSIT,1,5545.787565,5545.787565,,2025-05-16 09:10:19
10005,15073,236,4,REPAY,1,24.233559,,24.233559,2025-05-16 09:12:55
10006,15076,910,4,BORROW,2,2509.097056,4960.5024992861,2509.097056,2025-05-16 10:27:01
10007,15077,630,4,BORROW,4,1716.853809,3246.2854917397,1716.853809,2025-05-16 10:27:08
10008,15078,851,2,REPAY,4,227.565689,,227.565689,2025-05-16 10:39:10
10009,15079,829,4,LIQUIDATION,5,424.494475,502.891432587,424.494475,2025-05-16 10:40:08
10010,15080,796,4,BORROW,3,3914.183056,5509.1008561313,3914.183056,2025-05-16 10:51:23
10011,15081,155,1,LIQUIDATION,5,530.165501,541.9774476346,530.165501,2025-05-16 11:09:29
10012,15082,433,3,REPAY,2,71.66583,,71.66583,2025-05-16 11:10:31
10013,15083,157,2,DEPOSIT,3,4380.457304,4380.457304,,2025-05-16 11:11:54
10014,15084,342,2,REPAY,1,1.364011,,1.364011,2025-05-16 11:15:04
10015,15087,326,2,REPAY,5,29.46415,,29.46415,2025-05-16 11:50:15
10016,15088,580,1,REPAY,4,2722.747388,,2722.747388,2025-05-16 11:50:16
10017,15089,908,2,REPAY,2,164.102058,,164.102058,2025-05-16 11:51:06
10018,15090,832,1,REPAY,4,1479.733089,,1479.733089,2025-05-16 12:15:32
10019,15091,328,4,WITHDRAW,5,4856.904011,,,2025-05-16 12:18:44
10020,15092,952,2,DEPOSIT,4,4143.923524,4143.923524,,2025-05-16 12:21:56
10021,15093,538,4,REPAY,3,0.034173,,0.034173,2025-05-16 12:38:31
10022,15094,634,4,LIQUIDATION,5,0.009484,0.0082254596,0.009484,2025-05-16 12:45:51
10023,15095,711,3,REPAY,4,0.01738,,0.01738,2025-05-16 13:07:14
10024,15097,767,4,REPAY,5,24.200151,,24.200151,2025-05-16 13:32:06
10025,15098,848,2,REPAY,2,1277.164738,,1277.164738,2025-05-16 14:03:19
10026,15099,974,4,REPAY,2,2175.696538,,2175.696538,2025-05-16 14:21:08
10027,15100,461,2,WITHDRAW,3,6436.867467,,,2025-05-16 14:30:33
10028,15101,864,3,REPAY,2,1405.082067,,1405.082067,2025-05-16 14:54:59
10029,15102,121,2,REPAY,3,3560.946556,,3560.946556,2025-05-16 15:00:42
10030,15103,472,3,WITHDRAW,5,9480.426198,,,2025-05-16 15:09:46
10031,15104,708,2,REPAY,5,1573.320426,,1573.320426,2025-05-16 15:20:55
10032,15105,687,1,REPAY,1,462.506562,,462.506562,2025-05-16 15:32:37
10033,15106,848,4,REPAY,2,822.228239,,822.228239,2025-05-16 15:42:33
10034,15107,258,1,BORROW,5,1889.782655,4407.4518113226,1889.782655,2025-05-16 15:55:13
10035,15108,72,3,REPAY,4,2.611599,,2.611599,2025-05-16 16:00:50
10036,15110,864,1,REPAY,5,383.58888,,383.58888,2025-05-16 16:17:52
10037,15111,424,1,REPAY,3,3e-06,,3e-06,2025-05-16 16:26:07
10038,15113,961,3,REPAY,3,0.000268,,0.000268,2025-05-16 17:37:04
10039,15115,464,4,LIQUIDATION,5,1768.881106,1905.575154516,1768.881106,2025-05-16 18:44:50
10040,15116,748,2,REPAY,4,234.436517,,234.436517,2025-05-16 18:46:01
10041,15118,3,3,REPAY,5,0.089452,,0.089452,2025-05-16 19:01:39
10042,15119,116,4,REPAY,3,0.067496,,0.067496,2025-05-16 19:03:14
10043,15120,546,2,REPAY,5,625.834619,,625.834619,2025-05-16 19:16:46
10044,15121,979,3,REPAY,3,126.695928,,126.695928,2025-05-16 19:37:58
10045,15122,204,1,WITHDRAW,5,8144.912247,,,2025-05-16 19:54:18
10046,15126,967,3,REPAY,1,0.001978,,0.001978,2025-05-16 20:27:17
10047,15127,253,2,REPAY,2,123.546787,,123.546787,2025-05-16 20:30:21
10048,15128,190,3,BORROW,2,3353.603865,4224.3269545628,3353.603865,2025-05-16 20:37:23
10049,15129,342,4,REPAY,1,8.788289,,8.788289,2025-05-16 21:02:57
10050,15130,259,4,REPAY,1,26.081399,,26.081399,2025-05-16 21:31:21
10051,15131,822,2,REPAY,1,0.241692,,0.241692,2025-05-16 21:48:44
10052,15132,935,2,DEPOSIT,1,9461.881784,9461.881784,,2025-05-16 22:18:10
10053,15134,22,3,REPAY,1,0.313416,,0.313416,2025-05-16 22:45:58
10054,15135,649,4,REPAY,5,443.916911,,443.916911,2025-05-16 22:58:36
10055,15137,843,4,REPAY,2,131.629587,,131.629587,2025-05-16 23:18:01
10056,15138,434,3,WITHDRAW,4,7389.253739,,,2025-05-16 23:36:41
10057,15139,348,3,REPAY,2,11.217308,,11.217308,2025-05-16 23:42:41
10058,15140,936,3,LIQUIDATION,1,10.056056,9.6080081683,10.056056,2025-05-17 00:01:48
10059,15142,572,1,WITHDRAW,3,2946.081242,,,2025-05-17 00:09:25
10060,15143,551,3,REPAY,1,1350.354844,,1350.354844,2025-05-17 00:21:33
10061,15144,844,3,REPAY,2,384.960375,,384.960375,2025-05-17 00:25:57
10062,15145,105,2,WITHDRAW,1,5172.12703,,,2025-05-17 00:26:20
10063,15146,724,2,BORROW,4,4280.208916,8806.6922605583,4280.208916,2025-05-17 00:39:50
10064,15147,385,2,REPAY,2,5.810681,,5.810681,2025-05-17 00:50:59
10065,15150,680,1,DEPOSIT,2,6861.337322,6861.337322,,2025-05-17 01:29:03
10066,15152,883,3,REPAY,3,25.719826,,25.719826,2025-05-17 01:37:04
10067,15153,380,3,LIQUIDATION,4,71.100916,72.8775040499,71.100916,2025-05-17 01:37:17
10068,15154,506,1,REPAY,2,0.000764,,0.000764,2025-05-17 01:41:38
10069,15155,825,4,BORROW,5,8307.264841,19365.5199111946,8307.264841,2025-05-17 01:50:51
10070,15156,756,4,REPAY,3,2.499288,,2.499288,2025-05-17 01:55:11
10071,15157,714,1,REPAY,3,1.924109,,1.924109,2025-05-17 02:03:04
10072,15158,3,1,REPAY,4,0.02557,,0.02557,2025-05-17 02:10:59
10073,15159,645,3,REPAY,4,6.94697,,6.94697,2025-05-17 02:20:49
10074,15161,719,4,LIQUIDATION,2,6609.162714,5556.573389345,6609.162714,2025-05-17 02:41:26
10075,15164,761,4,WITHDRAW,4,7271.791992,,,2025-05-17 03:43:02
10076,15166,176,2,BORROW,2,1309.450392,2722.4420216367,1309.450392,2025-05-17 04:06:49
10077,15167,341,1,DEPOSIT,4,4664.581367,4664.581367,,2025-05-17 04:14:25
10078,15169,670,1,REPAY,5,382.647736,,382.647736,2025-05-17 04:21:36
10079,15170,260,2,REPAY,4,9.815917,,9.815917,2025-05-17 04:25:33
10080,15171,801,3,REPAY,4,2992.419086,,2992.419086,2025-05-17 04:28:15
10081,15172,6,1,BORROW,1,2406.515588,5189.1881716032,2406.515588,2025-05-17 04:46:08
10082,15173,462,4,REPAY,5,6e-06,,6e-06,2025-05-17 04:53:04
10083,15174,797,3,REPAY,2,42.303249,,42.303249,2025-05-17 05:03:43
10084,15175,694,1,WITHDRAW,4,1748.147777,,,2025-05-17 05:12:01
10085,15176,324,3,REPAY,3,2e-06,,2e-06,2025-05-17 05:13:30
10086,15178,236,1,REPAY,2,34.719729,,34.719729,2025-05-17 05:41:18
10087,15179,990,3,BORROW,1,8404.690728,13279.2423956069,8404.690728,2025-05-17 05:51:09
10088,15180,275,1,REPAY,5,0.000284,,0.000284,2025-05-17 06:40:28
10089,15181,834,3,REPAY,3,59.80699,,59.80699,2025-05-17 06:47:28
10090,15182,694,3,BORROW,1,3088.676181,7596.0895049403,3088.676181,2025-05-17 06:56:34
10091,15183,192,4,REPAY,4,373.219621,,373.219621,2025-05-17 07:16:51
10092,15184,26,2,REPAY,4,0.011621,,0.011621,2025-05-17 07:35:47
10093,15185,673,1,REPAY,2,105.589823,,105.589823,2025-05-17 07:59:19
10094,15187,292,1,LIQUIDATION,1,7953.346318,8670.5486787618,7953.346318,2025-05-17 08:13:49
10095,15188,438,1,REPAY,3,1047.500455,,1047.500455,2025-05-17 08:25:50
10096,15189,494,4,DEPOSIT,1,4705.477099,4705.477099,,2025-05-17 08:31:00
10097,15192,331,4,DEPOSIT,3,5346.096996,5346.096996,,2025-05-17 08:54:45
10098,15193,280,1,BORROW,4,9103.126032,21071.9570911429,9103.126032,2025-05-17 09:35:00
10099,15194,934,1,REPAY,5,1493.520217,,1493.520217,2025-05-17 10:07:20
10100,15195,178,2,REPAY,4,9.5e-05,,9.5e-05,2025-05-17 10:18:52
10101,15196,993,1,REPAY,4,0.083765,,0.083765,2025-05-17 10:20:40
10102,15197,457,2,REPAY,4,153.784189,,153.784189,2025-05-17 10:37:05
10103,15199,433,2,REPAY,1,13.862022,,13.862022,2025-05-17 11:01:08
10104,15200,810,1,REPAY,3,225.155957,,225.155957,2025-05-17 11:29:19
10105,15202,946,1,BORROW,5,5570.595787,13905.5024641578,5570.595787,2025-05-17 11:30:30
10106,15204,91,1,REPAY,1,359.921687,,359.921687,2025-05-17 12:03:46
10107,15205,58,2,REPAY,3,63.354647,,63.354647,2025-05-17 12:38:26
10108,15206,892,1,REPAY,5,134.67674,,134.67674,2025-05-17 12:39:08
10109,15207,454,2,REPAY,4,0.061442,,0.061442,2025-05-17 12:50:45
10110,15208,168,3,REPAY,5,0.567469,,0.567469,2025-05-17 13:29:28
10111,15210,265,1,REPAY,5,0.024573,,0.024573,2025-05-17 13:36:50
10112,15211,852,2,BORROW,3,8813.377068,17335.5908499618,8813.377068,2025-05-17 13:38:11
10113,15212,537,1,REPAY,2,448.919682,,448.919682,2025-05-17 13:45:46
10114,15214,101,2,LIQUIDATION,5,7223.769312,5873.5033070682,7223.769312,2025-05-17 14:15:10
10115,15215,982,2,REPAY,3,8.201269,,8.201269,2025-05-17 14:19:40
10116,15216,679,1,BORROW,4,7596.800792,15389.5918281754,7596.800792,2025-05-17 14:29:50
10117,15217,823,2,LIQUIDATION,4,8502.782513,9420.8677578513,8502.782513,2025-05-17 14:48:48
10118,15218,697,4,REPAY,2,0.068852,,0.068852,2025-05-17 15:06:57
10119,15219,8,1,REPAY,3,0.025793,,0.025793,2025-05-17 15:28:14
10120,15220,50,2,REPAY,2,954.939367,,954.939367,2025-05-17 15:38:55
10121,15221,199,1,REPAY,5,5665.013229,,5665.013229,2025-05-17 15:45:29
10122,15222,946,4,REPAY,3,6679.535318,,6679.535318,2025-05-17 15:47:16
10123,15223,895,3,DEPOSIT,2,5007.811766,5007.811766,,2025-05-17 15:47:57
10124,15225,445,2,REPAY,5,44.143124,,44.143124,2025-05-17 16:25:16
10125,15226,696,4,BORROW,1,2602.637676,3884.2582969326,2602.637676,2025-05-17 16:42:16
10126,15227,221,2,REPAY,3,1710.685733,,1710.685733,2025-05-17 17:03:14
10127,15229,973,4,BORROW,2,6540.67265,15907.9857839941,6540.67265,2025-05-17 17:06:00
10128,15230,666,3,WITHDRAW,5,7081.267006,,,2025-05-17 17:07:42
10129,15232,576,2,REPAY,3,0.004328,,0.004328,2025-05-17 17:24:08
10130,15234,298,4,BORROW,1,104.522101,161.1457250137,104.522101,2025-05-17 17:53:34
10131,15235,252,3,REPAY,3,8966.362965,,8966.362965,2025-05-17 18:06:37
10132,15236,269,4,REPAY,3,92.399265,,92.399265,2025-05-17 18:27:26
10133,15239,249,3,REPAY,1,178.342346,,178.342346,2025-05-17 19:13:46
10134,15240,632,2,LIQUIDATION,4,2976.432083,2920.3046870137,2976.432083,2025-05-17 19:19:22
10135,15241,665,4,REPAY,2,53.45367,,53.45367,2025-05-17 19:23:06
10136,15242,714,2,REPAY,2,8.672562,,8.672562,2025-05-17 19:31:32
10137,15245,931,3,DEPOSIT,4,8381.379162,8381.379162,,2025-05-17 19:49:55
10138,15247,24,3,WITHDRAW,5,2462.968487,,,2025-05-17 20:02:08
10139,15251,245,4,REPAY,4,222.364721,,222.364721,2025-05-17 20:17:02
10140,15254,1,1,REPAY,1,68.477887,,68.477887,2025-05-17 20:56:57
10141,15255,727,2,REPAY,4,47.244201,,47.244201,2025-05-17 20:59:26
10142,15256,334,1,BORROW,4,2805.74733,6952.7759323052,2805.74733,2025-05-17 21:04:35
10143,15257,469,2,DEPOSIT,3,4540.768719,4540.768719,,2025-05-17 21:29:00
10144,15258,507,3,DEPOSIT,5,4397.239578,4397.239578,,2025-05-17 22:01:16
10145,15259,514,2,LIQUIDATION,1,9685.274431,8182.9034856199,9685.274431,2025-05-17 22:10:25
10146,15260,824,3,LIQUIDATION,3,1243.703826,1430.6047460815,1243.703826,2025-05-17 22:43:38
10147,15262,29,2,REPAY,1,202.002494,,202.002494,2025-05-17 23:38:29
10148,15263,96,3,REPAY,4,0.008986,,0.008986,2025-05-17 23:41:23
10149,15264,885,4,DEPOSIT,2,4073.727872,4073.727872,,2025-05-17 23:50:35
10150,15265,449,4,REPAY,3,9.9e-05,,9.9e-05,2025-05-17 23:52:33
10151,15266,983,2,DEPOSIT,1,3545.263166,3545.263166,,2025-05-18 00:22:14
10152,15267,398,1,REPAY,1,1118.696688,,1118.696688,2025-05-18 00:25:00
10153,15269,480,4,REPAY,5,1156.742348,,1156.742348,2025-05-18 00:31:58
10154,15270,33,4,LIQUIDATION,3,15437.46356,15936.2946426337,15437.46356,2025-05-18 01:09:03
10155,15271,852,3,REPAY,5,2928.781125,,2928.781125,2025-05-18 01:30:54
10156,15272,770,3,LIQUIDATION,1,7914.823715,9418.2008177401,7914.823715,2025-05-18 01:47:51
10157,15274,237,4,WITHDRAW,3,9701.637287,,,2025-05-18 02:08:39
10158,15276,364,1,REPAY,4,0.14969,,0.14969,2025-05-18 02:31:25
10159,15278,691,4,BORROW,2,928.86147,1297.3716074432,928.86147,2025-05-18 03:14:42
10160,15279,629,3,REPAY,3,3.884299,,3.884299,2025-05-18 03:15:18
10161,15281,729,3,DEPOSIT,2,1180.038593,1180.038593,,2025-05-18 03:38:18
10162,15285,807,2,REPAY,3,0.498538,,0.498538,2025-05-18 04:20:47
10163,15287,930,2,DEPOSIT,3,6028.616218,6028.616218,,2025-05-18 04:37:56
10164,15289,719,2,BORROW,2,6832.146078,9125.8910395813,6832.146078,2025-05-18 05:06:56
10165,15290,840,4,REPAY,5,337.55435,,337.55435,2025-05-18 05:39:10
10166,15291,49,3,REPAY,2,0.003947,,0.003947,2025-05-18 05:40:29
10167,15292,253,3,REPAY,5,17.5884,,17.5884,2025-05-18 05:51:54
10168,15293,576,3,REPAY,4,0.001372,,0.001372,2025-05-18 05:52:47
10169,15295,415,3,BORROW,2,119.626864,224.6116526878,119.626864,2025-05-18 05:58:20
10170,15297,347,3,REPAY,1,266.702752,,266.702752,2025-05-18 07:29:06
10171,15299,740,1,DEPOSIT,5,6403.03622,6403.03622,,2025-05-18 07:42:40
10172,15300,164,1,WITHDRAW,1,547.278242,,,2025-05-18 07:49:51
10173,15301,407,3,REPAY,3,90.357733,,90.357733,2025-05-18 08:05:03
10174,15303,836,1,WITHDRAW,5,4354.057215,,,2025-05-18 08:42:16
10175,15304,191,4,REPAY,2,2.142831,,2.142831,2025-05-18 08:43:03
10176,15305,581,2,LIQUIDATION,3,0.760991,0.6259563836,0.760991,2025-05-18 08:58:58
10177,15306,868,1,REPAY,4,363.354575,,363.354575,2025-05-18 09:12:00
10178,15310,359,4,REPAY,1,223.782666,,223.782666,2025-05-18 09:40:52
10179,15311,593,4,DEPOSIT,1,9148.623003,9148.623003,,2025-05-18 09:49:46
10180,15312,270,4,DEPOSIT,2,1870.710435,1870.710435,,2025-05-18 10:02:06
10181,15313,971,2,DEPOSIT,2,6484.350546,6484.350546,,2025-05-18 10:09:07
10182,15314,825,3,REPAY,1,2929.405112,,2929.405112,2025-05-18 10:22:22
10183,15315,383,3,BORROW,1,5183.816295,11791.2437396513,5183.816295,2025-05-18 10:22:23
10184,15317,810,2,REPAY,2,470.737675,,470.737675,2025-05-18 11:03:21
10185,15319,462,2,DEPOSIT,5,6237.48023,6237.48023,,2025-05-18 11:52:08
10186,15320,814,2,BORROW,2,2840.835409,6234.1785625569,2840.835409,2025-05-18 11:54:31
10187,15321,623,2,REPAY,4,48.20532,,48.20532,2025-05-18 12:02:13
10188,15323,74,1,REPAY,2,21.263181,,21.263181,2025-05-18 12:42:22
10189,15325,325,1,REPAY,3,1.2e-05,,1.2e-05,2025-05-18 13:10:06
10190,15326,89,1,REPAY,3,2.2e-05,,2.2e-05,2025-05-18 13:13:47
10191,15327,185,2,WITHDRAW,4,983.735363,,,2025-05-18 13:32:26
10192,15328,225,2,REPAY,1,0.015821,,0.015821,2025-05-18 13:37:51
10193,15329,196,1,REPAY,1,110.558004,,110.558004,2025-05-18 13:51:00
10194,15330,679,1,WITHDRAW,5,8456.732681,,,2025-05-18 13:54:24
10195,15331,534,4,REPAY,2,184.554663,,184.554663,2025-05-18 13:59:05
10196,15334,574,2,LIQUIDATION,3,1892.819686,1703.1971160474,1892.819686,2025-05-18 15:33:54
10197,15335,489,2,REPAY,4,9.1e-05,,9.1e-05,2025-05-18 16:01:12
10198,15336,306,4,DEPOSIT,4,1202.724838,1202.724838,,2025-05-18 16:13:08
10199,15337,995,4,REPAY,5,6697.21546,,6697.21546,2025-05-18 16:18:55
10200,15338,567,4,DEPOSIT,1,3111.086668,3111.086668,,2025-05-18 16:33:56
10201,15339,615,1,REPAY,3,2e-05,,2e-05,2025-05-18 16:38:37
10202,15341,746,3,BORROW,3,4616.778562,8814.2168924036,4616.778562,2025-05-18 16:52:23
10203,15342,691,4,REPAY,2,645.035392,,645.035392,2025-05-18 17:06:04
10204,15343,133,4,REPAY,4,3.285354,,3.285354,2025-05-18 17:12:07
10205,15344,772,3,REPAY,3,681.465277,,681.465277,2025-05-18 17:36:08
10206,15345,473,1,REPAY,5,2.989838,,2.989838,2025-05-18 17:37:09
10207,15346,863,1,WITHDRAW,1,2818.087932,,,2025-05-18 17:43:38
10208,15347,495,2,REPAY,5,0.435571,,0.435571,2025-05-18 17:45:02
10209,15349,311,1,LIQUIDATION,4,6695.910106,6715.863578955,6695.910106,2025-05-18 17:53:43
10210,15350,410,2,WITHDRAW,1,6341.073744,,,2025-05-18 18:41:54
10211,15351,661,2,REPAY,3,1086.556343,,1086.556343,2025-05-18 18:43:17
10212,15353,427,1,DEPOSIT,2,2273.939655,2273.939655,,2025-05-18 18:49:01
10213,15354,318,1,DEPOSIT,5,9810.194101,9810.194101,,2025-05-18 18:49:59
10214,15358,984,4,REPAY,2,8.657381,,8.657381,2025-05-18 19:23:30
10215,15359,846,3,REPAY,4,0.418568,,0.418568,2025-05-18 19:43:28
10216,15360,355,3,WITHDRAW,5,2863.732207,,,2025-05-18 20:01:32
10217,15361,345,2,BORROW,4,4428.639749,9604.1570574436,4428.639749,2025-05-18 20:05:39
10218,15363,231,2,REPAY,2,4.939494,,4.939494,2025-05-18 20:47:44
10219,15365,549,2,DEPOSIT,2,1105.389642,1105.389642,,2025-05-18 21:24:57
10220,15366,711,1,REPAY,1,0.013033,,0.013033,2025-05-18 21:30:11
10221,15369,171,1,REPAY,5,0.05974,,0.05974,2025-05-18 21:59:27
10222,15370,182,1,REPAY,4,0.006422,,0.006422,2025-05-18 22:01:51
10223,15371,889,4,REPAY,4,0.384114,,0.384114,2025-05-18 22:29:01
10224,15372,460,4,REPAY,2,0.146693,,0.146693,2025-05-18 22:41:14
10225,15373,645,3,WITHDRAW,5,7786.76579,,,2025-05-18 22:51:36
10226,15374,809,3,BORROW,5,8515.427044,12048.627927074,8515.427044,2025-05-18 22:59:08
10227,15377,24,3,REPAY,3,746.164886,,746.164886,2025-05-19 00:21:12
10228,15378,543,2,REPAY,3,0.151875,,0.151875,2025-05-19 00:28:12
10229,15379,393,4,WITHDRAW,3,9271.221792,,,2025-05-19 01:13:49
10230,15380,594,1,REPAY,1,64.325335,,64.325335,2025-05-19 01:56:13
10231,15381,65,3,WITHDRAW,5,3081.208604,,,2025-05-19 02:00:47
10232,15382,934,1,REPAY,2,405.78527,,405.78527,2025-05-19 02:12:06
10233,15383,756,2,REPAY,5,0.7919,,0.7919,2025-05-19 02:14:01
10234,15384,479,1,DEPOSIT,4,261.802509,261.802509,,2025-05-19 02:55:45
10235,15386,867,4,REPAY,2,1135.361888,,1135.361888,2025-05-19 03:16:39
10236,15387,275,3,REPAY,5,0.000231,,0.000231,2025-05-19 03:16:47
10237,15388,547,4,LIQUIDATION,2,442.976559,468.5940172272,442.976559,2025-05-19 03:17:42
10238,15389,785,3,REPAY,1,1032.911951,,1032.911951,2025-05-19 03:20:25
10239,15390,624,2,LIQUIDATION,3,14164.123581,14914.5656348158,14164.123581,2025-05-19 03:22:36
10240,15391,605,3,REPAY,5,8.021711,,8.021711,2025-05-19 03:23:44
10241,15392,256,3,LIQUIDATION,2,24.268105,22.9077906096,24.268105,2025-05-19 03:41:21
10242,15393,886,3,DEPOSIT,3,7929.720959,7929.720959,,2025-05-19 04:13:45
10243,15394,177,1,REPAY,5,0.405784,,0.405784,2025-05-19 04:18:39
10244,15395,992,3,REPAY,4,0.001274,,0.001274,2025-05-19 04:19:24
10245,15396,733,3,BORROW,2,9597.813677,22847.0051983397,9597.813677,2025-05-19 04:20:25
10246,15397,351,4,REPAY,2,0.000103,,0.000103,2025-05-19 04:29:05
10247,15400,201,2,WITHDRAW,2,3973.517746,,,2025-05-19 04:36:06
10248,15402,495,3,REPAY,1,0.029989,,0.029989,2025-05-19 05:06:20
10249,15403,934,1,REPAY,2,28.20621,,28.20621,2025-05-19 05:16:15
10250,15404,334,1,REPAY,1,394.481916,,394.481916,2025-05-19 05:17:06
10251,15406,700,3,WITHDRAW,3,6179.376734,,,2025-05-19 05:44:08
10252,15408,708,1,REPAY,3,1964.179042,,1964.179042,2025-05-19 06:05:01
10253,15409,451,4,WITHDRAW,4,3454.163788,,,2025-05-19 06:14:58
10254,15411,7,1,REPAY,1,1111.657365,,1111.657365,2025-05-19 06:19:01
10255,15412,889,3,REPAY,3,0.68435,,0.68435,2025-05-19 06:22:54
10256,15413,752,2,REPAY,4,0.231293,,0.231293,2025-05-19 06:41:25
10257,15414,256,4,BORROW,4,2854.267128,6179.5630877799,2854.267128,2025-05-19 06:45:58
10258,15416,362,4,REPAY,3,0.020001,,0.020001,2025-05-19 07:07:25
10259,15417,440,2,REPAY,2,0.018354,,0.018354,2025-05-19 07:40:00
10260,15418,186,4,WITHDRAW,1,6198.889826,,,2025-05-19 08:20:49
10261,15419,351,1,REPAY,5,7.3e-05,,7.3e-05,2025-05-19 08:25:46
10262,15420,77,4,REPAY,1,330.436707,,330.436707,2025-05-19 08:38:08
10263,15421,465,1,REPAY,3,4.728039,,4.728039,2025-05-19 08:42:37
10264,15422,829,3,BORROW,3,2928.341825,5238.2268153133,2928.341825,2025-05-19 08:56:59
10265,15423,865,1,WITHDRAW,3,307.211391,,,2025-05-19 09:05:31
10266,15424,109,2,REPAY,1,3.667475,,3.667475,2025-05-19 09:07:01
10267,15426,53,2,REPAY,4,477.905673,,477.905673,2025-05-19 09:28:33
10268,15427,374,1,LIQUIDATION,1,5310.792202,4912.4169460626,5310.792202,2025-05-19 09:36:41
10269,15430,587,2,REPAY,5,250.77587,,250.77587,2025-05-19 10:04:34
10270,15436,304,3,WITHDRAW,5,628.721252,,,2025-05-19 11:26:40
10271,15437,764,3,REPAY,3,1154.139695,,1154.139695,2025-05-19 11:44:21
10272,15439,840,3,REPAY,2,62.535561,,62.535561,2025-05-19 12:12:58
10273,15440,863,4,WITHDRAW,3,6764.846764,,,2025-05-19 12:13:18
10274,15441,381,4,LIQUIDATION,5,18077.004962,14614.5044294462,18077.004962,2025-05-19 12:16:03
10275,15443,270,4,WITHDRAW,3,4776.528827,,,2025-05-19 12:32:30
10276,15444,721,3,REPAY,4,155.710292,,155.710292,2025-05-19 12:32:34
10277,15445,159,3,REPAY,1,625.859752,,625.859752,2025-05-19 12:32:40
10278,15447,78,3,REPAY,1,3.274397,,3.274397,2025-05-19 13:07:19
10279,15448,816,1,REPAY,5,0.002453,,0.002453,2025-05-19 13:26:52
10280,15449,836,1,REPAY,5,3737.094685,,3737.094685,2025-05-19 13:26:56
10281,15450,736,4,BORROW,3,4510.333275,6083.7541645667,4510.333275,2025-05-19 13:31:51
10282,15451,573,3,WITHDRAW,1,6555.070645,,,2025-05-19 13:34:44
10283,15452,594,3,REPAY,5,328.249972,,328.249972,2025-05-19 13:40:25
10284,15453,404,4,BORROW,3,3009.093812,5151.6404065646,3009.093812,2025-05-19 13:46:56
10285,15454,409,2,REPAY,3,35.874464,,35.874464,2025-05-19 13:58:39
10286,15455,117,2,REPAY,5,221.353123,,221.353123,2025-05-19 14:18:43
10287,15457,499,3,REPAY,2,2.061934,,2.061934,2025-05-19 14:33:49
10288,15459,836,4,REPAY,4,673.486249,,673.486249,2025-05-19 16:08:22
10289,15460,526,2,REPAY,3,16.279786,,16.279786,2025-05-19 16:13:37
10290,15461,58,1,REPAY,1,10.631636,,10.631636,2025-05-19 16:45:13
10291,15462,560,2,REPAY,4,20.663534,,20.663534,2025-05-19 16:50:03
10292,15463,32,1,REPAY,5,0.017624,,0.017624,2025-05-19 16:54:21
10293,15464,254,3,REPAY,2,21.771768,,21.771768,2025-05-19 16:58:37
10294,15465,542,4,REPAY,3,2755.509037,,2755.509037,2025-05-19 17:07:00
10295,15467,264,1,REPAY,3,6.397344,,6.397344,2025-05-19 17:24:09
10296,15468,962,4,DEPOSIT,3,1782.267338,1782.267338,,2025-05-19 17:33:17
10297,15471,39,2,REPAY,2,0.011598,,0.011598,2025-05-19 18:10:41
10298,15474,846,4,REPAY,5,0.051365,,0.051365,2025-05-19 19:02:33
10299,15476,119,1,LIQUIDATION,2,0.23036,0.2047399116,0.23036,2025-05-19 19:27:47
10300,15477,186,2,WITHDRAW,3,539.962379,,,2025-05-19 19:30:17
10301,15478,63,3,LIQUIDATION,5,0.339184,0.3968821261,0.339184,2025-05-19 19:41:46
10302,15479,933,4,REPAY,1,1029.807325,,1029.807325,2025-05-19 19:46:24
10303,15481,555,3,BORROW,1,1130.513316,1486.2959996657,1130.513316,2025-05-19 20:31:15
10304,15482,219,2,DEPOSIT,2,7251.073967,7251.073967,,2025-05-19 20:59:28
10305,15485,311,1,BORROW,4,5188.196712,10331.3209809908,5188.196712,2025-05-19 21:04:20
10306,15487,754,2,DEPOSIT,3,2686.877938,2686.877938,,2025-05-19 22:00:25
10307,15488,975,4,REPAY,2,23.887309,,23.887309,2025-05-19 23:10:12
10308,15490,675,2,REPAY,5,3540.476042,,3540.476042,2025-05-19 23:16:10
10309,15491,182,4,REPAY,3,0.002026,,0.002026,2025-05-19 23:30:42
10310,15492,408,2,WITHDRAW,2,6072.549881,,,2025-05-19 23:42:26
10311,15493,66,4,REPAY,1,3.131405,,3.131405,2025-05-19 23:43:13
10312,15494,324,2,REPAY,3,2e-06,,2e-06,2025-05-19 23:50:44
10313,15496,724,1,LIQUIDATION,1,5412.79937,4997.5999018865,5412.79937,2025-05-19 23:58:42
10314,15498,850,2,DEPOSIT,1,2597.215974,2597.215974,,2025-05-20 00:16:49
10315,15499,248,2,REPAY,5,0.0043,,0.0043,2025-05-20 00:23:55
10316,15500,454,4,REPAY,5,0.039753,,0.039753,2025-05-20 00:37:58
10317,15502,328,2,DEPOSIT,4,2120.146413,2120.146413,,2025-05-20 01:12:08
10318,15503,613,3,REPAY,2,0.001123,,0.001123,2025-05-20 01:39:56
10319,15505,977,1,REPAY,1,407.465677,,407.465677,2025-05-20 02:02:23
10320,15506,297,3,BORROW,3,7522.012879,17003.3856063803,7522.012879,2025-05-20 02:16:16
10321,15507,562,1,REPAY,4,3118.157212,,3118.157212,2025-05-20 02:42:52
10322,15508,800,2,BORROW,4,2682.031071,5333.2321815759,2682.031071,2025-05-20 03:42:46
10323,15509,222,2,LIQUIDATION,3,14927.915573,16674.9053252781,14927.915573,2025-05-20 03:52:07
10324,15510,101,3,BORROW,2,8336.312343,15915.8247513104,8336.312343,2025-05-20 03:54:14
10325,15513,334,2,BORROW,1,436.586556,779.5136421687,436.586556,2025-05-20 04:23:59
10326,15514,892,1,REPAY,2,50.294313,,50.294313,2025-05-20 04:28:25
10327,15518,593,2,WITHDRAW,5,1725.487283,,,2025-05-20 05:04:47
10328,15521,499,1,REPAY,2,2.394807,,2.394807,2025-05-20 05:14:08
10329,15522,253,2,REPAY,2,8.280862,,8.280862,2025-05-20 06:23:18
10330,15523,183,1,REPAY,3,1769.556979,,1769.556979,2025-05-20 06:42:41
10331,15525,62,1,REPAY,5,0.015148,,0.015148,2025-05-20 06:58:51
10332,15526,566,1,REPAY,4,1261.056537,,1261.056537,2025-05-20 07:07:45
10333,15527,955,4,REPAY,5,1.356352,,1.356352,2025-05-20 07:07:51
10334,15528,199,1,LIQUIDATION,4,1304.663058,1321.767570779,1304.663058,2025-05-20 07:14:04
10335,15529,536,1,LIQUIDATION,4,2741.618169,3012.0638416554,2741.618169,2025-05-20 07:15:40
10336,15530,408,2,WITHDRAW,2,841.056882,,,2025-05-20 07:18:29
10337,15531,437,3,DEPOSIT,4,8223.239909,8223.239909,,2025-05-20 07:31:31
10338,15533,23,4,BORROW,2,1588.734309,3593.0636075932,1588.734309,2025-05-20 08:22:41
10339,15534,258,2,REPAY,1,2644.456305,,2644.456305,2025-05-20 08:45:22
10340,15535,182,1,REPAY,5,0.00493,,0.00493,2025-05-20 09:08:58
10341,15536,620,3,REPAY,4,0.155164,,0.155164,2025-05-20 09:14:05
10342,15537,811,4,REPAY,5,115.593132,,115.593132,2025-05-20 09:17:09
10343,15539,750,1,BORROW,4,4135.181911,8664.1890521753,4135.181911,2025-05-20 10:15:36
10344,15540,971,3,BORROW,4,5825.75895,11240.5863571511,5825.75895,2025-05-20 11:28:09
10345,15542,316,1,DEPOSIT,5,8895.619008,8895.619008,,2025-05-20 11:48:49
10346,15543,531,1,REPAY,4,0.271062,,0.271062,2025-05-20 11:52:07
10347,15544,896,1,REPAY,5,4370.036908,,4370.036908,2025-05-20 12:16:44
10348,15545,875,4,REPAY,2,2814.73603,,2814.73603,2025-05-20 12:17:52
10349,15546,712,1,REPAY,5,3873.106332,,3873.106332,2025-05-20 12:42:24
10350,15547,773,3,REPAY,1,0.0004,,0.0004,2025-05-20 12:50:29
10351,15548,627,2,REPAY,5,235.595691,,235.595691,2025-05-20 12:54:36
10352,15550,675,4,REPAY,1,143.644997,,143.644997,2025-05-20 14:01:18
10353,15551,543,2,REPAY,2,0.299731,,0.299731,2025-05-20 14:10:17
10354,15552,818,4,REPAY,3,0.00076,,0.00076,2025-05-20 14:10:31
10355,15554,877,1,BORROW,5,1362.06344,3207.3725562664,1362.06344,2025-05-20 14:41:26
10356,15555,530,2,DEPOSIT,1,7326.069253,7326.069253,,2025-05-20 15:13:14
10357,15556,66,1,REPAY,3,0.792015,,0.792015,2025-05-20 15:26:41
10358,15557,598,2,REPAY,4,29.150277,,29.150277,2025-05-20 15:35:54
10359,15558,953,1,REPAY,2,0.000778,,0.000778,2025-05-20 15:45:26
10360,15559,867,3,REPAY,2,880.552604,,880.552604,2025-05-20 15:48:32
10361,15560,149,4,REPAY,5,1225.779566,,1225.779566,2025-05-20 16:50:08
10362,15561,529,2,REPAY,1,0.511172,,0.511172,2025-05-20 17:07:24
10363,15562,767,3,REPAY,2,6.439166,,6.439166,2025-05-20 17:20:00
10364,15563,96,3,REPAY,2,0.001709,,0.001709,2025-05-20 18:13:37
10365,15564,971,1,REPAY,4,1542.646525,,1542.646525,2025-05-20 18:20:35
10366,15565,687,2,DEPOSIT,2,3307.539677,3307.539677,,2025-05-20 18:36:36
10367,15566,804,2,LIQUIDATION,4,0.040655,0.0385629243,0.040655,2025-05-20 18:38:10
10368,15569,668,3,BORROW,3,5921.209716,12153.9814555267,5921.209716,2025-05-20 19:28:29
10369,15571,365,3,WITHDRAW,1,2646.954091,,,2025-05-20 19:35:57
10370,15573,777,4,REPAY,4,0.021034,,0.021034,2025-05-20 20:03:00
10371,15574,612,2,WITHDRAW,2,158.891453,,,2025-05-20 20:22:46
10372,15576,103,4,WITHDRAW,5,2622.232674,,,2025-05-20 20:46:28
10373,15577,122,1,REPAY,5,764.416703,,764.416703,2025-05-20 20:47:06
10374,15578,840,1,REPAY,5,25.533546,,25.533546,2025-05-20 20:53:16
10375,15580,986,1,REPAY,1,0.103243,,0.103243,2025-05-20 21:22:14
10376,15583,112,3,REPAY,3,0.096896,,0.096896,2025-05-20 22:23:31
10377,15584,607,1,REPAY,3,10.050129,,10.050129,2025-05-20 23:00:38
10378,15585,7,2,REPAY,3,481.152679,,481.152679,2025-05-20 23:01:45
10379,15586,480,1,DEPOSIT,4,2627.743272,2627.743272,,2025-05-20 23:14:36
10380,15587,815,1,REPAY,1,4.082809,,4.082809,2025-05-20 23:38:05
10381,15588,250,2,DEPOSIT,2,1268.663787,1268.663787,,2025-05-20 23:45:07
10382,15590,363,4,WITHDRAW,2,2579.964383,,,2025-05-21 00:09:33
10383,15591,294,2,REPAY,3,632.342695,,632.342695,2025-05-21 00:42:07
10384,15592,596,1,REPAY,1,2.986394,,2.986394,2025-05-21 00:45:10
10385,15593,505,1,REPAY,1,88.774558,,88.774558,2025-05-21 00:56:26
10386,15595,275,3,REPAY,5,2.1e-05,,2.1e-05,2025-05-21 01:07:48
10387,15596,642,2,REPAY,4,1888.228589,,1888.228589,2025-05-21 01:20:01
10388,15597,751,2,REPAY,5,0.53254,,0.53254,2025-05-21 01:25:24
10389,15598,209,2,REPAY,1,5.270822,,5.270822,2025-05-21 01:29:15
10390,15599,985,2,REPAY,5,245.620338,,245.620338,2025-05-21 01:41:04
10391,15600,627,3,REPAY,3,484.701383,,484.701383,2025-05-21 01:42:15
10392,15601,838,1,WITHDRAW,2,8203.449096,,,2025-05-21 01:58:05
10393,15602,6,2,LIQUIDATION,4,15285.710045,15207.8641958388,15285.710045,2025-05-21 01:58:55
10394,15605,229,2,REPAY,5,96.152807,,96.152807,2025-05-21 02:42:32
10395,15606,874,2,BORROW,3,2959.905499,6911.4865660359,2959.905499,2025-05-21 02:52:17
10396,15607,170,3,REPAY,3,5058.200283,,5058.200283,2025-05-21 03:11:59
10397,15608,415,3,REPAY,1,3442.136494,,3442.136494,2025-05-21 03:14:36
10398,15609,362,2,REPAY,3,0.049476,,0.049476,2025-05-21 04:29:14
10399,15610,845,2,BORROW,4,7320.858492,15790.8488275749,7320.858492,2025-05-21 04:44:08
10400,15611,753,1,REPAY,2,4.2918,,4.2918,2025-05-21 04:44:12
10401,15612,277,1,REPAY,5,39.881455,,39.881455,2025-05-21 04:56:29
10402,15613,202,3,REPAY,5,7253.483048,,7253.483048,2025-05-21 04:58:46
10403,15614,468,1,WITHDRAW,5,380.350496,,,2025-05-21 05:02:42
10404,15616,707,4,DEPOSIT,1,726.174905,726.174905,,2025-05-21 05:17:23
10405,15617,404,3,REPAY,1,597.420444,,597.420444,2025-05-21 05:23:43
10406,15619,697,4,REPAY,5,0.014718,,0.014718,2025-05-21 05:36:02
10407,15620,209,1,REPAY,1,5.222261,,5.222261,2025-05-21 05:39:43
10408,15621,321,1,REPAY,5,428.054601,,428.054601,2025-05-21 05:49:47
10409,15622,746,2,BORROW,5,7321.127981,11108.4053912194,7321.127981,2025-05-21 05:54:25
10410,15623,830,3,DEPOSIT,5,9135.672796,9135.672796,,2025-05-21 06:05:48
10411,15624,979,4,LIQUIDATION,4,276.727541,308.8199210338,276.727541,2025-05-21 06:40:18
10412,15625,692,3,REPAY,3,1280.414828,,1280.414828,2025-05-21 06:41:28
10413,15626,104,1,REPAY,2,3566.474296,,3566.474296,2025-05-21 06:46:38
10414,15628,302,1,REPAY,5,184.095468,,184.095468,2025-05-21 06:58:22
10415,15629,787,4,BORROW,1,4257.771372,6045.2164070166,4257.771372,2025-05-21 07:08:32
10416,15630,781,3,REPAY,3,0.939405,,0.939405,2025-05-21 07:11:59
10417,15631,367,1,DEPOSIT,5,8043.944624,8043.944624,,2025-05-21 07:14:55
10418,15632,9,4,DEPOSIT,3,5526.03075,5526.03075,,2025-05-21 07:19:44
10419,15633,187,1,DEPOSIT,2,5699.804845,5699.804845,,2025-05-21 07:21:41
10420,15634,699,3,REPAY,3,0.021581,,0.021581,2025-05-21 07:34:13
10421,15635,21,2,REPAY,5,617.63636,,617.63636,2025-05-21 07:46:41
10422,15636,222,1,BORROW,3,479.398789,855.0501981373,479.398789,2025-05-21 08:08:11
10423,15637,707,4,REPAY,5,0.006533,,0.006533,2025-05-21 08:23:28
10424,15639,598,4,REPAY,5,2.075955,,2.075955,2025-05-21 08:52:36
10425,15640,651,2,WITHDRAW,2,8487.639393,,,2025-05-21 09:24:03
10426,15641,510,1,REPAY,1,141.452581,,141.452581,2025-05-21 09:34:30
10427,15642,629,1,REPAY,2,21.919554,,21.919554,2025-05-21 09:42:15
10428,15647,949,1,REPAY,5,3.469232,,3.469232,2025-05-21 10:44:45
10429,15648,101,3,LIQUIDATION,5,8336.312343,7581.5990113413,8336.312343,2025-05-21 10:57:39
10430,15649,53,2,REPAY,2,597.425663,,597.425663,2025-05-21 10:59:22
10431,15651,747,4,DEPOSIT,2,3447.808481,3447.808481,,2025-05-21 12:01:27
10432,15652,872,1,REPAY,2,4.055256,,4.055256,2025-05-21 12:03:03
10433,15659,607,1,REPAY,4,1.591146,,1.591146,2025-05-21 14:08:17
10434,15660,52,2,REPAY,3,0.291105,,0.291105,2025-05-21 14:19:42
10435,15661,177,2,REPAY,1,1.460869,,1.460869,2025-05-21 14:25:48
10436,15662,617,4,BORROW,4,9582.933612,23783.957663942,9582.933612,2025-05-21 14:31:32
10437,15663,504,3,REPAY,1,28.120913,,28.120913,2025-05-21 14:35:14
10438,15665,745,2,REPAY,4,1893.790329,,1893.790329,2025-05-21 14:50:48
10439,15666,8,3,REPAY,3,0.016078,,0.016078,2025-05-21 14:57:18
10440,15667,12,1,DEPOSIT,5,8104.882237,8104.882237,,2025-05-21 15:10:37
10441,15668,578,2,REPAY,3,407.210973,,407.210973,2025-05-21 15:15:55
10442,15671,543,3,REPAY,3,0.445998,,0.445998,2025-05-21 15:30:53
10443,15673,561,1,REPAY,4,10.495489,,10.495489,2025-05-21 15:56:41
10444,15674,88,1,REPAY,2,5e-06,,5e-06,2025-05-21 16:05:32
10445,15675,503,1,DEPOSIT,2,4444.302186,4444.302186,,2025-05-21 16:23:24
10446,15677,962,2,DEPOSIT,4,4225.250957,4225.250957,,2025-05-21 16:44:38
10447,15679,998,1,REPAY,3,29.508886,,29.508886,2025-05-21 16:56:48
10448,15680,283,1,BORROW,3,5475.273389,12577.8254585992,5475.273389,2025-05-21 16:59:17
10449,15682,140,1,REPAY,2,0.006659,,0.006659,2025-05-21 18:19:44
10450,15683,272,1,WITHDRAW,4,7487.526425,,,2025-05-21 18:20:47
10451,15684,950,4,REPAY,5,5159.791154,,5159.791154,2025-05-21 18:34:40
10452,15685,401,4,REPAY,3,0.006189,,0.006189,2025-05-21 18:41:38
10453,15688,756,2,REPAY,2,0.077335,,0.077335,2025-05-21 19:05:19
10454,15689,172,1,REPAY,1,37.441042,,37.441042,2025-05-21 19:12:17
10455,15692,632,1,DEPOSIT,1,8330.081294,8330.081294,,2025-05-21 19:36:52
10456,15694,489,1,REPAY,3,1e-06,,1e-06,2025-05-21 19:46:15
10457,15695,816,1,REPAY,4,0.001103,,0.001103,2025-05-21 19:54:46
10458,15696,347,1,REPAY,5,285.108434,,285.108434,2025-05-21 20:10:56
10459,15698,598,2,REPAY,3,0.711688,,0.711688,2025-05-21 20:21:16
10460,15699,483,1,REPAY,3,0.007771,,0.007771,2025-05-21 20:22:22
10461,15700,829,4,WITHDRAW,1,1207.100624,,,2025-05-21 20:22:44
10462,15701,311,1,REPAY,1,2883.601688,,2883.601688,2025-05-21 20:36:16
10463,15703,123,4,REPAY,2,51.644423,,51.644423,2025-05-21 20:41:55
10464,15704,406,3,REPAY,4,47.733492,,47.733492,2025-05-21 21:29:27
10465,15705,482,1,REPAY,4,6.808541,,6.808541,2025-05-21 21:57:06
10466,15706,619,1,BORROW,3,6937.682468,8448.4589033262,6937.682468,2025-05-21 22:24:33
10467,15707,158,2,WITHDRAW,3,7144.07089,,,2025-05-21 22:47:18
10468,15708,80,4,REPAY,1,456.863328,,456.863328,2025-05-21 22:59:32
10469,15709,357,2,DEPOSIT,4,6748.775876,6748.775876,,2025-05-21 23:06:47
10470,15711,917,2,REPAY,5,0.000383,,0.000383,2025-05-21 23:18:25
10471,15713,576,2,REPAY,3,0.00029,,0.00029,2025-05-21 23:22:47
10472,15714,506,1,REPAY,3,6e-05,,6e-05,2025-05-21 23:24:03
10473,15716,527,2,REPAY,4,237.016685,,237.016685,2025-05-22 00:03:05
10474,15717,878,1,WITHDRAW,5,2342.86424,,,2025-05-22 00:22:47
10475,15718,497,4,REPAY,1,0.626824,,0.626824,2025-05-22 00:36:56
10476,15720,674,3,REPAY,2,439.227887,,439.227887,2025-05-22 00:51:43
10477,15722,882,2,REPAY,3,83.688131,,83.688131,2025-05-22 01:19:16
10478,15723,588,2,REPAY,3,1571.675165,,1571.675165,2025-05-22 01:35:15
10479,15724,626,2,WITHDRAW,1,6415.304851,,,2025-05-22 01:46:42
10480,15725,569,4,REPAY,3,20.278103,,20.278103,2025-05-22 01:54:40
10481,15727,379,3,REPAY,3,1161.191597,,1161.191597,2025-05-22 02:16:17
10482,15728,375,1,WITHDRAW,5,2813.567818,,,2025-05-22 02:25:34
10483,15729,96,2,REPAY,2,0.002628,,0.002628,2025-05-22 02:26:37
10484,15730,743,2,WITHDRAW,1,1203.360377,,,2025-05-22 02:42:12
10485,15731,949,3,REPAY,1,15.589894,,15.589894,2025-05-22 02:42:18
10486,15732,42,3,REPAY,2,82.071452,,82.071452,2025-05-22 02:42:44
10487,15733,490,3,REPAY,1,0.000283,,0.000283,2025-05-22 02:55:18
10488,15734,401,3,REPAY,3,0.007316,,0.007316,2025-05-22 02:58:07
10489,15735,650,4,REPAY,4,0.012763,,0.012763,2025-05-22 03:04:29
10490,15736,428,2,REPAY,1,0.001136,,0.001136,2025-05-22 03:28:39
10491,15737,230,2,REPAY,4,2.531764,,2.531764,2025-05-22 03:56:01
10492,15738,771,4,BORROW,3,2821.921885,6636.6034203271,2821.921885,2025-05-22 04:26:10
10493,15739,977,1,REPAY,4,39.312276,,39.312276,2025-05-22 04:32:44
10494,15741,731,4,REPAY,4,64.302229,,64.302229,2025-05-22 04:51:08
10495,15742,587,4,REPAY,4,92.321162,,92.321162,2025-05-22 05:03:35
10496,15743,573,3,DEPOSIT,3,2347.127177,2347.127177,,2025-05-22 05:04:03
10497,15744,948,3,LIQUIDATION,3,8331.920768,8879.7745585325,8331.920768,2025-05-22 05:21:50
10498,15745,737,1,WITHDRAW,5,4309.860153,,,2025-05-22 05:27:24
10499,15746,937,4,BORROW,2,6428.134622,12188.1028216584,6428.134622,2025-05-22 05:45:02
10500,15747,701,3,LIQUIDATION,5,1929.24782,1878.922589068,1929.24782,2025-05-22 05:54:30
10501,15752,223,4,REPAY,2,567.689571,,567.689571,2025-05-22 06:39:48
10502,15753,813,2,REPAY,3,0.247591,,0.247591,2025-05-22 06:59:44
10503,15754,124,1,WITHDRAW,3,6030.105688,,,2025-05-22 07:06:16
10504,15755,929,1,DEPOSIT,1,8979.595195,8979.595195,,2025-05-22 07:31:56
10505,15757,460,1,REPAY,1,0.010083,,0.010083,2025-05-22 07:38:31
10506,15761,62,2,REPAY,3,0.023447,,0.023447,2025-05-22 08:03:53
10507,15765,528,1,REPAY,1,3803.528475,,3803.528475,2025-05-22 09:15:04
10508,15766,411,1,REPAY,3,9.721167,,9.721167,2025-05-22 09:29:10
10509,15768,640,2,REPAY,5,0.001101,,0.001101,2025-05-22 09:35:48
10510,15769,953,2,WITHDRAW,1,2606.801893,,,2025-05-22 09:43:49
10511,15770,435,2,LIQUIDATION,4,9541.319057,11336.4809345106,9541.319057,2025-05-22 09:49:50
10512,15771,490,2,REPAY,5,0.000802,,0.000802,2025-05-22 10:02:49
10513,15774,660,2,BORROW,5,2415.207242,4903.014680182,2415.207242,2025-05-22 10:59:39
10514,15775,796,3,LIQUIDATION,1,10680.61966,11047.2267158173,10680.61966,2025-05-22 11:00:59
10515,15776,752,4,REPAY,5,0.001994,,0.001994,2025-05-22 11:15:36
10516,15777,505,3,LIQUIDATION,1,5.7493,5.5879575864,5.7493,2025-05-22 11:18:29
10517,15779,333,4,REPAY,1,3.033895,,3.033895,2025-05-22 11:50:05
10518,15780,853,2,REPAY,1,14.138908,,14.138908,2025-05-22 12:05:03
10519,15781,244,3,BORROW,1,4183.145376,6697.7924704848,4183.145376,2025-05-22 12:16:34
10520,15782,674,2,REPAY,4,1117.854049,,1117.854049,2025-05-22 12:27:05
10521,15783,452,4,REPAY,5,1.127004,,1.127004,2025-05-22 12:35:54
10522,15784,155,2,BORROW,5,6677.139981,11665.5906258009,6677.139981,2025-05-22 12:54:53
10523,15785,585,3,REPAY,4,83.749715,,83.749715,2025-05-22 13:11:10
10524,15786,1000,2,REPAY,5,19.959179,,19.959179,2025-05-22 13:39:12
10525,15787,743,3,REPAY,2,9.085692,,9.085692,2025-05-22 13:52:22
10526,15789,983,3,REPAY,2,2275.655021,,2275.655021,2025-05-22 14:26:24
10527,15790,831,1,REPAY,1,0.015727,,0.015727,2025-05-22 14:27:55
10528,15791,453,2,LIQUIDATION,3,8181.621518,8625.4225533345,8181.621518,2025-05-22 14:32:40
10529,15792,14,3,REPAY,3,0.001086,,0.001086,2025-05-22 14:43:07
10530,15795,736,3,DEPOSIT,1,8285.501974,8285.501974,,2025-05-22 14:53:55
10531,15796,693,4,REPAY,3,13.746523,,13.746523,2025-05-22 15:37:23
10532,15797,233,1,REPAY,1,0.961592,,0.961592,2025-05-22 15:57:04
10533,15798,499,4,REPAY,2,0.178547,,0.178547,2025-05-22 16:19:05
10534,15799,833,3,REPAY,5,380.831511,,380.831511,2025-05-22 16:46:52
10535,15800,197,3,REPAY,3,65.836636,,65.836636,2025-05-22 17:10:11
10536,15802,168,4,REPAY,2,0.181277,,0.181277,2025-05-22 17:41:25
10537,15805,13,2,REPAY,1,945.744831,,945.744831,2025-05-22 17:55:31
10538,15806,890,3,REPAY,5,0.941124,,0.941124,2025-05-22 17:56:23
10539,15807,331,1,REPAY,2,0.01445,,0.01445,2025-05-22 18:05:21
10540,15808,759,1,LIQUIDATION,4,4295.840325,5139.5315634114,4295.840325,2025-05-22 18:07:45
10541,15809,908,4,REPAY,4,15.712852,,15.712852,2025-05-22 18:11:15
10542,15810,395,4,LIQUIDATION,2,420.034354,337.0533455906,420.034354,2025-05-22 18:44:56
10543,15811,657,4,BORROW,5,3177.715776,3935.2183872467,3177.715776,2025-05-22 18:48:01
10544,15814,858,1,LIQUIDATION,4,1366.185298,1275.9465647774,1366.185298,2025-05-22 19:46:50
10545,15815,790,3,BORROW,4,9703.952143,19424.7462107555,9703.952143,2025-05-22 19:49:08
10546,15817,237,1,REPAY,2,0.297588,,0.297588,2025-05-22 20:16:04
10547,15818,506,3,REPAY,5,0.000348,,0.000348,2025-05-22 20:21:06
10548,15819,400,2,REPAY,5,172.046071,,172.046071,2025-05-22 21:06:48
10549,15820,438,1,BORROW,5,7024.752438,17527.8599600435,7024.752438,2025-05-22 21:07:05
10550,15822,781,4,REPAY,4,0.147786,,0.147786,2025-05-22 21:43:30
10551,15825,903,3,REPAY,4,212.486366,,212.486366,2025-05-22 22:18:11
10552,15829,997,4,REPAY,4,0.251851,,0.251851,2025-05-22 23:04:22
10553,15830,639,4,REPAY,5,1.342464,,1.342464,2025-05-22 23:15:45
10554,15832,813,2,REPAY,3,0.184733,,0.184733,2025-05-23 01:07:06
10555,15835,942,4,REPAY,5,4709.338649,,4709.338649,2025-05-23 01:39:37
10556,15836,534,1,WITHDRAW,5,9145.411677,,,2025-05-23 01:41:31
10557,15837,397,2,BORROW,4,8376.761,19148.303140871,8376.761,2025-05-23 02:02:53
10558,15838,962,1,BORROW,1,2943.518407,7157.4976082168,2943.518407,2025-05-23 02:14:43
10559,15839,409,2,REPAY,2,32.989629,,32.989629,2025-05-23 02:19:59
10560,15841,335,4,REPAY,3,0.092518,,0.092518,2025-05-23 02:55:16
10561,15842,233,2,WITHDRAW,3,8960.615806,,,2025-05-23 03:17:51
10562,15845,696,2,REPAY,1,1124.330471,,1124.330471,2025-05-23 03:23:17
10563,15846,618,4,DEPOSIT,1,5122.669377,5122.669377,,2025-05-23 03:47:02
10564,15847,750,2,BORROW,1,4291.913559,9970.8918706864,4291.913559,2025-05-23 04:03:25
10565,15848,396,3,BORROW,5,6393.88467,9674.4400404227,6393.88467,2025-05-23 05:00:28
10566,15849,521,4,BORROW,1,9219.187654,12240.7224604107,9219.187654,2025-05-23 05:14:33
10567,15850,106,2,REPAY,4,0.004145,,0.004145,2025-05-23 05:25:21
10568,15851,465,4,REPAY,1,3.944035,,3.944035,2025-05-23 05:25:48
10569,15852,89,2,REPAY,1,2.7e-05,,2.7e-05,2025-05-23 05:27:35
10570,15853,248,2,REPAY,1,0.000725,,0.000725,2025-05-23 05:31:35
10571,15854,864,1,REPAY,4,301.887022,,301.887022,2025-05-23 05:56:21
10572,15856,897,2,WITHDRAW,3,4786.332232,,,2025-05-23 06:05:28
10573,15857,755,3,BORROW,3,934.397927,1547.969298848,934.397927,2025-05-23 06:20:39
10574,15860,916,1,WITHDRAW,2,5976.690346,,,2025-05-23 06:29:33
10575,15861,836,4,WITHDRAW,3,8437.803332,,,2025-05-23 06:30:45
10576,15862,426,3,WITHDRAW,3,202.915888,,,2025-05-23 06:34:21
10577,15863,182,4,REPAY,5,0.004524,,0.004524,2025-05-23 06:44:29
10578,15866,784,2,REPAY,2,0.936291,,0.936291,2025-05-23 07:26:10
10579,15867,508,1,REPAY,3,0.589652,,0.589652,2025-05-23 07:27:24
10580,15868,473,4,REPAY,1,1.266727,,1.266727,2025-05-23 07:43:42
10581,15869,779,2,REPAY,3,0.000287,,0.000287,2025-05-23 07:49:42
10582,15870,372,2,WITHDRAW,2,5327.185065,,,2025-05-23 07:54:02
10583,15871,963,2,REPAY,4,48.73773,,48.73773,2025-05-23 08:13:27
10584,15872,919,2,REPAY,1,0.459733,,0.459733,2025-05-23 08:14:25
10585,15873,279,1,REPAY,1,461.080795,,461.080795,2025-05-23 08:16:30
10586,15874,148,2,DEPOSIT,3,9782.659223,9782.659223,,2025-05-23 08:20:39
10587,15875,293,1,DEPOSIT,3,6183.636912,6183.636912,,2025-05-23 08:21:02
10588,15876,642,1,REPAY,2,5110.052316,,5110.052316,2025-05-23 08:24:27
10589,15877,289,4,DEPOSIT,4,8775.82466,8775.82466,,2025-05-23 08:37:03
10590,15878,66,4,REPAY,4,0.009509,,0.009509,2025-05-23 08:54:27
10591,15879,34,4,WITHDRAW,2,129.718922,,,2025-05-23 09:05:04
10592,15881,871,3,BORROW,3,7790.136096,14562.8518833953,7790.136096,2025-05-23 09:15:00
10593,15882,156,1,WITHDRAW,1,5329.700299,,,2025-05-23 09:35:08
10594,15883,344,1,BORROW,5,5640.737882,7554.8985026402,5640.737882,2025-05-23 09:35:57
10595,15884,77,1,REPAY,5,319.421341,,319.421341,2025-05-23 09:56:56
10596,15885,178,2,REPAY,1,8e-06,,8e-06,2025-05-23 10:05:33
10597,15886,745,2,DEPOSIT,3,7147.901309,7147.901309,,2025-05-23 10:10:25
10598,15888,596,2,REPAY,5,1.519222,,1.519222,2025-05-23 10:33:56
10599,15889,446,1,WITHDRAW,5,5194.912001,,,2025-05-23 10:38:26
10600,15890,898,3,REPAY,5,5e-05,,5e-05,2025-05-23 10:50:20
10601,15891,568,4,REPAY,2,27.699988,,27.699988,2025-05-23 11:05:34
10602,15893,736,2,DEPOSIT,4,6011.29142,6011.29142,,2025-05-23 12:05:40
10603,15894,714,1,REPAY,5,4.35606,,4.35606,2025-05-23 12:08:21
10604,15895,803,3,DEPOSIT,3,6429.339347,6429.339347,,2025-05-23 12:20:07
10605,15897,828,3,REPAY,4,614.040325,,614.040325,2025-05-23 12:27:38
10606,15898,830,2,DEPOSIT,4,5460.75237,5460.75237,,2025-05-23 12:39:52
10607,15900,945,3,REPAY,2,0.00096,,0.00096,2025-05-23 13:28:34
10608,15903,556,2,DEPOSIT,2,597.817397,597.817397,,2025-05-23 13:58:56
10609,15906,488,1,BORROW,1,6334.265535,10051.6105781568,6334.265535,2025-05-23 14:10:37
10610,15910,781,1,REPAY,1,0.03956,,0.03956,2025-05-23 14:50:05
10611,15911,100,4,REPAY,4,273.840273,,273.840273,2025-05-23 14:55:36
10612,15912,398,3,REPAY,5,92.748867,,92.748867,2025-05-23 15:24:45
10613,15913,167,4,REPAY,3,0.01124,,0.01124,2025-05-23 15:25:10
10614,15914,934,2,REPAY,3,115.508945,,115.508945,2025-05-23 15:36:14
10615,15915,577,1,REPAY,3,0.000554,,0.000554,2025-05-23 16:29:10
10616,15916,519,4,WITHDRAW,2,7351.900597,,,2025-05-23 16:45:45
10617,15917,57,1,DEPOSIT,3,9544.526353,9544.526353,,2025-05-23 17:00:47
10618,15918,582,1,WITHDRAW,1,9685.67639,,,2025-05-23 17:07:08
10619,15919,749,1,REPAY,5,2.062749,,2.062749,2025-05-23 17:43:07
10620,15920,301,3,BORROW,3,7924.752346,11178.8126818932,7924.752346,2025-05-23 18:08:27
10621,15921,454,2,REPAY,3,0.002082,,0.002082,2025-05-23 18:09:01
10622,15922,998,4,REPAY,4,1.957765,,1.957765,2025-05-23 18:20:12
10623,15923,398,2,BORROW,2,3324.923364,8024.9293855782,3324.923364,2025-05-23 18:22:01
10624,15927,999,2,DEPOSIT,1,4906.438376,4906.438376,,2025-05-23 18:51:32
10625,15929,414,4,REPAY,4,66.616703,,66.616703,2025-05-23 18:59:33
10626,15930,846,4,LIQUIDATION,2,0.346519,0.3898012634,0.346519,2025-05-23 19:16:47
10627,15931,633,1,REPAY,4,3.002014,,3.002014,2025-05-23 19:19:00
10628,15932,128,3,WITHDRAW,3,6166.013085,,,2025-05-23 19:20:52
10629,15933,713,1,REPAY,5,0.076443,,0.076443,2025-05-23 19:29:26
10630,15934,304,4,REPAY,4,263.934971,,263.934971,2025-05-23 19:46:47
10631,15935,393,2,WITHDRAW,2,8506.207061,,,2025-05-23 20:26:37
10632,15939,843,2,REPAY,5,31.623519,,31.623519,2025-05-23 20:53:37
10633,15940,383,4,REPAY,5,2076.053466,,2076.053466,2025-05-23 20:59:40
10634,15943,348,4,REPAY,4,4.056734,,4.056734,2025-05-23 21:25:06
10635,15945,339,4,REPAY,1,350.841093,,350.841093,2025-05-23 21:36:07
10636,15946,541,4,BORROW,2,7760.317853,13393.9284053395,7760.317853,2025-05-23 21:38:05
10637,15947,269,4,BORROW,2,1639.648516,4019.1269575092,1639.648516,2025-05-23 21:57:21
10638,15948,14,4,REPAY,5,0.00665,,0.00665,2025-05-23 22:01:12
10639,15949,475,2,BORROW,5,7953.042385,12912.1469373177,7953.042385,2025-05-23 22:29:37
10640,15950,386,3,REPAY,1,79.020337,,79.020337,2025-05-23 22:37:17
10641,15951,985,1,REPAY,4,623.64138,,623.64138,2025-05-23 22:49:17
10642,15952,684,4,REPAY,1,0.557815,,0.557815,2025-05-23 22:50:31
10643,15953,425,4,LIQUIDATION,1,115.223769,98.908378745,115.223769,2025-05-23 22:52:39
10644,15954,708,2,REPAY,5,1519.223955,,1519.223955,2025-05-23 22:55:22
10645,15956,629,1,REPAY,1,0.517045,,0.517045,2025-05-23 23:19:28
10646,15957,986,1,REPAY,4,0.027112,,0.027112,2025-05-23 23:55:15
10647,15958,278,2,REPAY,1,1.844768,,1.844768,2025-05-24 00:27:38
10648,15959,437,2,REPAY,2,0.001128,,0.001128,2025-05-24 00:53:17
10649,15960,982,1,REPAY,1,0.412148,,0.412148,2025-05-24 01:21:38
10650,15961,103,1,DEPOSIT,2,5468.53587,5468.53587,,2025-05-24 01:25:13
10651,15964,675,1,REPAY,4,75.500666,,75.500666,2025-05-24 02:03:34
10652,15965,898,2,REPAY,4,4.8e-05,,4.8e-05,2025-05-24 02:17:10
10653,15966,744,4,REPAY,5,0.000333,,0.000333,2025-05-24 02:19:18
10654,15968,805,4,REPAY,4,8.6e-05,,8.6e-05,2025-05-24 02:56:57
10655,15969,498,4,BORROW,1,569.511403,696.7922035922,569.511403,2025-05-24 03:02:02
10656,15970,317,3,DEPOSIT,2,5854.616831,5854.616831,,2025-05-24 03:11:31
10657,15971,912,1,REPAY,4,0.203748,,0.203748,2025-05-24 03:13:05
10658,15972,738,4,LIQUIDATION,5,360.943044,396.6846821788,360.943044,2025-05-24 03:46:13
10659,15974,748,2,REPAY,2,315.906002,,315.906002,2025-05-24 04:01:25
10660,15977,615,4,REPAY,5,9e-06,,9e-06,2025-05-24 04:28:43
10661,15979,340,4,WITHDRAW,2,2625.647908,,,2025-05-24 04:44:20
10662,15980,906,1,REPAY,5,0.074789,,0.074789,2025-05-24 04:46:58
10663,15982,488,1,LIQUIDATION,5,13429.082949,12894.0995375187,13429.082949,2025-05-24 05:03:23
10664,15983,158,1,REPAY,4,0.015098,,0.015098,2025-05-24 05:26:00
10665,15984,817,2,REPAY,3,72.636777,,72.636777,2025-05-24 05:31:32
10666,15985,615,3,REPAY,5,1e-06,,1e-06,2025-05-24 05:33:13
10667,15987,558,3,REPAY,4,0.234992,,0.234992,2025-05-24 06:09:15
10668,15988,888,4,LIQUIDATION,3,28.603338,26.7744457141,28.603338,2025-05-24 06:19:47
10669,15990,96,3,REPAY,3,0.009463,,0.009463,2025-05-24 06:25:14
10670,15992,892,2,REPAY,3,0.626969,,0.626969,2025-05-24 06:58:23
10671,15993,452,1,DEPOSIT,4,8321.749423,8321.749423,,2025-05-24 06:59:44
10672,15995,753,4,REPAY,3,10.687986,,10.687986,2025-05-24 07:42:52
10673,15996,675,3,REPAY,2,217.397066,,217.397066,2025-05-24 07:49:08
10674,15997,333,2,REPAY,3,0.209805,,0.209805,2025-05-24 07:50:38
10675,15998,783,4,DEPOSIT,3,3323.428607,3323.428607,,2025-05-24 08:54:43
10676,15999,837,3,WITHDRAW,5,1095.311237,,,2025-05-24 09:25:35
10677,16000,935,4,WITHDRAW,5,4669.366763,,,2025-05-24 09:38:09
10678,16002,624,1,BORROW,2,1883.158208,3117.6362596223,1883.158208,2025-05-24 09:51:18
10679,16003,728,4,REPAY,1,0.802462,,0.802462,2025-05-24 10:29:59
10680,16004,993,2,REPAY,5,0.010499,,0.010499,2025-05-24 10:31:43
10681,16005,536,2,BORROW,2,2118.510206,5027.0986749183,2118.510206,2025-05-24 10:49:01
10682,16006,254,4,REPAY,3,36.065947,,36.065947,2025-05-24 10:58:11
10683,16007,850,4,DEPOSIT,4,7393.643617,7393.643617,,2025-05-24 11:07:35
10684,16008,764,1,REPAY,1,314.478041,,314.478041,2025-05-24 11:41:38
10685,16010,967,1,REPAY,3,0.000463,,0.000463,2025-05-24 11:54:39
10686,16011,559,2,REPAY,2,6259.703553,,6259.703553,2025-05-24 12:04:07
10687,16014,752,2,REPAY,4,0.000405,,0.000405,2025-05-24 12:50:31
10688,16015,378,4,REPAY,4,0.443845,,0.443845,2025-05-24 12:56:35
10689,16016,790,1,LIQUIDATION,5,11542.142656,13461.5851572738,11542.142656,2025-05-24 13:10:51
10690,16017,427,3,BORROW,4,8877.134927,15434.7887051864,8877.134927,2025-05-24 13:20:17
10691,16018,939,2,DEPOSIT,3,5958.186389,5958.186389,,2025-05-24 13:28:40
10692,16020,618,1,DEPOSIT,5,7443.197559,7443.197559,,2025-05-24 13:42:00
10693,16021,669,2,REPAY,3,6121.38915,,6121.38915,2025-05-24 14:01:13
10694,16022,787,2,DEPOSIT,3,6123.298813,6123.298813,,2025-05-24 14:05:07
10695,16024,625,4,REPAY,5,3.014955,,3.014955,2025-05-24 14:17:05
10696,16025,104,2,REPAY,3,450.499269,,450.499269,2025-05-24 14:40:26
10697,16027,929,3,DEPOSIT,4,4784.451949,4784.451949,,2025-05-24 14:45:29
10698,16029,948,4,BORROW,5,8451.202553,17786.532097706,8451.202553,2025-05-24 15:02:36
10699,16032,185,2,BORROW,1,2494.375521,4739.3177218403,2494.375521,2025-05-24 15:27:44
10700,16034,755,1,LIQUIDATION,1,8519.136754,7693.7208293682,8519.136754,2025-05-24 15:48:56
10701,16035,672,4,REPAY,3,1.041823,,1.041823,2025-05-24 15:56:50
10702,16036,74,2,REPAY,2,3.173763,,3.173763,2025-05-24 15:58:44
10703,16037,231,1,REPAY,1,0.209613,,0.209613,2025-05-24 15:59:39
10704,16038,631,2,DEPOSIT,4,882.996252,882.996252,,2025-05-24 16:14:36
10705,16039,590,3,BORROW,3,7158.251637,17678.2051751114,7158.251637,2025-05-24 16:42:37
10706,16040,391,3,BORROW,2,9542.02865,23117.6722121042,9542.02865,2025-05-24 16:53:35
10707,16041,343,1,BORROW,3,4855.492665,8713.5776395742,4855.492665,2025-05-24 17:01:45
10708,16042,233,4,REPAY,2,0.419423,,0.419423,2025-05-24 18:35:34
10709,16043,314,3,REPAY,1,0.002708,,0.002708,2025-05-24 18:37:35
10710,16044,438,3,REPAY,1,2733.99659,,2733.99659,2025-05-24 18:38:59
10711,16045,370,4,DEPOSIT,5,3451.719317,3451.719317,,2025-05-24 18:51:14
10712,16048,980,4,REPAY,2,2788.619778,,2788.619778,2025-05-24 19:03:19
10713,16049,520,3,BORROW,5,3597.188359,4982.4827697328,3597.188359,2025-05-24 19:06:00
10714,16051,63,4,DEPOSIT,5,2776.423759,2776.423759,,2025-05-24 19:21:31
10715,16054,690,4,DEPOSIT,2,6529.728346,6529.728346,,2025-05-24 19:45:10
10716,16055,309,3,REPAY,4,1.193165,,1.193165,2025-05-24 19:54:01
10717,16057,225,2,LIQUIDATION,5,0.12682,0.1187271246,0.12682,2025-05-24 19:58:58
10718,16060,319,2,DEPOSIT,4,9625.362009,9625.362009,,2025-05-24 20:55:56
10719,16061,296,2,WITHDRAW,3,9675.739417,,,2025-05-24 21:03:10
10720,16062,203,1,REPAY,3,716.260491,,716.260491,2025-05-24 21:22:05
10721,16063,237,2,REPAY,1,0.054213,,0.054213,2025-05-24 21:30:31
10722,16064,98,3,REPAY,3,0.514389,,0.514389,2025-05-24 21:33:01
10723,16065,768,4,REPAY,4,1.30563,,1.30563,2025-05-24 22:01:24
10724,16068,210,4,REPAY,5,4.224139,,4.224139,2025-05-24 22:30:43
10725,16070,662,2,DEPOSIT,5,3984.642445,3984.642445,,2025-05-24 22:40:17
10726,16071,240,1,WITHDRAW,4,1282.329144,,,2025-05-24 22:41:42
10727,16073,428,1,REPAY,5,0.00028,,0.00028,2025-05-24 23:04:16
10728,16074,843,2,REPAY,4,65.485666,,65.485666,2025-05-24 23:08:47
10729,16075,781,3,REPAY,1,0.002633,,0.002633,2025-05-24 23:18:37
10730,16076,961,4,REPAY,3,4.1e-05,,4.1e-05,2025-05-24 23:18:59
10731,16077,504,2,REPAY,2,35.60659,,35.60659,2025-05-24 23:19:27
10732,16078,754,4,REPAY,2,1699.429337,,1699.429337,2025-05-24 23:23:27
10733,16080,920,1,REPAY,3,267.840973,,267.840973,2025-05-24 23:31:29
10734,16081,279,1,REPAY,2,160.785946,,160.785946,2025-05-24 23:46:09
10735,16083,285,4,BORROW,4,1109.363214,2022.8175376638,1109.363214,2025-05-25 00:30:28
10736,16084,664,3,REPAY,1,0.000226,,0.000226,2025-05-25 00:32:32
10737,16086,968,4,REPAY,1,0.000876,,0.000876,2025-05-25 01:06:12
10738,16087,64,2,REPAY,3,2891.190912,,2891.190912,2025-05-25 01:28:22
10739,16088,121,4,REPAY,2,1047.734733,,1047.734733,2025-05-25 01:32:41
10740,16089,556,4,WITHDRAW,3,7589.588646,,,2025-05-25 01:32:59
10741,16090,467,3,BORROW,4,3933.457544,4926.2698626591,3933.457544,2025-05-25 01:48:55
10742,16092,407,1,REPAY,2,150.43823,,150.43823,2025-05-25 02:14:12
10743,16093,194,3,DEPOSIT,3,3490.953624,3490.953624,,2025-05-25 02:16:24
10744,16094,960,4,REPAY,4,7.6e-05,,7.6e-05,2025-05-25 02:41:16
10745,16095,230,2,REPAY,4,0.097698,,0.097698,2025-05-25 02:52:28
10746,16096,488,3,WITHDRAW,1,1181.828903,,,2025-05-25 02:56:24
10747,16097,372,4,WITHDRAW,4,3754.070523,,,2025-05-25 03:33:12
10748,16098,871,3,LIQUIDATION,3,8261.528064,8825.4103082809,8261.528064,2025-05-25 03:40:45
10749,16099,737,4,REPAY,1,0.200573,,0.200573,2025-05-25 03:53:38
10750,16100,815,3,REPAY,3,8.200339,,8.200339,2025-05-25 04:09:03
10751,16101,709,2,LIQUIDATION,1,8325.183867,7440.179208907,8325.183867,2025-05-25 04:21:05
10752,16104,231,3,REPAY,4,0.360335,,0.360335,2025-05-25 04:41:43
10753,16105,836,1,REPAY,4,3399.376845,,3399.376845,2025-05-25 04:42:29
10754,16107,694,2,REPAY,3,2231.255721,,2231.255721,2025-05-25 05:09:45
10755,16110,838,1,WITHDRAW,3,5006.388382,,,2025-05-25 05:57:01
10756,16111,139,2,REPAY,2,71.407596,,71.407596,2025-05-25 06:06:32
10757,16112,716,4,REPAY,4,440.535634,,440.535634,2025-05-25 06:13:10
10758,16113,908,2,DEPOSIT,5,3218.259754,3218.259754,,2025-05-25 06:17:24
10759,16114,512,1,REPAY,2,86.627494,,86.627494,2025-05-25 06:18:50
10760,16115,402,3,WITHDRAW,5,6881.670453,,,2025-05-25 06:28:10
10761,16116,728,2,REPAY,4,2.132908,,2.132908,2025-05-25 06:28:51
10762,16117,796,1,BORROW,5,8117.020066,16854.3217353859,8117.020066,2025-05-25 07:08:44
10763,16119,924,4,DEPOSIT,4,4338.846009,4338.846009,,2025-05-25 07:15:32
10764,16121,287,4,REPAY,4,524.986697,,524.986697,2025-05-25 07:18:14
10765,16122,282,1,REPAY,1,183.29909,,183.29909,2025-05-25 07:29:39
10766,16123,397,2,REPAY,2,6062.6817,,6062.6817,2025-05-25 08:32:21
10767,16125,903,4,REPAY,2,868.492905,,868.492905,2025-05-25 08:53:00
10768,16126,110,4,BORROW,2,2771.805633,3583.9750206345,2771.805633,2025-05-25 09:13:52
10769,16127,954,2,BORROW,1,6055.391198,8760.9709040709,6055.391198,2025-05-25 09:32:17
10770,16128,577,1,REPAY,5,0.000155,,0.000155,2025-05-25 09:38:24
10771,16129,950,4,REPAY,1,593.255129,,593.255129,2025-05-25 09:45:11
10772,16132,150,2,REPAY,3,0.12285,,0.12285,2025-05-25 10:21:33
10773,16134,918,3,REPAY,4,6e-06,,6e-06,2025-05-25 10:56:13
10774,16135,34,4,BORROW,2,8510.375723,13349.2962101953,8510.375723,2025-05-25 11:01:21
10775,16136,480,3,REPAY,2,813.673349,,813.673349,2025-05-25 11:06:00
10776,16137,776,1,BORROW,3,6419.632021,11727.1925691506,6419.632021,2025-05-25 11:32:01
10777,16138,98,2,REPAY,1,0.264405,,0.264405,2025-05-25 12:16:10
10778,16139,98,1,LIQUIDATION,2,0.090392,0.0954923707,0.090392,2025-05-25 12:26:29
10779,16140,727,3,REPAY,1,10.896363,,10.896363,2025-05-25 12:35:04
10780,16141,479,3,LIQUIDATION,1,2111.112537,2521.1131361613,2111.112537,2025-05-25 12:44:05
10781,16142,130,2,REPAY,3,13.776533,,13.776533,2025-05-25 12:59:34
10782,16143,585,4,REPAY,1,200.956053,,200.956053,2025-05-25 13:05:30
10783,16144,375,2,DEPOSIT,2,1956.744353,1956.744353,,2025-05-25 13:06:43
10784,16147,274,4,DEPOSIT,4,4127.231523,4127.231523,,2025-05-25 14:03:21
10785,16148,53,4,REPAY,5,185.728071,,185.728071,2025-05-25 14:04:04
10786,16149,305,1,BORROW,1,9092.754321,20778.0402250435,9092.754321,2025-05-25 14:04:49
10787,16150,198,2,REPAY,4,72.359681,,72.359681,2025-05-25 14:10:12
10788,16151,169,1,DEPOSIT,2,608.158037,608.158037,,2025-05-25 14:40:05
10789,16152,985,1,REPAY,4,766.2027,,766.2027,2025-05-25 14:48:30
10790,16153,391,3,LIQUIDATION,5,15561.945294,17406.7369427569,15561.945294,2025-05-25 15:46:02
10791,16154,232,2,REPAY,2,0.00292,,0.00292,2025-05-25 16:01:46
10792,16155,200,4,DEPOSIT,5,9996.111958,9996.111958,,2025-05-25 16:04:22
10793,16156,883,3,REPAY,1,214.685164,,214.685164,2025-05-25 16:51:28
10794,16157,864,1,REPAY,3,41.967255,,41.967255,2025-05-25 16:53:05
10795,16159,920,1,REPAY,5,114.96777,,114.96777,2025-05-25 16:56:55
10796,16160,816,4,BORROW,4,5251.619143,12316.1297699902,5251.619143,2025-05-25 17:03:55
10797,16161,788,3,BORROW,5,7876.683419,19167.5705378669,7876.683419,2025-05-25 17:25:11
10798,16163,811,3,REPAY,5,10.203451,,10.203451,2025-05-25 17:37:33
10799,16167,159,1,REPAY,1,1158.353358,,1158.353358,2025-05-25 18:35:14
10800,16168,577,2,REPAY,4,1.6e-05,,1.6e-05,2025-05-25 18:47:35
10801,16171,97,1,REPAY,2,0.226532,,0.226532,2025-05-25 19:26:45
10802,16172,582,3,DEPOSIT,4,635.144187,635.144187,,2025-05-25 19:29:04
10803,16173,116,4,WITHDRAW,4,4517.827566,,,2025-05-25 19:32:20
10804,16174,780,1,DEPOSIT,1,2320.44836,2320.44836,,2025-05-25 19:42:02
10805,16175,890,2,REPAY,4,2.258904,,2.258904,2025-05-25 20:13:35
10806,16177,526,1,REPAY,3,63.572411,,63.572411,2025-05-25 20:24:49
10807,16179,75,1,WITHDRAW,4,7104.143919,,,2025-05-25 20:35:31
10808,16180,662,3,WITHDRAW,1,5272.443043,,,2025-05-25 21:07:01
10809,16181,890,4,REPAY,5,1.574316,,1.574316,2025-05-25 21:18:48
10810,16182,213,1,REPAY,1,4.197229,,4.197229,2025-05-25 21:20:24
10811,16183,478,2,DEPOSIT,2,6989.855781,6989.855781,,2025-05-25 21:32:05
10812,16184,444,2,WITHDRAW,1,207.012977,,,2025-05-25 21:48:27
10813,16185,872,2,REPAY,3,2.390003,,2.390003,2025-05-25 22:37:56
10814,16186,836,1,REPAY,2,96.098537,,96.098537,2025-05-25 22:40:35
10815,16187,773,3,REPAY,3,3.7e-05,,3.7e-05,2025-05-25 22:55:29
10816,16188,120,1,REPAY,3,2036.994797,,2036.994797,2025-05-26 00:07:31
10817,16189,751,4,REPAY,3,0.165741,,0.165741,2025-05-26 00:10:24
10818,16190,399,2,BORROW,4,4421.251393,5419.5879982778,4421.251393,2025-05-26 00:11:11
10819,16191,326,2,BORROW,3,1029.137257,2208.0017248457,1029.137257,2025-05-26 00:18:23
10820,16192,758,4,REPAY,5,0.000292,,0.000292,2025-05-26 00:28:21
10821,16194,617,3,BORROW,3,8383.078845,19264.6236360351,8383.078845,2025-05-26 00:39:55
10822,16195,986,4,REPAY,4,0.001698,,0.001698,2025-05-26 00:42:34
10823,16196,629,1,REPAY,5,0.224332,,0.224332,2025-05-26 00:45:48
10824,16197,795,1,REPAY,3,3e-06,,3e-06,2025-05-26 01:15:02
10825,16198,568,1,DEPOSIT,1,5224.756297,5224.756297,,2025-05-26 01:24:32
10826,16199,852,1,REPAY,5,2187.807634,,2187.807634,2025-05-26 01:33:05
10827,16200,493,2,LIQUIDATION,1,7207.542951,7884.5875161512,7207.542951,2025-05-26 01:38:30
10828,16201,721,3,REPAY,5,7.223157,,7.223157,2025-05-26 01:40:35
10829,16206,301,1,REPAY,1,6913.103086,,6913.103086,2025-05-26 03:10:32
10830,16207,95,2,REPAY,1,0.480083,,0.480083,2025-05-26 03:29:21
10831,16208,179,1,WITHDRAW,5,645.405047,,,2025-05-26 04:12:04
10832,16209,578,2,REPAY,4,220.675269,,220.675269,2025-05-26 04:18:10
10833,16210,978,3,REPAY,2,0.001254,,0.001254,2025-05-26 04:26:06
10834,16212,213,2,REPAY,5,0.552564,,0.552564,2025-05-26 05:04:00
10835,16213,908,4,REPAY,2,18.032419,,18.032419,2025-05-26 05:06:34
10836,16215,960,2,REPAY,2,0.000179,,0.000179,2025-05-26 05:19:15
10837,16216,695,3,REPAY,3,2557.081934,,2557.081934,2025-05-26 05:26:44
10838,16217,395,3,BORROW,5,3321.230223,7375.2219595064,3321.230223,2025-05-26 05:27:49
10839,16218,580,3,REPAY,2,360.990791,,360.990791,2025-05-26 05:38:02
10840,16219,627,4,REPAY,4,37.265192,,37.265192,2025-05-26 05:59:00
10841,16220,415,4,LIQUIDATION,1,5442.411055,4432.5325970014,5442.411055,2025-05-26 06:17:53
10842,16221,193,1,BORROW,3,4758.998862,10197.555490593,4758.998862,2025-05-26 06:25:54
10843,16222,288,3,REPAY,5,5.999925,,5.999925,2025-05-26 06:37:33
10844,16223,367,1,REPAY,1,4606.782039,,4606.782039,2025-05-26 06:48:36
10845,16224,213,2,REPAY,5,0.215944,,0.215944,2025-05-26 07:03:34
10846,16225,304,3,REPAY,3,442.194581,,442.194581,2025-05-26 07:11:07
10847,16226,161,1,DEPOSIT,3,9923.208217,9923.208217,,2025-05-26 07:15:13
10848,16227,555,1,REPAY,4,136.637932,,136.637932,2025-05-26 07:17:07
10849,16228,944,4,REPAY,1,0.000349,,0.000349,2025-05-26 07:18:53
10850,16229,766,1,REPAY,3,0.005307,,0.005307,2025-05-26 07:40:36
10851,16230,554,2,REPAY,3,3.053885,,3.053885,2025-05-26 07:42:55
10852,16234,887,4,REPAY,2,0.001866,,0.001866,2025-05-26 09:16:58
10853,16235,575,2,WITHDRAW,3,1209.734823,,,2025-05-26 09:20:06
10854,16237,814,1,REPAY,1,1935.016506,,1935.016506,2025-05-26 10:10:51
10855,16238,72,2,WITHDRAW,5,1096.3255,,,2025-05-26 10:24:42
10856,16239,66,3,DEPOSIT,3,1014.19109,1014.19109,,2025-05-26 10:33:44
10857,16240,862,4,REPAY,3,190.475633,,190.475633,2025-05-26 10:36:28
10858,16241,142,3,DEPOSIT,5,1279.465124,1279.465124,,2025-05-26 11:01:00
10859,16242,584,4,LIQUIDATION,4,3441.83424,3665.5453192124,3441.83424,2025-05-26 11:13:54
10860,16246,644,2,BORROW,1,5168.045113,12294.5637772189,5168.045113,2025-05-26 12:09:11
10861,16247,153,3,REPAY,2,707.451445,,707.451445,2025-05-26 12:34:29
10862,16250,553,4,REPAY,1,3291.370256,,3291.370256,2025-05-26 13:46:26
10863,16252,245,1,REPAY,5,399.451943,,399.451943,2025-05-26 14:02:25
10864,16253,959,3,DEPOSIT,5,5467.723828,5467.723828,,2025-05-26 14:12:40
10865,16254,325,1,REPAY,4,4e-06,,4e-06,2025-05-26 14:19:56
10866,16255,779,1,REPAY,3,3e-05,,3e-05,2025-05-26 14:26:36
10867,16256,195,3,REPAY,3,0.007358,,0.007358,2025-05-26 14:51:32
10868,16258,158,4,REPAY,5,0.006556,,0.006556,2025-05-26 14:57:00
10869,16259,364,3,REPAY,1,0.024716,,0.024716,2025-05-26 14:57:18
10870,16260,138,1,BORROW,2,4872.397978,6590.8864753633,4872.397978,2025-05-26 14:57:29
10871,16261,610,1,REPAY,1,2421.055972,,2421.055972,2025-05-26 14:59:27
10872,16262,346,3,REPAY,4,0.084895,,0.084895,2025-05-26 15:41:31
10873,16263,346,2,REPAY,3,0.010205,,0.010205,2025-05-26 15:47:31
10874,16265,644,3,WITHDRAW,3,2023.277283,,,2025-05-26 16:06:56
10875,16266,180,2,REPAY,1,3358.685035,,3358.685035,2025-05-26 16:54:30
10876,16267,759,3,DEPOSIT,3,4554.7769,4554.7769,,2025-05-26 17:19:24
10877,16270,989,3,BORROW,5,6246.968699,8316.2693300262,6246.968699,2025-05-26 17:54:27
10878,16271,159,3,REPAY,2,1966.731309,,1966.731309,2025-05-26 17:57:59
10879,16273,388,1,LIQUIDATION,1,0.001838,0.0016661183,0.001838,2025-05-26 18:38:42
10880,16274,488,4,DEPOSIT,4,8813.74671,8813.74671,,2025-05-26 19:14:58
10881,16275,657,1,DEPOSIT,2,4043.840721,4043.840721,,2025-05-26 20:06:30
10882,16277,919,3,REPAY,4,0.030079,,0.030079,2025-05-26 20:23:57
10883,16278,869,3,REPAY,5,4330.613935,,4330.613935,2025-05-26 20:31:59
10884,16279,587,3,BORROW,2,1096.368321,2562.1398892263,1096.368321,2025-05-26 20:32:55
10885,16280,766,3,REPAY,3,0.000683,,0.000683,2025-05-26 21:13:22
10886,16282,738,1,WITHDRAW,3,8239.272498,,,2025-05-26 21:31:25
10887,16284,539,2,REPAY,5,49.885928,,49.885928,2025-05-26 21:55:03
10888,16285,833,1,REPAY,5,321.111878,,321.111878,2025-05-26 21:57:46
10889,16287,81,4,BORROW,5,2530.012364,5127.9323035533,2530.012364,2025-05-26 22:36:16
10890,16289,789,4,LIQUIDATION,3,5486.00415,6290.8131341498,5486.00415,2025-05-26 22:48:57
10891,16290,372,3,BORROW,3,3597.949235,4657.2553763312,3597.949235,2025-05-26 23:04:48
10892,16291,444,1,REPAY,3,10.964023,,10.964023,2025-05-26 23:06:12
10893,16292,227,4,DEPOSIT,2,6458.881415,6458.881415,,2025-05-26 23:18:02
10894,16293,333,2,REPAY,5,0.146141,,0.146141,2025-05-26 23:38:09
10895,16294,217,4,BORROW,1,1941.514717,3756.7962922975,1941.514717,2025-05-26 23:42:49
10896,16295,887,4,REPAY,4,0.002535,,0.002535,2025-05-26 23:50:20
10897,16296,481,4,REPAY,5,18.674841,,18.674841,2025-05-26 23:52:31
10898,16297,984,1,REPAY,1,3.46121,,3.46121,2025-05-26 23:58:54
10899,16298,794,3,DEPOSIT,1,8237.40694,8237.40694,,2025-05-27 00:08:32
10900,16299,988,2,REPAY,5,1321.626285,,1321.626285,2025-05-27 00:24:11
10901,16301,785,4,DEPOSIT,5,1421.111574,1421.111574,,2025-05-27 01:11:50
10902,16304,317,1,BORROW,3,1672.051091,3259.6149909332,1672.051091,2025-05-27 01:40:11
10903,16305,237,4,REPAY,1,0.00987,,0.00987,2025-05-27 01:45:35
10904,16306,417,1,REPAY,5,465.702393,,465.702393,2025-05-27 01:48:57
10905,16308,694,4,REPAY,3,216.548947,,216.548947,2025-05-27 02:05:27
10906,16311,641,2,REPAY,1,46.745039,,46.745039,2025-05-27 02:23:29
10907,16312,752,4,REPAY,3,0.001429,,0.001429,2025-05-27 02:26:29
10908,16313,562,4,REPAY,1,88.852328,,88.852328,2025-05-27 02:34:04
10909,16314,392,4,REPAY,1,0.023586,,0.023586,2025-05-27 02:39:03
10910,16315,386,2,WITHDRAW,2,3406.023504,,,2025-05-27 02:43:41
10911,16316,682,4,BORROW,1,4711.260372,7277.6847284865,4711.260372,2025-05-27 02:54:56
10912,16317,854,2,DEPOSIT,1,9564.039514,9564.039514,,2025-05-27 03:10:37
10913,16318,975,2,BORROW,3,6444.921068,15468.8707086031,6444.921068,2025-05-27 03:13:33
10914,16319,529,4,REPAY,1,0.020337,,0.020337,2025-05-27 03:29:32
10915,16320,753,4,REPAY,5,14.179102,,14.179102,2025-05-27 03:30:11
10916,16321,489,4,REPAY,3,1e-06,,1e-06,2025-05-27 03:37:47
10917,16322,492,4,BORROW,1,8803.882137,16114.8366802107,8803.882137,2025-05-27 03:45:21
10918,16323,605,3,REPAY,3,39.285091,,39.285091,2025-05-27 03:48:29
10919,16326,959,1,REPAY,5,867.737892,,867.737892,2025-05-27 04:42:44
10920,16327,63,3,WITHDRAW,1,4491.690687,,,2025-05-27 04:45:27
10921,16328,373,4,LIQUIDATION,4,3666.967754,3984.6953395129,3666.967754,2025-05-27 05:10:45
10922,16329,524,3,REPAY,3,804.754872,,804.754872,2025-05-27 05:23:47
10923,16331,581,4,BORROW,4,281.153504,341.0939633809,281.153504,2025-05-27 05:36:03
10924,16332,706,2,REPAY,3,0.020244,,0.020244,2025-05-27 05:58:11
10925,16333,428,2,REPAY,3,0.00013,,0.00013,2025-05-27 06:02:34
10926,16334,448,4,REPAY,1,375.048161,,375.048161,2025-05-27 06:03:17
10927,16335,439,1,LIQUIDATION,2,159.496801,148.51772235,159.496801,2025-05-27 06:11:44
10928,16336,156,1,WITHDRAW,2,5805.064949,,,2025-05-27 06:24:40
10929,16337,602,2,REPAY,4,0.000108,,0.000108,2025-05-27 06:43:04
10930,16338,553,1,REPAY,1,2177.776959,,2177.776959,2025-05-27 06:43:18
10931,16339,256,3,REPAY,2,870.205855,,870.205855,2025-05-27 07:25:08
10932,16340,950,1,REPAY,5,493.165658,,493.165658,2025-05-27 07:35:52
10933,16341,516,3,REPAY,2,8137.333896,,8137.333896,2025-05-27 07:36:10
10934,16342,7,3,REPAY,1,603.870643,,603.870643,2025-05-27 07:55:38
10935,16343,779,4,REPAY,5,1e-05,,1e-05,2025-05-27 08:00:08
10936,16345,365,3,REPAY,2,26.003183,,26.003183,2025-05-27 08:45:38
10937,16346,592,3,REPAY,3,0.005556,,0.005556,2025-05-27 09:58:40
10938,16349,58,4,REPAY,5,5.117182,,5.117182,2025-05-27 11:26:09
10939,16350,963,4,REPAY,4,12.358079,,12.358079,2025-05-27 11:38:09
10940,16351,392,3,REPAY,3,0.003837,,0.003837,2025-05-27 11:41:31
10941,16352,583,2,DEPOSIT,4,5997.723002,5997.723002,,2025-05-27 11:50:01
10942,16353,470,4,BORROW,4,1902.939927,3977.6441506638,1902.939927,2025-05-27 12:04:04
10943,16354,254,4,REPAY,3,2.061088,,2.061088,2025-05-27 12:07:21
10944,16355,243,1,REPAY,1,0.017424,,0.017424,2025-05-27 12:27:32
10945,16358,333,3,BORROW,4,2093.359865,3179.8677560808,2093.359865,2025-05-27 13:20:28
10946,16359,196,4,REPAY,5,16.074467,,16.074467,2025-05-27 13:29:13
10947,16360,140,2,REPAY,4,0.007275,,0.007275,2025-05-27 13:50:01
10948,16361,771,4,REPAY,1,649.499365,,649.499365,2025-05-27 13:55:28
10949,16362,603,3,REPAY,3,0.003043,,0.003043,2025-05-27 14:22:25
10950,16364,688,2,REPAY,2,0.044813,,0.044813,2025-05-27 14:25:26
10951,16365,785,3,REPAY,2,21.52532,,21.52532,2025-05-27 14:30:05
10952,16366,579,1,REPAY,5,83.880103,,83.880103,2025-05-27 14:31:11
10953,16367,355,4,REPAY,3,5559.459283,,5559.459283,2025-05-27 14:43:54
10954,16368,962,1,REPAY,3,2256.274128,,2256.274128,2025-05-27 15:03:25
10955,16370,571,4,REPAY,4,0.011632,,0.011632,2025-05-27 15:20:42
10956,16371,809,2,WITHDRAW,2,5086.103891,,,2025-05-27 15:38:13
10957,16372,768,3,REPAY,5,0.053978,,0.053978,2025-05-27 15:41:27
10958,16373,987,2,WITHDRAW,5,5538.199122,,,2025-05-27 16:07:01
10959,16374,282,1,LIQUIDATION,4,154.196249,165.2336228484,154.196249,2025-05-27 16:24:16
10960,16375,422,4,REPAY,2,483.91663,,483.91663,2025-05-27 16:45:28
10961,16376,127,2,DEPOSIT,5,5596.309241,5596.309241,,2025-05-27 16:48:37
10962,16377,613,1,REPAY,5,2.1e-05,,2.1e-05,2025-05-27 17:05:08
10963,16378,252,1,BORROW,5,2146.767827,5208.7828834711,2146.767827,2025-05-27 17:23:39
10964,16379,427,1,LIQUIDATION,2,8877.134927,9254.6942191094,8877.134927,2025-05-27 18:01:02
10965,16380,815,1,REPAY,2,4.60198,,4.60198,2025-05-27 18:07:01
10966,16381,865,1,WITHDRAW,2,9316.012866,,,2025-05-27 18:20:52
10967,16382,334,2,DEPOSIT,4,4707.632727,4707.632727,,2025-05-27 18:26:05
10968,16384,574,3,WITHDRAW,1,2343.177662,,,2025-05-27 18:48:03
10969,16385,512,4,REPAY,5,35.921665,,35.921665,2025-05-27 19:01:54
10970,16386,318,4,BORROW,4,1087.357792,2335.8281915675,1087.357792,2025-05-27 19:44:48
10971,16388,552,1,BORROW,3,962.208589,1316.7059649831,962.208589,2025-05-27 20:09:10
10972,16389,601,2,REPAY,5,229.573947,,229.573947,2025-05-27 20:37:37
10973,16390,914,2,REPAY,3,23.052732,,23.052732,2025-05-27 20:38:41
10974,16391,43,1,REPAY,4,159.247546,,159.247546,2025-05-27 21:20:40
10975,16392,126,4,BORROW,4,6291.077857,10673.4297407902,6291.077857,2025-05-27 21:30:06
10976,16393,299,4,REPAY,5,2.1e-05,,2.1e-05,2025-05-27 21:38:43
10977,16394,744,4,REPAY,3,0.00032,,0.00032,2025-05-27 21:49:29
10978,16395,280,4,REPAY,3,3479.523684,,3479.523684,2025-05-27 21:50:45
10979,16396,483,1,REPAY,1,0.000654,,0.000654,2025-05-27 22:02:28
10980,16397,920,3,REPAY,4,540.685299,,540.685299,2025-05-27 22:04:06
10981,16398,940,3,REPAY,2,145.800445,,145.800445,2025-05-27 22:19:41
10982,16399,329,2,BORROW,1,4844.11508,9544.7523627093,4844.11508,2025-05-27 22:27:57
10983,16400,352,3,REPAY,1,526.47324,,526.47324,2025-05-27 22:48:23
10984,16402,395,4,REPAY,3,1823.963266,,1823.963266,2025-05-27 23:04:29
10985,16403,576,3,REPAY,1,7.7e-05,,7.7e-05,2025-05-27 23:09:57
10986,16404,276,3,REPAY,2,4e-05,,4e-05,2025-05-27 23:20:51
10987,16405,277,1,BORROW,5,6299.727764,7562.2885969344,6299.727764,2025-05-27 23:27:50
10988,16406,599,4,DEPOSIT,2,6530.247823,6530.247823,,2025-05-27 23:47:06
10989,16408,196,2,REPAY,1,1.064381,,1.064381,2025-05-28 00:14:16
10990,16409,409,1,REPAY,5,4.551428,,4.551428,2025-05-28 00:34:18
10991,16411,38,4,DEPOSIT,5,3370.834083,3370.834083,,2025-05-28 00:50:09
10992,16412,382,3,REPAY,3,28.505731,,28.505731,2025-05-28 01:01:15
10993,16414,609,2,DEPOSIT,1,3761.158688,3761.158688,,2025-05-28 01:11:36
10994,16415,450,2,BORROW,1,2038.679177,4452.2019696353,2038.679177,2025-05-28 01:16:29
10995,16416,178,2,REPAY,3,1e-06,,1e-06,2025-05-28 01:25:56
10996,16418,853,4,REPAY,4,2.396242,,2.396242,2025-05-28 01:30:33
10997,16419,322,1,LIQUIDATION,2,2188.686363,2145.2588229193,2188.686363,2025-05-28 01:31:36
10998,16420,892,4,REPAY,5,0.589586,,0.589586,2025-05-28 02:04:52
10999,16421,589,4,BORROW,4,4165.655402,7349.4300244878,4165.655402,2025-05-28 02:26:21
11000,16423,492,4,REPAY,2,5297.516566,,5297.516566,2025-05-28 02:46:16
11001,16424,526,2,REPAY,5,11.537876,,11.537876,2025-05-28 02:57:06
11002,16425,398,3,REPAY,4,1674.785815,,1674.785815,2025-05-28 03:12:14
11003,16426,154,3,DEPOSIT,5,9240.741162,9240.741162,,2025-05-28 03:17:43
11004,16427,422,3,REPAY,1,386.933916,,386.933916,2025-05-28 03:29:41
11005,16428,62,1,REPAY,5,0.000433,,0.000433,2025-05-28 03:37:56
11006,16429,543,2,LIQUIDATION,5,0.282144,0.2805211991,0.282144,2025-05-28 04:15:30
11007,16430,254,4,REPAY,3,3.055412,,3.055412,2025-05-28 05:29:12
11008,16432,11,2,DEPOSIT,4,9279.099747,9279.099747,,2025-05-28 05:54:12
11009,16433,598,1,REPAY,4,0.374288,,0.374288,2025-05-28 06:17:41
11010,16434,660,3,REPAY,5,1631.266738,,1631.266738,2025-05-28 06:24:43
11011,16435,577,2,DEPOSIT,4,8944.469836,8944.469836,,2025-05-28 06:26:15
11012,16436,351,1,REPAY,3,0.00027,,0.00027,2025-05-28 06:29:52
11013,16437,982,3,REPAY,5,0.026747,,0.026747,2025-05-28 06:35:45
11014,16438,733,2,WITHDRAW,1,6994.157706,,,2025-05-28 06:40:39
11015,16439,303,1,REPAY,5,0.059628,,0.059628,2025-05-28 06:50:14
11016,16441,778,4,WITHDRAW,2,378.555953,,,2025-05-28 08:21:43
11017,16444,465,3,REPAY,3,0.571893,,0.571893,2025-05-28 08:55:17
11018,16445,391,4,BORROW,2,9703.080949,16588.8064176527,9703.080949,2025-05-28 09:17:51
11019,16447,805,3,REPAY,1,2e-06,,2e-06,2025-05-28 10:05:34
11020,16448,762,4,REPAY,1,0.001973,,0.001973,2025-05-28 10:41:14
11021,16449,681,1,BORROW,4,5043.31476,6136.6329077227,5043.31476,2025-05-28 10:51:05
11022,16453,501,1,BORROW,2,2170.298232,5126.278096821,2170.298232,2025-05-28 12:02:34
11023,16454,314,1,WITHDRAW,3,853.23306,,,2025-05-28 12:19:37
11024,16455,944,3,REPAY,4,4.6e-05,,4.6e-05,2025-05-28 13:21:39
11025,16456,652,3,DEPOSIT,2,499.993706,499.993706,,2025-05-28 13:26:02
11026,16457,76,4,WITHDRAW,1,2759.532024,,,2025-05-28 13:52:33
11027,16461,757,1,BORROW,3,9600.699962,15339.2196597951,9600.699962,2025-05-28 15:22:07
11028,16462,575,1,DEPOSIT,3,8333.672328,8333.672328,,2025-05-28 15:26:21
11029,16463,319,1,WITHDRAW,3,823.837267,,,2025-05-28 15:53:49
11030,16465,413,3,REPAY,3,30.94976,,30.94976,2025-05-28 16:06:14
11031,16466,139,4,REPAY,2,13.874709,,13.874709,2025-05-28 16:07:50
11032,16468,238,1,BORROW,3,5839.455863,12731.6853598636,5839.455863,2025-05-28 16:20:36
11033,16469,88,4,REPAY,1,8e-06,,8e-06,2025-05-28 16:34:01
11034,16470,613,4,DEPOSIT,4,5127.792301,5127.792301,,2025-05-28 16:34:52
11035,16474,527,4,REPAY,4,126.493741,,126.493741,2025-05-28 17:59:07
11036,16477,545,2,REPAY,2,240.46759,,240.46759,2025-05-28 18:27:40
11037,16479,775,1,REPAY,2,3967.930662,,3967.930662,2025-05-28 19:06:52
11038,16480,43,3,REPAY,3,478.533895,,478.533895,2025-05-28 19:15:54
11039,16481,874,3,REPAY,5,1000.6788,,1000.6788,2025-05-28 19:25:04
11040,16482,518,2,BORROW,4,9515.422815,16947.678698774,9515.422815,2025-05-28 19:52:58
11041,16483,428,2,REPAY,3,7.8e-05,,7.8e-05,2025-05-28 20:01:16
11042,16485,56,1,DEPOSIT,2,4800.675629,4800.675629,,2025-05-28 20:12:47
11043,16487,654,3,WITHDRAW,3,2444.585706,,,2025-05-28 20:43:06
11044,16488,483,1,REPAY,5,0.000254,,0.000254,2025-05-28 20:43:26
11045,16489,835,3,LIQUIDATION,3,276.034572,322.9885607776,276.034572,2025-05-28 21:01:48
11046,16490,260,1,REPAY,2,0.918812,,0.918812,2025-05-28 21:08:42
11047,16491,152,2,WITHDRAW,1,7510.315797,,,2025-05-28 21:19:30
11048,16492,446,4,DEPOSIT,5,1173.156498,1173.156498,,2025-05-28 21:26:53
11049,16493,693,4,REPAY,3,0.22459,,0.22459,2025-05-28 21:40:49
11050,16494,887,4,REPAY,2,0.000198,,0.000198,2025-05-28 21:41:18
11051,16495,771,4,DEPOSIT,5,5996.27859,5996.27859,,2025-05-28 21:45:45
11052,16497,285,1,REPAY,1,396.684445,,396.684445,2025-05-28 22:01:36
11053,16498,290,4,WITHDRAW,3,5325.269823,,,2025-05-28 22:31:23
11054,16499,689,1,DEPOSIT,4,4411.561387,4411.561387,,2025-05-28 22:31:43
11055,16500,932,2,BORROW,5,6587.775991,15568.9771868194,6587.775991,2025-05-28 22:50:52
11056,16501,529,1,WITHDRAW,5,1993.644915,,,2025-05-28 22:57:00
11057,16503,321,2,BORROW,3,1306.893696,2230.3689909733,1306.893696,2025-05-28 23:03:46
11058,16505,561,3,REPAY,1,1.662036,,1.662036,2025-05-28 23:58:42
11059,16506,545,1,REPAY,4,45.942384,,45.942384,2025-05-29 00:12:55
11060,16508,65,2,DEPOSIT,3,4489.791045,4489.791045,,2025-05-29 00:27:10
11061,16509,774,1,DEPOSIT,3,3188.36207,3188.36207,,2025-05-29 00:31:07
11062,16510,10,4,WITHDRAW,3,1480.369008,,,2025-05-29 00:55:24
11063,16511,196,3,REPAY,2,1.819469,,1.819469,2025-05-29 00:58:34
11064,16514,650,4,REPAY,1,0.003984,,0.003984,2025-05-29 01:31:05
11065,16515,776,3,LIQUIDATION,1,6419.632021,5868.6792793036,6419.632021,2025-05-29 02:00:32
11066,16517,720,2,WITHDRAW,5,5802.458638,,,2025-05-29 02:25:02
11067,16518,521,2,LIQUIDATION,4,9219.283944,10897.8420417965,9219.283944,2025-05-29 02:26:29
11068,16519,542,3,BORROW,4,5997.624811,12628.8904139225,5997.624811,2025-05-29 02:33:37
11069,16520,824,1,WITHDRAW,2,4420.289294,,,2025-05-29 02:50:44
11070,16521,823,4,DEPOSIT,1,5553.667517,5553.667517,,2025-05-29 03:05:57
11071,16522,763,3,DEPOSIT,1,9740.853055,9740.853055,,2025-05-29 03:09:03
11072,16525,276,2,REPAY,5,4.5e-05,,4.5e-05,2025-05-29 03:36:31
11073,16526,253,2,REPAY,2,33.668276,,33.668276,2025-05-29 03:44:11
11074,16527,417,1,REPAY,3,130.9481,,130.9481,2025-05-29 03:49:00
11075,16528,970,2,DEPOSIT,5,6309.181067,6309.181067,,2025-05-29 03:49:13
11076,16529,252,3,BORROW,2,544.639458,1343.0743743095,544.639458,2025-05-29 03:56:53
11077,16530,489,1,REPAY,5,0.0,,0.0,2025-05-29 04:02:38
11078,16532,351,1,REPAY,4,1e-06,,1e-06,2025-05-29 04:13:17
11079,16533,176,1,LIQUIDATION,2,1309.450392,1339.0046362798,1309.450392,2025-05-29 04:24:12
11080,16534,134,2,REPAY,1,2970.443466,,2970.443466,2025-05-29 04:31:11
11081,16536,498,4,REPAY,1,98.315484,,98.315484,2025-05-29 04:38:38
11082,16537,404,2,REPAY,4,565.235743,,565.235743,2025-05-29 04:52:56
11083,16539,190,4,REPAY,4,2448.648747,,2448.648747,2025-05-29 05:05:34
11084,16540,813,2,REPAY,3,0.048632,,0.048632,2025-05-29 05:28:40
11085,16541,810,2,REPAY,4,42.846958,,42.846958,2025-05-29 05:31:06
11086,16542,170,1,REPAY,4,1396.149945,,1396.149945,2025-05-29 05:53:54
11087,16543,563,3,BORROW,5,6283.705102,15066.0898021493,6283.705102,2025-05-29 05:54:54
11088,16544,336,4,REPAY,4,338.319098,,338.319098,2025-05-29 06:29:24
11089,16546,993,3,REPAY,1,0.028845,,0.028845,2025-05-29 06:35:06
11090,16547,552,2,REPAY,2,639.281048,,639.281048,2025-05-29 06:59:07
11091,16548,727,3,REPAY,4,45.119157,,45.119157,2025-05-29 07:08:55
11092,16549,858,4,BORROW,3,2170.639754,3178.6817874854,2170.639754,2025-05-29 07:49:49
11093,16550,883,1,REPAY,4,1.47107,,1.47107,2025-05-29 07:50:06
11094,16552,726,1,REPAY,5,0.002804,,0.002804,2025-05-29 08:20:04
11095,16553,497,1,REPAY,1,0.233181,,0.233181,2025-05-29 08:32:59
11096,16556,605,4,REPAY,4,1.024647,,1.024647,2025-05-29 08:57:26
11097,16557,948,2,REPAY,3,2472.847396,,2472.847396,2025-05-29 09:21:26
11098,16560,118,1,REPAY,2,2698.470322,,2698.470322,2025-05-29 09:38:10
11099,16561,443,2,WITHDRAW,2,9560.558586,,,2025-05-29 09:43:14
11100,16563,9,3,BORROW,2,2725.18683,6035.3555561447,2725.18683,2025-05-29 10:11:59
11101,16565,588,3,BORROW,4,8287.401548,15399.9162966377,8287.401548,2025-05-29 10:22:52
11102,16566,781,2,REPAY,4,0.006944,,0.006944,2025-05-29 10:29:38
11103,16568,380,4,BORROW,5,1912.440906,4386.4641475364,1912.440906,2025-05-29 11:00:24
11104,16569,935,4,DEPOSIT,2,4848.954182,4848.954182,,2025-05-29 11:00:33
11105,16570,649,3,REPAY,4,641.152134,,641.152134,2025-05-29 11:15:40
11106,16572,404,1,REPAY,1,1046.020654,,1046.020654,2025-05-29 11:50:45
11107,16574,259,1,REPAY,2,0.000205,,0.000205,2025-05-29 12:18:20
11108,16575,2,4,REPAY,2,95.98643,,95.98643,2025-05-29 12:42:37
11109,16576,495,4,REPAY,4,0.029163,,0.029163,2025-05-29 12:52:46
11110,16577,619,3,REPAY,3,4936.055355,,4936.055355,2025-05-29 13:08:29
11111,16578,507,1,REPAY,2,6.003369,,6.003369,2025-05-29 13:32:11
11112,16579,919,3,REPAY,5,0.120951,,0.120951,2025-05-29 13:54:12
11113,16580,39,4,REPAY,4,0.000997,,0.000997,2025-05-29 14:03:45
11114,16581,259,2,REPAY,3,0.000145,,0.000145,2025-05-29 14:26:11
11115,16582,304,2,REPAY,2,862.52887,,862.52887,2025-05-29 15:00:10
11116,16583,333,4,WITHDRAW,2,7812.731426,,,2025-05-29 15:06:18
11117,16584,83,3,REPAY,2,0.334632,,0.334632,2025-05-29 15:11:08
11118,16587,371,1,BORROW,5,8537.98173,14920.7739906702,8537.98173,2025-05-29 15:31:59
11119,16588,141,1,REPAY,3,0.000196,,0.000196,2025-05-29 15:37:43
11120,16589,556,2,BORROW,5,2710.78949,3848.3244935995,2710.78949,2025-05-29 15:38:28
11121,16590,78,2,WITHDRAW,2,8192.138295,,,2025-05-29 15:50:04
11122,16591,309,4,REPAY,1,1.018601,,1.018601,2025-05-29 16:20:04
11123,16592,961,3,REPAY,5,0.000141,,0.000141,2025-05-29 16:27:32
11124,16593,588,4,BORROW,2,295.047347,569.012766139,295.047347,2025-05-29 16:34:46
11125,16594,81,1,REPAY,4,988.650314,,988.650314,2025-05-29 16:59:39
11126,16595,908,2,REPAY,4,46.335218,,46.335218,2025-05-29 17:00:56
11127,16596,173,3,DEPOSIT,2,3222.208934,3222.208934,,2025-05-29 17:09:40
11128,16598,41,2,REPAY,5,1.68483,,1.68483,2025-05-29 17:26:37
11129,16599,851,4,REPAY,3,1.008264,,1.008264,2025-05-29 17:36:44
11130,16600,140,2,REPAY,3,0.000605,,0.000605,2025-05-29 17:41:20
11131,16601,829,1,WITHDRAW,2,5110.781512,,,2025-05-29 17:42:38
11132,16602,888,2,WITHDRAW,2,9593.881068,,,2025-05-29 17:52:44
11133,16603,816,4,REPAY,3,1764.218719,,1764.218719,2025-05-29 18:04:04
11134,16604,21,3,WITHDRAW,2,9571.605089,,,2025-05-29 18:04:19
11135,16606,464,4,BORROW,1,616.106074,1127.9092715272,616.106074,2025-05-29 18:45:36
11136,16609,784,3,REPAY,1,0.024859,,0.024859,2025-05-29 19:15:28
11137,16611,942,1,REPAY,5,1312.932241,,1312.932241,2025-05-29 19:23:27
11138,16612,735,3,WITHDRAW,3,9442.001511,,,2025-05-29 19:40:14
11139,16613,197,3,WITHDRAW,1,6625.987838,,,2025-05-29 19:44:51
11140,16614,807,1,BORROW,3,5393.093731,9106.7163211843,5393.093731,2025-05-29 19:46:42
11141,16615,711,3,REPAY,4,0.00322,,0.00322,2025-05-29 19:52:50
11142,16616,794,1,WITHDRAW,2,9369.820632,,,2025-05-29 19:54:38
11143,16617,699,3,REPAY,3,0.003467,,0.003467,2025-05-29 20:00:45
11144,16618,822,3,REPAY,1,0.036469,,0.036469,2025-05-29 20:07:06
11145,16619,370,3,DEPOSIT,5,1144.202662,1144.202662,,2025-05-29 20:11:11
11146,16620,511,4,BORROW,5,3844.1799,4856.8567407882,3844.1799,2025-05-29 20:19:51
11147,16622,608,1,REPAY,2,543.192529,,543.192529,2025-05-29 21:12:34
11148,16623,242,4,BORROW,3,9509.903065,20029.994121496,9509.903065,2025-05-29 21:16:17
11149,16625,783,1,WITHDRAW,1,7658.426143,,,2025-05-29 21:42:15
11150,16626,868,4,BORROW,1,4965.20569,10553.6248518466,4965.20569,2025-05-29 21:44:34
11151,16630,459,3,DEPOSIT,1,5725.521421,5725.521421,,2025-05-29 22:17:16
11152,16631,961,1,REPAY,5,3.8e-05,,3.8e-05,2025-05-29 22:25:37
11153,16632,635,4,DEPOSIT,1,437.70335,437.70335,,2025-05-29 22:37:51
11154,16633,525,1,REPAY,2,1428.971037,,1428.971037,2025-05-29 22:42:20
11155,16634,647,1,WITHDRAW,2,4572.87219,,,2025-05-29 22:55:20
11156,16636,807,1,REPAY,5,2501.023758,,2501.023758,2025-05-29 23:00:41
11157,16637,910,1,LIQUIDATION,2,2521.977037,2174.5493518892,2521.977037,2025-05-29 23:00:58
11158,16640,692,2,REPAY,1,121.527511,,121.527511,2025-05-30 00:25:10
11159,16642,96,4,REPAY,1,0.000577,,0.000577,2025-05-30 00:56:35
11160,16644,779,1,REPAY,5,1e-06,,1e-06,2025-05-30 01:01:10
11161,16645,265,2,REPAY,5,0.01565,,0.01565,2025-05-30 01:08:43
11162,16646,779,2,REPAY,1,1e-06,,1e-06,2025-05-30 01:08:53
11163,16648,331,3,REPAY,1,0.005462,,0.005462,2025-05-30 01:21:31
11164,16649,782,4,REPAY,3,0.089958,,0.089958,2025-05-30 01:28:39
11165,16651,144,2,DEPOSIT,4,2608.749524,2608.749524,,2025-05-30 02:06:31
11166,16652,738,1,BORROW,4,3372.807195,5800.7028177398,3372.807195,2025-05-30 02:07:18
11167,16653,532,1,REPAY,3,10.987245,,10.987245,2025-05-30 02:24:43
11168,16654,227,3,BORROW,3,6024.089264,13031.2629800145,6024.089264,2025-05-30 02:52:00
11169,16655,450,1,REPAY,2,2097.992351,,2097.992351,2025-05-30 02:58:48
11170,16657,166,4,REPAY,5,0.135422,,0.135422,2025-05-30 03:49:05
11171,16660,257,4,WITHDRAW,5,4533.724567,,,2025-05-30 04:21:09
11172,16662,135,3,BORROW,5,795.576484,1390.3956784301,795.576484,2025-05-30 04:45:47
11173,16666,856,3,WITHDRAW,1,4217.957191,,,2025-05-30 05:33:15
11174,16667,894,3,REPAY,3,2021.324743,,2021.324743,2025-05-30 05:57:55
11175,16668,662,3,DEPOSIT,3,7927.255522,7927.255522,,2025-05-30 05:59:15
11176,16670,518,4,LIQUIDATION,2,9515.422815,10919.14667826,9515.422815,2025-05-30 06:06:15
11177,16671,732,2,BORROW,3,4385.773755,7049.724949235,4385.773755,2025-05-30 06:09:12
11178,16672,566,4,BORROW,2,3647.516352,5276.9247559543,3647.516352,2025-05-30 06:16:10
11179,16674,996,3,BORROW,3,1455.66106,3125.764459264,1455.66106,2025-05-30 06:31:05
11180,16675,558,1,REPAY,4,0.116569,,0.116569,2025-05-30 06:41:18
11181,16676,506,4,REPAY,4,1.5e-05,,1.5e-05,2025-05-30 06:59:15
11182,16677,489,2,REPAY,5,1e-06,,1e-06,2025-05-30 07:15:36
11183,16678,66,1,REPAY,1,0.000155,,0.000155,2025-05-30 07:15:56
11184,16679,212,2,REPAY,2,35.875225,,35.875225,2025-05-30 07:35:08
11185,16681,322,4,BORROW,1,4670.356932,8863.3354744666,4670.356932,2025-05-30 07:49:33
11186,16682,796,4,REPAY,5,936.388599,,936.388599,2025-05-30 07:51:26
11187,16683,820,2,BORROW,2,9671.089064,13471.0934552083,9671.089064,2025-05-30 07:57:15
11188,16684,820,2,REPAY,3,6501.313459,,6501.313459,2025-05-30 08:21:18
11189,16686,517,2,BORROW,3,7665.331055,12474.5081703399,7665.331055,2025-05-30 08:33:59
11190,16687,257,3,DEPOSIT,4,1200.676371,1200.676371,,2025-05-30 08:43:58
11191,16688,688,1,DEPOSIT,4,7348.345412,7348.345412,,2025-05-30 08:49:18
11192,16692,342,4,REPAY,3,1.172955,,1.172955,2025-05-30 10:02:35
11193,16693,996,3,REPAY,3,906.899224,,906.899224,2025-05-30 10:58:29
11194,16694,891,1,REPAY,3,0.357694,,0.357694,2025-05-30 11:09:37
11195,16695,42,4,LIQUIDATION,1,138.488565,145.2827367308,138.488565,2025-05-30 11:17:37
11196,16696,327,3,REPAY,5,406.849557,,406.849557,2025-05-30 11:43:09
11197,16697,934,3,REPAY,1,28.209327,,28.209327,2025-05-30 11:54:11
11198,16698,47,2,BORROW,1,9706.116658,18400.4029185602,9706.116658,2025-05-30 12:01:17
11199,16701,962,4,REPAY,5,368.321845,,368.321845,2025-05-30 12:18:25
11200,16702,551,2,REPAY,1,887.553174,,887.553174,2025-05-30 12:36:37
11201,16703,550,1,REPAY,2,0.371596,,0.371596,2025-05-30 12:41:35
11202,16708,65,4,DEPOSIT,4,612.981559,612.981559,,2025-05-30 13:04:15
11203,16709,240,1,REPAY,1,0.000305,,0.000305,2025-05-30 13:08:36
11204,16710,88,2,REPAY,2,1e-06,,1e-06,2025-05-30 13:10:04
11205,16711,249,4,REPAY,5,19.341185,,19.341185,2025-05-30 14:00:14
11206,16712,469,2,WITHDRAW,5,8841.357545,,,2025-05-30 14:01:46
11207,16714,123,1,REPAY,5,0.33828,,0.33828,2025-05-30 14:10:26
11208,16715,494,4,REPAY,2,3.699205,,3.699205,2025-05-30 14:16:40
11209,16716,960,2,REPAY,2,1.7e-05,,1.7e-05,2025-05-30 14:17:06
11210,16717,324,2,REPAY,3,1e-06,,1e-06,2025-05-30 14:37:14
11211,16718,211,4,WITHDRAW,2,1279.164408,,,2025-05-30 14:45:49
11212,16719,380,2,LIQUIDATION,2,1912.440906,2119.9294891855,1912.440906,2025-05-30 14:46:39
11213,16722,152,3,REPAY,1,13.669197,,13.669197,2025-05-30 15:55:51
11214,16724,427,2,WITHDRAW,5,4212.649125,,,2025-05-30 16:10:27
11215,16727,348,2,REPAY,5,0.041637,,0.041637,2025-05-30 16:32:58
11216,16728,365,2,REPAY,3,9.248097,,9.248097,2025-05-30 16:39:41
11217,16729,117,1,REPAY,4,7.600653,,7.600653,2025-05-30 16:48:41
11218,16733,627,4,REPAY,2,94.972951,,94.972951,2025-05-30 17:06:05
11219,16734,391,2,LIQUIDATION,1,9703.080949,10497.5749571566,9703.080949,2025-05-30 17:13:28
11220,16735,518,4,BORROW,1,1293.318723,2255.1982036201,1293.318723,2025-05-30 17:55:57
11221,16736,82,3,BORROW,4,1378.513563,2953.9353192729,1378.513563,2025-05-30 18:04:46
11222,16738,498,3,LIQUIDATION,3,471.195919,530.2757445937,471.195919,2025-05-30 18:17:02
11223,16740,5,3,REPAY,2,0.000445,,0.000445,2025-05-30 18:25:46
11224,16741,309,4,REPAY,3,0.076559,,0.076559,2025-05-30 18:42:04
11225,16743,713,4,REPAY,2,0.041505,,0.041505,2025-05-30 18:47:47
11226,16744,925,4,REPAY,5,189.186835,,189.186835,2025-05-30 19:00:51
11227,16745,959,4,BORROW,2,4794.493372,6624.1950603094,4794.493372,2025-05-30 19:07:32
11228,16746,615,4,REPAY,4,1e-06,,1e-06,2025-05-30 19:33:29
11229,16747,658,3,DEPOSIT,4,7550.771172,7550.771172,,2025-05-30 19:44:54
11230,16748,25,4,DEPOSIT,3,2320.093539,2320.093539,,2025-05-30 19:53:38
11231,16749,727,3,REPAY,4,6.527069,,6.527069,2025-05-30 20:11:13
11232,16750,933,2,LIQUIDATION,1,860.11762,897.697240429,860.11762,2025-05-30 20:35:04
11233,16751,816,2,REPAY,2,1857.891112,,1857.891112,2025-05-30 20:50:32
11234,16752,81,4,REPAY,5,384.555564,,384.555564,2025-05-30 21:00:42
11235,16753,676,1,REPAY,5,2061.359077,,2061.359077,2025-05-30 21:30:12
11236,16754,121,3,REPAY,4,146.147061,,146.147061,2025-05-30 21:40:53
11237,16755,431,1,REPAY,3,40.959889,,40.959889,2025-05-30 21:42:15
11238,16756,45,4,BORROW,4,9383.510443,20786.5230488642,9383.510443,2025-05-30 21:43:59
11239,16757,839,4,DEPOSIT,4,7866.934861,7866.934861,,2025-05-30 21:49:01
11240,16758,430,2,LIQUIDATION,2,4.123984,3.5232058667,4.123984,2025-05-30 22:15:00
11241,16759,997,4,REPAY,3,0.17527,,0.17527,2025-05-30 22:27:20
11242,16760,813,4,REPAY,1,0.08305,,0.08305,2025-05-30 22:27:26
11243,16761,269,2,REPAY,5,1341.862012,,1341.862012,2025-05-30 22:33:39
11244,16762,642,1,REPAY,1,1166.827521,,1166.827521,2025-05-30 23:22:32
11245,16764,882,2,BORROW,3,1750.218459,2691.8329498303,1750.218459,2025-05-30 23:30:27
11246,16765,26,1,REPAY,2,0.000328,,0.000328,2025-05-30 23:31:02
11247,16767,71,1,REPAY,5,204.198375,,204.198375,2025-05-30 23:41:56
11248,16768,259,2,REPAY,2,7.1e-05,,7.1e-05,2025-05-31 00:17:20
11249,16769,641,2,REPAY,2,19.952208,,19.952208,2025-05-31 00:19:58
11250,16772,962,1,REPAY,3,230.986569,,230.986569,2025-05-31 00:46:54
11251,16773,628,2,WITHDRAW,5,4722.884912,,,2025-05-31 00:47:11
11252,16774,309,3,REPAY,5,0.03802,,0.03802,2025-05-31 01:03:24
11253,16775,738,4,LIQUIDATION,5,3372.807195,4001.375010184,3372.807195,2025-05-31 01:26:56
11254,16776,315,1,REPAY,5,0.239566,,0.239566,2025-05-31 02:24:13
11255,16778,16,4,REPAY,3,0.21943,,0.21943,2025-05-31 02:44:27
11256,16779,955,4,WITHDRAW,3,5284.232235,,,2025-05-31 03:08:41
11257,16782,507,1,REPAY,5,1.900756,,1.900756,2025-05-31 03:55:31
11258,16784,303,3,REPAY,2,0.158191,,0.158191,2025-05-31 04:06:56
11259,16785,20,3,WITHDRAW,5,3227.085104,,,2025-05-31 04:20:49
11260,16786,307,3,REPAY,4,519.641351,,519.641351,2025-05-31 04:35:13
11261,16788,722,1,BORROW,1,5757.734989,11960.7206954487,5757.734989,2025-05-31 04:58:05
11262,16792,579,1,REPAY,3,52.979175,,52.979175,2025-05-31 05:16:36
11263,16794,425,1,WITHDRAW,3,9112.475931,,,2025-05-31 05:31:16
11264,16795,320,1,DEPOSIT,1,5599.041299,5599.041299,,2025-05-31 05:35:46
11265,16797,713,2,REPAY,1,0.018205,,0.018205,2025-05-31 05:51:45
11266,16798,398,4,REPAY,5,1649.616927,,1649.616927,2025-05-31 05:54:24
11267,16799,659,4,WITHDRAW,2,9607.271737,,,2025-05-31 06:17:11
11268,16801,310,1,REPAY,2,0.054851,,0.054851,2025-05-31 07:14:43
11269,16802,585,1,REPAY,1,100.39249,,100.39249,2025-05-31 07:26:20
11270,16804,596,1,BORROW,2,8470.725507,16177.204547282,8470.725507,2025-05-31 07:50:12
11271,16805,801,2,WITHDRAW,5,9634.42878,,,2025-05-31 07:55:01
11272,16806,996,2,REPAY,3,136.061619,,136.061619,2025-05-31 08:00:28
11273,16807,355,1,REPAY,5,2391.2512,,2391.2512,2025-05-31 08:03:33
11274,16809,129,4,DEPOSIT,2,7210.759296,7210.759296,,2025-05-31 08:53:34
11275,16811,841,2,BORROW,1,6413.708123,14527.5587214703,6413.708123,2025-05-31 09:33:14
11276,16812,960,2,REPAY,1,2e-06,,2e-06,2025-05-31 09:55:34
11277,16813,809,3,WITHDRAW,3,8737.127579,,,2025-05-31 09:57:36
11278,16814,641,1,REPAY,2,7.040202,,7.040202,2025-05-31 09:59:42
11279,16815,54,2,LIQUIDATION,1,880.206244,989.7600576322,880.206244,2025-05-31 10:19:40
11280,16816,356,4,LIQUIDATION,5,63.75497,54.5236856682,63.75497,2025-05-31 10:34:13
11281,16818,726,4,REPAY,3,0.00769,,0.00769,2025-05-31 11:09:28
11282,16820,525,2,REPAY,1,150.734246,,150.734246,2025-05-31 11:37:57
11283,16821,768,3,REPAY,2,0.027733,,0.027733,2025-05-31 12:02:32
11284,16822,237,1,REPAY,4,0.035039,,0.035039,2025-05-31 12:17:18
11285,16823,455,2,REPAY,2,0.236961,,0.236961,2025-05-31 12:18:06
11286,16824,332,4,WITHDRAW,3,4892.611679,,,2025-05-31 12:40:51
11287,16825,16,3,REPAY,2,0.132803,,0.132803,2025-05-31 12:43:30
11288,16826,222,1,LIQUIDATION,3,479.398789,475.8110822678,479.398789,2025-05-31 12:53:37
11289,16827,236,3,REPAY,3,2.372371,,2.372371,2025-05-31 12:57:26
11290,16828,898,3,REPAY,5,2.1e-05,,2.1e-05,2025-05-31 13:36:59
11291,16829,776,3,DEPOSIT,4,1738.761611,1738.761611,,2025-05-31 13:37:38
11292,16830,334,4,BORROW,2,1012.892279,1663.2132084031,1012.892279,2025-05-31 14:04:18
11293,16831,238,3,WITHDRAW,1,5763.352523,,,2025-05-31 14:09:23
11294,16832,842,4,WITHDRAW,2,1364.159746,,,2025-05-31 14:14:48
11295,16834,168,1,REPAY,1,0.575516,,0.575516,2025-05-31 14:35:51
11296,16835,607,2,REPAY,3,1.550119,,1.550119,2025-05-31 14:42:19
11297,16836,43,4,REPAY,1,247.205679,,247.205679,2025-05-31 14:48:16
11298,16837,426,4,WITHDRAW,2,968.67135,,,2025-05-31 15:15:16
11299,16839,922,4,WITHDRAW,4,1684.997102,,,2025-05-31 15:53:26
11300,16840,335,3,BORROW,2,1784.604956,3564.813540497,1784.604956,2025-05-31 15:58:28
11301,16841,347,2,REPAY,3,52.262949,,52.262949,2025-05-31 16:00:32
11302,16842,737,2,BORROW,2,443.798925,1029.6336197865,443.798925,2025-05-31 16:02:22
11303,16843,826,3,DEPOSIT,4,3388.36107,3388.36107,,2025-05-31 16:29:57
11304,16845,407,2,REPAY,5,202.488449,,202.488449,2025-05-31 16:43:07
11305,16846,632,3,BORROW,2,8926.913277,13006.6947242167,8926.913277,2025-05-31 17:06:21
11306,16847,2,4,REPAY,5,17.362766,,17.362766,2025-05-31 17:10:37
11307,16848,931,2,DEPOSIT,2,6358.492328,6358.492328,,2025-05-31 17:25:22
11308,16849,934,3,REPAY,1,29.582304,,29.582304,2025-05-31 18:30:40
11309,16850,468,1,WITHDRAW,2,2262.109801,,,2025-05-31 19:11:01
11310,16851,538,2,WITHDRAW,3,6645.581771,,,2025-05-31 19:12:07
11311,16852,613,2,REPAY,3,3.3e-05,,3.3e-05,2025-05-31 19:38:34
11312,16853,368,3,DEPOSIT,4,7426.328009,7426.328009,,2025-05-31 20:01:09
11313,16856,300,3,BORROW,4,4580.899725,6313.6225305808,4580.899725,2025-05-31 21:34:34
11314,16857,104,2,BORROW,5,2052.751794,3401.3183247275,2052.751794,2025-05-31 22:11:15
11315,16858,893,4,REPAY,4,0.015042,,0.015042,2025-05-31 22:55:38
11316,16859,884,2,REPAY,1,3207.555614,,3207.555614,2025-05-31 23:02:00
11317,16861,211,3,REPAY,5,4.935455,,4.935455,2025-05-31 23:32:37
11318,16862,551,2,REPAY,4,202.569707,,202.569707,2025-05-31 23:49:51
11319,16863,365,4,REPAY,2,10.251628,,10.251628,2025-06-01 00:01:19
11320,16866,329,4,REPAY,1,3630.017605,,3630.017605,2025-06-01 00:44:10
11321,16867,598,1,BORROW,2,3666.090125,6354.425655766,3666.090125,2025-06-01 00:45:57
11322,16868,890,2,REPAY,4,0.033022,,0.033022,2025-06-01 01:33:04
11323,16870,160,1,DEPOSIT,1,5267.738011,5267.738011,,2025-06-01 02:04:24
11324,16871,227,4,REPAY,4,2889.612482,,2889.612482,2025-06-01 02:36:34
11325,16872,709,4,BORROW,3,4651.819827,10404.16800555,4651.819827,2025-06-01 03:10:57
11326,16873,844,2,REPAY,2,173.265445,,173.265445,2025-06-01 04:11:57
11327,16874,621,3,DEPOSIT,3,5750.8182,5750.8182,,2025-06-01 04:15:04
11328,16876,432,1,DEPOSIT,1,8391.670207,8391.670207,,2025-06-01 04:44:28
11329,16877,537,1,REPAY,5,544.578112,,544.578112,2025-06-01 04:45:26
11330,16878,767,2,REPAY,1,6.794264,,6.794264,2025-06-01 05:09:00
11331,16880,454,3,BORROW,2,5297.805982,6858.033949116,5297.805982,2025-06-01 05:27:29
11332,16881,698,2,WITHDRAW,1,5459.356267,,,2025-06-01 05:30:27
11333,16882,416,1,REPAY,1,1.215981,,1.215981,2025-06-01 05:30:35
11334,16883,862,3,DEPOSIT,1,1991.945637,1991.945637,,2025-06-01 05:35:10
11335,16884,156,2,DEPOSIT,5,418.887266,418.887266,,2025-06-01 05:47:47
11336,16885,26,2,REPAY,5,0.000139,,0.000139,2025-06-01 06:06:59
11337,16886,964,4,LIQUIDATION,2,3850.418622,4378.9108164151,3850.418622,2025-06-01 06:07:44
11338,16888,429,4,BORROW,4,7560.301161,11540.0037460724,7560.301161,2025-06-01 06:17:16
11339,16891,722,2,DEPOSIT,3,4520.734992,4520.734992,,2025-06-01 07:11:28
11340,16892,254,1,WITHDRAW,2,5031.097463,,,2025-06-01 08:08:15
11341,16895,67,1,DEPOSIT,1,8883.603312,8883.603312,,2025-06-01 08:33:42
11342,16896,312,1,WITHDRAW,5,8366.969306,,,2025-06-01 08:41:54
11343,16897,527,3,REPAY,2,519.800235,,519.800235,2025-06-01 08:46:58
11344,16898,365,1,REPAY,3,5.586012,,5.586012,2025-06-01 08:48:04
11345,16900,655,4,REPAY,2,3934.889238,,3934.889238,2025-06-01 08:56:29
11346,16901,776,1,BORROW,3,5139.623551,9265.4438379047,5139.623551,2025-06-01 08:58:32
11347,16903,869,1,REPAY,1,198.114752,,198.114752,2025-06-01 09:54:35
11348,16907,150,4,REPAY,2,0.156954,,0.156954,2025-06-01 10:16:18
11349,16908,220,3,WITHDRAW,3,9862.639047,,,2025-06-01 10:46:11
11350,16910,484,3,REPAY,3,0.007417,,0.007417,2025-06-01 11:09:41
11351,16911,71,3,REPAY,5,25.760069,,25.760069,2025-06-01 11:11:54
11352,16913,801,3,REPAY,5,520.324203,,520.324203,2025-06-01 12:02:04
11353,16914,246,1,REPAY,2,57.529238,,57.529238,2025-06-01 12:17:19
11354,16915,587,3,REPAY,1,1090.410906,,1090.410906,2025-06-01 12:28:43
11355,16916,746,1,LIQUIDATION,4,11937.906543,11755.663505942,11937.906543,2025-06-01 12:30:14
11356,16917,694,3,REPAY,3,637.598863,,637.598863,2025-06-01 12:38:10
11357,16918,256,1,REPAY,4,208.672649,,208.672649,2025-06-01 13:05:01
11358,16919,101,2,BORROW,3,147.48441,293.9891887919,147.48441,2025-06-01 13:27:18
11359,16921,373,3,BORROW,5,2194.183259,3118.9854722959,2194.183259,2025-06-01 13:48:17
11360,16922,555,2,DEPOSIT,2,7999.476084,7999.476084,,2025-06-01 14:28:17
11361,16923,157,1,WITHDRAW,1,6096.06868,,,2025-06-01 14:30:46
11362,16924,740,4,DEPOSIT,5,5288.844631,5288.844631,,2025-06-01 14:48:06
11363,16925,542,4,REPAY,4,1509.596807,,1509.596807,2025-06-01 15:08:07
11364,16926,673,2,REPAY,4,26.392924,,26.392924,2025-06-01 15:21:35
11365,16928,748,3,REPAY,3,94.778154,,94.778154,2025-06-01 15:25:49
11366,16929,561,4,BORROW,1,9957.257073,23121.6805685447,9957.257073,2025-06-01 15:32:14
11367,16930,48,4,REPAY,2,0.017942,,0.017942,2025-06-01 15:34:32
11368,16931,628,2,BORROW,2,6756.552016,15201.3686227252,6756.552016,2025-06-01 15:36:10
11369,16932,588,1,BORROW,5,4736.310219,10419.7266370256,4736.310219,2025-06-01 15:44:24
11370,16933,446,4,BORROW,3,6010.129379,7826.8976474747,6010.129379,2025-06-01 16:06:12
11371,16935,89,3,REPAY,3,1.2e-05,,1.2e-05,2025-06-01 16:18:05
11372,16936,273,4,REPAY,3,256.144863,,256.144863,2025-06-01 16:47:09
11373,16937,433,3,REPAY,4,4.563851,,4.563851,2025-06-01 17:02:39
11374,16940,826,1,WITHDRAW,5,7612.580887,,,2025-06-01 17:34:24
11375,16941,296,4,BORROW,2,5839.539408,10938.9218321824,5839.539408,2025-06-01 17:38:47
11376,16942,615,4,REPAY,2,1e-06,,1e-06,2025-06-01 17:40:58
11377,16943,699,3,REPAY,1,6.6e-05,,6.6e-05,2025-06-01 17:45:05
11378,16945,287,1,REPAY,3,16.752308,,16.752308,2025-06-01 18:14:56
11379,16946,805,4,REPAY,3,1e-06,,1e-06,2025-06-01 18:20:52
11380,16948,793,2,REPAY,5,4.352458,,4.352458,2025-06-01 18:55:09
11381,16949,235,2,WITHDRAW,4,1070.976819,,,2025-06-01 19:33:25
11382,16950,290,1,BORROW,4,437.008688,560.1363148907,437.008688,2025-06-01 19:59:29
11383,16952,453,2,BORROW,4,2454.95138,4911.8088907898,2454.95138,2025-06-01 20:15:52
11384,16953,899,1,WITHDRAW,3,4350.746425,,,2025-06-01 20:29:39
11385,16954,677,3,REPAY,3,658.205599,,658.205599,2025-06-01 20:37:11
11386,16956,781,1,REPAY,1,0.007926,,0.007926,2025-06-01 21:06:44
11387,16958,126,1,REPAY,5,2325.649194,,2325.649194,2025-06-01 21:28:24
11388,16959,983,1,REPAY,1,14.578726,,14.578726,2025-06-01 21:33:42
11389,16960,452,4,REPAY,2,0.032407,,0.032407,2025-06-01 21:59:13
11390,16961,394,4,DEPOSIT,3,2094.220063,2094.220063,,2025-06-01 22:06:44
11391,16962,366,4,REPAY,2,0.018235,,0.018235,2025-06-01 22:11:21
11392,16963,751,3,REPAY,2,0.035571,,0.035571,2025-06-01 22:16:29
11393,16964,87,3,WITHDRAW,4,3760.665351,,,2025-06-01 22:22:14
11394,16965,981,2,REPAY,1,3e-06,,3e-06,2025-06-01 22:50:36
11395,16966,462,2,REPAY,5,2.3e-05,,2.3e-05,2025-06-01 23:06:04
11396,16967,227,4,REPAY,2,1933.651846,,1933.651846,2025-06-01 23:14:21
11397,16968,344,3,REPAY,2,4261.945983,,4261.945983,2025-06-01 23:23:45
11398,16969,927,4,REPAY,2,860.424522,,860.424522,2025-06-01 23:29:27
11399,16971,474,2,REPAY,1,5111.704374,,5111.704374,2025-06-01 23:48:10
11400,16972,385,4,REPAY,2,0.495547,,0.495547,2025-06-02 00:07:15
11401,16973,967,3,REPAY,5,0.000377,,0.000377,2025-06-02 00:14:32
11402,16974,77,4,REPAY,4,169.633476,,169.633476,2025-06-02 00:29:33
11403,16977,111,2,REPAY,5,1438.752854,,1438.752854,2025-06-02 00:59:03
11404,16978,598,3,REPAY,2,3259.998442,,3259.998442,2025-06-02 01:14:37
11405,16979,944,2,REPAY,3,4e-06,,4e-06,2025-06-02 01:22:54
11406,16980,37,2,DEPOSIT,2,1355.302946,1355.302946,,2025-06-02 01:27:07
11407,16981,308,1,REPAY,4,3215.347965,,3215.347965,2025-06-02 01:33:13
11408,16982,812,2,DEPOSIT,3,203.522396,203.522396,,2025-06-02 01:38:31
11409,16983,165,3,DEPOSIT,1,3624.803086,3624.803086,,2025-06-02 02:17:51
11410,16984,818,3,REPAY,5,0.001268,,0.001268,2025-06-02 02:28:07
11411,16985,117,1,REPAY,1,4.792546,,4.792546,2025-06-02 02:44:42
11412,16987,454,1,REPAY,3,3948.264762,,3948.264762,2025-06-02 03:15:21
11413,16988,213,3,REPAY,5,0.430569,,0.430569,2025-06-02 03:15:33
11414,16990,583,4,WITHDRAW,4,5577.470196,,,2025-06-02 04:21:08
11415,16991,720,2,BORROW,1,4425.384205,10775.8231212222,4425.384205,2025-06-02 04:35:58
11416,16993,618,1,DEPOSIT,1,5763.321315,5763.321315,,2025-06-02 04:44:16
11417,16994,49,2,REPAY,5,0.003355,,0.003355,2025-06-02 04:46:48
11418,16997,735,2,DEPOSIT,5,5910.254936,5910.254936,,2025-06-02 05:11:27
11419,16998,818,4,REPAY,4,0.000523,,0.000523,2025-06-02 05:11:36
11420,16999,525,3,REPAY,3,565.65756,,565.65756,2025-06-02 05:30:56
11421,17002,762,1,REPAY,1,0.000897,,0.000897,2025-06-02 05:51:04
11422,17006,697,4,REPAY,1,0.044526,,0.044526,2025-06-02 06:57:47
11423,17007,197,1,REPAY,3,120.601527,,120.601527,2025-06-02 06:58:41
11424,17008,903,2,REPAY,1,69.079363,,69.079363,2025-06-02 07:00:56
11425,17012,732,2,REPAY,2,1220.441508,,1220.441508,2025-06-02 07:27:30
11426,17013,704,1,REPAY,3,28.871072,,28.871072,2025-06-02 07:44:57
11427,17015,201,3,REPAY,1,0.025365,,0.025365,2025-06-02 08:39:53
11428,17017,86,2,WITHDRAW,4,4549.984923,,,2025-06-02 09:14:49
11429,17018,110,1,REPAY,1,2716.868284,,2716.868284,2025-06-02 09:18:05
11430,17020,565,1,REPAY,2,1446.904009,,1446.904009,2025-06-02 09:39:46
11431,17021,806,1,BORROW,4,7770.63647,13834.2334689793,7770.63647,2025-06-02 09:43:18
11432,17022,805,3,DEPOSIT,2,8305.130183,8305.130183,,2025-06-02 09:47:23
11433,17024,514,2,BORROW,3,9470.981142,18058.4360670092,9470.981142,2025-06-02 09:53:07
11434,17025,966,3,DEPOSIT,5,5052.321682,5052.321682,,2025-06-02 10:06:14
11435,17026,394,4,LIQUIDATION,3,9338.88047,10982.5799507913,9338.88047,2025-06-02 10:06:15
11436,17028,816,4,WITHDRAW,3,8257.245872,,,2025-06-02 10:27:56
11437,17029,761,2,WITHDRAW,4,6208.927551,,,2025-06-02 10:44:48
11438,17030,450,2,REPAY,2,49.333059,,49.333059,2025-06-02 11:20:52
11439,17032,172,3,REPAY,1,20.059132,,20.059132,2025-06-02 11:35:31
11440,17033,90,1,REPAY,2,1.229528,,1.229528,2025-06-02 11:35:40
11441,17034,252,4,BORROW,2,6774.55554,14593.5651224064,6774.55554,2025-06-02 11:55:00
11442,17037,892,2,REPAY,2,0.121094,,0.121094,2025-06-02 12:08:38
11443,17038,780,2,REPAY,3,195.652679,,195.652679,2025-06-02 12:39:29
11444,17039,532,2,REPAY,2,1.932098,,1.932098,2025-06-02 12:40:14
11445,17040,721,3,REPAY,4,1.758168,,1.758168,2025-06-02 12:41:30
11446,17041,995,3,REPAY,2,1295.316504,,1295.316504,2025-06-02 12:50:43
11447,17044,572,2,WITHDRAW,4,6134.122552,,,2025-06-02 13:35:08
11448,17045,153,3,REPAY,5,6.477014,,6.477014,2025-06-02 13:44:43
11449,17046,433,1,REPAY,5,2.070713,,2.070713,2025-06-02 13:45:22
11450,17047,157,3,WITHDRAW,5,9700.424077,,,2025-06-02 13:50:24
11451,17048,991,2,WITHDRAW,4,5171.455621,,,2025-06-02 14:06:53
11452,17049,395,3,DEPOSIT,4,4929.616237,4929.616237,,2025-06-02 14:08:43
11453,17050,203,1,REPAY,5,2653.188795,,2653.188795,2025-06-02 14:24:12
11454,17051,968,3,BORROW,5,9509.261626,17508.9025402613,9509.261626,2025-06-02 14:26:06
11455,17052,45,4,REPAY,3,8957.67421,,8957.67421,2025-06-02 14:33:45
11456,17056,626,1,BORROW,3,8685.095072,17180.1573832941,8685.095072,2025-06-02 15:51:02
11457,17058,265,2,REPAY,2,0.005392,,0.005392,2025-06-02 16:26:34
11458,17059,100,4,REPAY,1,78.048018,,78.048018,2025-06-02 16:29:00
11459,17061,227,3,DEPOSIT,4,3211.708054,3211.708054,,2025-06-02 17:35:29
11460,17062,978,4,BORROW,4,2592.952141,5041.5672950288,2592.952141,2025-06-02 17:37:13
11461,17068,920,1,REPAY,1,41.17531,,41.17531,2025-06-02 19:10:55
11462,17069,475,3,LIQUIDATION,2,8551.300939,8827.6174082461,8551.300939,2025-06-02 19:18:44
11463,17071,676,1,REPAY,5,1746.785422,,1746.785422,2025-06-02 19:38:51
11464,17072,257,2,WITHDRAW,1,7299.238509,,,2025-06-02 19:46:44
11465,17073,732,3,REPAY,3,1480.683971,,1480.683971,2025-06-02 20:22:59
11466,17075,440,4,REPAY,2,0.002924,,0.002924,2025-06-02 21:06:29
11467,17076,777,3,BORROW,5,457.545579,689.6073028598,457.545579,2025-06-02 21:07:09
11468,17077,535,2,WITHDRAW,3,1994.605897,,,2025-06-02 21:12:31
11469,17078,139,3,REPAY,4,44.842773,,44.842773,2025-06-02 21:24:48
11470,17079,667,2,REPAY,2,0.005188,,0.005188,2025-06-02 21:25:42
11471,17080,473,4,REPAY,5,0.540625,,0.540625,2025-06-02 21:36:56
11472,17081,518,3,REPAY,4,825.46221,,825.46221,2025-06-02 21:39:34
11473,17083,75,2,BORROW,4,476.232679,1010.2820042454,476.232679,2025-06-02 22:52:48
11474,17084,193,1,REPAY,1,1634.403333,,1634.403333,2025-06-02 22:54:36
11475,17085,926,1,REPAY,4,0.067236,,0.067236,2025-06-02 23:18:50
11476,17086,349,2,REPAY,1,0.085122,,0.085122,2025-06-02 23:20:23
11477,17087,950,2,REPAY,5,596.266843,,596.266843,2025-06-03 00:04:00
11478,17088,791,1,REPAY,2,7.476748,,7.476748,2025-06-03 00:09:45
11479,17089,360,3,REPAY,3,4.175422,,4.175422,2025-06-03 00:46:03
11480,17093,244,4,WITHDRAW,2,5378.923213,,,2025-06-03 01:12:27
11481,17094,669,4,REPAY,1,53.925501,,53.925501,2025-06-03 01:45:40
11482,17095,320,2,WITHDRAW,3,4662.423862,,,2025-06-03 01:56:16
11483,17096,127,2,DEPOSIT,2,5040.394239,5040.394239,,2025-06-03 02:57:52
11484,17099,912,2,DEPOSIT,1,6505.55484,6505.55484,,2025-06-03 03:44:53
11485,17100,559,4,REPAY,4,2567.454606,,2567.454606,2025-06-03 03:46:45
11486,17101,956,3,DEPOSIT,3,4963.973562,4963.973562,,2025-06-03 03:49:45
11487,17102,943,4,REPAY,3,4.333779,,4.333779,2025-06-03 03:50:06
11488,17103,401,3,REPAY,4,0.002957,,0.002957,2025-06-03 03:58:30
11489,17105,586,3,BORROW,4,8966.109898,13929.3117048523,8966.109898,2025-06-03 04:20:09
11490,17106,958,1,REPAY,1,0.865559,,0.865559,2025-06-03 04:40:22
11491,17107,260,3,REPAY,1,0.995424,,0.995424,2025-06-03 04:50:37
11492,17108,908,1,REPAY,4,15.108589,,15.108589,2025-06-03 05:21:51
11493,17109,697,4,REPAY,4,0.004945,,0.004945,2025-06-03 05:40:35
11494,17110,722,2,REPAY,2,1545.216739,,1545.216739,2025-06-03 05:53:05
11495,17112,362,2,DEPOSIT,1,4728.241256,4728.241256,,2025-06-03 05:58:19
11496,17114,337,4,DEPOSIT,4,3428.952978,3428.952978,,2025-06-03 06:17:04
11497,17115,142,3,DEPOSIT,1,9275.798292,9275.798292,,2025-06-03 06:21:28
11498,17116,279,4,REPAY,2,44.882009,,44.882009,2025-06-03 06:29:08
11499,17117,332,2,LIQUIDATION,4,3763.032062,3419.3338143585,3763.032062,2025-06-03 06:37:46
11500,17118,772,2,BORROW,1,1855.416225,3789.4411380706,1855.416225,2025-06-03 06:56:49
11501,17120,184,2,REPAY,5,91.367513,,91.367513,2025-06-03 07:18:10
11502,17121,12,3,WITHDRAW,4,1801.471125,,,2025-06-03 07:33:19
11503,17122,170,4,REPAY,4,245.445278,,245.445278,2025-06-03 07:35:44
11504,17123,356,2,WITHDRAW,3,3765.678994,,,2025-06-03 07:36:44
11505,17124,234,3,WITHDRAW,3,5627.906238,,,2025-06-03 07:44:44
11506,17125,648,1,DEPOSIT,5,6615.853705,6615.853705,,2025-06-03 08:07:41
11507,17129,71,4,REPAY,2,48.842562,,48.842562,2025-06-03 09:41:11
11508,17132,525,1,REPAY,4,121.149934,,121.149934,2025-06-03 09:58:56
11509,17134,680,4,DEPOSIT,4,5937.568924,5937.568924,,2025-06-03 10:34:40
11510,17135,387,1,DEPOSIT,5,7642.835255,7642.835255,,2025-06-03 10:43:07
11511,17137,807,3,REPAY,1,2352.028613,,2352.028613,2025-06-03 11:24:19
11512,17138,154,4,REPAY,4,56.6017,,56.6017,2025-06-03 11:59:17
11513,17139,835,1,WITHDRAW,5,5685.492842,,,2025-06-03 12:02:39
11514,17140,390,2,REPAY,4,2.426017,,2.426017,2025-06-03 12:25:09
11515,17141,890,1,REPAY,5,0.003793,,0.003793,2025-06-03 12:33:44
11516,17142,900,2,DEPOSIT,2,7523.9134,7523.9134,,2025-06-03 12:34:37
11517,17143,171,3,REPAY,5,0.073453,,0.073453,2025-06-03 12:40:53
11518,17144,790,3,DEPOSIT,3,5547.585533,5547.585533,,2025-06-03 13:01:35
11519,17145,580,2,REPAY,4,25.268899,,25.268899,2025-06-03 13:14:39
11520,17146,460,2,REPAY,1,0.013004,,0.013004,2025-06-03 13:47:31
11521,17147,999,1,REPAY,5,23.77022,,23.77022,2025-06-03 13:50:39
11522,17148,997,3,REPAY,1,0.101821,,0.101821,2025-06-03 13:57:15
11523,17149,648,1,REPAY,4,5818.002552,,5818.002552,2025-06-03 14:18:51
11524,17151,540,2,REPAY,1,0.001838,,0.001838,2025-06-03 14:34:15
11525,17152,867,3,REPAY,4,1258.745295,,1258.745295,2025-06-03 14:38:15
11526,17153,840,3,REPAY,1,1.776274,,1.776274,2025-06-03 14:41:04
11527,17154,21,1,REPAY,4,1326.549976,,1326.549976,2025-06-03 15:16:35
11528,17155,877,4,BORROW,2,150.456991,237.1877597706,150.456991,2025-06-03 15:21:01
11529,17156,164,3,DEPOSIT,5,6122.353733,6122.353733,,2025-06-03 15:25:57
11530,17158,748,2,REPAY,1,120.397554,,120.397554,2025-06-03 15:37:12
11531,17159,908,4,REPAY,1,4.04071,,4.04071,2025-06-03 15:55:40
11532,17160,954,3,LIQUIDATION,5,6055.391198,5227.5410632411,6055.391198,2025-06-03 16:18:23
11533,17161,574,4,BORROW,2,5088.269401,11922.3836269618,5088.269401,2025-06-03 16:28:23
11534,17162,327,3,REPAY,4,310.349026,,310.349026,2025-06-03 16:30:00
11535,17163,446,1,REPAY,3,4961.697602,,4961.697602,2025-06-03 16:36:45
11536,17165,645,1,REPAY,4,8.955982,,8.955982,2025-06-03 17:15:11
11537,17166,238,4,LIQUIDATION,2,5839.455863,6005.5999135715,5839.455863,2025-06-03 17:24:22
11538,17167,85,2,DEPOSIT,3,3513.268489,3513.268489,,2025-06-03 17:57:40
11539,17168,3,4,REPAY,4,0.000184,,0.000184,2025-06-03 17:58:39
11540,17169,575,2,DEPOSIT,2,1836.116184,1836.116184,,2025-06-03 17:59:33
11541,17171,545,4,REPAY,2,74.38626,,74.38626,2025-06-03 18:35:27
11542,17172,788,3,LIQUIDATION,1,15267.606694,15629.9080185427,15267.606694,2025-06-03 19:03:57
11543,17173,795,4,REPAY,4,3e-06,,3e-06,2025-06-03 19:17:36
11544,17174,180,1,BORROW,1,9292.322695,20292.9596071439,9292.322695,2025-06-03 19:34:48
11545,17176,938,4,DEPOSIT,5,9418.215356,9418.215356,,2025-06-03 20:34:27
11546,17177,497,2,REPAY,4,0.008929,,0.008929,2025-06-03 20:36:13
11547,17179,302,3,LIQUIDATION,5,94.663497,76.7018771417,94.663497,2025-06-03 20:59:45
11548,17182,639,1,REPAY,1,1.840917,,1.840917,2025-06-03 21:26:12
11549,17183,528,2,REPAY,5,4214.304781,,4214.304781,2025-06-03 21:52:37
11550,17184,534,2,REPAY,5,53.086736,,53.086736,2025-06-03 21:58:50
11551,17185,482,4,REPAY,2,0.339593,,0.339593,2025-06-03 22:03:05
11552,17186,888,2,DEPOSIT,1,6227.496861,6227.496861,,2025-06-03 22:18:36
11553,17188,697,3,REPAY,2,0.000312,,0.000312,2025-06-03 22:25:56
11554,17189,378,1,REPAY,5,0.002854,,0.002854,2025-06-03 23:00:41
11555,17190,947,3,DEPOSIT,5,8503.843671,8503.843671,,2025-06-03 23:12:04
11556,17191,88,3,REPAY,5,1e-06,,1e-06,2025-06-03 23:54:18
11557,17192,197,3,REPAY,2,2.18455,,2.18455,2025-06-04 00:07:18
11558,17193,284,4,REPAY,3,0.202745,,0.202745,2025-06-04 00:21:43
11559,17194,749,1,BORROW,4,9065.594836,20640.6979637664,9065.594836,2025-06-04 00:29:26
11560,17196,139,2,REPAY,1,16.86684,,16.86684,2025-06-04 01:27:42
11561,17198,57,3,DEPOSIT,4,2670.705636,2670.705636,,2025-06-04 01:59:07
11562,17199,364,3,REPAY,5,0.018704,,0.018704,2025-06-04 02:15:04
11563,17200,365,1,WITHDRAW,4,5288.934215,,,2025-06-04 02:26:38
11564,17201,713,3,REPAY,3,0.023137,,0.023137,2025-06-04 02:38:06
11565,17202,725,2,REPAY,2,908.047709,,908.047709,2025-06-04 02:39:10
11566,17206,207,3,WITHDRAW,2,9681.737528,,,2025-06-04 02:53:47
11567,17207,927,3,REPAY,2,565.058351,,565.058351,2025-06-04 03:01:10
11568,17210,212,1,REPAY,5,0.363,,0.363,2025-06-04 03:25:17
11569,17211,153,2,REPAY,4,1.265492,,1.265492,2025-06-04 04:07:24
11570,17212,446,2,REPAY,2,249.299762,,249.299762,2025-06-04 04:33:34
11571,17213,151,1,WITHDRAW,5,6587.058683,,,2025-06-04 04:46:19
11572,17214,766,3,REPAY,4,0.003818,,0.003818,2025-06-04 04:49:33
11573,17215,295,1,BORROW,1,744.083202,1644.4066846119,744.083202,2025-06-04 05:12:58
11574,17216,72,2,REPAY,1,2.846377,,2.846377,2025-06-04 05:13:41
11575,17217,453,3,LIQUIDATION,3,2454.95138,2009.6252298281,2454.95138,2025-06-04 05:18:33
11576,17219,891,1,REPAY,5,0.002017,,0.002017,2025-06-04 05:40:59
11577,17221,460,3,REPAY,4,0.007919,,0.007919,2025-06-04 05:55:25
11578,17222,212,4,LIQUIDATION,2,0.595876,0.493413112,0.595876,2025-06-04 06:07:38
11579,17223,263,3,WITHDRAW,4,43.661429,,,2025-06-04 06:07:39
11580,17224,719,4,REPAY,1,5890.82962,,5890.82962,2025-06-04 06:25:53
11581,17225,444,4,REPAY,4,2.439119,,2.439119,2025-06-04 06:26:21
11582,17226,649,4,REPAY,1,7.370613,,7.370613,2025-06-04 06:32:21
11583,17227,418,3,DEPOSIT,4,7708.986261,7708.986261,,2025-06-04 06:56:35
11584,17228,58,2,REPAY,2,0.150385,,0.150385,2025-06-04 07:05:52
11585,17230,53,3,REPAY,5,92.413428,,92.413428,2025-06-04 07:10:45
11586,17232,10,4,REPAY,5,314.233323,,314.233323,2025-06-04 07:54:25
11587,17233,974,1,REPAY,2,3035.317768,,3035.317768,2025-06-04 08:15:07
11588,17235,398,2,DEPOSIT,2,6284.732018,6284.732018,,2025-06-04 08:29:37
11589,17236,625,2,REPAY,3,1.684324,,1.684324,2025-06-04 08:40:18
11590,17237,264,4,BORROW,2,7757.98355,16637.639135731,7757.98355,2025-06-04 08:51:15
11591,17239,82,3,REPAY,5,247.252435,,247.252435,2025-06-04 09:10:52
11592,17240,925,1,REPAY,4,268.782946,,268.782946,2025-06-04 09:27:57
11593,17241,189,3,BORROW,2,590.875575,1186.8377651703,590.875575,2025-06-04 09:36:45
11594,17243,521,2,WITHDRAW,5,5797.132235,,,2025-06-04 10:00:58
11595,17244,379,1,REPAY,4,698.571462,,698.571462,2025-06-04 10:03:17
11596,17245,7,4,REPAY,3,136.691513,,136.691513,2025-06-04 10:05:03
11597,17246,365,2,REPAY,5,2.381367,,2.381367,2025-06-04 10:29:02
11598,17247,693,4,REPAY,4,0.292026,,0.292026,2025-06-04 10:31:11
11599,17248,308,1,REPAY,3,5264.004406,,5264.004406,2025-06-04 10:51:27
11600,17249,179,4,DEPOSIT,5,8465.185432,8465.185432,,2025-06-04 11:01:33
11601,17250,921,3,WITHDRAW,3,6686.352153,,,2025-06-04 11:29:14
11602,17251,513,1,DEPOSIT,3,5573.408527,5573.408527,,2025-06-04 11:32:46
11603,17252,581,1,REPAY,1,226.468623,,226.468623,2025-06-04 11:33:52
11604,17253,341,1,WITHDRAW,3,7110.093305,,,2025-06-04 11:47:15
11605,17254,870,2,REPAY,5,0.001396,,0.001396,2025-06-04 11:49:13
11606,17255,723,2,REPAY,2,10.236251,,10.236251,2025-06-04 12:00:21
11607,17256,154,3,REPAY,2,63.44102,,63.44102,2025-06-04 12:01:46
11608,17257,932,4,REPAY,3,1001.220925,,1001.220925,2025-06-04 12:07:40
11609,17258,765,1,REPAY,1,0.043728,,0.043728,2025-06-04 12:36:59
11610,17259,687,1,REPAY,3,277.430999,,277.430999,2025-06-04 12:57:27
11611,17260,45,3,REPAY,4,357.795819,,357.795819,2025-06-04 13:04:25
11612,17261,404,1,DEPOSIT,3,1527.06692,1527.06692,,2025-06-04 13:30:05
11613,17262,342,1,REPAY,4,0.555107,,0.555107,2025-06-04 13:30:20
11614,17264,335,1,REPAY,2,999.613942,,999.613942,2025-06-04 13:57:06
11615,17266,77,4,REPAY,5,10.98723,,10.98723,2025-06-04 14:35:29
11616,17267,767,1,REPAY,3,8.835548,,8.835548,2025-06-04 14:42:20
11617,17269,589,3,REPAY,3,450.239839,,450.239839,2025-06-04 15:53:41
11618,17270,521,3,DEPOSIT,4,4216.509924,4216.509924,,2025-06-04 16:15:48
11619,17272,841,1,BORROW,1,7562.82536,9946.0153279767,7562.82536,2025-06-04 16:29:07
11620,17275,419,2,BORROW,5,3315.236556,6801.36545993,3315.236556,2025-06-04 17:08:26
11621,17276,349,3,REPAY,4,0.003233,,0.003233,2025-06-04 17:08:47
11622,17278,987,4,DEPOSIT,1,3206.342082,3206.342082,,2025-06-04 17:12:18
11623,17280,12,4,DEPOSIT,1,1363.725948,1363.725948,,2025-06-04 17:20:40
11624,17282,737,4,REPAY,5,195.870114,,195.870114,2025-06-04 17:30:50
11625,17284,8,2,REPAY,2,0.003773,,0.003773,2025-06-04 17:45:03
11626,17285,409,2,LIQUIDATION,2,5.19828,6.0616610101,5.19828,2025-06-04 17:52:03
11627,17286,666,2,BORROW,1,1470.677625,1924.2990389501,1470.677625,2025-06-04 17:56:08
11628,17287,348,2,REPAY,3,0.004131,,0.004131,2025-06-04 18:24:30
11629,17288,518,3,REPAY,5,72.830652,,72.830652,2025-06-04 18:26:42
11630,17291,504,1,REPAY,1,9.51767,,9.51767,2025-06-04 19:19:07
11631,17292,921,1,REPAY,5,1987.96153,,1987.96153,2025-06-04 19:28:29
11632,17293,149,1,REPAY,1,362.095553,,362.095553,2025-06-04 19:32:48
11633,17296,165,3,BORROW,4,7847.266532,13593.1391842123,7847.266532,2025-06-04 20:06:35
11634,17297,285,2,DEPOSIT,4,9778.208942,9778.208942,,2025-06-04 20:30:03
11635,17298,77,4,REPAY,4,9.468564,,9.468564,2025-06-04 20:32:51
11636,17299,927,3,REPAY,4,934.974851,,934.974851,2025-06-04 20:42:14
11637,17300,186,2,WITHDRAW,1,1520.932403,,,2025-06-04 20:46:39
11638,17301,306,4,REPAY,5,2343.039475,,2343.039475,2025-06-04 21:29:02
11639,17302,424,1,REPAY,5,1e-06,,1e-06,2025-06-04 21:48:41
11640,17303,843,2,REPAY,1,9.828321,,9.828321,2025-06-04 22:33:59
11641,17304,698,1,REPAY,1,1.269726,,1.269726,2025-06-04 22:47:07
11642,17307,950,1,REPAY,5,198.807699,,198.807699,2025-06-04 23:24:05
11643,17308,882,2,REPAY,5,600.69648,,600.69648,2025-06-04 23:24:11
11644,17309,81,1,REPAY,2,610.362867,,610.362867,2025-06-04 23:24:26
11645,17310,121,4,REPAY,4,732.496084,,732.496084,2025-06-04 23:38:04
11646,17312,499,1,REPAY,1,0.269274,,0.269274,2025-06-04 23:58:32
11647,17313,266,1,WITHDRAW,2,3232.917089,,,2025-06-04 23:59:23
11648,17314,765,1,REPAY,3,0.059498,,0.059498,2025-06-05 00:14:46
11649,17315,539,3,REPAY,2,5.195377,,5.195377,2025-06-05 00:53:23
11650,17316,989,4,REPAY,5,4873.528832,,4873.528832,2025-06-05 01:08:05
11651,17317,504,4,LIQUIDATION,2,0.75852,0.8504277256,0.75852,2025-06-05 01:13:12
11652,17318,482,1,DEPOSIT,1,554.182391,554.182391,,2025-06-05 01:42:13
11653,17319,424,4,DEPOSIT,5,4830.051042,4830.051042,,2025-06-05 02:08:06
11654,17320,228,1,BORROW,4,8895.648849,21942.5631090283,8895.648849,2025-06-05 02:46:45
11655,17321,242,1,REPAY,5,2145.772179,,2145.772179,2025-06-05 03:20:11
11656,17322,951,3,REPAY,5,1220.393916,,1220.393916,2025-06-05 03:23:45
11657,17323,822,3,REPAY,1,0.003052,,0.003052,2025-06-05 03:32:55
11658,17324,305,3,DEPOSIT,5,2258.35286,2258.35286,,2025-06-05 03:34:21
11659,17325,507,2,REPAY,5,5.934186,,5.934186,2025-06-05 03:38:15
11660,17326,195,3,REPAY,2,0.005421,,0.005421,2025-06-05 03:42:58
11661,17327,459,1,DEPOSIT,4,470.413888,470.413888,,2025-06-05 03:43:39
11662,17328,921,1,BORROW,2,8449.258809,20649.0726683302,8449.258809,2025-06-05 03:56:22
11663,17329,775,1,REPAY,1,3329.758858,,3329.758858,2025-06-05 04:17:21
11664,17330,568,2,REPAY,1,37.533876,,37.533876,2025-06-05 04:25:35
11665,17331,450,4,REPAY,2,23.436005,,23.436005,2025-06-05 04:30:59
11666,17333,784,4,REPAY,3,0.083368,,0.083368,2025-06-05 05:20:36
11667,17334,922,2,WITHDRAW,2,3545.874613,,,2025-06-05 05:45:52
11668,17335,241,3,LIQUIDATION,1,2934.700397,2978.9330637642,2934.700397,2025-06-05 05:57:03
11669,17336,757,3,REPAY,1,5733.20725,,5733.20725,2025-06-05 06:04:25
11670,17338,55,4,DEPOSIT,1,3369.168191,3369.168191,,2025-06-05 06:14:23
11671,17340,672,4,REPAY,2,1.452495,,1.452495,2025-06-05 06:21:16
11672,17341,596,2,REPAY,4,8398.233484,,8398.233484,2025-06-05 06:41:09
11673,17342,221,1,REPAY,5,1550.266214,,1550.266214,2025-06-05 07:07:43
11674,17343,886,2,BORROW,3,1368.882529,1709.2315755287,1368.882529,2025-06-05 07:12:17
11675,17344,51,3,REPAY,3,4.907385,,4.907385,2025-06-05 07:16:06
11676,17346,255,3,WITHDRAW,1,2029.646156,,,2025-06-05 07:23:32
11677,17347,571,3,REPAY,3,0.000645,,0.000645,2025-06-05 07:25:54
11678,17348,712,4,REPAY,3,302.919394,,302.919394,2025-06-05 07:35:43
11679,17349,946,2,LIQUIDATION,2,2412.567711,2355.3097659927,2412.567711,2025-06-05 07:41:52
11680,17350,601,2,REPAY,3,142.121029,,142.121029,2025-06-05 07:47:59
11681,17351,102,1,REPAY,5,0.293868,,0.293868,2025-06-05 07:49:19
11682,17352,942,3,DEPOSIT,2,9649.630941,9649.630941,,2025-06-05 07:51:48
11683,17355,73,2,REPAY,5,0.508733,,0.508733,2025-06-05 08:26:53
11684,17357,636,1,REPAY,2,356.064867,,356.064867,2025-06-05 08:45:35
11685,17358,483,4,REPAY,2,3.4e-05,,3.4e-05,2025-06-05 09:01:20
11686,17359,147,3,DEPOSIT,3,8826.519488,8826.519488,,2025-06-05 09:28:54
11687,17360,732,3,REPAY,1,1441.575112,,1441.575112,2025-06-05 10:22:08
11688,17361,608,3,REPAY,2,112.282688,,112.282688,2025-06-05 10:39:39
11689,17362,455,4,REPAY,4,0.000308,,0.000308,2025-06-05 11:07:43
11690,17363,985,3,REPAY,1,196.850934,,196.850934,2025-06-05 12:04:36
11691,17364,268,1,REPAY,2,3e-06,,3e-06,2025-06-05 12:14:56
11692,17366,199,3,DEPOSIT,3,992.880692,992.880692,,2025-06-05 12:51:25
11693,17367,85,3,WITHDRAW,3,8682.895839,,,2025-06-05 13:01:24
11694,17368,315,3,REPAY,3,0.146952,,0.146952,2025-06-05 13:23:54
11695,17372,845,1,REPAY,4,7295.473639,,7295.473639,2025-06-05 14:15:38
11696,17373,212,3,WITHDRAW,4,9619.696491,,,2025-06-05 14:17:24
11697,17375,822,2,REPAY,2,0.000139,,0.000139,2025-06-05 15:02:10
11698,17376,882,4,BORROW,5,559.595082,900.7495932878,559.595082,2025-06-05 15:12:44
11699,17378,433,2,REPAY,5,0.174758,,0.174758,2025-06-05 15:31:51
11700,17379,107,3,DEPOSIT,3,5534.762004,5534.762004,,2025-06-05 15:42:27
11701,17381,159,3,REPAY,2,9.444758,,9.444758,2025-06-05 16:18:38
11702,17383,406,4,REPAY,4,6.355078,,6.355078,2025-06-05 16:30:46
11703,17384,827,1,BORROW,5,8233.317668,11253.2174614224,8233.317668,2025-06-05 17:06:09
11704,17385,381,4,BORROW,5,6943.718987,13726.9707940173,6943.718987,2025-06-05 17:32:24
11705,17387,72,3,REPAY,4,10.648394,,10.648394,2025-06-05 17:51:16
11706,17388,71,4,BORROW,2,7854.228629,16786.99574426,7854.228629,2025-06-05 18:14:51
11707,17390,486,2,BORROW,2,2572.895834,5257.4499253386,2572.895834,2025-06-05 18:44:56
11708,17392,852,1,REPAY,3,1826.428107,,1826.428107,2025-06-05 18:59:23
11709,17394,518,3,REPAY,1,77.624512,,77.624512,2025-06-05 19:13:27
11710,17395,607,2,REPAY,5,0.429938,,0.429938,2025-06-05 19:17:09
11711,17397,235,1,REPAY,3,0.004262,,0.004262,2025-06-05 19:23:41
11712,17398,980,1,REPAY,5,2591.134445,,2591.134445,2025-06-05 19:30:54
11713,17400,696,3,REPAY,5,858.889007,,858.889007,2025-06-05 19:34:08
11714,17401,396,4,REPAY,1,1128.531801,,1128.531801,2025-06-05 19:37:28
11715,17402,229,3,DEPOSIT,4,7956.726071,7956.726071,,2025-06-05 19:58:58
11716,17405,442,2,WITHDRAW,2,7005.450462,,,2025-06-05 21:18:02
11717,17406,550,3,REPAY,5,1.662705,,1.662705,2025-06-05 21:22:59
11718,17407,640,2,REPAY,3,3.1e-05,,3.1e-05,2025-06-05 21:23:47
11719,17410,628,1,REPAY,5,1909.766492,,1909.766492,2025-06-05 22:47:21
11720,17411,761,1,DEPOSIT,4,7184.070206,7184.070206,,2025-06-05 22:58:01
11721,17412,941,4,REPAY,5,2.42592,,2.42592,2025-06-05 23:11:00
11722,17414,923,3,REPAY,1,0.022139,,0.022139,2025-06-05 23:54:00
11723,17415,32,4,REPAY,3,0.051687,,0.051687,2025-06-06 00:10:11
11724,17417,497,3,REPAY,3,0.003589,,0.003589,2025-06-06 00:45:33
11725,17421,138,4,REPAY,5,2794.871468,,2794.871468,2025-06-06 01:20:06
11726,17423,640,1,DEPOSIT,2,7651.441915,7651.441915,,2025-06-06 01:27:09
11727,17425,404,3,REPAY,2,557.752134,,557.752134,2025-06-06 02:25:49
11728,17426,397,4,BORROW,3,2061.801031,3290.2612735149,2061.801031,2025-06-06 02:29:30
11729,17427,112,2,REPAY,4,0.038537,,0.038537,2025-06-06 02:45:08
11730,17428,984,3,REPAY,4,1.9232,,1.9232,2025-06-06 02:55:29
11731,17429,492,4,BORROW,1,9863.808292,18463.4568374934,9863.808292,2025-06-06 03:16:04
11732,17430,329,1,REPAY,2,1091.151866,,1091.151866,2025-06-06 03:19:11
11733,17432,685,1,REPAY,5,435.448649,,435.448649,2025-06-06 04:13:12
11734,17433,401,2,REPAY,1,0.001323,,0.001323,2025-06-06 04:14:59
11735,17434,576,4,REPAY,3,3.7e-05,,3.7e-05,2025-06-06 04:29:12
11736,17435,955,3,REPAY,1,0.767926,,0.767926,2025-06-06 04:34:55
11737,17436,950,1,REPAY,5,199.779239,,199.779239,2025-06-06 04:37:58
11738,17437,89,1,REPAY,1,1e-06,,1e-06,2025-06-06 04:41:01
11739,17438,418,1,REPAY,1,0.650583,,0.650583,2025-06-06 05:01:30
11740,17439,973,3,REPAY,4,1936.986563,,1936.986563,2025-06-06 05:15:45
11741,17443,766,4,REPAY,2,0.001339,,0.001339,2025-06-06 05:53:51
11742,17444,630,1,WITHDRAW,4,7280.8053,,,2025-06-06 05:56:37
11743,17445,759,2,DEPOSIT,3,3812.163438,3812.163438,,2025-06-06 06:07:06
11744,17446,496,4,REPAY,4,0.178355,,0.178355,2025-06-06 06:12:36
11745,17447,305,3,LIQUIDATION,1,13788.677037,11146.3064685043,13788.677037,2025-06-06 06:16:23
11746,17448,191,2,REPAY,3,0.704194,,0.704194,2025-06-06 06:17:49
11747,17449,875,3,REPAY,5,839.80501,,839.80501,2025-06-06 06:37:30
11748,17451,19,2,WITHDRAW,3,8596.044507,,,2025-06-06 07:54:23
11749,17452,527,3,LIQUIDATION,5,173.903288,148.3301853937,173.903288,2025-06-06 07:58:14
11750,17453,396,2,REPAY,3,3831.427722,,3831.427722,2025-06-06 08:17:17
11751,17458,248,2,REPAY,5,0.001119,,0.001119,2025-06-06 09:22:41
11752,17459,380,1,BORROW,4,7412.233472,9030.1941287881,7412.233472,2025-06-06 09:34:30
11753,17460,695,4,REPAY,3,48.979053,,48.979053,2025-06-06 09:37:29
11754,17462,682,2,LIQUIDATION,2,4711.260372,5324.1862381113,4711.260372,2025-06-06 10:01:13
11755,17463,48,2,BORROW,2,9336.021253,22203.0954385208,9336.021253,2025-06-06 10:26:47
11756,17464,694,1,REPAY,2,0.888988,,0.888988,2025-06-06 10:39:26
11757,17465,65,4,WITHDRAW,4,572.983084,,,2025-06-06 10:41:12
11758,17466,714,2,REPAY,5,0.538002,,0.538002,2025-06-06 10:42:26
11759,17468,548,3,REPAY,2,49.938687,,49.938687,2025-06-06 11:11:20
11760,17469,871,1,WITHDRAW,1,902.431721,,,2025-06-06 11:29:38
11761,17470,535,4,BORROW,1,1971.921703,2717.1970515112,1971.921703,2025-06-06 11:37:45
11762,17473,250,3,WITHDRAW,4,3557.84798,,,2025-06-06 11:57:36
11763,17474,214,1,BORROW,5,4407.375949,6421.0457319228,4407.375949,2025-06-06 12:01:51
11764,17475,510,1,REPAY,1,20.630839,,20.630839,2025-06-06 12:11:33
11765,17476,701,4,BORROW,3,2091.06679,4556.4174813638,2091.06679,2025-06-06 12:26:06
11766,17478,261,4,REPAY,3,0.313644,,0.313644,2025-06-06 12:37:42
11767,17479,668,2,REPAY,2,855.012467,,855.012467,2025-06-06 13:00:49
11768,17481,236,1,REPAY,4,0.012692,,0.012692,2025-06-06 13:17:57
11769,17483,501,1,LIQUIDATION,4,2170.298232,2277.9062668671,2170.298232,2025-06-06 13:29:29
11770,17484,467,4,REPAY,1,806.03564,,806.03564,2025-06-06 13:52:41
11771,17485,262,2,LIQUIDATION,3,7.974328,6.6956234151,7.974328,2025-06-06 14:18:28
11772,17486,623,2,BORROW,3,4455.981108,8532.2701520613,4455.981108,2025-06-06 14:44:56
11773,17488,184,2,REPAY,5,181.620066,,181.620066,2025-06-06 15:57:07
11774,17489,400,4,DEPOSIT,3,4036.294844,4036.294844,,2025-06-06 16:01:58
11775,17490,150,3,REPAY,4,0.123208,,0.123208,2025-06-06 16:29:53
11776,17491,417,1,REPAY,1,224.46684,,224.46684,2025-06-06 16:29:57
11777,17492,534,2,REPAY,1,80.102548,,80.102548,2025-06-06 16:31:28
11778,17493,355,4,REPAY,4,142.22806,,142.22806,2025-06-06 16:50:16
11779,17494,934,2,REPAY,5,14.592796,,14.592796,2025-06-06 16:50:20
11780,17495,317,1,REPAY,1,1566.940451,,1566.940451,2025-06-06 17:20:47
11781,17496,117,2,REPAY,2,0.648588,,0.648588,2025-06-06 17:22:33
11782,17498,160,2,WITHDRAW,5,979.156308,,,2025-06-06 17:28:31
11783,17499,276,4,REPAY,2,5.6e-05,,5.6e-05,2025-06-06 17:50:49
11784,17500,912,4,REPAY,5,0.007404,,0.007404,2025-06-06 17:59:05
11785,17502,954,3,WITHDRAW,4,2005.00557,,,2025-06-06 18:09:25
11786,17506,346,4,REPAY,3,0.007729,,0.007729,2025-06-06 18:44:28
11787,17507,948,1,REPAY,3,1239.629253,,1239.629253,2025-06-06 18:48:42
11788,17508,434,2,BORROW,3,4046.807819,6846.8990334043,4046.807819,2025-06-06 18:52:48
11789,17509,984,3,REPAY,4,0.065692,,0.065692,2025-06-06 18:53:59
11790,17510,295,4,REPAY,3,351.128934,,351.128934,2025-06-06 19:00:39
11791,17511,83,3,REPAY,1,0.125199,,0.125199,2025-06-06 19:06:39
11792,17512,83,2,REPAY,5,0.009862,,0.009862,2025-06-06 19:08:03
11793,17513,758,3,REPAY,2,3.8e-05,,3.8e-05,2025-06-06 19:09:52
11794,17514,825,3,REPAY,1,1793.501233,,1793.501233,2025-06-06 19:11:46
11795,17515,888,4,BORROW,3,8035.269602,17922.1598727742,8035.269602,2025-06-06 19:29:31
11796,17516,112,4,REPAY,4,0.069612,,0.069612,2025-06-06 19:31:46
11797,17517,85,3,DEPOSIT,5,8844.766611,8844.766611,,2025-06-06 19:34:19
11798,17518,742,2,REPAY,2,3.333185,,3.333185,2025-06-06 19:40:27
11799,17520,485,4,WITHDRAW,2,6526.229866,,,2025-06-06 20:09:13
11800,17521,875,1,REPAY,1,354.543545,,354.543545,2025-06-06 20:14:04
11801,17522,308,1,REPAY,1,102.055986,,102.055986,2025-06-06 20:18:30
11802,17527,142,3,DEPOSIT,1,4245.854653,4245.854653,,2025-06-06 21:31:08
11803,17528,832,1,REPAY,3,485.301753,,485.301753,2025-06-06 21:42:44
11804,17529,237,4,BORROW,1,7647.631989,14208.7546434886,7647.631989,2025-06-06 21:49:41
11805,17531,928,1,BORROW,4,5643.5864,8696.5298615027,5643.5864,2025-06-06 22:23:33
11806,17532,540,1,DEPOSIT,3,3709.43813,3709.43813,,2025-06-06 22:58:23
11807,17533,258,4,REPAY,2,63.027393,,63.027393,2025-06-06 23:04:29
11808,17534,240,2,REPAY,3,0.000101,,0.000101,2025-06-06 23:08:34
11809,17536,871,4,BORROW,1,167.661173,375.141107466,167.661173,2025-06-06 23:10:10
11810,17537,9,2,LIQUIDATION,3,2725.18683,3188.7579173468,2725.18683,2025-06-06 23:29:04
11811,17538,607,3,BORROW,1,1418.108138,2577.4452340044,1418.108138,2025-06-06 23:38:18
11812,17540,596,3,REPAY,3,66.705526,,66.705526,2025-06-07 00:02:22
11813,17541,599,2,DEPOSIT,3,3420.977428,3420.977428,,2025-06-07 00:06:42
11814,17542,326,4,REPAY,4,790.485356,,790.485356,2025-06-07 00:08:29
11815,17546,332,4,WITHDRAW,1,4410.182552,,,2025-06-07 00:57:14
11816,17547,693,3,REPAY,3,0.020345,,0.020345,2025-06-07 01:15:43
11817,17549,749,3,REPAY,5,1630.170905,,1630.170905,2025-06-07 01:19:17
11818,17550,107,1,BORROW,3,7976.912517,10021.5572265681,7976.912517,2025-06-07 01:20:45
11819,17551,74,1,REPAY,1,0.727985,,0.727985,2025-06-07 01:41:15
11820,17552,7,3,REPAY,3,207.390375,,207.390375,2025-06-07 01:43:39
11821,17553,637,4,WITHDRAW,2,555.452729,,,2025-06-07 01:54:11
11822,17554,152,2,REPAY,2,31.998844,,31.998844,2025-06-07 02:16:04
11823,17555,172,1,DEPOSIT,5,3620.47598,3620.47598,,2025-06-07 02:21:20
11824,17556,527,4,WITHDRAW,4,609.946447,,,2025-06-07 02:24:06
11825,17557,562,3,BORROW,4,5311.350763,8066.4189703003,5311.350763,2025-06-07 02:53:24
11826,17558,728,1,REPAY,5,1.077192,,1.077192,2025-06-07 03:02:44
11827,17559,260,3,REPAY,5,0.032527,,0.032527,2025-06-07 03:14:41
11828,17561,129,1,LIQUIDATION,3,3896.820378,4440.920470635,3896.820378,2025-06-07 03:36:37
11829,17562,445,1,LIQUIDATION,4,17.468066,20.9321762835,17.468066,2025-06-07 04:09:33
11830,17563,689,2,WITHDRAW,1,4997.506826,,,2025-06-07 04:11:40
11831,17564,376,4,LIQUIDATION,3,3547.895386,3651.3804815297,3547.895386,2025-06-07 04:26:30
11832,17565,782,3,REPAY,5,0.027797,,0.027797,2025-06-07 04:27:27
11833,17566,193,1,WITHDRAW,5,7344.474403,,,2025-06-07 04:29:11
11834,17567,923,1,WITHDRAW,2,3756.056518,,,2025-06-07 04:47:32
11835,17568,368,3,DEPOSIT,3,3845.074059,3845.074059,,2025-06-07 05:23:09
11836,17569,38,3,DEPOSIT,3,6828.621925,6828.621925,,2025-06-07 05:33:08
11837,17570,138,3,BORROW,1,3568.566518,7086.2315929537,3568.566518,2025-06-07 06:07:30
11838,17571,739,2,LIQUIDATION,5,1.545974,1.4619213702,1.545974,2025-06-07 06:11:17
11839,17572,670,2,REPAY,5,217.012506,,217.012506,2025-06-07 06:39:07
11840,17573,210,1,DEPOSIT,4,8274.29959,8274.29959,,2025-06-07 06:48:09
11841,17574,168,2,REPAY,1,0.15098,,0.15098,2025-06-07 06:54:05
11842,17577,351,3,REPAY,4,1e-06,,1e-06,2025-06-07 07:00:31
11843,17578,73,2,REPAY,3,0.037598,,0.037598,2025-06-07 07:02:16
11844,17579,140,1,REPAY,1,0.000217,,0.000217,2025-06-07 07:39:47
11845,17581,391,4,BORROW,3,7727.208187,10650.7082082065,7727.208187,2025-06-07 07:51:11
11846,17582,955,3,DEPOSIT,2,2767.656337,2767.656337,,2025-06-07 08:00:33
11847,17583,54,4,BORROW,1,7309.782497,17853.2995581055,7309.782497,2025-06-07 08:04:58
11848,17584,325,3,REPAY,1,6e-06,,6e-06,2025-06-07 08:21:48
11849,17587,988,1,REPAY,5,620.502537,,620.502537,2025-06-07 08:49:28
11850,17588,189,3,REPAY,3,165.147476,,165.147476,2025-06-07 09:15:55
11851,17589,464,2,LIQUIDATION,2,616.106074,646.6115499575,616.106074,2025-06-07 10:05:10
11852,17590,745,4,REPAY,3,6853.918031,,6853.918031,2025-06-07 10:08:54
11853,17592,667,1,REPAY,5,0.001509,,0.001509,2025-06-07 11:06:07
11854,17593,985,1,REPAY,2,135.587247,,135.587247,2025-06-07 11:06:24
11855,17594,79,3,DEPOSIT,3,3703.443408,3703.443408,,2025-06-07 11:30:27
11856,17595,777,3,BORROW,4,9852.057582,21769.4767494027,9852.057582,2025-06-07 11:52:47
11857,17596,401,1,REPAY,2,0.005505,,0.005505,2025-06-07 12:20:18
11858,17597,234,4,WITHDRAW,3,669.619042,,,2025-06-07 12:53:42
11859,17598,43,1,REPAY,3,13.436323,,13.436323,2025-06-07 13:13:35
11860,17600,948,1,REPAY,2,4685.608162,,4685.608162,2025-06-07 13:55:09
11861,17601,460,3,BORROW,1,6458.965853,11958.262136181,6458.965853,2025-06-07 13:57:43
11862,17603,840,3,REPAY,3,1.419881,,1.419881,2025-06-07 14:04:06
11863,17605,540,1,REPAY,3,0.000932,,0.000932,2025-06-07 14:50:18
11864,17606,710,1,REPAY,2,669.41652,,669.41652,2025-06-07 15:09:36
11865,17607,848,4,REPAY,4,138.164509,,138.164509,2025-06-07 15:24:25
11866,17610,433,4,REPAY,4,0.011487,,0.011487,2025-06-07 15:41:41
11867,17611,465,2,REPAY,3,0.162276,,0.162276,2025-06-07 16:13:58
11868,17612,513,2,BORROW,1,5332.542367,12825.3233363373,5332.542367,2025-06-07 17:06:32
11869,17617,919,1,REPAY,2,0.025763,,0.025763,2025-06-07 17:34:41
11870,17620,517,1,REPAY,3,3379.547489,,3379.547489,2025-06-07 19:04:45
11871,17621,46,1,BORROW,3,295.160218,725.4916556509,295.160218,2025-06-07 19:05:33
11872,17622,874,2,REPAY,4,1806.023389,,1806.023389,2025-06-07 19:11:17
11873,17623,966,4,DEPOSIT,1,3773.260187,3773.260187,,2025-06-07 19:11:39
11874,17624,304,2,REPAY,5,40.556037,,40.556037,2025-06-07 19:30:20
11875,17625,888,3,REPAY,2,7033.886176,,7033.886176,2025-06-07 19:40:33
11876,17626,815,3,WITHDRAW,5,4583.44235,,,2025-06-07 19:50:06
11877,17627,16,3,BORROW,5,3914.458962,6702.1726148468,3914.458962,2025-06-07 19:55:35
11878,17629,286,3,REPAY,2,6331.381799,,6331.381799,2025-06-07 20:05:10
11879,17630,461,3,WITHDRAW,3,1322.07622,,,2025-06-07 20:09:37
11880,17632,440,2,REPAY,3,0.00137,,0.00137,2025-06-07 20:50:06
11881,17633,688,2,WITHDRAW,4,757.262469,,,2025-06-07 21:26:37
11882,17634,806,4,REPAY,3,7845.712117,,7845.712117,2025-06-07 21:28:19
11883,17636,687,1,REPAY,4,121.261586,,121.261586,2025-06-07 21:35:14
11884,17638,586,4,REPAY,5,5655.024974,,5655.024974,2025-06-07 21:41:09
11885,17639,742,3,REPAY,3,6.366357,,6.366357,2025-06-07 22:34:09
11886,17641,70,3,DEPOSIT,1,4092.258498,4092.258498,,2025-06-07 22:46:35
11887,17646,168,2,REPAY,4,0.052178,,0.052178,2025-06-07 23:19:26
11888,17647,933,2,DEPOSIT,3,883.967572,883.967572,,2025-06-08 00:10:09
11889,17649,367,2,REPAY,3,394.245624,,394.245624,2025-06-08 00:29:11
11890,17650,717,4,LIQUIDATION,1,5835.871458,6798.2461608452,5835.871458,2025-06-08 00:40:01
11891,17651,858,3,BORROW,4,2739.040516,3316.4732058407,2739.040516,2025-06-08 00:45:31
11892,17653,796,4,LIQUIDATION,5,7180.631467,6908.325411485,7180.631467,2025-06-08 01:07:19
11893,17656,764,3,REPAY,1,64.380681,,64.380681,2025-06-08 01:37:23
11894,17657,108,2,REPAY,3,273.692565,,273.692565,2025-06-08 01:38:13
11895,17658,118,2,LIQUIDATION,4,2557.206186,2303.299866533,2557.206186,2025-06-08 01:49:33
11896,17659,287,4,LIQUIDATION,1,54.154621,57.3052371434,54.154621,2025-06-08 02:17:29
11897,17660,870,2,REPAY,5,0.000309,,0.000309,2025-06-08 02:24:12
11898,17661,49,1,REPAY,5,0.000853,,0.000853,2025-06-08 02:34:39
11899,17663,864,2,REPAY,2,40.530278,,40.530278,2025-06-08 03:14:29
11900,17664,460,1,LIQUIDATION,2,6459.01637,6660.882782015,6459.01637,2025-06-08 03:22:06
11901,17667,109,1,WITHDRAW,5,7250.724633,,,2025-06-08 04:00:04
11902,17668,553,2,REPAY,2,653.160991,,653.160991,2025-06-08 04:11:08
11903,17670,633,1,BORROW,1,2570.271376,5426.8903385518,2570.271376,2025-06-08 04:32:35
11904,17671,32,1,REPAY,2,0.040681,,0.040681,2025-06-08 04:33:23
11905,17672,399,2,REPAY,2,638.65669,,638.65669,2025-06-08 05:30:59
11906,17673,392,1,REPAY,3,0.001255,,0.001255,2025-06-08 06:00:31
11907,17675,697,3,REPAY,1,0.000326,,0.000326,2025-06-08 06:24:59
11908,17676,181,4,DEPOSIT,2,7838.20833,7838.20833,,2025-06-08 06:32:40
11909,17678,706,4,REPAY,4,0.026941,,0.026941,2025-06-08 07:01:06
11910,17680,636,1,REPAY,2,375.424258,,375.424258,2025-06-08 07:10:53
11911,17682,923,4,REPAY,3,0.000273,,0.000273,2025-06-08 07:29:48
11912,17683,114,1,DEPOSIT,3,9927.826883,9927.826883,,2025-06-08 07:56:42
11913,17685,372,4,REPAY,2,2602.560007,,2602.560007,2025-06-08 08:21:47
11914,17686,152,1,REPAY,2,9.768387,,9.768387,2025-06-08 08:23:28
11915,17688,299,4,WITHDRAW,4,3666.75373,,,2025-06-08 08:48:26
11916,17690,92,1,REPAY,4,7.938278,,7.938278,2025-06-08 09:05:05
11917,17691,686,3,REPAY,1,1.438458,,1.438458,2025-06-08 09:39:54
11918,17692,33,4,WITHDRAW,3,6584.474754,,,2025-06-08 09:50:22
11919,17693,653,4,WITHDRAW,3,2494.526398,,,2025-06-08 10:19:59
11920,17694,23,1,LIQUIDATION,4,1588.734309,1738.4078046141,1588.734309,2025-06-08 10:28:22
11921,17695,851,2,REPAY,3,0.848615,,0.848615,2025-06-08 10:41:15
11922,17696,791,1,REPAY,5,3.563524,,3.563524,2025-06-08 10:54:14
11923,17697,193,4,BORROW,5,6191.348713,8439.9133219005,6191.348713,2025-06-08 11:05:57
11924,17698,949,1,REPAY,4,5.424273,,5.424273,2025-06-08 11:31:24
11925,17699,692,3,REPAY,1,64.642556,,64.642556,2025-06-08 11:31:30
11926,17700,226,4,REPAY,3,213.415444,,213.415444,2025-06-08 12:08:39
11927,17701,182,2,REPAY,3,0.000269,,0.000269,2025-06-08 12:09:52
11928,17704,616,1,REPAY,3,2277.004234,,2277.004234,2025-06-08 12:56:52
11929,17705,447,4,BORROW,5,2538.751184,5856.5444916875,2538.751184,2025-06-08 13:08:24
11930,17707,587,1,REPAY,1,208.912285,,208.912285,2025-06-08 13:34:44
11931,17709,425,3,BORROW,4,945.555848,1372.385568576,945.555848,2025-06-08 14:07:49
11932,17711,550,3,REPAY,5,0.044312,,0.044312,2025-06-08 14:21:04
11933,17712,793,4,REPAY,5,0.221433,,0.221433,2025-06-08 14:23:18
11934,17713,724,2,BORROW,5,8590.170098,11977.0021132227,8590.170098,2025-06-08 14:46:59
11935,17714,660,4,REPAY,4,198.972183,,198.972183,2025-06-08 14:47:01
11936,17715,811,1,REPAY,5,19.866516,,19.866516,2025-06-08 15:17:11
11937,17717,620,3,REPAY,3,0.118005,,0.118005,2025-06-08 15:39:09
11938,17718,133,1,REPAY,2,1.894883,,1.894883,2025-06-08 15:40:34
11939,17719,166,3,REPAY,5,0.153637,,0.153637,2025-06-08 15:58:38
11940,17720,806,3,WITHDRAW,3,1030.355095,,,2025-06-08 16:00:14
11941,17721,836,1,LIQUIDATION,2,538.322344,448.3315183424,538.322344,2025-06-08 16:09:22
11942,17722,137,2,DEPOSIT,3,6554.594067,6554.594067,,2025-06-08 16:35:57
11943,17725,813,3,REPAY,4,0.002939,,0.002939,2025-06-08 17:17:40
11944,17726,161,2,BORROW,5,2128.214653,3063.8659933398,2128.214653,2025-06-08 17:24:09
11945,17727,905,4,LIQUIDATION,1,639.206699,569.7269844305,639.206699,2025-06-08 17:33:20
11946,17728,840,2,REPAY,2,2.294127,,2.294127,2025-06-08 17:39:10
11947,17730,284,3,REPAY,2,0.059529,,0.059529,2025-06-08 17:49:20
11948,17731,728,3,REPAY,1,0.098498,,0.098498,2025-06-08 18:04:21
11949,17732,602,4,REPAY,5,0.000163,,0.000163,2025-06-08 18:07:03
11950,17734,987,1,WITHDRAW,3,5952.877171,,,2025-06-08 19:01:05
11951,17736,10,2,REPAY,2,29.54269,,29.54269,2025-06-08 19:40:19
11952,17737,19,3,REPAY,5,2.87795,,2.87795,2025-06-08 20:02:51
11953,17738,919,3,REPAY,4,0.00355,,0.00355,2025-06-08 20:08:14
11954,17740,318,3,REPAY,5,991.366822,,991.366822,2025-06-08 21:03:56
11955,17741,126,2,REPAY,2,1785.668601,,1785.668601,2025-06-08 21:20:46
11956,17742,480,2,REPAY,5,48.264845,,48.264845,2025-06-08 21:27:53
11957,17743,757,3,REPAY,4,1228.576656,,1228.576656,2025-06-08 21:30:23
11958,17744,908,3,REPAY,1,2.36861,,2.36861,2025-06-08 21:32:06
11959,17745,661,3,REPAY,3,1611.734864,,1611.734864,2025-06-08 21:52:23
11960,17750,501,4,BORROW,1,5314.431187,6517.3512068296,5314.431187,2025-06-08 22:36:03
11961,17751,671,1,REPAY,2,0.402014,,0.402014,2025-06-08 22:38:26
11962,17752,937,3,BORROW,3,6236.659802,15311.2250398662,6236.659802,2025-06-08 22:43:11
11963,17753,105,3,BORROW,2,4720.556103,11184.6843132819,4720.556103,2025-06-09 00:00:47
11964,17754,295,3,REPAY,2,272.90635,,272.90635,2025-06-09 00:05:35
11965,17755,341,4,DEPOSIT,1,287.317551,287.317551,,2025-06-09 00:20:03
11966,17756,624,1,REPAY,3,927.956664,,927.956664,2025-06-09 00:28:25
11967,17757,429,3,REPAY,1,6242.232593,,6242.232593,2025-06-09 00:39:22
11968,17758,945,1,REPAY,1,1.5e-05,,1.5e-05,2025-06-09 00:47:43
11969,17759,283,4,REPAY,2,3593.376194,,3593.376194,2025-06-09 00:51:55
11970,17760,646,2,REPAY,3,98.348116,,98.348116,2025-06-09 01:02:54
11971,17761,686,1,REPAY,3,0.921141,,0.921141,2025-06-09 01:03:24
11972,17763,228,1,WITHDRAW,5,3948.006068,,,2025-06-09 01:33:57
11973,17764,400,4,REPAY,3,7.244204,,7.244204,2025-06-09 01:36:21
11974,17765,841,2,LIQUIDATION,2,13976.533483,13730.2928970237,13976.533483,2025-06-09 01:40:23
11975,17766,768,2,REPAY,3,0.004149,,0.004149,2025-06-09 02:24:32
11976,17767,778,4,REPAY,1,0.000305,,0.000305,2025-06-09 02:46:02
11977,17771,566,4,LIQUIDATION,1,4229.08638,4895.9983163175,4229.08638,2025-06-09 03:37:50
11978,17773,518,1,REPAY,4,45.605501,,45.605501,2025-06-09 04:30:11
11979,17774,192,3,LIQUIDATION,1,280.197515,317.9047865949,280.197515,2025-06-09 04:51:04
11980,17776,334,4,LIQUIDATION,3,3860.744249,3967.1531489874,3860.744249,2025-06-09 05:36:03
11981,17778,853,1,REPAY,2,6.057936,,6.057936,2025-06-09 05:48:35
11982,17781,592,4,REPAY,3,0.000187,,0.000187,2025-06-09 06:02:33
11983,17782,126,4,REPAY,5,303.102992,,303.102992,2025-06-09 06:06:04
11984,17783,977,3,REPAY,5,8.385605,,8.385605,2025-06-09 06:26:55
11985,17784,314,1,REPAY,5,0.000533,,0.000533,2025-06-09 06:32:34
11986,17785,730,3,REPAY,4,4781.597161,,4781.597161,2025-06-09 06:36:05
11987,17786,162,1,REPAY,4,2387.506187,,2387.506187,2025-06-09 06:42:38
11988,17787,963,1,REPAY,1,6.166776,,6.166776,2025-06-09 06:44:23
11989,17789,759,2,BORROW,3,9332.034204,17054.0574679653,9332.034204,2025-06-09 07:27:55
11990,17790,294,3,REPAY,5,17.572725,,17.572725,2025-06-09 07:35:20
11991,17791,68,2,REPAY,2,2405.642479,,2405.642479,2025-06-09 07:44:24
11992,17792,254,2,REPAY,3,0.249715,,0.249715,2025-06-09 07:50:43
11993,17793,609,1,BORROW,2,6397.883509,11857.6221056705,6397.883509,2025-06-09 07:55:51
11994,17795,213,2,REPAY,4,0.430983,,0.430983,2025-06-09 08:41:45
11995,17796,230,3,REPAY,4,0.003059,,0.003059,2025-06-09 08:55:19
11996,17798,730,4,REPAY,1,904.046266,,904.046266,2025-06-09 08:59:34
11997,17799,457,4,REPAY,3,37.843212,,37.843212,2025-06-09 09:40:56
11998,17800,264,2,LIQUIDATION,1,7759.392567,8819.1370385993,7759.392567,2025-06-09 10:13:06
11999,17802,267,1,BORROW,3,8809.104952,18876.7174512987,8809.104952,2025-06-09 10:29:55
12000,17804,68,3,LIQUIDATION,1,4688.541222,4447.3588796662,4688.541222,2025-06-09 11:13:57
12001,17807,316,2,BORROW,2,2326.255142,3398.3505151489,2326.255142,2025-06-09 11:33:03
12002,17808,729,4,WITHDRAW,1,6241.631443,,,2025-06-09 11:39:53
12003,17810,623,3,REPAY,1,1518.183054,,1518.183054,2025-06-09 11:50:24
12004,17811,674,4,DEPOSIT,1,4493.681052,4493.681052,,2025-06-09 12:01:15
12005,17812,784,2,REPAY,2,0.005913,,0.005913,2025-06-09 12:34:58
12006,17813,206,2,REPAY,2,0.015764,,0.015764,2025-06-09 12:47:00
12007,17817,514,3,LIQUIDATION,4,9470.981142,9744.6416545727,9470.981142,2025-06-09 13:05:27
12008,17818,307,1,LIQUIDATION,5,1847.953125,1958.5198601792,1847.953125,2025-06-09 13:13:08
12009,17819,278,4,REPAY,5,0.181999,,0.181999,2025-06-09 13:13:17
12010,17820,287,4,BORROW,2,5953.988311,12097.215595791,5953.988311,2025-06-09 13:19:53
12011,17821,259,3,REPAY,5,0.000168,,0.000168,2025-06-09 13:20:11
12012,17822,864,2,REPAY,4,5.695265,,5.695265,2025-06-09 13:23:33
12013,17824,752,1,REPAY,4,0.000379,,0.000379,2025-06-09 14:02:44
12014,17825,943,4,REPAY,3,7.136834,,7.136834,2025-06-09 14:09:04
12015,17828,406,2,REPAY,3,48.026786,,48.026786,2025-06-09 14:54:18
12016,17829,496,3,REPAY,3,0.84124,,0.84124,2025-06-09 14:55:16
12017,17832,827,4,LIQUIDATION,4,8233.317668,6919.2540124777,8233.317668,2025-06-09 15:26:35
12018,17833,520,3,REPAY,4,825.101505,,825.101505,2025-06-09 15:55:04
12019,17835,150,3,REPAY,4,0.021741,,0.021741,2025-06-09 16:16:09
12020,17836,77,3,REPAY,1,41.930622,,41.930622,2025-06-09 16:22:13
12021,17837,214,3,BORROW,5,8436.811006,17224.0934819096,8436.811006,2025-06-09 16:39:12
12022,17838,994,4,REPAY,5,51.733678,,51.733678,2025-06-09 16:51:14
12023,17839,629,4,REPAY,4,0.599172,,0.599172,2025-06-09 17:09:03
12024,17840,955,2,REPAY,4,0.214904,,0.214904,2025-06-09 17:09:35
12025,17841,811,2,REPAY,3,3.593824,,3.593824,2025-06-09 17:23:47
12026,17842,363,2,DEPOSIT,4,6888.037585,6888.037585,,2025-06-09 17:25:34
12027,17844,828,1,REPAY,2,412.671794,,412.671794,2025-06-09 17:38:41
12028,17845,828,2,REPAY,2,28.519278,,28.519278,2025-06-09 17:43:39
12029,17846,29,4,LIQUIDATION,1,28.024133,26.9024514487,28.024133,2025-06-09 18:01:37
12030,17850,393,4,BORROW,3,5813.286292,13988.8350168571,5813.286292,2025-06-09 18:43:30
12031,17851,207,1,BORROW,1,3145.000208,5827.3205708032,3145.000208,2025-06-09 19:31:52
12032,17852,447,4,REPAY,4,371.878631,,371.878631,2025-06-09 20:22:46
12033,17854,733,1,BORROW,1,9372.40421,12979.9041319823,9372.40421,2025-06-09 20:37:34
12034,17855,843,2,REPAY,2,5.761836,,5.761836,2025-06-09 20:38:54
12035,17857,657,2,BORROW,1,6431.812109,15886.2693020756,6431.812109,2025-06-09 20:55:30
12036,17858,864,4,REPAY,3,1.554463,,1.554463,2025-06-09 20:58:33
12037,17859,886,1,REPAY,1,429.315931,,429.315931,2025-06-09 21:02:22
12038,17860,304,3,REPAY,2,96.179806,,96.179806,2025-06-09 21:08:15
12039,17861,542,1,REPAY,1,3829.446595,,3829.446595,2025-06-09 21:09:05
12040,17862,243,3,REPAY,1,8e-06,,8e-06,2025-06-09 21:22:11
12041,17864,28,4,BORROW,2,1749.419528,2571.0167582553,1749.419528,2025-06-09 21:48:21
12042,17865,912,1,REPAY,3,0.004932,,0.004932,2025-06-09 21:49:02
12043,17866,594,2,REPAY,4,41.535347,,41.535347,2025-06-09 21:57:08
12044,17867,616,4,DEPOSIT,5,4000.893298,4000.893298,,2025-06-09 22:18:06
12045,17868,805,4,DEPOSIT,3,1448.84351,1448.84351,,2025-06-09 22:27:15
12046,17869,538,4,REPAY,4,0.03701,,0.03701,2025-06-09 22:35:46
12047,17870,481,3,REPAY,3,3.184545,,3.184545,2025-06-09 22:39:58
12048,17872,997,3,REPAY,5,0.000929,,0.000929,2025-06-09 22:54:06
12049,17874,90,3,REPAY,4,1.469138,,1.469138,2025-06-09 23:23:25
12050,17875,818,1,REPAY,5,4.7e-05,,4.7e-05,2025-06-09 23:38:23
12051,17876,624,1,REPAY,4,491.037447,,491.037447,2025-06-09 23:41:22
12052,17877,725,2,REPAY,2,697.216489,,697.216489,2025-06-09 23:48:01
12053,17878,3,4,DEPOSIT,5,2693.778513,2693.778513,,2025-06-09 23:58:33
12054,17879,898,1,REPAY,1,5e-06,,5e-06,2025-06-10 00:26:17
12055,17881,520,4,WITHDRAW,2,7552.334746,,,2025-06-10 01:33:58
12056,17882,603,2,REPAY,5,0.000254,,0.000254,2025-06-10 01:34:00
12057,17883,35,1,BORROW,5,7455.327965,18217.5135916122,7455.327965,2025-06-10 01:38:57
12058,17885,316,3,REPAY,1,2093.426441,,2093.426441,2025-06-10 02:42:02
12059,17886,89,4,REPAY,1,1e-06,,1e-06,2025-06-10 02:50:00
12060,17888,827,1,BORROW,1,8144.455528,18586.7146487252,8144.455528,2025-06-10 04:04:07
12061,17890,673,1,REPAY,4,18.06235,,18.06235,2025-06-10 05:00:00
12062,17891,695,4,REPAY,5,41.936157,,41.936157,2025-06-10 05:50:38
12063,17892,49,4,WITHDRAW,3,2421.755664,,,2025-06-10 05:52:24
12064,17893,504,2,BORROW,4,1465.502056,1949.2253603377,1465.502056,2025-06-10 05:52:47
12065,17894,814,4,REPAY,4,871.443437,,871.443437,2025-06-10 05:57:19
12066,17897,570,1,WITHDRAW,1,2305.240413,,,2025-06-10 06:32:42
12067,17898,941,2,REPAY,3,0.149453,,0.149453,2025-06-10 06:54:22
12068,17900,371,4,REPAY,3,3092.115033,,3092.115033,2025-06-10 07:26:29
12069,17902,21,2,REPAY,3,685.530099,,685.530099,2025-06-10 07:45:29
12070,17903,490,3,REPAY,5,0.000149,,0.000149,2025-06-10 08:03:55
12071,17905,202,2,LIQUIDATION,1,272.89585,304.0025616224,272.89585,2025-06-10 08:36:56
12072,17906,698,1,BORROW,5,9953.612186,22507.6554020939,9953.612186,2025-06-10 09:00:49
12073,17908,259,4,REPAY,3,5.5e-05,,5.5e-05,2025-06-10 09:49:55
12074,17910,940,1,REPAY,3,1.322946,,1.322946,2025-06-10 10:05:02
12075,17912,450,4,REPAY,4,31.574235,,31.574235,2025-06-10 10:35:46
12076,17913,927,1,REPAY,1,543.893801,,543.893801,2025-06-10 10:39:16
12077,17915,431,1,WITHDRAW,5,5409.666552,,,2025-06-10 11:14:27
12078,17916,94,1,WITHDRAW,5,4851.403518,,,2025-06-10 11:28:45
12079,17917,282,4,DEPOSIT,5,71.684963,71.684963,,2025-06-10 11:30:24
12080,17918,46,2,REPAY,5,54.663479,,54.663479,2025-06-10 11:39:06
12081,17919,229,4,REPAY,1,206.071816,,206.071816,2025-06-10 11:41:33
12082,17920,540,4,REPAY,5,0.000425,,0.000425,2025-06-10 11:50:07
12083,17922,121,2,REPAY,4,22.281997,,22.281997,2025-06-10 12:38:16
12084,17923,579,1,REPAY,3,120.027623,,120.027623,2025-06-10 13:01:15
12085,17924,49,3,REPAY,2,0.000412,,0.000412,2025-06-10 13:05:32
12086,17925,209,2,DEPOSIT,1,1679.084642,1679.084642,,2025-06-10 13:16:11
12087,17927,62,3,REPAY,5,0.001007,,0.001007,2025-06-10 14:03:06
12088,17928,206,1,REPAY,2,0.001082,,0.001082,2025-06-10 14:06:57
12089,17929,314,3,BORROW,2,2138.114882,4107.2390154633,2138.114882,2025-06-10 14:08:47
12090,17932,306,3,REPAY,2,93.031984,,93.031984,2025-06-10 15:16:53
12091,17933,723,3,REPAY,2,2.74162,,2.74162,2025-06-10 15:17:56
12092,17934,19,1,WITHDRAW,1,2605.925845,,,2025-06-10 16:11:11
12093,17935,414,2,REPAY,1,91.225562,,91.225562,2025-06-10 16:16:29
12094,17938,61,3,BORROW,2,2478.578183,4800.3578058434,2478.578183,2025-06-10 16:59:36
12095,17941,977,4,REPAY,2,9.039563,,9.039563,2025-06-10 17:36:02
12096,17944,435,1,DEPOSIT,5,4796.805532,4796.805532,,2025-06-10 17:55:45
12097,17945,552,4,REPAY,2,280.567915,,280.567915,2025-06-10 18:13:20
12098,17946,356,3,DEPOSIT,5,7682.891325,7682.891325,,2025-06-10 18:31:13
12099,17947,795,4,REPAY,2,1e-06,,1e-06,2025-06-10 18:32:04
12100,17948,853,1,REPAY,5,1.315358,,1.315358,2025-06-10 19:02:56
12101,17949,292,3,WITHDRAW,1,4380.415691,,,2025-06-10 19:27:06
12102,17950,633,4,REPAY,2,1324.771747,,1324.771747,2025-06-10 19:29:38
12103,17952,70,3,BORROW,5,2255.547371,3209.0194633081,2255.547371,2025-06-10 19:47:50
12104,17954,611,4,REPAY,4,701.152689,,701.152689,2025-06-10 20:06:29
12105,17956,671,1,REPAY,1,0.128756,,0.128756,2025-06-10 20:21:39
12106,17957,817,2,REPAY,3,8.937157,,8.937157,2025-06-10 20:44:56
12107,17958,235,2,REPAY,4,0.000232,,0.000232,2025-06-10 20:47:57
12108,17959,786,2,WITHDRAW,1,2562.211579,,,2025-06-10 21:00:18
12109,17960,18,4,BORROW,2,9063.0472,18956.6205410587,9063.0472,2025-06-10 21:19:20
12110,17962,141,1,REPAY,1,5.8e-05,,5.8e-05,2025-06-10 21:57:45
12111,17963,655,3,BORROW,2,4091.408232,8448.59623671,4091.408232,2025-06-10 22:14:55
12112,17965,862,4,LIQUIDATION,1,12.032612,10.5061947456,12.032612,2025-06-10 22:31:13
12113,17966,106,1,REPAY,3,0.000645,,0.000645,2025-06-10 23:20:03
12114,17967,298,4,LIQUIDATION,4,104.522101,88.7854362988,104.522101,2025-06-10 23:40:13
12115,17969,380,4,REPAY,5,4346.670069,,4346.670069,2025-06-11 00:29:52
12116,17970,912,2,WITHDRAW,5,8745.217989,,,2025-06-11 00:32:09
12117,17972,585,1,REPAY,1,17.98607,,17.98607,2025-06-11 01:09:09
12118,17973,719,2,LIQUIDATION,5,941.316458,1042.8251077293,941.316458,2025-06-11 01:18:48
12119,17974,724,3,REPAY,2,2034.53106,,2034.53106,2025-06-11 01:19:17
12120,17975,286,4,REPAY,1,29.438102,,29.438102,2025-06-11 01:31:14
12121,17976,541,1,BORROW,3,2327.835926,5565.5900449812,2327.835926,2025-06-11 01:33:07
12122,17977,434,3,REPAY,2,550.008372,,550.008372,2025-06-11 01:45:01
12123,17978,31,4,LIQUIDATION,4,624.192208,639.7106452098,624.192208,2025-06-11 01:50:06
12124,17979,206,3,REPAY,2,7.5e-05,,7.5e-05,2025-06-11 02:01:44
12125,17980,326,1,REPAY,5,153.359534,,153.359534,2025-06-11 02:09:56
12126,17982,976,2,DEPOSIT,5,9989.020178,9989.020178,,2025-06-11 02:38:17
12127,17983,661,4,REPAY,3,3348.768089,,3348.768089,2025-06-11 02:54:47
12128,17985,510,2,REPAY,1,0.533103,,0.533103,2025-06-11 03:18:53
12129,17986,7,4,REPAY,5,15.040624,,15.040624,2025-06-11 03:22:56
12130,17987,116,1,REPAY,3,0.081798,,0.081798,2025-06-11 03:25:01
12131,17988,574,4,LIQUIDATION,1,5088.269401,4764.2295273735,5088.269401,2025-06-11 03:27:26
12132,17990,463,3,REPAY,3,0.012193,,0.012193,2025-06-11 03:33:01
12133,17991,597,4,DEPOSIT,5,2157.677868,2157.677868,,2025-06-11 03:35:02
12134,17992,877,2,REPAY,5,291.937667,,291.937667,2025-06-11 03:35:15
12135,17993,442,3,DEPOSIT,1,4554.8843,4554.8843,,2025-06-11 04:00:12
12136,17995,714,3,BORROW,1,6788.335325,10400.6080452623,6788.335325,2025-06-11 04:26:37
12137,17996,728,2,REPAY,5,0.242141,,0.242141,2025-06-11 05:04:45
12138,17997,782,3,REPAY,4,0.007766,,0.007766,2025-06-11 05:15:09
12139,17999,620,1,REPAY,2,0.000439,,0.000439,2025-06-11 05:46:29
12140,18001,272,3,REPAY,1,8.179823,,8.179823,2025-06-11 06:10:50
12141,18002,268,2,REPAY,3,2e-06,,2e-06,2025-06-11 06:24:06
12142,18003,983,3,REPAY,1,1.433293,,1.433293,2025-06-11 06:29:25
12143,18004,838,2,WITHDRAW,1,3652.613824,,,2025-06-11 06:38:21
12144,18005,537,3,WITHDRAW,5,377.620676,,,2025-06-11 06:58:34
12145,18007,973,4,WITHDRAW,3,2715.127308,,,2025-06-11 07:18:25
12146,18008,480,1,REPAY,5,134.318858,,134.318858,2025-06-11 07:20:20
12147,18009,189,2,REPAY,3,361.753699,,361.753699,2025-06-11 07:28:02
12148,18011,228,4,REPAY,5,2882.948969,,2882.948969,2025-06-11 08:55:00
12149,18012,337,4,WITHDRAW,1,6243.957186,,,2025-06-11 09:03:27
12150,18013,159,1,REPAY,2,48.425165,,48.425165,2025-06-11 09:09:25
12151,18014,940,1,REPAY,2,1.064873,,1.064873,2025-06-11 09:46:12
12152,18017,259,1,REPAY,3,3.6e-05,,3.6e-05,2025-06-11 10:21:28
12153,18018,502,2,REPAY,1,588.967078,,588.967078,2025-06-11 10:22:11
12154,18019,8,2,REPAY,3,0.002526,,0.002526,2025-06-11 10:33:43
12155,18020,257,1,DEPOSIT,5,1162.930127,1162.930127,,2025-06-11 10:35:34
12156,18021,651,2,DEPOSIT,3,3814.371593,3814.371593,,2025-06-11 10:40:48
12157,18023,189,2,REPAY,3,56.931753,,56.931753,2025-06-11 10:56:20
12158,18024,667,2,REPAY,5,0.001143,,0.001143,2025-06-11 11:03:55
12159,18026,624,1,REPAY,1,459.67638,,459.67638,2025-06-11 11:53:01
12160,18027,730,3,REPAY,5,72.549248,,72.549248,2025-06-11 11:57:14
12161,18028,918,1,REPAY,2,3e-06,,3e-06,2025-06-11 12:07:33
12162,18029,707,4,DEPOSIT,1,2152.493687,2152.493687,,2025-06-11 12:08:41
12163,18030,281,4,BORROW,1,5554.615016,7023.4269708141,5554.615016,2025-06-11 12:19:47
12164,18031,705,3,WITHDRAW,1,353.819101,,,2025-06-11 12:56:03
12165,18032,80,3,REPAY,1,125.129131,,125.129131,2025-06-11 13:36:01
12166,18033,221,4,REPAY,3,46.994429,,46.994429,2025-06-11 13:38:50
12167,18035,134,4,REPAY,2,200.235278,,200.235278,2025-06-11 13:47:30
12168,18039,972,1,WITHDRAW,1,6128.804184,,,2025-06-11 14:57:30
12169,18040,982,4,REPAY,1,0.026775,,0.026775,2025-06-11 15:03:04
12170,18041,285,1,REPAY,3,393.92309,,393.92309,2025-06-11 15:16:43
12171,18042,915,1,DEPOSIT,3,8075.972657,8075.972657,,2025-06-11 15:28:25
12172,18044,241,2,BORROW,2,3198.173364,7931.4343136105,3198.173364,2025-06-11 15:46:53
12173,18045,596,3,REPAY,4,1.573666,,1.573666,2025-06-11 15:48:46
12174,18046,863,2,DEPOSIT,2,1661.915715,1661.915715,,2025-06-11 15:58:20
12175,18047,649,3,DEPOSIT,2,1900.674163,1900.674163,,2025-06-11 16:19:36
12176,18048,893,2,REPAY,2,0.00091,,0.00091,2025-06-11 16:34:13
12177,18050,407,4,REPAY,3,146.469879,,146.469879,2025-06-11 17:44:05
12178,18051,465,4,REPAY,1,0.315007,,0.315007,2025-06-11 18:26:15
12179,18052,26,1,REPAY,2,8e-06,,8e-06,2025-06-11 19:07:37
12180,18055,600,2,REPAY,2,0.014113,,0.014113,2025-06-11 19:45:44
12181,18057,732,3,LIQUIDATION,1,243.073164,265.2904510279,243.073164,2025-06-11 21:14:47
12182,18058,932,3,REPAY,3,630.698231,,630.698231,2025-06-11 21:54:27
12183,18060,407,4,REPAY,5,52.374742,,52.374742,2025-06-11 22:02:00
12184,18061,853,3,BORROW,3,3960.145823,5287.459047239,3960.145823,2025-06-11 22:03:45
12185,18063,715,1,BORROW,1,3304.941711,8083.5558080891,3304.941711,2025-06-11 23:10:15
12186,18064,283,2,REPAY,3,6258.936936,,6258.936936,2025-06-11 23:13:32
12187,18066,775,2,REPAY,2,97.322833,,97.322833,2025-06-11 23:27:16
12188,18067,117,3,REPAY,4,0.494188,,0.494188,2025-06-11 23:31:16
12189,18068,528,3,REPAY,3,543.304261,,543.304261,2025-06-11 23:48:18
12190,18069,695,4,REPAY,3,1.821225,,1.821225,2025-06-11 23:51:16
12191,18070,487,1,REPAY,2,2.099246,,2.099246,2025-06-11 23:53:17
12192,18071,59,4,REPAY,4,3.584148,,3.584148,2025-06-12 00:06:52
12193,18072,205,4,DEPOSIT,2,6681.144648,6681.144648,,2025-06-12 00:13:44
12194,18073,559,4,LIQUIDATION,4,118.68619,134.1915771267,118.68619,2025-06-12 00:15:18
12195,18074,796,1,BORROW,2,9414.903487,11346.2095365541,9414.903487,2025-06-12 00:46:03
12196,18077,215,3,REPAY,3,394.642716,,394.642716,2025-06-12 01:10:30
12197,18079,381,1,REPAY,4,2957.338559,,2957.338559,2025-06-12 01:45:12
12198,18081,540,4,REPAY,4,5e-06,,5e-06,2025-06-12 02:05:48
12199,18082,407,4,REPAY,2,6.279595,,6.279595,2025-06-12 02:10:49
12200,18083,917,1,REPAY,1,9e-06,,9e-06,2025-06-12 02:12:33
12201,18084,405,2,DEPOSIT,1,5989.054956,5989.054956,,2025-06-12 02:28:07
12202,18085,180,3,BORROW,2,6072.451821,13865.8611564106,6072.451821,2025-06-12 02:28:18
12203,18086,798,1,REPAY,2,384.161639,,384.161639,2025-06-12 02:30:44
12204,18087,779,4,WITHDRAW,4,2816.601098,,,2025-06-12 02:33:02
12205,18088,187,3,WITHDRAW,3,1411.258444,,,2025-06-12 02:47:12
12206,18089,117,1,REPAY,4,1.032743,,1.032743,2025-06-12 02:59:57
12207,18090,508,2,REPAY,2,0.09729,,0.09729,2025-06-12 03:06:16
12208,18092,132,2,REPAY,2,29.418269,,29.418269,2025-06-12 03:09:57
12209,18094,784,3,REPAY,3,0.004017,,0.004017,2025-06-12 03:52:29
12210,18095,714,4,REPAY,5,5213.199093,,5213.199093,2025-06-12 04:11:50
12211,18096,927,3,REPAY,4,84.31042,,84.31042,2025-06-12 04:16:59
12212,18097,444,3,REPAY,2,1.093014,,1.093014,2025-06-12 04:27:50
12213,18099,183,3,REPAY,5,2159.934649,,2159.934649,2025-06-12 04:39:53
12214,18100,825,1,REPAY,3,3327.821512,,3327.821512,2025-06-12 05:01:23
12215,18101,915,3,WITHDRAW,3,4867.359921,,,2025-06-12 05:03:18
12216,18102,776,3,REPAY,4,4324.321555,,4324.321555,2025-06-12 05:08:55
12217,18103,31,1,BORROW,3,3094.115175,3773.7870939078,3094.115175,2025-06-12 05:10:35
12218,18104,801,1,REPAY,3,534.172221,,534.172221,2025-06-12 05:20:41
12219,18105,985,1,REPAY,3,0.788239,,0.788239,2025-06-12 05:31:18
12220,18106,294,2,REPAY,4,12.381806,,12.381806,2025-06-12 05:34:05
12221,18107,671,3,REPAY,4,0.026219,,0.026219,2025-06-12 05:45:57
12222,18109,316,3,BORROW,4,7991.708339,14110.2409856943,7991.708339,2025-06-12 06:28:53
12223,18110,327,1,BORROW,3,2134.180016,4798.2547718432,2134.180016,2025-06-12 06:40:59
12224,18112,367,3,REPAY,1,1160.124777,,1160.124777,2025-06-12 07:33:26
12225,18113,24,1,REPAY,1,123.843954,,123.843954,2025-06-12 07:41:30
12226,18114,917,3,REPAY,5,3e-06,,3e-06,2025-06-12 08:02:29
12227,18116,677,3,REPAY,2,87.138864,,87.138864,2025-06-12 08:32:04
12228,18117,574,4,BORROW,5,261.427635,469.2329507836,261.427635,2025-06-12 08:36:06
12229,18118,995,4,BORROW,4,4348.767676,9112.9319047095,4348.767676,2025-06-12 08:51:18
12230,18119,604,3,REPAY,4,817.140996,,817.140996,2025-06-12 08:59:21
12231,18121,772,1,REPAY,4,1619.029466,,1619.029466,2025-06-12 09:25:22
12232,18122,616,2,WITHDRAW,2,3268.055745,,,2025-06-12 09:26:17
12233,18123,764,1,LIQUIDATION,4,5.793499,5.1140441777,5.793499,2025-06-12 09:33:28
12234,18124,214,3,REPAY,1,9560.023986,,9560.023986,2025-06-12 09:36:08
12235,18125,231,2,REPAY,1,0.012175,,0.012175,2025-06-12 10:01:57
12236,18126,217,1,REPAY,3,1395.362383,,1395.362383,2025-06-12 10:17:42
12237,18127,665,1,REPAY,2,15.31555,,15.31555,2025-06-12 10:22:40
12238,18128,882,4,LIQUIDATION,3,1717.631086,1616.7407614714,1717.631086,2025-06-12 10:32:02
12239,18130,59,2,REPAY,3,0.094065,,0.094065,2025-06-12 11:17:23
12240,18131,524,2,REPAY,3,17.047276,,17.047276,2025-06-12 11:18:53
12241,18132,185,4,LIQUIDATION,1,2494.375521,2104.0854808604,2494.375521,2025-06-12 11:20:49
12242,18133,818,4,REPAY,4,0.00017,,0.00017,2025-06-12 11:31:45
12243,18134,39,1,REPAY,4,0.000264,,0.000264,2025-06-12 12:01:08
12244,18135,693,2,LIQUIDATION,2,0.053726,0.0476357277,0.053726,2025-06-12 12:23:45
12245,18136,104,3,REPAY,1,725.477915,,725.477915,2025-06-12 12:35:38
12246,18137,433,2,REPAY,1,0.013477,,0.013477,2025-06-12 12:35:47
12247,18139,840,3,DEPOSIT,5,7205.157783,7205.157783,,2025-06-12 13:04:11
12248,18140,233,2,REPAY,3,1.415523,,1.415523,2025-06-12 13:22:24
12249,18141,76,3,REPAY,4,3975.185485,,3975.185485,2025-06-12 13:35:26
12250,18143,793,4,REPAY,5,0.125041,,0.125041,2025-06-12 13:47:44
12251,18144,579,1,REPAY,2,21.948524,,21.948524,2025-06-12 13:58:38
12252,18146,16,4,REPAY,4,924.868665,,924.868665,2025-06-12 14:16:38
12253,18148,757,4,REPAY,1,973.598982,,973.598982,2025-06-12 14:44:24
12254,18149,290,1,REPAY,1,1761.583412,,1761.583412,2025-06-12 14:52:31
12255,18150,841,1,BORROW,4,6686.191852,12360.1461499445,6686.191852,2025-06-12 15:31:18
12256,18151,840,3,REPAY,5,0.146992,,0.146992,2025-06-12 15:33:54
12257,18153,602,2,WITHDRAW,1,613.636374,,,2025-06-12 15:44:58
12258,18155,196,3,REPAY,3,0.031371,,0.031371,2025-06-12 16:42:33
12259,18156,939,4,WITHDRAW,5,6103.478041,,,2025-06-12 16:46:57
12260,18157,88,2,REPAY,4,0.0,,0.0,2025-06-12 17:02:24
12261,18158,729,1,DEPOSIT,4,9328.995403,9328.995403,,2025-06-12 17:15:28
12262,18159,494,2,REPAY,5,7.021571,,7.021571,2025-06-12 17:25:49
12263,18160,437,3,REPAY,4,0.000253,,0.000253,2025-06-12 17:41:28
12264,18161,640,2,DEPOSIT,1,3953.048485,3953.048485,,2025-06-12 17:52:17
12265,18162,994,4,DEPOSIT,5,3758.529352,3758.529352,,2025-06-12 18:03:27
12266,18163,537,1,REPAY,3,265.827562,,265.827562,2025-06-12 18:19:17
12267,18164,456,3,DEPOSIT,4,7527.060334,7527.060334,,2025-06-12 18:50:06
12268,18166,484,2,REPAY,1,0.005496,,0.005496,2025-06-12 19:40:26
12269,18168,753,1,REPAY,3,10.685711,,10.685711,2025-06-12 19:51:47
12270,18171,906,3,REPAY,2,0.010565,,0.010565,2025-06-12 21:02:40
12271,18172,373,3,LIQUIDATION,3,2194.183259,2222.3680875103,2194.183259,2025-06-12 21:09:59
12272,18173,250,2,DEPOSIT,4,6471.706288,6471.706288,,2025-06-12 21:38:19
12273,18174,954,3,DEPOSIT,1,5050.373756,5050.373756,,2025-06-12 21:53:29
12274,18175,417,2,LIQUIDATION,2,179.534541,148.116244845,179.534541,2025-06-12 21:53:56
12275,18176,846,1,BORROW,2,2669.115619,5550.0445028866,2669.115619,2025-06-12 22:10:38
12276,18177,189,1,REPAY,3,2.206402,,2.206402,2025-06-12 22:18:47
12277,18178,177,4,LIQUIDATION,5,1.342391,1.2560537991,1.342391,2025-06-12 22:20:33
12278,18179,825,2,REPAY,2,210.702951,,210.702951,2025-06-12 22:42:10
12279,18180,341,4,DEPOSIT,3,7806.065803,7806.065803,,2025-06-12 22:56:46
12280,18181,237,4,REPAY,3,7258.262615,,7258.262615,2025-06-12 23:03:32
12281,18184,171,1,BORROW,1,3509.161357,8288.5052523716,3509.161357,2025-06-12 23:41:21
12282,18185,70,3,REPAY,2,677.012376,,677.012376,2025-06-12 23:47:13
12283,18187,105,1,REPAY,1,1256.521872,,1256.521872,2025-06-12 23:55:45
12284,18188,559,4,DEPOSIT,3,2384.471974,2384.471974,,2025-06-13 00:17:46
12285,18189,71,3,REPAY,2,1152.869923,,1152.869923,2025-06-13 00:27:30
12286,18190,233,2,REPAY,3,0.590275,,0.590275,2025-06-13 00:41:54
12287,18191,484,4,REPAY,2,0.001877,,0.001877,2025-06-13 01:03:09
12288,18192,158,1,REPAY,2,0.004949,,0.004949,2025-06-13 01:25:51
12289,18193,870,4,REPAY,5,0.002724,,0.002724,2025-06-13 01:48:01
12290,18195,851,4,DEPOSIT,2,9483.209157,9483.209157,,2025-06-13 02:06:22
12291,18196,763,4,DEPOSIT,5,9553.018046,9553.018046,,2025-06-13 02:10:46
12292,18197,894,2,REPAY,3,262.859702,,262.859702,2025-06-13 02:30:35
12293,18198,62,4,REPAY,1,0.000403,,0.000403,2025-06-13 02:34:37
12294,18200,547,1,BORROW,4,6534.322663,14832.7658143029,6534.322663,2025-06-13 03:11:47
12295,18201,502,3,REPAY,3,1215.850645,,1215.850645,2025-06-13 03:14:48
12296,18202,924,3,BORROW,5,4627.584002,8472.7677980795,4627.584002,2025-06-13 04:27:24
12297,18203,384,4,REPAY,5,1800.427657,,1800.427657,2025-06-13 04:48:45
12298,18204,272,3,DEPOSIT,3,7940.007528,7940.007528,,2025-06-13 05:02:57
12299,18205,146,1,LIQUIDATION,5,11075.989921,12096.176099067,11075.989921,2025-06-13 05:39:36
12300,18206,47,1,REPAY,1,9525.512756,,9525.512756,2025-06-13 05:50:59
12301,18207,1,2,REPAY,3,101.959405,,101.959405,2025-06-13 05:52:20
12302,18208,757,2,REPAY,4,1214.782292,,1214.782292,2025-06-13 05:54:28
12303,18209,497,3,REPAY,2,0.005314,,0.005314,2025-06-13 06:07:42
12304,18211,594,3,REPAY,3,14.732465,,14.732465,2025-06-13 06:18:58
12305,18212,914,2,REPAY,1,43.963192,,43.963192,2025-06-13 06:23:55
12306,18214,135,3,LIQUIDATION,4,795.576484,914.798815952,795.576484,2025-06-13 07:36:56
12307,18217,603,3,REPAY,2,7.3e-05,,7.3e-05,2025-06-13 08:07:22
12308,18218,162,2,REPAY,2,337.618687,,337.618687,2025-06-13 08:11:25
12309,18219,205,4,WITHDRAW,5,6764.797329,,,2025-06-13 09:09:30
12310,18224,985,4,DEPOSIT,3,4688.301825,4688.301825,,2025-06-13 09:44:54
12311,18225,758,3,REPAY,2,2e-05,,2e-05,2025-06-13 09:51:04
12312,18226,271,3,WITHDRAW,2,1114.734454,,,2025-06-13 09:51:26
12313,18227,583,1,DEPOSIT,3,8024.663419,8024.663419,,2025-06-13 09:57:56
12314,18228,419,4,REPAY,3,343.238736,,343.238736,2025-06-13 10:03:47
12315,18230,130,1,REPAY,2,0.240931,,0.240931,2025-06-13 10:12:09
12316,18231,190,1,REPAY,5,791.255881,,791.255881,2025-06-13 10:20:24
12317,18232,749,2,REPAY,1,2122.598289,,2122.598289,2025-06-13 10:25:13
12318,18233,747,3,REPAY,2,660.620502,,660.620502,2025-06-13 10:40:00
12319,18234,259,2,REPAY,1,9.2e-05,,9.2e-05,2025-06-13 10:42:11
12320,18235,851,3,BORROW,2,5632.353638,8284.3438063183,5632.353638,2025-06-13 11:02:22
12321,18236,726,2,REPAY,4,0.000285,,0.000285,2025-06-13 11:13:34
12322,18238,703,4,WITHDRAW,3,7314.848003,,,2025-06-13 11:56:07
12323,18239,60,2,WITHDRAW,3,8272.252071,,,2025-06-13 12:25:20
12324,18240,6,4,BORROW,2,5342.108057,12252.9107281496,5342.108057,2025-06-13 12:34:56
12325,18241,961,2,REPAY,5,2e-06,,2e-06,2025-06-13 12:53:44
12326,18242,865,2,DEPOSIT,1,742.492707,742.492707,,2025-06-13 13:31:08
12327,18243,450,2,REPAY,3,4.387732,,4.387732,2025-06-13 13:53:43
12328,18244,931,3,DEPOSIT,2,9736.725032,9736.725032,,2025-06-13 14:00:56
12329,18245,447,1,REPAY,2,1294.557858,,1294.557858,2025-06-13 14:02:55
12330,18246,706,3,REPAY,3,0.037901,,0.037901,2025-06-13 14:10:53
12331,18247,972,1,DEPOSIT,5,7430.146143,7430.146143,,2025-06-13 14:28:27
12332,18248,766,2,REPAY,5,0.0,,0.0,2025-06-13 14:32:34
12333,18249,19,2,REPAY,5,0.192593,,0.192593,2025-06-13 14:48:34
12334,18250,495,4,REPAY,1,0.017777,,0.017777,2025-06-13 14:48:59
12335,18251,856,1,BORROW,1,9123.010476,11715.0268443711,9123.010476,2025-06-13 14:59:04
12336,18252,722,4,REPAY,4,4018.305065,,4018.305065,2025-06-13 15:30:03
12337,18253,512,4,REPAY,1,3.169694,,3.169694,2025-06-13 15:56:58
12338,18254,326,4,REPAY,1,86.788562,,86.788562,2025-06-13 15:57:50
12339,18255,382,3,REPAY,4,1.901503,,1.901503,2025-06-13 16:06:43
12340,18256,534,2,REPAY,2,21.035994,,21.035994,2025-06-13 16:14:40
12341,18257,674,3,LIQUIDATION,2,321.928595,333.6405531038,321.928595,2025-06-13 16:48:28
12342,18258,168,4,REPAY,1,0.04091,,0.04091,2025-06-13 16:57:28
12343,18259,565,4,REPAY,3,73.677727,,73.677727,2025-06-13 17:00:41
12344,18260,184,4,REPAY,5,19.370478,,19.370478,2025-06-13 17:01:02
12345,18261,926,4,REPAY,4,0.018267,,0.018267,2025-06-13 17:19:01
12346,18264,23,2,BORROW,2,7930.475345,16405.2440773549,7930.475345,2025-06-13 18:06:27
12347,18265,95,1,REPAY,1,0.086611,,0.086611,2025-06-13 18:11:30
12348,18267,140,4,REPAY,1,0.000182,,0.000182,2025-06-13 19:15:15
12349,18268,93,2,WITHDRAW,1,6395.672684,,,2025-06-13 19:28:02
12350,18269,401,3,REPAY,2,0.000779,,0.000779,2025-06-13 19:54:48
12351,18270,103,4,DEPOSIT,5,5750.103871,5750.103871,,2025-06-13 20:14:56
12352,18271,305,4,BORROW,3,2973.167205,6903.8696841174,2973.167205,2025-06-13 20:18:27
12353,18272,822,1,BORROW,4,9558.410865,11478.7490444197,9558.410865,2025-06-13 21:27:45
12354,18273,363,2,WITHDRAW,2,5997.622971,,,2025-06-13 21:33:14
12355,18275,968,3,WITHDRAW,5,9636.852983,,,2025-06-13 21:53:37
12356,18276,95,1,REPAY,2,0.156693,,0.156693,2025-06-13 22:06:35
12357,18277,974,4,REPAY,2,4089.647926,,4089.647926,2025-06-13 22:11:45
12358,18278,720,2,REPAY,5,3049.048867,,3049.048867,2025-06-13 22:26:24
12359,18279,327,4,REPAY,3,841.094396,,841.094396,2025-06-13 22:38:56
12360,18280,344,2,REPAY,4,708.670646,,708.670646,2025-06-13 22:48:16
12361,18282,213,2,REPAY,2,0.10351,,0.10351,2025-06-13 22:55:00
12362,18283,465,4,REPAY,4,0.395575,,0.395575,2025-06-13 22:57:19
12363,18284,5,2,REPAY,1,6e-06,,6e-06,2025-06-13 23:38:07
12364,18285,1,4,REPAY,1,29.500255,,29.500255,2025-06-13 23:48:03
12365,18286,240,1,REPAY,1,7e-06,,7e-06,2025-06-14 00:13:52
12366,18287,847,2,REPAY,2,0.198359,,0.198359,2025-06-14 00:34:46
12367,18288,249,2,REPAY,3,15.999269,,15.999269,2025-06-14 00:40:47
12368,18289,347,2,REPAY,4,50.051379,,50.051379,2025-06-14 00:47:34
12369,18290,558,3,REPAY,4,0.021502,,0.021502,2025-06-14 01:13:10
12370,18291,154,3,REPAY,5,2.689997,,2.689997,2025-06-14 01:16:12
12371,18292,729,3,DEPOSIT,2,4929.994077,4929.994077,,2025-06-14 01:18:18
12372,18294,967,1,REPAY,3,0.000244,,0.000244,2025-06-14 01:57:41
12373,18295,968,4,REPAY,2,1072.810542,,1072.810542,2025-06-14 02:01:46
12374,18296,462,4,REPAY,4,3e-06,,3e-06,2025-06-14 02:24:44
12375,18297,191,1,REPAY,2,0.830568,,0.830568,2025-06-14 02:29:08
12376,18298,794,1,DEPOSIT,2,3429.587614,3429.587614,,2025-06-14 03:00:53
12377,18299,924,4,REPAY,4,4536.211774,,4536.211774,2025-06-14 03:07:48
12378,18301,184,3,REPAY,3,1.614487,,1.614487,2025-06-14 03:31:20
12379,18303,736,3,REPAY,1,1914.776579,,1914.776579,2025-06-14 04:04:27
12380,18305,868,3,REPAY,5,2590.876061,,2590.876061,2025-06-14 04:20:07
12381,18307,242,3,REPAY,4,2435.612389,,2435.612389,2025-06-14 04:23:54
12382,18308,419,4,REPAY,2,1102.713389,,1102.713389,2025-06-14 04:24:52
12383,18313,517,3,REPAY,5,1226.638511,,1226.638511,2025-06-14 05:43:17
12384,18314,204,2,DEPOSIT,5,6946.363736,6946.363736,,2025-06-14 05:43:41
12385,18316,345,4,REPAY,4,3661.346932,,3661.346932,2025-06-14 06:00:01
12386,18319,826,2,DEPOSIT,3,6251.561294,6251.561294,,2025-06-14 06:31:12
12387,18322,932,4,REPAY,5,3993.067739,,3993.067739,2025-06-14 06:58:14
12388,18323,242,3,BORROW,5,6325.608056,7890.4678878889,6325.608056,2025-06-14 07:03:21
12389,18324,967,4,REPAY,4,2.2e-05,,2.2e-05,2025-06-14 07:17:23
12390,18326,953,3,REPAY,2,0.000187,,0.000187,2025-06-14 08:02:26
12391,18327,567,2,DEPOSIT,2,7692.246577,7692.246577,,2025-06-14 08:49:38
12392,18328,187,1,WITHDRAW,1,8046.860923,,,2025-06-14 08:53:12
12393,18330,930,2,WITHDRAW,4,6337.733864,,,2025-06-14 09:28:05
12394,18331,678,2,DEPOSIT,5,527.958981,527.958981,,2025-06-14 09:29:06
12395,18333,990,2,REPAY,3,8050.420783,,8050.420783,2025-06-14 10:22:57
12396,18334,87,2,DEPOSIT,4,1477.228362,1477.228362,,2025-06-14 10:23:31
12397,18336,856,2,REPAY,5,5407.688029,,5407.688029,2025-06-14 11:07:18
12398,18337,174,4,WITHDRAW,1,1798.262028,,,2025-06-14 11:37:56
12399,18338,854,1,BORROW,2,5651.727607,8178.4523576662,5651.727607,2025-06-14 11:38:02
12400,18339,317,4,REPAY,3,14.51738,,14.51738,2025-06-14 11:51:31
12401,18340,508,4,REPAY,2,0.053398,,0.053398,2025-06-14 11:55:39
12402,18341,701,2,REPAY,3,1951.818163,,1951.818163,2025-06-14 12:05:09
12403,18342,194,1,BORROW,1,6839.309512,16795.5420865989,6839.309512,2025-06-14 12:06:33
12404,18343,313,3,DEPOSIT,1,9720.160549,9720.160549,,2025-06-14 12:32:37
12405,18344,927,4,REPAY,3,68.647422,,68.647422,2025-06-14 12:35:22
12406,18345,324,2,WITHDRAW,2,1954.380726,,,2025-06-14 12:42:33
12407,18346,395,3,REPAY,4,1352.565151,,1352.565151,2025-06-14 12:51:47
12408,18348,801,2,REPAY,5,45.910206,,45.910206,2025-06-14 13:14:21
12409,18349,720,2,REPAY,2,345.027954,,345.027954,2025-06-14 13:47:44
12410,18350,855,1,BORROW,3,2311.390021,3369.6711076915,2311.390021,2025-06-14 14:04:05
12411,18351,515,4,BORROW,2,2319.001912,2790.8566477641,2319.001912,2025-06-14 14:04:45
12412,18352,144,1,WITHDRAW,5,2080.496061,,,2025-06-14 14:14:23
12413,18353,638,4,WITHDRAW,2,6793.955548,,,2025-06-14 14:16:24
12414,18355,463,3,REPAY,2,0.001846,,0.001846,2025-06-14 14:25:30
12415,18356,348,4,REPAY,2,0.001945,,0.001945,2025-06-14 14:31:54
12416,18357,490,1,REPAY,1,2.1e-05,,2.1e-05,2025-06-14 14:42:00
12417,18358,912,2,WITHDRAW,1,2951.324145,,,2025-06-14 14:54:50
12418,18361,988,4,WITHDRAW,1,661.223931,,,2025-06-14 15:04:00
12419,18362,168,3,REPAY,1,0.065609,,0.065609,2025-06-14 15:04:20
12420,18364,948,2,REPAY,1,39.020103,,39.020103,2025-06-14 15:27:48
12421,18365,860,1,REPAY,4,0.054008,,0.054008,2025-06-14 15:31:21
12422,18366,19,3,DEPOSIT,1,9186.558264,9186.558264,,2025-06-14 15:43:01
12423,18367,943,3,DEPOSIT,3,1225.503981,1225.503981,,2025-06-14 15:52:54
12424,18368,880,2,BORROW,3,8341.922771,14310.5753447435,8341.922771,2025-06-14 16:00:56
12425,18370,389,4,REPAY,1,0.057943,,0.057943,2025-06-14 16:17:32
12426,18373,212,3,WITHDRAW,3,8455.326248,,,2025-06-14 17:08:14
12427,18375,722,2,REPAY,2,83.040662,,83.040662,2025-06-14 17:43:24
12428,18376,939,1,DEPOSIT,4,2683.584279,2683.584279,,2025-06-14 18:22:53
12429,18377,76,2,WITHDRAW,3,5454.053454,,,2025-06-14 18:44:23
12430,18379,870,1,REPAY,3,5e-06,,5e-06,2025-06-14 19:05:58
12431,18380,327,4,BORROW,4,7402.106637,16971.5385748748,7402.106637,2025-06-14 19:28:07
12432,18382,106,2,REPAY,5,0.000145,,0.000145,2025-06-14 20:09:51
12433,18384,833,2,REPAY,2,80.440412,,80.440412,2025-06-14 21:13:14
12434,18388,21,2,DEPOSIT,2,5745.275459,5745.275459,,2025-06-14 22:26:38
12435,18389,443,4,WITHDRAW,1,2992.569227,,,2025-06-14 22:31:30
12436,18391,839,4,BORROW,2,5683.301783,11347.621635537,5683.301783,2025-06-14 22:41:19
12437,18393,416,4,DEPOSIT,3,4173.25926,4173.25926,,2025-06-14 22:48:18
12438,18394,457,4,REPAY,2,9.81854,,9.81854,2025-06-14 22:51:18
12439,18396,749,3,LIQUIDATION,2,5325.884685,5896.3314661579,5325.884685,2025-06-14 23:33:46
12440,18398,220,3,REPAY,2,10.277874,,10.277874,2025-06-15 00:24:01
12441,18399,770,4,BORROW,5,8245.845766,18482.0881648189,8245.845766,2025-06-15 00:30:40
12442,18400,792,1,BORROW,4,3237.7779,7951.6744649578,3237.7779,2025-06-15 00:33:34
12443,18401,889,3,REPAY,3,0.086762,,0.086762,2025-06-15 00:57:27
12444,18402,268,1,REPAY,2,1e-06,,1e-06,2025-06-15 01:07:33
12445,18403,869,1,REPAY,3,50.852406,,50.852406,2025-06-15 01:46:56
12446,18404,541,3,LIQUIDATION,1,10088.153779,11141.9771172366,10088.153779,2025-06-15 02:00:12
12447,18406,495,4,REPAY,2,0.021647,,0.021647,2025-06-15 02:50:22
12448,18407,215,3,WITHDRAW,3,7419.444438,,,2025-06-15 02:50:42
12449,18408,453,2,BORROW,5,6750.299276,8968.8088020677,6750.299276,2025-06-15 03:16:47
12450,18409,7,4,REPAY,3,22.359029,,22.359029,2025-06-15 03:27:15
12451,18410,88,2,REPAY,2,0.0,,0.0,2025-06-15 03:55:56
12452,18411,641,3,REPAY,3,0.328557,,0.328557,2025-06-15 04:03:37
12453,18412,467,4,REPAY,2,1178.148059,,1178.148059,2025-06-15 04:25:00
12454,18414,381,4,BORROW,2,9245.779232,19763.7155689327,9245.779232,2025-06-15 04:48:53
12455,18415,333,3,REPAY,1,535.710203,,535.710203,2025-06-15 04:54:30
12456,18416,636,4,DEPOSIT,2,3338.312062,3338.312062,,2025-06-15 05:32:43
12457,18418,632,4,LIQUIDATION,1,8926.913277,7985.6166811643,8926.913277,2025-06-15 05:40:56
12458,18419,72,3,REPAY,4,5.533705,,5.533705,2025-06-15 05:53:35
12459,18420,518,1,BORROW,4,2693.865223,5250.43489705,2693.865223,2025-06-15 06:13:33
12460,18422,309,4,REPAY,4,0.069384,,0.069384,2025-06-15 07:05:36
12461,18425,657,1,REPAY,5,6111.215218,,6111.215218,2025-06-15 07:38:05
12462,18428,142,4,DEPOSIT,1,8513.503395,8513.503395,,2025-06-15 08:02:42
12463,18430,923,4,REPAY,1,0.00054,,0.00054,2025-06-15 08:12:43
12464,18431,928,2,REPAY,5,1803.139982,,1803.139982,2025-06-15 08:17:23
12465,18433,886,4,REPAY,4,929.519282,,929.519282,2025-06-15 08:40:45
12466,18434,75,3,DEPOSIT,5,1030.565628,1030.565628,,2025-06-15 08:58:58
12467,18435,26,2,REPAY,1,5e-06,,5e-06,2025-06-15 09:14:03
12468,18436,990,3,REPAY,1,327.793537,,327.793537,2025-06-15 09:49:10
12469,18437,799,4,REPAY,4,0.005961,,0.005961,2025-06-15 10:00:26
12470,18438,465,1,REPAY,1,0.016284,,0.016284,2025-06-15 10:27:39
12471,18439,949,3,REPAY,1,7.796312,,7.796312,2025-06-15 10:36:06
12472,18440,840,4,REPAY,5,0.417484,,0.417484,2025-06-15 10:38:53
12473,18442,923,2,REPAY,1,0.000544,,0.000544,2025-06-15 10:45:11
12474,18443,122,2,REPAY,1,24.303301,,24.303301,2025-06-15 10:59:39
12475,18444,848,3,BORROW,2,4795.271159,8737.3320848533,4795.271159,2025-06-15 11:12:39
12476,18446,473,2,REPAY,4,0.174562,,0.174562,2025-06-15 11:34:51
12477,18447,133,1,REPAY,2,0.993661,,0.993661,2025-06-15 11:41:37
12478,18448,477,3,REPAY,4,6.477704,,6.477704,2025-06-15 11:46:00
12479,18449,195,3,REPAY,3,0.006739,,0.006739,2025-06-15 11:46:41
12480,18450,926,1,REPAY,1,0.001365,,0.001365,2025-06-15 11:47:57
12481,18451,288,4,REPAY,4,3.56366,,3.56366,2025-06-15 11:58:01
12482,18452,80,4,REPAY,1,279.1814,,279.1814,2025-06-15 12:05:19
12483,18453,707,1,REPAY,5,0.021981,,0.021981,2025-06-15 12:13:10
12484,18454,485,4,REPAY,3,5.880695,,5.880695,2025-06-15 12:16:22
12485,18456,737,2,REPAY,4,121.655277,,121.655277,2025-06-15 12:25:39
12486,18457,50,2,REPAY,1,552.265122,,552.265122,2025-06-15 12:27:14
12487,18459,951,3,WITHDRAW,5,1096.401672,,,2025-06-15 12:49:18
12488,18460,130,1,WITHDRAW,1,9458.712083,,,2025-06-15 12:51:17
12489,18461,926,3,WITHDRAW,4,3181.974768,,,2025-06-15 12:57:43
12490,18462,440,2,REPAY,4,0.001033,,0.001033,2025-06-15 13:02:09
12491,18463,862,3,BORROW,3,5633.393354,10884.6732917824,5633.393354,2025-06-15 13:14:09
12492,18464,473,2,REPAY,1,0.039098,,0.039098,2025-06-15 13:17:29
12493,18466,427,3,BORROW,1,2373.015437,5039.2251446299,2373.015437,2025-06-15 13:57:51
12494,18471,562,2,REPAY,3,2719.327019,,2719.327019,2025-06-15 15:00:27
12495,18472,376,4,BORROW,5,1002.128038,1725.742404522,1002.128038,2025-06-15 15:25:29
12496,18473,832,4,REPAY,2,116.459928,,116.459928,2025-06-15 15:32:48
12497,18474,739,3,BORROW,4,9939.190861,18798.3261143226,9939.190861,2025-06-15 15:41:09
12498,18475,751,4,REPAY,5,0.00585,,0.00585,2025-06-15 16:10:40
12499,18476,818,3,REPAY,2,1e-05,,1e-05,2025-06-15 16:43:23
12500,18477,406,1,REPAY,5,1.211689,,1.211689,2025-06-15 16:48:26
12501,18479,407,4,REPAY,4,32.456093,,32.456093,2025-06-15 17:07:59
12502,18480,608,1,REPAY,1,38.18468,,38.18468,2025-06-15 17:10:12
12503,18482,983,3,WITHDRAW,4,8668.657357,,,2025-06-15 17:17:15
12504,18484,827,1,DEPOSIT,2,5232.824715,5232.824715,,2025-06-15 17:22:58
12505,18485,787,3,REPAY,1,3048.545365,,3048.545365,2025-06-15 17:30:52
12506,18486,851,4,REPAY,5,2187.029486,,2187.029486,2025-06-15 19:00:55
12507,18487,806,4,WITHDRAW,4,2845.083098,,,2025-06-15 19:05:44
12508,18488,214,4,REPAY,5,1263.724753,,1263.724753,2025-06-15 19:07:56
12509,18490,552,1,REPAY,3,22.975647,,22.975647,2025-06-15 19:16:30
12510,18491,487,4,REPAY,5,0.01981,,0.01981,2025-06-15 19:38:52
12511,18492,627,1,DEPOSIT,5,1138.721715,1138.721715,,2025-06-15 20:07:30
12512,18493,311,1,REPAY,3,1178.118921,,1178.118921,2025-06-15 20:48:18
12513,18494,279,3,REPAY,4,1.587804,,1.587804,2025-06-15 20:54:56
12514,18495,41,2,LIQUIDATION,1,0.069284,0.0554933551,0.069284,2025-06-15 21:02:45
12515,18497,851,2,REPAY,3,819.353513,,819.353513,2025-06-15 21:26:53
12516,18499,986,3,REPAY,2,0.00143,,0.00143,2025-06-15 21:35:14
12517,18501,919,2,REPAY,1,0.001549,,0.001549,2025-06-15 22:11:36
12518,18502,655,2,LIQUIDATION,2,10933.492042,10642.312682658,10933.492042,2025-06-15 22:36:16
12519,18503,945,3,REPAY,5,2e-06,,2e-06,2025-06-15 22:43:50
12520,18504,736,2,REPAY,4,1059.483035,,1059.483035,2025-06-15 23:41:54
12521,18505,401,3,REPAY,2,0.0031,,0.0031,2025-06-15 23:59:30
12522,18506,99,2,WITHDRAW,1,6057.975551,,,2025-06-16 00:28:52
12523,18507,739,2,BORROW,4,7056.555956,12045.1727160883,7056.555956,2025-06-16 00:35:01
12524,18509,706,2,WITHDRAW,5,4882.065911,,,2025-06-16 00:36:27
12525,18511,574,1,BORROW,1,3053.852101,7471.8168645547,3053.852101,2025-06-16 02:17:34
12526,18512,685,2,BORROW,3,3613.443171,5761.8959038306,3613.443171,2025-06-16 02:19:26
12527,18513,590,1,REPAY,5,1624.432634,,1624.432634,2025-06-16 02:30:16
12528,18514,290,1,LIQUIDATION,3,616.425079,560.2113503855,616.425079,2025-06-16 02:49:15
12529,18515,885,2,WITHDRAW,2,2281.511405,,,2025-06-16 03:16:00
12530,18516,785,4,REPAY,1,21.266937,,21.266937,2025-06-16 03:56:46
12531,18517,587,2,LIQUIDATION,4,40.060335,41.5562818484,40.060335,2025-06-16 04:11:30
12532,18518,560,2,REPAY,4,49.44354,,49.44354,2025-06-16 04:30:05
12533,18519,214,2,REPAY,5,1792.747932,,1792.747932,2025-06-16 04:36:46
12534,18520,609,3,REPAY,2,4908.282825,,4908.282825,2025-06-16 05:01:40
12535,18521,815,1,REPAY,2,16.522089,,16.522089,2025-06-16 05:08:14
12536,18522,891,4,REPAY,5,0.002204,,0.002204,2025-06-16 05:38:45
12537,18523,782,3,REPAY,2,0.020827,,0.020827,2025-06-16 05:43:46
12538,18524,758,3,REPAY,5,2.3e-05,,2.3e-05,2025-06-16 05:54:12
12539,18526,879,2,WITHDRAW,1,9915.85281,,,2025-06-16 05:54:27
12540,18527,542,3,REPAY,4,308.060913,,308.060913,2025-06-16 05:55:54
12541,18532,655,1,BORROW,2,8858.17301,12948.5812368723,8858.17301,2025-06-16 06:41:16
12542,18533,730,2,REPAY,1,22.064874,,22.064874,2025-06-16 06:49:23
12543,18534,989,4,REPAY,2,829.837903,,829.837903,2025-06-16 06:50:45
12544,18536,192,1,BORROW,4,2415.628861,3535.5274041079,2415.628861,2025-06-16 07:18:12
12545,18537,771,2,LIQUIDATION,2,2172.42252,1763.904078312,2172.42252,2025-06-16 07:55:14
12546,18538,355,4,REPAY,2,37.448526,,37.448526,2025-06-16 07:59:42
12547,18539,395,4,WITHDRAW,2,9142.020186,,,2025-06-16 08:09:28
12548,18540,291,1,BORROW,3,1585.978957,3070.1140845835,1585.978957,2025-06-16 08:15:41
12549,18541,359,1,REPAY,3,39.856034,,39.856034,2025-06-16 08:51:18
12550,18542,409,3,WITHDRAW,1,6209.759986,,,2025-06-16 08:52:42
12551,18543,674,1,DEPOSIT,4,979.661512,979.661512,,2025-06-16 08:59:22
12552,18544,541,3,BORROW,2,9524.49408,18730.6172233492,9524.49408,2025-06-16 09:02:53
12553,18547,291,2,REPAY,2,2212.996635,,2212.996635,2025-06-16 09:42:18
12554,18548,996,2,REPAY,4,259.092551,,259.092551,2025-06-16 09:47:13
12555,18550,430,4,DEPOSIT,4,7251.32253,7251.32253,,2025-06-16 09:54:50
12556,18551,821,2,WITHDRAW,2,9129.94089,,,2025-06-16 10:19:32
12557,18552,372,4,REPAY,1,275.180894,,275.180894,2025-06-16 10:22:31
12558,18553,341,4,WITHDRAW,5,2896.633694,,,2025-06-16 10:25:39
12559,18554,514,4,BORROW,3,7498.301131,13270.8798418157,7498.301131,2025-06-16 10:38:24
12560,18555,604,3,REPAY,5,2240.215911,,2240.215911,2025-06-16 10:40:28
12561,18556,858,1,DEPOSIT,2,5613.329945,5613.329945,,2025-06-16 11:09:14
12562,18557,327,1,REPAY,4,6149.417075,,6149.417075,2025-06-16 11:22:44
12563,18558,527,1,DEPOSIT,3,8311.719325,8311.719325,,2025-06-16 12:10:14
12564,18559,436,2,DEPOSIT,2,1721.779385,1721.779385,,2025-06-16 12:11:40
12565,18560,932,1,REPAY,4,889.290275,,889.290275,2025-06-16 12:12:26
12566,18561,926,2,REPAY,5,0.001244,,0.001244,2025-06-16 12:20:42
12567,18562,32,2,REPAY,2,0.004822,,0.004822,2025-06-16 12:23:08
12568,18563,667,3,REPAY,2,0.002514,,0.002514,2025-06-16 12:25:54
12569,18564,634,3,BORROW,3,6888.876215,11783.5624395079,6888.876215,2025-06-16 12:55:31
12570,18565,983,3,REPAY,4,0.530985,,0.530985,2025-06-16 12:56:46
12571,18566,821,4,BORROW,3,7617.832872,18757.9102775192,7617.832872,2025-06-16 13:04:50
12572,18567,978,2,REPAY,1,2146.167977,,2146.167977,2025-06-16 13:27:41
12573,18568,560,4,REPAY,5,15.387671,,15.387671,2025-06-16 13:39:59
12574,18569,350,3,BORROW,3,5232.118384,9127.8106689772,5232.118384,2025-06-16 13:43:42
12575,18570,73,1,REPAY,4,0.001326,,0.001326,2025-06-16 13:54:35
12576,18571,239,2,REPAY,5,18.582129,,18.582129,2025-06-16 14:03:30
12577,18572,515,4,REPAY,2,2249.970446,,2249.970446,2025-06-16 14:12:13
12578,18573,78,4,REPAY,3,4.643155,,4.643155,2025-06-16 14:12:24
12579,18574,45,1,REPAY,4,30.917102,,30.917102,2025-06-16 14:23:05
12580,18575,550,4,REPAY,5,0.01234,,0.01234,2025-06-16 14:38:53
12581,18576,29,2,BORROW,4,2686.589565,6086.5246329736,2686.589565,2025-06-16 15:27:08
12582,18577,329,3,REPAY,1,49.435929,,49.435929,2025-06-16 15:35:28
12583,18579,292,3,BORROW,3,9648.819479,23863.317587429,9648.819479,2025-06-16 15:39:50
12584,18581,527,4,WITHDRAW,2,7131.554296,,,2025-06-16 16:13:38
12585,18582,214,1,REPAY,5,782.40578,,782.40578,2025-06-16 16:22:30
12586,18583,753,1,REPAY,4,0.145776,,0.145776,2025-06-16 16:34:38
12587,18584,671,1,REPAY,2,0.001362,,0.001362,2025-06-16 16:42:29
12588,18585,657,2,WITHDRAW,1,4916.562912,,,2025-06-16 16:54:33
12589,18586,942,3,REPAY,1,870.421005,,870.421005,2025-06-16 16:57:56
12590,18587,669,2,REPAY,3,59.549511,,59.549511,2025-06-16 17:36:45
12591,18588,518,1,LIQUIDATION,2,2965.661071,3111.2764342082,2965.661071,2025-06-16 17:39:49
12592,18589,220,3,REPAY,2,5.636203,,5.636203,2025-06-16 17:46:50
12593,18591,537,2,WITHDRAW,4,6128.418296,,,2025-06-16 17:53:44
12594,18592,382,3,REPAY,1,1.927953,,1.927953,2025-06-16 18:06:44
12595,18593,755,4,DEPOSIT,1,9495.400773,9495.400773,,2025-06-16 18:57:15
12596,18594,924,4,REPAY,5,29.006012,,29.006012,2025-06-16 19:14:43
12597,18595,140,1,REPAY,3,7.4e-05,,7.4e-05,2025-06-16 19:16:45
12598,18596,981,2,REPAY,4,2e-06,,2e-06,2025-06-16 19:17:10
12599,18597,111,4,REPAY,5,131.291004,,131.291004,2025-06-16 19:28:41
12600,18598,622,3,DEPOSIT,1,6282.122188,6282.122188,,2025-06-16 19:29:37
12601,18599,221,1,BORROW,2,8452.997748,16754.0646392499,8452.997748,2025-06-16 19:55:05
12602,18600,756,2,WITHDRAW,5,4091.727358,,,2025-06-16 20:38:33
12603,18601,97,1,REPAY,4,0.079278,,0.079278,2025-06-16 20:41:34
12604,18602,399,4,REPAY,1,2125.394779,,2125.394779,2025-06-16 20:51:51
12605,18603,534,2,BORROW,1,6468.476364,9326.1113392267,6468.476364,2025-06-16 20:54:05
12606,18604,297,2,LIQUIDATION,5,15893.318301,15286.0733868315,15893.318301,2025-06-16 20:54:24
12607,18605,195,3,REPAY,3,0.000309,,0.000309,2025-06-16 21:07:52
12608,18608,935,2,WITHDRAW,4,2417.419793,,,2025-06-16 21:35:59
12609,18610,360,3,REPAY,2,2.421201,,2.421201,2025-06-16 21:59:15
12610,18612,139,2,REPAY,3,11.578411,,11.578411,2025-06-16 22:21:48
12611,18613,788,1,WITHDRAW,4,9898.443712,,,2025-06-16 22:31:35
12612,18614,305,4,BORROW,3,8773.784745,15974.3126683864,8773.784745,2025-06-16 22:35:55
12613,18615,427,2,LIQUIDATION,1,2373.015437,2713.2037185023,2373.015437,2025-06-16 22:56:30
12614,18616,740,1,WITHDRAW,2,2760.961156,,,2025-06-16 23:29:00
12615,18617,386,4,REPAY,2,37.014438,,37.014438,2025-06-16 23:32:47
12616,18618,765,2,REPAY,5,0.021994,,0.021994,2025-06-16 23:37:57
12617,18621,565,2,DEPOSIT,4,1194.723516,1194.723516,,2025-06-17 00:45:25
12618,18625,724,1,REPAY,4,1738.039324,,1738.039324,2025-06-17 01:34:17
12619,18627,457,1,WITHDRAW,2,4488.588938,,,2025-06-17 01:40:25
12620,18628,959,4,REPAY,4,4450.106161,,4450.106161,2025-06-17 01:45:18
12621,18629,535,4,REPAY,1,197.662593,,197.662593,2025-06-17 01:57:47
12622,18630,286,2,BORROW,5,9401.608914,13856.5629988869,9401.608914,2025-06-17 02:30:15
12623,18631,441,1,WITHDRAW,2,6053.408228,,,2025-06-17 02:32:53
12624,18632,513,2,WITHDRAW,3,4358.771415,,,2025-06-17 03:00:37
12625,18633,35,1,REPAY,1,5917.165596,,5917.165596,2025-06-17 03:11:16
12626,18634,743,3,REPAY,4,19.084606,,19.084606,2025-06-17 03:30:47
12627,18635,801,1,DEPOSIT,1,2666.054843,2666.054843,,2025-06-17 03:34:46
12628,18636,202,3,BORROW,3,4899.104167,8309.9321870355,4899.104167,2025-06-17 03:41:02
12629,18637,611,2,REPAY,3,596.169299,,596.169299,2025-06-17 04:39:14
12630,18638,352,3,REPAY,2,1645.488478,,1645.488478,2025-06-17 04:46:39
12631,18639,132,4,REPAY,1,16.714381,,16.714381,2025-06-17 04:59:58
12632,18640,183,1,REPAY,3,1230.340299,,1230.340299,2025-06-17 05:11:56
12633,18642,233,2,REPAY,4,0.099416,,0.099416,2025-06-17 06:21:45
12634,18643,585,1,REPAY,2,36.526185,,36.526185,2025-06-17 06:48:41
12635,18644,445,3,WITHDRAW,5,7175.679023,,,2025-06-17 06:50:30
12636,18645,121,1,REPAY,2,34.420559,,34.420559,2025-06-17 07:36:14
12637,18646,154,4,REPAY,5,11.210545,,11.210545,2025-06-17 07:52:41
12638,18647,929,4,BORROW,4,4040.574982,6187.4736642462,4040.574982,2025-06-17 08:28:29
12639,18648,110,4,BORROW,2,8182.535253,13202.4213770864,8182.535253,2025-06-17 08:43:16
12640,18651,70,2,WITHDRAW,4,7003.943768,,,2025-06-17 09:05:29
12641,18652,494,1,REPAY,1,0.014332,,0.014332,2025-06-17 09:08:06
12642,18653,398,3,DEPOSIT,1,3382.893338,3382.893338,,2025-06-17 09:13:37
12643,18654,174,4,WITHDRAW,5,5040.58098,,,2025-06-17 09:16:42
12644,18655,341,4,WITHDRAW,4,8216.677243,,,2025-06-17 09:19:10
12645,18656,941,3,REPAY,3,0.751894,,0.751894,2025-06-17 09:21:01
12646,18657,270,2,WITHDRAW,4,1869.662088,,,2025-06-17 09:59:55
12647,18658,533,3,REPAY,1,5.862148,,5.862148,2025-06-17 10:08:07
12648,18659,686,1,REPAY,5,0.269236,,0.269236,2025-06-17 10:08:19
12649,18661,974,1,REPAY,2,1453.09684,,1453.09684,2025-06-17 10:11:31
12650,18663,430,1,WITHDRAW,4,5620.94396,,,2025-06-17 11:02:49
12651,18665,270,4,WITHDRAW,1,7632.037541,,,2025-06-17 11:23:06
12652,18666,238,1,BORROW,2,5303.458262,7913.4089157073,5303.458262,2025-06-17 11:53:40
12653,18667,902,2,BORROW,5,8397.806415,11051.7747716979,8397.806415,2025-06-17 11:56:59
12654,18668,931,3,WITHDRAW,1,6324.269117,,,2025-06-17 12:10:39
12655,18669,374,2,DEPOSIT,2,1067.114188,1067.114188,,2025-06-17 12:20:42
12656,18670,386,1,REPAY,3,0.512398,,0.512398,2025-06-17 12:31:08
12657,18671,62,3,REPAY,1,0.000529,,0.000529,2025-06-17 12:37:05
12658,18673,420,4,REPAY,4,7.580761,,7.580761,2025-06-17 12:48:45
12659,18674,457,1,REPAY,5,1.004599,,1.004599,2025-06-17 12:58:10
12660,18675,229,2,REPAY,4,305.972761,,305.972761,2025-06-17 13:24:18
12661,18676,886,4,REPAY,5,2.699035,,2.699035,2025-06-17 13:32:17
12662,18677,790,3,WITHDRAW,4,8810.757068,,,2025-06-17 14:39:20
12663,18678,514,1,LIQUIDATION,3,7498.301131,7437.5140575747,7498.301131,2025-06-17 14:44:06
12664,18680,105,2,REPAY,2,359.100693,,359.100693,2025-06-17 15:10:15
12665,18681,754,4,BORROW,3,3829.69844,9084.7129053992,3829.69844,2025-06-17 15:35:20
12666,18682,452,3,REPAY,3,0.041398,,0.041398,2025-06-17 15:47:17
12667,18683,854,1,REPAY,4,3290.014341,,3290.014341,2025-06-17 15:54:50
12668,18684,775,4,REPAY,3,38.376176,,38.376176,2025-06-17 16:07:19
12669,18686,666,2,REPAY,1,1370.505081,,1370.505081,2025-06-17 17:13:06
12670,18687,395,3,REPAY,1,59.691354,,59.691354,2025-06-17 17:16:28
12671,18688,297,2,WITHDRAW,5,8889.872891,,,2025-06-17 17:30:43
12672,18690,980,2,REPAY,2,2353.31453,,2353.31453,2025-06-17 18:34:29
12673,18693,732,2,DEPOSIT,5,9404.713237,9404.713237,,2025-06-17 19:17:43
12674,18694,377,3,BORROW,1,2258.483161,2808.4653997402,2258.483161,2025-06-17 19:18:33
12675,18695,212,2,DEPOSIT,4,4539.633482,4539.633482,,2025-06-17 19:39:20
12676,18696,909,1,REPAY,4,0.046307,,0.046307,2025-06-17 19:50:50
12677,18697,468,4,BORROW,3,279.777835,642.0525355244,279.777835,2025-06-17 19:56:10
12678,18698,100,2,REPAY,2,15.263815,,15.263815,2025-06-17 19:59:44
12679,18700,91,3,DEPOSIT,4,4869.08027,4869.08027,,2025-06-17 20:49:14
12680,18702,603,3,REPAY,3,0.000108,,0.000108,2025-06-17 21:14:51
12681,18703,198,3,REPAY,2,27.703096,,27.703096,2025-06-17 21:15:44
12682,18704,926,1,REPAY,3,0.000402,,0.000402,2025-06-17 21:17:55
12683,18705,816,1,WITHDRAW,5,3607.770046,,,2025-06-17 21:28:03
12684,18706,143,2,REPAY,2,0.027479,,0.027479,2025-06-17 22:18:27
12685,18707,58,1,REPAY,5,0.001383,,0.001383,2025-06-17 22:23:21
12686,18708,867,4,REPAY,1,41.420197,,41.420197,2025-06-17 22:27:12
12687,18709,831,1,REPAY,4,0.013952,,0.013952,2025-06-17 22:41:41
12688,18710,66,4,REPAY,4,1.2e-05,,1.2e-05,2025-06-17 22:42:23
12689,18711,485,1,REPAY,1,0.909571,,0.909571,2025-06-17 22:57:47
12690,18712,671,2,DEPOSIT,5,9397.955472,9397.955472,,2025-06-17 23:35:19
12691,18714,619,1,REPAY,2,757.95477,,757.95477,2025-06-17 23:58:17
12692,18715,720,2,REPAY,3,970.015284,,970.015284,2025-06-18 00:14:15
12693,18716,602,3,REPAY,2,6.4e-05,,6.4e-05,2025-06-18 00:32:45
12694,18718,386,2,REPAY,1,0.688596,,0.688596,2025-06-18 01:02:55
12695,18719,932,2,LIQUIDATION,5,73.498821,84.2110533837,73.498821,2025-06-18 01:05:48
12696,18720,513,2,LIQUIDATION,1,5332.542367,6066.5703569077,5332.542367,2025-06-18 01:12:17
12697,18722,45,3,REPAY,3,3.861504,,3.861504,2025-06-18 01:33:03
12698,18724,357,2,DEPOSIT,4,2987.232411,2987.232411,,2025-06-18 01:37:33
12699,18725,353,3,WITHDRAW,2,3583.324237,,,2025-06-18 02:21:34
12700,18727,902,3,REPAY,3,3872.558784,,3872.558784,2025-06-18 02:39:05
12701,18728,103,3,DEPOSIT,4,5000.628755,5000.628755,,2025-06-18 03:10:43
12702,18729,139,4,REPAY,3,2.563708,,2.563708,2025-06-18 03:38:10
12703,18731,733,2,LIQUIDATION,5,18970.217887,18360.1896727276,18970.217887,2025-06-18 04:13:11
12704,18732,114,1,WITHDRAW,2,8321.654864,,,2025-06-18 04:29:51
12705,18733,439,1,DEPOSIT,1,8240.508786,8240.508786,,2025-06-18 05:27:38
12706,18735,654,4,WITHDRAW,1,7584.886322,,,2025-06-18 05:41:08
12707,18736,905,2,BORROW,2,3131.331028,5738.904907865,3131.331028,2025-06-18 05:55:28
12708,18738,415,1,BORROW,3,3054.361995,6588.0247791151,3054.361995,2025-06-18 07:27:13
12709,18740,498,4,BORROW,5,687.446149,1617.5992404001,687.446149,2025-06-18 07:55:36
12710,18741,942,1,REPAY,2,413.990362,,413.990362,2025-06-18 07:57:01
12711,18742,545,1,REPAY,3,33.550585,,33.550585,2025-06-18 07:57:12
12712,18744,61,4,REPAY,1,387.188013,,387.188013,2025-06-18 08:13:43
12713,18746,902,4,REPAY,5,2375.35687,,2375.35687,2025-06-18 08:17:36
12714,18747,591,4,LIQUIDATION,2,7476.857145,8292.3906670715,7476.857145,2025-06-18 08:21:40
12715,18748,722,3,REPAY,5,95.592536,,95.592536,2025-06-18 08:44:04
12716,18749,953,3,REPAY,4,3.5e-05,,3.5e-05,2025-06-18 08:48:18
12717,18750,699,3,REPAY,5,0.000317,,0.000317,2025-06-18 09:06:50
12718,18751,501,4,LIQUIDATION,3,5314.431187,6374.5616834955,5314.431187,2025-06-18 09:09:37
12719,18752,811,2,REPAY,4,0.815565,,0.815565,2025-06-18 09:18:48
12720,18753,967,3,REPAY,2,3.4e-05,,3.4e-05,2025-06-18 09:23:36
12721,18754,163,3,REPAY,5,0.157903,,0.157903,2025-06-18 09:38:45
12722,18755,865,4,BORROW,3,9257.613057,18627.8595406694,9257.613057,2025-06-18 09:43:44
12723,18756,447,3,BORROW,2,2096.006464,4224.5952227499,2096.006464,2025-06-18 09:55:19
12724,18757,288,2,REPAY,5,23.334512,,23.334512,2025-06-18 10:13:50
12725,18758,328,2,DEPOSIT,4,7601.168935,7601.168935,,2025-06-18 10:25:32
12726,18759,184,3,REPAY,1,0.283228,,0.283228,2025-06-18 10:43:39
12727,18760,380,1,REPAY,4,659.608753,,659.608753,2025-06-18 10:49:57
12728,18761,259,2,REPAY,5,1.3e-05,,1.3e-05,2025-06-18 10:57:48
12729,18763,936,4,DEPOSIT,1,3106.247361,3106.247361,,2025-06-18 10:59:59
12730,18764,941,4,REPAY,3,0.086028,,0.086028,2025-06-18 11:12:09
12731,18765,178,4,DEPOSIT,5,2000.498693,2000.498693,,2025-06-18 11:28:06
12732,18767,909,2,REPAY,4,0.164997,,0.164997,2025-06-18 11:35:50
12733,18768,945,2,REPAY,3,3e-06,,3e-06,2025-06-18 11:51:56
12734,18771,468,1,REPAY,2,156.321795,,156.321795,2025-06-18 12:30:54
12735,18772,815,3,REPAY,5,2.533756,,2.533756,2025-06-18 12:41:30
12736,18773,248,2,REPAY,2,3.1e-05,,3.1e-05,2025-06-18 13:05:20
12737,18774,201,3,REPAY,1,0.033673,,0.033673,2025-06-18 13:14:33
12738,18775,26,2,REPAY,4,0.0,,0.0,2025-06-18 13:16:09
12739,18776,236,1,REPAY,1,0.002627,,0.002627,2025-06-18 13:20:16
12740,18778,542,3,REPAY,5,506.268024,,506.268024,2025-06-18 13:43:04
12741,18779,585,4,REPAY,1,3.190673,,3.190673,2025-06-18 13:58:47
12742,18780,632,3,WITHDRAW,3,3056.605827,,,2025-06-18 14:09:34
12743,18781,630,2,REPAY,3,317.628361,,317.628361,2025-06-18 14:11:05
12744,18782,50,4,REPAY,3,92.537342,,92.537342,2025-06-18 14:22:26
12745,18783,685,3,REPAY,1,5430.298222,,5430.298222,2025-06-18 14:43:18
12746,18784,89,4,REPAY,4,0.0,,0.0,2025-06-18 14:47:07
12747,18785,484,1,REPAY,3,0.000268,,0.000268,2025-06-18 14:51:36
12748,18786,649,4,REPAY,3,18.198036,,18.198036,2025-06-18 16:40:45
12749,18788,376,1,LIQUIDATION,2,1002.128038,1040.2097422432,1002.128038,2025-06-18 16:48:38
12750,18791,216,1,DEPOSIT,3,5627.582559,5627.582559,,2025-06-18 17:08:03
12751,18792,645,4,REPAY,2,2.275474,,2.275474,2025-06-18 17:09:34
12752,18793,122,3,REPAY,4,37.866615,,37.866615,2025-06-18 17:22:03
12753,18794,457,2,REPAY,5,2.011059,,2.011059,2025-06-18 17:24:13
12754,18795,2,3,REPAY,4,6.337417,,6.337417,2025-06-18 17:33:13
12755,18797,82,2,REPAY,5,724.557134,,724.557134,2025-06-18 17:51:29
12756,18798,419,4,LIQUIDATION,5,1869.284431,1830.2463664088,1869.284431,2025-06-18 18:05:29
12757,18800,535,2,REPAY,1,254.041885,,254.041885,2025-06-18 19:31:02
12758,18802,738,3,WITHDRAW,5,3729.549274,,,2025-06-18 19:46:52
12759,18803,470,4,REPAY,2,2486.62191,,2486.62191,2025-06-18 19:58:18
12760,18804,418,2,REPAY,4,0.437417,,0.437417,2025-06-18 20:02:30
12761,18805,668,1,REPAY,5,4796.866747,,4796.866747,2025-06-18 20:17:02
12762,18806,628,4,REPAY,2,4706.206807,,4706.206807,2025-06-18 20:43:27
12763,18807,704,1,REPAY,5,4.427629,,4.427629,2025-06-18 20:47:12
12764,18808,98,2,DEPOSIT,1,3321.4686,3321.4686,,2025-06-18 21:19:29
12765,18809,762,3,REPAY,1,0.000123,,0.000123,2025-06-18 21:29:56
12766,18810,311,4,LIQUIDATION,1,1126.476103,907.5578825299,1126.476103,2025-06-18 21:42:28
12767,18811,625,1,REPAY,4,2.803435,,2.803435,2025-06-18 21:48:32
12768,18812,224,1,REPAY,4,0.259418,,0.259418,2025-06-18 21:50:07
12769,18813,170,4,BORROW,4,6011.888676,14507.807461897,6011.888676,2025-06-18 21:52:22
12770,18814,390,2,REPAY,5,0.126378,,0.126378,2025-06-18 21:57:50
12771,18815,335,4,REPAY,3,694.932447,,694.932447,2025-06-18 22:06:12
12772,18816,919,3,REPAY,2,0.001353,,0.001353,2025-06-18 22:36:50
12773,18820,361,2,BORROW,2,8149.282155,19067.6129351865,8149.282155,2025-06-18 23:41:08
12774,18822,631,2,DEPOSIT,3,4200.978871,4200.978871,,2025-06-18 23:57:30
12775,18823,977,1,REPAY,2,6.37142,,6.37142,2025-06-19 00:19:39
12776,18824,655,2,REPAY,2,4067.557352,,4067.557352,2025-06-19 00:28:54
12777,18827,538,3,REPAY,4,0.010815,,0.010815,2025-06-19 00:43:00
12778,18829,754,4,REPAY,3,4406.889161,,4406.889161,2025-06-19 00:47:24
12779,18830,802,3,BORROW,5,7503.349908,14032.174413131,7503.349908,2025-06-19 00:53:22
12780,18831,874,3,BORROW,3,2341.130589,3781.0537241757,2341.130589,2025-06-19 01:00:30
12781,18832,908,1,REPAY,1,0.493714,,0.493714,2025-06-19 01:01:02
12782,18834,696,2,REPAY,5,597.092713,,597.092713,2025-06-19 01:52:26
12783,18836,121,3,WITHDRAW,4,3194.627033,,,2025-06-19 02:27:04
12784,18837,123,3,BORROW,5,7125.792769,14171.7062121266,7125.792769,2025-06-19 02:32:45
12785,18839,914,2,REPAY,1,4.022771,,4.022771,2025-06-19 02:44:59
12786,18840,602,1,REPAY,2,0.000158,,0.000158,2025-06-19 03:45:59
12787,18842,656,4,REPAY,1,30.291158,,30.291158,2025-06-19 04:30:05
12788,18845,490,4,REPAY,3,1.8e-05,,1.8e-05,2025-06-19 04:45:40
12789,18847,517,1,REPAY,5,2562.766807,,2562.766807,2025-06-19 05:10:06
12790,18848,398,3,DEPOSIT,2,3511.214083,3511.214083,,2025-06-19 05:13:15
12791,18850,476,1,REPAY,1,0.433005,,0.433005,2025-06-19 05:43:32
12792,18851,480,3,REPAY,4,21.328843,,21.328843,2025-06-19 06:01:22
12793,18852,636,3,BORROW,2,895.824303,1695.1772078578,895.824303,2025-06-19 06:01:26
12794,18854,277,1,REPAY,1,5057.183616,,5057.183616,2025-06-19 06:51:11
12795,18855,236,1,REPAY,4,0.001427,,0.001427,2025-06-19 06:52:39
12796,18857,310,1,REPAY,5,0.014932,,0.014932,2025-06-19 07:32:15
12797,18858,391,1,REPAY,1,7479.312459,,7479.312459,2025-06-19 07:40:47
12798,18859,533,1,REPAY,2,0.88647,,0.88647,2025-06-19 07:43:05
12799,18861,511,3,REPAY,2,1406.50594,,1406.50594,2025-06-19 07:56:45
12800,18863,864,2,REPAY,4,0.200359,,0.200359,2025-06-19 08:16:01
12801,18864,392,2,REPAY,1,0.000263,,0.000263,2025-06-19 08:16:35
12802,18865,986,4,REPAY,1,0.001451,,0.001451,2025-06-19 08:20:58
12803,18867,298,3,BORROW,1,4360.005337,9372.7657970956,4360.005337,2025-06-19 08:46:14
12804,18868,497,4,REPAY,5,0.000506,,0.000506,2025-06-19 08:48:16
12805,18869,754,2,REPAY,1,530.66229,,530.66229,2025-06-19 09:10:09
12806,18871,643,3,BORROW,4,3261.457514,6238.9911886321,3261.457514,2025-06-19 09:52:46
12807,18873,202,3,LIQUIDATION,1,4899.104167,4031.9667005166,4899.104167,2025-06-19 10:41:00
12808,18874,378,1,BORROW,3,373.360918,744.2132500315,373.360918,2025-06-19 11:00:04
12809,18875,11,2,WITHDRAW,2,55.709727,,,2025-06-19 11:05:01
12810,18876,720,4,REPAY,4,32.186926,,32.186926,2025-06-19 11:06:13
12811,18877,318,3,REPAY,4,65.78036,,65.78036,2025-06-19 11:14:35
12812,18878,307,2,DEPOSIT,1,6839.423446,6839.423446,,2025-06-19 11:16:29
12813,18879,81,2,REPAY,5,98.74879,,98.74879,2025-06-19 11:37:31
12814,18880,5,1,REPAY,3,2e-06,,2e-06,2025-06-19 11:46:58
12815,18881,470,1,LIQUIDATION,1,8403.972815,7150.0574283071,8403.972815,2025-06-19 11:52:47
12816,18882,218,2,WITHDRAW,2,8731.665829,,,2025-06-19 12:50:08
12817,18883,371,2,WITHDRAW,3,6328.050172,,,2025-06-19 12:51:06
12818,18884,28,4,REPAY,3,278.671075,,278.671075,2025-06-19 13:06:15
12819,18885,876,1,REPAY,5,23.488663,,23.488663,2025-06-19 13:08:38
12820,18886,162,1,REPAY,4,986.613438,,986.613438,2025-06-19 13:29:36
12821,18887,458,1,REPAY,2,2908.325735,,2908.325735,2025-06-19 13:40:01
12822,18888,951,4,REPAY,2,336.490325,,336.490325,2025-06-19 13:54:15
12823,18890,447,1,BORROW,2,3186.440782,7807.3971094471,3186.440782,2025-06-19 14:15:32
12824,18892,215,4,REPAY,5,0.033489,,0.033489,2025-06-19 14:37:08
12825,18893,285,1,REPAY,2,139.201719,,139.201719,2025-06-19 14:38:52
12826,18894,155,3,LIQUIDATION,1,6677.139981,7067.0162323251,6677.139981,2025-06-19 14:46:17
12827,18895,605,4,BORROW,3,104.604047,210.9297076742,104.604047,2025-06-19 14:49:56
12828,18897,39,1,REPAY,4,0.000658,,0.000658,2025-06-19 15:21:59
12829,18898,788,1,BORROW,5,5121.338809,9532.7805345172,5121.338809,2025-06-19 15:43:01
12830,18899,888,2,BORROW,3,428.033945,545.8234763065,428.033945,2025-06-19 15:58:16
12831,18900,521,4,DEPOSIT,1,9082.176748,9082.176748,,2025-06-19 16:05:26
12832,18901,688,1,WITHDRAW,2,9728.893225,,,2025-06-19 16:34:18
12833,18902,221,2,BORROW,1,5001.494334,9372.3318831567,5001.494334,2025-06-19 16:54:18
12834,18903,549,2,WITHDRAW,1,9898.857742,,,2025-06-19 17:01:39
12835,18904,908,1,REPAY,5,0.418106,,0.418106,2025-06-19 17:47:23
12836,18905,463,1,REPAY,4,0.004462,,0.004462,2025-06-19 17:52:32
12837,18906,942,2,REPAY,5,620.966732,,620.966732,2025-06-19 18:03:46
12838,18907,443,3,DEPOSIT,5,8955.13551,8955.13551,,2025-06-19 18:08:14
12839,18908,388,2,BORROW,4,6753.047869,8717.3685896627,6753.047869,2025-06-19 18:19:31
12840,18909,475,3,BORROW,4,4793.586311,11617.9161029944,4793.586311,2025-06-19 18:32:29
12841,18910,619,4,REPAY,2,170.048789,,170.048789,2025-06-19 18:46:48
12842,18911,665,4,REPAY,5,5.17681,,5.17681,2025-06-19 19:06:29
12843,18912,453,4,LIQUIDATION,5,6750.299276,7103.8143168134,6750.299276,2025-06-19 19:27:10
12844,18913,639,3,WITHDRAW,1,4039.283323,,,2025-06-19 19:42:56
12845,18914,718,1,REPAY,4,693.814879,,693.814879,2025-06-19 19:59:49
12846,18917,744,4,REPAY,2,0.000194,,0.000194,2025-06-19 20:47:49
12847,18919,153,4,REPAY,3,8.197158,,8.197158,2025-06-19 20:58:36
12848,18920,973,4,REPAY,3,4213.104455,,4213.104455,2025-06-19 21:22:48
12849,18923,604,1,REPAY,2,1307.41405,,1307.41405,2025-06-19 21:58:39
12850,18924,609,4,REPAY,1,624.6166,,624.6166,2025-06-19 22:25:44
12851,18925,485,3,REPAY,5,2.765657,,2.765657,2025-06-19 22:38:13
12852,18927,76,4,REPAY,2,4.970367,,4.970367,2025-06-19 22:53:34
12853,18928,357,2,DEPOSIT,1,4159.038181,4159.038181,,2025-06-19 23:40:11
12854,18929,336,2,REPAY,3,33.403303,,33.403303,2025-06-20 00:10:52
12855,18930,830,2,DEPOSIT,3,3113.78772,3113.78772,,2025-06-20 00:17:44
12856,18931,230,1,DEPOSIT,3,5347.97629,5347.97629,,2025-06-20 00:41:39
12857,18932,262,2,BORROW,4,3112.058411,4098.9444808481,3112.058411,2025-06-20 01:26:40
12858,18933,196,4,REPAY,5,0.003121,,0.003121,2025-06-20 01:35:09
12859,18934,586,2,REPAY,2,1689.688351,,1689.688351,2025-06-20 01:39:01
12860,18935,605,1,BORROW,3,569.156192,1250.1151856356,569.156192,2025-06-20 01:46:17
12861,18937,531,3,REPAY,2,2.293937,,2.293937,2025-06-20 02:05:23
12862,18938,591,3,WITHDRAW,4,4797.535209,,,2025-06-20 02:08:27
12863,18940,490,3,REPAY,4,4.5e-05,,4.5e-05,2025-06-20 02:18:36
12864,18941,244,2,REPAY,3,3835.912338,,3835.912338,2025-06-20 02:20:47
12865,18942,558,3,REPAY,4,0.000696,,0.000696,2025-06-20 02:29:04
12866,18943,678,3,REPAY,4,5.464626,,5.464626,2025-06-20 02:53:18
12867,18945,777,1,REPAY,5,9429.483658,,9429.483658,2025-06-20 02:58:57
12868,18947,501,4,BORROW,2,8723.894787,10893.4548376482,8723.894787,2025-06-20 03:32:47
12869,18948,131,2,WITHDRAW,2,711.00941,,,2025-06-20 03:35:06
12870,18949,8,3,REPAY,2,0.001209,,0.001209,2025-06-20 03:39:35
12871,18950,867,4,REPAY,4,105.725049,,105.725049,2025-06-20 03:49:47
12872,18951,495,1,DEPOSIT,5,6988.54078,6988.54078,,2025-06-20 04:16:24
12873,18952,928,1,LIQUIDATION,4,3840.446418,3163.252654951,3840.446418,2025-06-20 04:19:19
12874,18953,155,1,BORROW,4,8885.956342,21094.5303968915,8885.956342,2025-06-20 04:20:47
12875,18954,816,4,LIQUIDATION,2,1629.509496,1468.6071626182,1629.509496,2025-06-20 04:33:07
12876,18955,50,1,REPAY,3,377.965906,,377.965906,2025-06-20 04:37:13
12877,18956,949,4,REPAY,5,1.736927,,1.736927,2025-06-20 04:45:42
12878,18957,973,2,REPAY,3,329.122198,,329.122198,2025-06-20 04:59:30
12879,18958,987,2,WITHDRAW,3,9191.4243,,,2025-06-20 05:13:44
12880,18959,1,3,REPAY,3,45.223563,,45.223563,2025-06-20 05:21:10
12881,18961,531,1,BORROW,3,1717.487557,4187.5268015213,1717.487557,2025-06-20 05:48:45
12882,18962,669,3,REPAY,3,94.640879,,94.640879,2025-06-20 05:55:09
12883,18963,83,1,REPAY,2,0.000723,,0.000723,2025-06-20 05:58:33
12884,18964,599,1,WITHDRAW,1,9293.986989,,,2025-06-20 06:00:12
12885,18965,331,3,REPAY,4,0.000363,,0.000363,2025-06-20 06:01:37
12886,18966,244,1,REPAY,1,240.783444,,240.783444,2025-06-20 06:48:15
12887,18967,437,4,REPAY,5,6.4e-05,,6.4e-05,2025-06-20 06:49:11
12888,18968,886,4,REPAY,4,5.458634,,5.458634,2025-06-20 07:02:49
12889,18970,52,1,REPAY,3,0.055488,,0.055488,2025-06-20 07:20:36
12890,18971,100,2,REPAY,3,34.171842,,34.171842,2025-06-20 07:28:02
12891,18972,470,4,DEPOSIT,5,4443.878059,4443.878059,,2025-06-20 07:47:14
12892,18973,231,4,REPAY,2,0.006885,,0.006885,2025-06-20 08:02:26
12893,18974,735,2,DEPOSIT,4,7266.895616,7266.895616,,2025-06-20 08:02:30
12894,18976,374,4,BORROW,5,240.684066,508.5376781071,240.684066,2025-06-20 08:29:06
12895,18977,816,4,WITHDRAW,4,9603.426737,,,2025-06-20 08:35:42
12896,18978,681,1,REPAY,3,1007.034933,,1007.034933,2025-06-20 08:39:46
12897,18979,602,3,REPAY,2,6e-06,,6e-06,2025-06-20 09:01:13
12898,18980,634,1,LIQUIDATION,4,6888.876215,7561.4061283976,6888.876215,2025-06-20 09:05:54
12899,18981,958,1,REPAY,1,0.337898,,0.337898,2025-06-20 09:07:58
12900,18982,599,2,BORROW,1,1884.565026,2375.6332027653,1884.565026,2025-06-20 09:20:25
12901,18984,208,3,REPAY,2,0.512314,,0.512314,2025-06-20 10:05:15
12902,18985,193,3,BORROW,4,8273.731382,12886.6945448805,8273.731382,2025-06-20 10:26:31
12903,18987,917,1,DEPOSIT,1,6589.004323,6589.004323,,2025-06-20 10:41:26
12904,18988,851,4,REPAY,1,546.708842,,546.708842,2025-06-20 10:45:03
12905,18989,459,3,BORROW,2,8999.853231,20685.4608881035,8999.853231,2025-06-20 10:52:08
12906,18992,34,3,REPAY,2,6627.949321,,6627.949321,2025-06-20 11:16:49
12907,18993,540,2,REPAY,3,1e-06,,1e-06,2025-06-20 11:17:43
12908,18994,156,3,DEPOSIT,4,2413.793301,2413.793301,,2025-06-20 11:35:27
12909,18996,509,3,REPAY,4,2.017966,,2.017966,2025-06-20 13:04:41
12910,18997,885,3,DEPOSIT,1,8470.685167,8470.685167,,2025-06-20 13:15:18
12911,18998,433,1,REPAY,2,0.009119,,0.009119,2025-06-20 13:35:02
12912,18999,926,2,REPAY,4,1e-05,,1e-05,2025-06-20 13:38:20
12913,19000,431,4,REPAY,5,8.090806,,8.090806,2025-06-20 13:59:33
12914,19001,868,4,REPAY,5,2412.101804,,2412.101804,2025-06-20 14:00:42
12915,19002,476,4,REPAY,1,0.065086,,0.065086,2025-06-20 14:08:54
12916,19003,726,4,REPAY,2,1e-06,,1e-06,2025-06-20 14:44:46
12917,19004,986,3,REPAY,1,0.003023,,0.003023,2025-06-20 14:55:58
12918,19007,33,4,BORROW,2,644.049321,1293.3424182519,644.049321,2025-06-20 16:14:22
12919,19008,379,4,DEPOSIT,3,4044.811774,4044.811774,,2025-06-20 16:23:26
12920,19009,649,1,DEPOSIT,3,5310.429047,5310.429047,,2025-06-20 16:44:15
12921,19010,605,1,REPAY,5,237.178345,,237.178345,2025-06-20 16:47:22
12922,19011,816,4,BORROW,4,7350.422429,11668.5425915798,7350.422429,2025-06-20 16:47:51
12923,19012,184,2,REPAY,1,0.356981,,0.356981,2025-06-20 17:09:33
12924,19014,391,1,LIQUIDATION,1,247.895728,256.1511906202,247.895728,2025-06-20 17:50:27
12925,19015,309,3,REPAY,3,0.006618,,0.006618,2025-06-20 17:59:12
12926,19017,633,1,REPAY,3,628.281222,,628.281222,2025-06-20 18:36:51
12927,19018,433,1,BORROW,4,7684.329859,15383.8791328701,7684.329859,2025-06-20 18:53:45
12928,19019,672,4,REPAY,1,0.040183,,0.040183,2025-06-20 19:09:26
12929,19020,699,2,WITHDRAW,1,4612.086504,,,2025-06-20 19:15:59
12930,19021,585,3,REPAY,1,20.437815,,20.437815,2025-06-20 19:21:31
12931,19023,933,2,BORROW,1,8209.165857,12563.4718959506,8209.165857,2025-06-20 19:34:06
12932,19024,43,1,REPAY,5,91.610581,,91.610581,2025-06-20 19:45:49
12933,19026,636,2,REPAY,2,721.928921,,721.928921,2025-06-20 20:31:03
12934,19027,429,1,REPAY,1,1126.28094,,1126.28094,2025-06-20 20:37:36
12935,19029,689,4,WITHDRAW,1,5797.04077,,,2025-06-20 20:51:55
12936,19030,406,2,REPAY,1,2.611254,,2.611254,2025-06-20 21:33:21
12937,19031,601,4,REPAY,1,78.9262,,78.9262,2025-06-20 21:40:48
12938,19033,193,2,BORROW,4,5869.131457,10647.1585395682,5869.131457,2025-06-20 21:42:42
12939,19034,539,3,REPAY,3,2.195453,,2.195453,2025-06-20 21:43:48
12940,19035,839,3,REPAY,3,4308.776402,,4308.776402,2025-06-20 21:53:32
12941,19036,259,3,REPAY,5,1e-06,,1e-06,2025-06-20 22:09:04
12942,19037,762,2,REPAY,2,4e-05,,4e-05,2025-06-20 22:09:14
12943,19038,860,2,REPAY,2,0.09637,,0.09637,2025-06-20 22:09:16
12944,19040,905,4,LIQUIDATION,5,3131.331028,2998.0987586481,3131.331028,2025-06-20 22:38:38
12945,19043,971,2,REPAY,5,2741.067043,,2741.067043,2025-06-21 00:37:03
12946,19044,369,1,REPAY,3,731.136026,,731.136026,2025-06-21 01:02:44
12947,19045,570,4,DEPOSIT,3,8876.454198,8876.454198,,2025-06-21 01:03:26
12948,19047,951,4,REPAY,3,2448.493468,,2448.493468,2025-06-21 01:16:32
12949,19048,845,4,DEPOSIT,2,1194.336963,1194.336963,,2025-06-21 01:19:12
12950,19049,954,4,BORROW,3,3150.021018,7254.7707140717,3150.021018,2025-06-21 01:38:22
12951,19050,385,3,REPAY,1,0.073684,,0.073684,2025-06-21 01:41:53
12952,19051,656,1,REPAY,2,65.902564,,65.902564,2025-06-21 01:42:22
12953,19055,301,4,REPAY,3,1531.533676,,1531.533676,2025-06-21 02:57:27
12954,19057,215,2,REPAY,5,0.027762,,0.027762,2025-06-21 03:34:39
12955,19058,770,4,REPAY,2,1990.396593,,1990.396593,2025-06-21 03:48:50
12956,19061,253,4,REPAY,3,3.080212,,3.080212,2025-06-21 04:44:36
12957,19066,26,2,REPAY,2,0.0,,0.0,2025-06-21 06:05:39
12958,19067,576,4,REPAY,1,1e-05,,1e-05,2025-06-21 06:30:59
12959,19071,993,1,REPAY,5,0.011689,,0.011689,2025-06-21 07:10:23
12960,19072,104,2,DEPOSIT,5,9230.54482,9230.54482,,2025-06-21 07:12:00
12961,19075,944,2,BORROW,1,3637.512211,7173.2507155046,3637.512211,2025-06-21 07:45:03
12962,19077,656,3,REPAY,1,10.965684,,10.965684,2025-06-21 08:12:29
12963,19078,190,1,REPAY,1,94.345325,,94.345325,2025-06-21 08:18:00
12964,19080,835,3,BORROW,3,8877.902518,18933.0481179201,8877.902518,2025-06-21 08:23:41
12965,19081,224,2,REPAY,5,0.357788,,0.357788,2025-06-21 08:32:30
12966,19082,333,4,REPAY,1,1184.386488,,1184.386488,2025-06-21 08:58:25
12967,19083,24,2,WITHDRAW,3,9221.89576,,,2025-06-21 09:00:29
12968,19084,369,3,REPAY,4,233.645824,,233.645824,2025-06-21 09:12:55
12969,19085,754,4,LIQUIDATION,5,3225.446042,3243.1293364531,3225.446042,2025-06-21 09:39:39
12970,19086,640,1,REPAY,5,1.1e-05,,1.1e-05,2025-06-21 09:41:37
12971,19087,538,4,REPAY,3,0.006649,,0.006649,2025-06-21 09:47:16
12972,19092,182,3,REPAY,4,2.3e-05,,2.3e-05,2025-06-21 10:43:49
12973,19093,721,4,REPAY,1,1.345627,,1.345627,2025-06-21 10:45:47
12974,19094,45,3,REPAY,3,30.022779,,30.022779,2025-06-21 10:52:02
12975,19095,744,1,REPAY,2,4.3e-05,,4.3e-05,2025-06-21 11:31:55
12976,19096,600,2,REPAY,4,0.022217,,0.022217,2025-06-21 11:33:11
12977,19097,148,3,BORROW,2,3135.723481,7787.4415731421,3135.723481,2025-06-21 11:41:08
12978,19099,413,3,REPAY,3,1.821102,,1.821102,2025-06-21 12:24:33
12979,19100,60,4,WITHDRAW,5,146.774807,,,2025-06-21 12:33:59
12980,19102,584,3,BORROW,4,2117.656457,3130.5884500999,2117.656457,2025-06-21 12:44:31
12981,19103,522,2,DEPOSIT,3,7259.362047,7259.362047,,2025-06-21 12:45:23
12982,19104,691,4,REPAY,4,239.046845,,239.046845,2025-06-21 12:55:37
12983,19105,725,2,REPAY,3,220.821571,,220.821571,2025-06-21 12:57:11
12984,19107,756,1,REPAY,1,0.208217,,0.208217,2025-06-21 13:27:59
12985,19109,133,4,DEPOSIT,4,2898.875283,2898.875283,,2025-06-21 13:45:49
12986,19110,471,1,BORROW,2,103.732356,215.9100813693,103.732356,2025-06-21 13:47:40
12987,19111,259,1,REPAY,5,5e-06,,5e-06,2025-06-21 13:53:09
12988,19112,579,3,REPAY,2,4.534092,,4.534092,2025-06-21 14:10:16
12989,19113,780,1,REPAY,4,111.020681,,111.020681,2025-06-21 14:36:15
12990,19115,85,4,WITHDRAW,1,3563.942333,,,2025-06-21 15:25:11
12991,19117,529,1,REPAY,2,0.012386,,0.012386,2025-06-21 15:38:26
12992,19118,32,4,REPAY,1,0.014652,,0.014652,2025-06-21 15:40:30
12993,19119,296,1,BORROW,3,4951.747914,9316.1076433386,4951.747914,2025-06-21 15:55:53
12994,19120,908,3,REPAY,4,0.013268,,0.013268,2025-06-21 16:46:55
12995,19121,268,1,REPAY,5,0.0,,0.0,2025-06-21 16:53:13
12996,19123,944,4,REPAY,1,470.073941,,470.073941,2025-06-21 17:35:29
12997,19125,165,2,REPAY,4,6061.199436,,6061.199436,2025-06-21 18:18:39
12998,19126,679,3,WITHDRAW,2,6069.93202,,,2025-06-21 18:22:15
12999,19127,508,1,REPAY,5,0.098654,,0.098654,2025-06-21 18:27:57
13000,19128,452,4,REPAY,5,0.009961,,0.009961,2025-06-21 18:46:46
13001,19130,419,3,DEPOSIT,5,6865.186492,6865.186492,,2025-06-21 19:16:13
13002,19131,499,1,REPAY,5,0.09063,,0.09063,2025-06-21 19:52:48
13003,19132,542,1,REPAY,3,170.48045,,170.48045,2025-06-21 20:23:49
13004,19133,54,3,LIQUIDATION,1,7309.782497,7554.3561647501,7309.782497,2025-06-21 20:27:09
13005,19134,960,1,REPAY,5,9e-06,,9e-06,2025-06-21 21:20:56
13006,19135,396,1,REPAY,1,1030.595262,,1030.595262,2025-06-21 21:23:49
13007,19137,130,2,REPAY,4,0.497872,,0.497872,2025-06-21 21:34:41
13008,19138,371,2,REPAY,1,2868.228506,,2868.228506,2025-06-21 21:53:29
13009,19139,650,1,REPAY,3,0.002245,,0.002245,2025-06-21 22:01:34
13010,19142,800,1,LIQUIDATION,3,2682.031071,2603.4222305557,2682.031071,2025-06-21 22:32:34
13011,19144,210,3,REPAY,2,0.71997,,0.71997,2025-06-21 22:41:42
13012,19145,18,3,LIQUIDATION,5,15372.421602,12855.2848102623,15372.421602,2025-06-21 22:44:32
13013,19146,278,3,REPAY,5,0.002691,,0.002691,2025-06-21 22:55:26
13014,19147,545,4,REPAY,4,5.082487,,5.082487,2025-06-21 23:08:23
13015,19149,694,1,REPAY,3,1.204956,,1.204956,2025-06-21 23:28:31
13016,19150,917,1,REPAY,1,3e-06,,3e-06,2025-06-21 23:45:04
13017,19151,436,4,BORROW,4,9534.387784,22615.8927724759,9534.387784,2025-06-22 00:02:50
13018,19153,981,3,DEPOSIT,5,4594.391616,4594.391616,,2025-06-22 01:38:11
13019,19154,685,1,REPAY,3,811.451591,,811.451591,2025-06-22 01:47:08
13020,19155,202,3,DEPOSIT,5,4867.03812,4867.03812,,2025-06-22 02:37:27
13021,19157,568,4,REPAY,1,44.686728,,44.686728,2025-06-22 02:59:31
13022,19159,474,2,REPAY,2,1989.06064,,1989.06064,2025-06-22 03:11:18
13023,19160,911,4,WITHDRAW,1,5011.998382,,,2025-06-22 03:28:15
13024,19161,50,4,LIQUIDATION,1,122.588691,106.090288576,122.588691,2025-06-22 03:49:59
13025,19163,72,4,REPAY,3,0.31542,,0.31542,2025-06-22 04:06:17
13026,19165,249,2,REPAY,2,10.834308,,10.834308,2025-06-22 05:19:26
13027,19167,215,4,REPAY,3,0.048428,,0.048428,2025-06-22 05:37:03
13028,19168,578,2,REPAY,1,21.707808,,21.707808,2025-06-22 06:31:15
13029,19171,954,2,LIQUIDATION,1,3150.021018,3632.0681456857,3150.021018,2025-06-22 07:11:13
13030,19173,354,1,BORROW,4,5778.940186,14408.5926972801,5778.940186,2025-06-22 07:49:18
13031,19174,197,3,LIQUIDATION,1,16.876868,15.7990509259,16.876868,2025-06-22 08:08:11
13032,19175,198,4,REPAY,1,2.697844,,2.697844,2025-06-22 08:08:27
13033,19176,444,1,DEPOSIT,1,7058.180145,7058.180145,,2025-06-22 08:18:10
13034,19177,673,2,REPAY,1,7.045974,,7.045974,2025-06-22 08:25:17
13035,19178,36,4,REPAY,5,211.966743,,211.966743,2025-06-22 08:27:17
13036,19179,350,4,REPAY,5,4523.643831,,4523.643831,2025-06-22 08:29:15
13037,19181,535,3,WITHDRAW,2,4555.485012,,,2025-06-22 08:51:53
13038,19182,752,1,REPAY,5,5.1e-05,,5.1e-05,2025-06-22 08:56:37
13039,19184,456,4,REPAY,1,78.416198,,78.416198,2025-06-22 09:27:16
13040,19185,342,3,REPAY,4,0.117166,,0.117166,2025-06-22 09:28:14
13041,19186,104,2,REPAY,1,1115.826588,,1115.826588,2025-06-22 10:03:34
13042,19188,144,4,DEPOSIT,4,7025.95854,7025.95854,,2025-06-22 10:15:32
13043,19190,255,1,BORROW,3,9525.612805,15810.8019866491,9525.612805,2025-06-22 10:21:22
13044,19191,294,2,REPAY,2,15.926785,,15.926785,2025-06-22 10:30:38
13045,19194,285,2,REPAY,2,79.396739,,79.396739,2025-06-22 11:28:05
13046,19195,49,1,REPAY,1,0.000546,,0.000546,2025-06-22 11:56:33
13047,19196,372,4,REPAY,5,314.570218,,314.570218,2025-06-22 12:45:12
13048,19197,217,2,REPAY,1,308.027924,,308.027924,2025-06-22 13:11:43
13049,19200,381,2,BORROW,1,1435.428014,2605.8700560705,1435.428014,2025-06-22 14:12:12
13050,19201,833,3,REPAY,4,117.229805,,117.229805,2025-06-22 14:28:47
13051,19202,855,2,REPAY,5,1563.004247,,1563.004247,2025-06-22 15:01:32
13052,19204,337,4,BORROW,3,1072.553515,1691.2352089635,1072.553515,2025-06-22 15:18:24
13053,19205,333,1,REPAY,4,213.000735,,213.000735,2025-06-22 15:41:43
13054,19207,175,3,WITHDRAW,5,176.374778,,,2025-06-22 15:54:23
13055,19208,387,4,DEPOSIT,3,1675.768897,1675.768897,,2025-06-22 16:15:06
13056,19209,506,1,REPAY,1,1.9e-05,,1.9e-05,2025-06-22 16:41:54
13057,19212,757,1,REPAY,1,272.889598,,272.889598,2025-06-22 17:01:33
13058,19213,497,1,REPAY,3,0.000101,,0.000101,2025-06-22 17:08:09
13059,19214,44,1,WITHDRAW,4,3050.742265,,,2025-06-22 17:34:50
13060,19215,695,1,REPAY,1,2.262777,,2.262777,2025-06-22 17:42:58
13061,19217,244,1,REPAY,2,45.354257,,45.354257,2025-06-22 17:57:16
13062,19220,656,1,REPAY,2,16.334412,,16.334412,2025-06-22 18:25:31
13063,19223,639,4,REPAY,1,0.428404,,0.428404,2025-06-22 18:49:04
13064,19224,913,2,REPAY,5,16.504366,,16.504366,2025-06-22 19:18:24
13065,19225,533,2,REPAY,4,0.581223,,0.581223,2025-06-22 19:54:06
13066,19226,629,2,REPAY,2,0.05758,,0.05758,2025-06-22 20:04:17
13067,19228,791,2,REPAY,5,0.037003,,0.037003,2025-06-22 20:13:02
13068,19229,993,4,REPAY,1,0.003588,,0.003588,2025-06-22 20:24:35
13069,19230,237,3,REPAY,3,153.223813,,153.223813,2025-06-22 20:36:55
13070,19231,132,1,REPAY,1,13.191916,,13.191916,2025-06-22 20:51:01
13071,19232,139,3,REPAY,3,0.025759,,0.025759,2025-06-22 21:03:41
13072,19233,575,3,WITHDRAW,5,4930.672055,,,2025-06-22 21:11:19
13073,19234,452,2,WITHDRAW,5,2033.730534,,,2025-06-22 21:12:47
13074,19235,329,3,REPAY,4,51.538478,,51.538478,2025-06-22 21:34:28
13075,19238,586,2,DEPOSIT,2,4928.812853,4928.812853,,2025-06-22 21:58:43
13076,19239,428,4,REPAY,2,5e-06,,5e-06,2025-06-22 22:42:14
13077,19240,179,4,DEPOSIT,2,7206.151122,7206.151122,,2025-06-22 22:52:09
13078,19241,553,4,WITHDRAW,4,8312.691892,,,2025-06-22 23:25:04
13079,19242,248,3,REPAY,5,5e-05,,5e-05,2025-06-22 23:52:09
13080,19243,911,3,WITHDRAW,1,1701.645705,,,2025-06-23 00:06:10
13081,19244,338,3,BORROW,4,8160.697394,14967.0347341351,8160.697394,2025-06-23 00:54:18
13082,19245,532,3,REPAY,4,0.45236,,0.45236,2025-06-23 01:38:48
13083,19246,585,3,REPAY,5,2.574199,,2.574199,2025-06-23 01:44:42
13084,19247,665,3,REPAY,5,10.463515,,10.463515,2025-06-23 01:54:24
13085,19248,549,2,DEPOSIT,3,4941.734847,4941.734847,,2025-06-23 01:54:56
13086,19249,610,3,REPAY,4,3302.159746,,3302.159746,2025-06-23 01:57:32
13087,19250,308,1,REPAY,5,6.93296,,6.93296,2025-06-23 02:03:45
13088,19251,551,4,REPAY,4,47.916408,,47.916408,2025-06-23 02:05:47
13089,19252,986,3,REPAY,5,0.000172,,0.000172,2025-06-23 02:23:47
13090,19253,76,2,REPAY,2,0.145807,,0.145807,2025-06-23 02:24:00
13091,19254,397,2,LIQUIDATION,5,11452.196563,12237.8827833713,11452.196563,2025-06-23 03:05:41
13092,19256,740,3,DEPOSIT,1,8254.947153,8254.947153,,2025-06-23 03:54:57
13093,19257,482,4,REPAY,3,0.162736,,0.162736,2025-06-23 04:04:13
13094,19259,46,1,REPAY,2,62.673874,,62.673874,2025-06-23 04:11:40
13095,19260,267,3,REPAY,5,4023.05137,,4023.05137,2025-06-23 04:34:12
13096,19261,315,1,REPAY,5,0.065808,,0.065808,2025-06-23 05:03:03
13097,19262,296,3,LIQUIDATION,1,13313.339838,14906.3190038512,13313.339838,2025-06-23 05:17:35
13098,19263,245,2,REPAY,1,110.509543,,110.509543,2025-06-23 05:18:34
13099,19264,244,3,REPAY,1,12.540742,,12.540742,2025-06-23 05:30:41
13100,19265,290,4,BORROW,1,6952.474031,16543.6191895492,6952.474031,2025-06-23 05:39:11
13101,19266,595,3,WITHDRAW,3,6164.571272,,,2025-06-23 05:55:21
13102,19267,957,3,WITHDRAW,5,1577.140475,,,2025-06-23 06:04:27
13103,19269,518,3,WITHDRAW,3,7186.082303,,,2025-06-23 06:17:28
13104,19270,217,1,REPAY,4,128.387432,,128.387432,2025-06-23 06:45:47
13105,19271,441,4,DEPOSIT,3,9729.877984,9729.877984,,2025-06-23 06:50:24
13106,19272,352,3,REPAY,5,319.208064,,319.208064,2025-06-23 07:00:51
13107,19273,846,4,REPAY,2,1337.548719,,1337.548719,2025-06-23 07:13:29
13108,19274,7,1,REPAY,3,2.929273,,2.929273,2025-06-23 07:19:23
13109,19276,315,3,REPAY,5,0.00494,,0.00494,2025-06-23 07:41:16
13110,19278,983,2,REPAY,4,1.20486,,1.20486,2025-06-23 08:06:57
13111,19280,382,4,REPAY,4,2.61157,,2.61157,2025-06-23 08:13:14
13112,19281,214,4,LIQUIDATION,5,381.705942,430.4326621204,381.705942,2025-06-23 08:13:34
13113,19282,63,3,DEPOSIT,1,5417.047261,5417.047261,,2025-06-23 08:21:40
13114,19284,348,2,REPAY,2,0.010384,,0.010384,2025-06-23 09:06:33
13115,19285,926,2,REPAY,4,1.8e-05,,1.8e-05,2025-06-23 09:34:52
13116,19286,426,4,BORROW,5,4568.553874,10789.9515464647,4568.553874,2025-06-23 09:43:58
13117,19287,292,1,REPAY,3,2966.012333,,2966.012333,2025-06-23 09:50:18
13118,19288,652,2,WITHDRAW,3,2515.657395,,,2025-06-23 10:01:25
13119,19289,321,3,REPAY,2,2339.509414,,2339.509414,2025-06-23 10:13:46
13120,19290,121,1,REPAY,2,19.914144,,19.914144,2025-06-23 10:17:43
13121,19291,699,4,REPAY,5,8e-06,,8e-06,2025-06-23 10:28:15
13122,19292,356,3,BORROW,1,8175.336807,15128.1810953223,8175.336807,2025-06-23 10:42:41
13123,19293,469,3,DEPOSIT,2,3678.034065,3678.034065,,2025-06-23 10:44:08
13124,19294,822,1,REPAY,5,7734.284638,,7734.284638,2025-06-23 10:48:59
13125,19295,361,1,LIQUIDATION,5,8149.282155,9379.4287536805,8149.282155,2025-06-23 10:56:30
13126,19296,377,4,REPAY,2,1300.689449,,1300.689449,2025-06-23 11:02:16
13127,19297,422,4,REPAY,5,204.199943,,204.199943,2025-06-23 11:23:34
13128,19298,921,2,REPAY,1,8357.120304,,8357.120304,2025-06-23 11:37:44
13129,19299,500,2,REPAY,2,0.173013,,0.173013,2025-06-23 11:42:22
13130,19300,399,1,REPAY,2,454.24717,,454.24717,2025-06-23 12:23:46
13131,19301,760,3,DEPOSIT,3,4311.205786,4311.205786,,2025-06-23 13:09:04
13132,19305,39,1,WITHDRAW,4,5688.332052,,,2025-06-23 14:16:35
13133,19306,435,3,BORROW,3,9060.954288,21777.0593541102,9060.954288,2025-06-23 14:47:56
13134,19307,72,2,REPAY,5,0.669821,,0.669821,2025-06-23 14:56:53
13135,19309,673,1,REPAY,1,46.778873,,46.778873,2025-06-23 15:21:36
13136,19311,850,1,DEPOSIT,2,4723.30029,4723.30029,,2025-06-23 15:34:39
13137,19312,855,4,REPAY,3,3519.901945,,3519.901945,2025-06-23 15:35:34
13138,19314,15,1,REPAY,1,5.687524,,5.687524,2025-06-23 15:52:14
13139,19317,565,2,REPAY,2,51.704602,,51.704602,2025-06-23 16:28:26
13140,19318,664,1,REPAY,4,0.00022,,0.00022,2025-06-23 16:38:04
13141,19322,936,2,DEPOSIT,5,5570.629859,5570.629859,,2025-06-23 17:51:31
13142,19323,344,3,REPAY,3,284.375116,,284.375116,2025-06-23 18:01:45
13143,19324,752,2,REPAY,1,8.2e-05,,8.2e-05,2025-06-23 18:25:52
13144,19325,603,3,REPAY,4,0.000244,,0.000244,2025-06-23 18:27:52
13145,19326,346,2,REPAY,5,0.002967,,0.002967,2025-06-23 18:35:49
13146,19327,537,3,REPAY,5,50.808073,,50.808073,2025-06-23 18:39:25
13147,19328,210,2,REPAY,2,0.033697,,0.033697,2025-06-23 18:47:59
13148,19330,870,4,REPAY,2,1.5e-05,,1.5e-05,2025-06-23 19:16:29
13149,19331,8,3,REPAY,3,0.000244,,0.000244,2025-06-23 19:22:16
13150,19332,571,3,REPAY,2,0.000315,,0.000315,2025-06-23 19:29:50
13151,19333,97,1,REPAY,3,0.147817,,0.147817,2025-06-23 19:33:14
13152,19334,814,3,REPAY,4,17.159504,,17.159504,2025-06-23 19:37:50
13153,19335,327,3,REPAY,2,2376.640638,,2376.640638,2025-06-23 19:49:07
13154,19338,596,3,REPAY,2,0.47878,,0.47878,2025-06-23 21:15:11
13155,19339,864,4,REPAY,3,0.081541,,0.081541,2025-06-23 21:20:22
13156,19340,566,4,DEPOSIT,1,1723.701708,1723.701708,,2025-06-23 21:41:44
13157,19342,798,2,REPAY,5,301.960939,,301.960939,2025-06-23 21:47:40
13158,19344,479,4,WITHDRAW,1,8418.931768,,,2025-06-23 22:16:06
13159,19346,844,2,WITHDRAW,3,9049.152778,,,2025-06-23 22:33:59
13160,19347,495,3,REPAY,1,0.021019,,0.021019,2025-06-23 22:38:18
13161,19348,314,1,REPAY,5,1827.670444,,1827.670444,2025-06-23 22:42:24
13162,19349,763,1,BORROW,5,9824.305288,22855.4310430084,9824.305288,2025-06-23 22:52:05
13163,19350,790,1,DEPOSIT,5,8170.255556,8170.255556,,2025-06-23 22:55:28
13164,19351,533,3,WITHDRAW,2,3868.964633,,,2025-06-23 23:19:47
13165,19352,796,2,LIQUIDATION,1,9414.903487,9426.4906510005,9414.903487,2025-06-23 23:26:42
13166,19353,208,1,DEPOSIT,3,5739.324139,5739.324139,,2025-06-23 23:33:27
13167,19354,477,3,WITHDRAW,5,3212.298559,,,2025-06-23 23:40:12
13168,19355,346,4,REPAY,2,0.003391,,0.003391,2025-06-24 01:08:35
13169,19357,24,1,REPAY,4,216.162914,,216.162914,2025-06-24 01:39:40
13170,19358,414,4,REPAY,2,120.08781,,120.08781,2025-06-24 01:48:34
13171,19359,322,4,BORROW,5,2657.917372,6409.9643056131,2657.917372,2025-06-24 01:59:52
13172,19361,483,2,REPAY,3,6e-06,,6e-06,2025-06-24 02:02:41
13173,19362,360,2,LIQUIDATION,5,1.139032,1.0362802678,1.139032,2025-06-24 02:03:02
13174,19363,212,4,BORROW,4,2223.59134,4779.1993047191,2223.59134,2025-06-24 02:06:13
13175,19364,717,1,BORROW,3,9964.466142,21871.9230613187,9964.466142,2025-06-24 02:06:46
13176,19365,381,2,LIQUIDATION,3,14667.587674,15665.6161811032,14667.587674,2025-06-24 02:07:39
13177,19367,267,2,LIQUIDATION,2,16289.909317,14431.7054384817,16289.909317,2025-06-24 02:25:33
13178,19368,693,2,BORROW,5,2220.043702,3051.6526217216,2220.043702,2025-06-24 02:32:25
13179,19369,167,4,REPAY,1,0.002974,,0.002974,2025-06-24 02:42:53
13180,19370,13,4,LIQUIDATION,1,666.313194,634.7521499241,666.313194,2025-06-24 03:15:58
13181,19373,374,4,REPAY,1,218.176413,,218.176413,2025-06-24 03:41:25
13182,19374,43,1,REPAY,3,6.349454,,6.349454,2025-06-24 03:45:01
13183,19376,708,4,REPAY,3,2140.062222,,2140.062222,2025-06-24 04:19:18
13184,19378,123,1,REPAY,5,989.5871,,989.5871,2025-06-24 04:28:08
13185,19379,996,2,REPAY,3,79.011598,,79.011598,2025-06-24 04:31:20
13186,19380,372,4,REPAY,5,346.930214,,346.930214,2025-06-24 04:31:45
13187,19381,40,4,REPAY,2,10.97021,,10.97021,2025-06-24 04:35:14
13188,19382,619,4,REPAY,4,1000.030238,,1000.030238,2025-06-24 04:56:44
13189,19383,184,4,REPAY,1,0.300408,,0.300408,2025-06-24 05:00:24
13190,19385,69,3,WITHDRAW,1,879.428729,,,2025-06-24 05:12:08
13191,19386,760,1,WITHDRAW,4,3005.112313,,,2025-06-24 05:20:21
13192,19389,512,4,REPAY,3,0.888735,,0.888735,2025-06-24 05:51:59
13193,19390,851,2,REPAY,3,276.589177,,276.589177,2025-06-24 06:09:03
13194,19392,143,1,REPAY,1,0.004091,,0.004091,2025-06-24 06:42:13
13195,19393,642,2,REPAY,5,214.633983,,214.633983,2025-06-24 06:47:30
13196,19394,963,1,REPAY,2,12.722432,,12.722432,2025-06-24 07:07:47
13197,19395,540,1,DEPOSIT,3,4018.612597,4018.612597,,2025-06-24 07:18:23
13198,19396,52,2,REPAY,2,0.001702,,0.001702,2025-06-24 07:41:42
13199,19397,507,1,REPAY,4,1.554743,,1.554743,2025-06-24 07:45:18
13200,19398,90,2,REPAY,3,0.25813,,0.25813,2025-06-24 08:29:32
13201,19401,365,2,REPAY,2,0.125708,,0.125708,2025-06-24 08:40:16
13202,19402,966,3,WITHDRAW,3,7621.157059,,,2025-06-24 08:43:51
13203,19403,243,3,REPAY,3,6.9e-05,,6.9e-05,2025-06-24 09:04:57
13204,19404,576,1,REPAY,2,0.0,,0.0,2025-06-24 09:17:14
13205,19406,767,2,REPAY,5,0.224537,,0.224537,2025-06-24 09:33:43
13206,19407,880,3,WITHDRAW,4,1799.551994,,,2025-06-24 09:36:39
13207,19408,171,2,REPAY,3,582.619264,,582.619264,2025-06-24 09:39:05
13208,19409,477,2,REPAY,4,3.37582,,3.37582,2025-06-24 10:02:21
13209,19410,283,3,REPAY,1,1412.909645,,1412.909645,2025-06-24 10:09:24
13210,19411,320,2,WITHDRAW,5,7991.974345,,,2025-06-24 10:17:44
13211,19412,825,2,BORROW,4,1843.891789,3757.020815469,1843.891789,2025-06-24 10:17:49
13212,19413,624,2,LIQUIDATION,5,4.487717,4.5536131675,4.487717,2025-06-24 10:32:53
13213,19416,108,1,REPAY,4,1737.870251,,1737.870251,2025-06-24 11:21:35
13214,19418,581,4,REPAY,4,38.439789,,38.439789,2025-06-24 11:39:02
13215,19419,261,4,REPAY,4,0.256847,,0.256847,2025-06-24 11:52:54
13216,19421,965,2,DEPOSIT,1,6661.322522,6661.322522,,2025-06-24 12:04:24
13217,19422,218,2,DEPOSIT,5,345.560697,345.560697,,2025-06-24 12:08:52
13218,19424,421,4,REPAY,4,6624.073869,,6624.073869,2025-06-24 12:33:29
13219,19425,316,1,REPAY,4,7579.209379,,7579.209379,2025-06-24 13:04:57
13220,19426,867,3,REPAY,3,209.52869,,209.52869,2025-06-24 13:07:40
13221,19427,381,4,DEPOSIT,3,6275.814848,6275.814848,,2025-06-24 13:45:21
13222,19429,515,1,REPAY,5,144.241273,,144.241273,2025-06-24 14:40:31
13223,19431,836,1,DEPOSIT,3,3423.338714,3423.338714,,2025-06-24 15:44:47
13224,19432,277,2,REPAY,5,1074.764653,,1074.764653,2025-06-24 15:58:51
13225,19433,657,1,REPAY,4,2444.328224,,2444.328224,2025-06-24 16:07:24
13226,19435,654,2,DEPOSIT,5,7738.688108,7738.688108,,2025-06-24 16:23:55
13227,19436,465,4,REPAY,4,0.003104,,0.003104,2025-06-24 16:44:58
13228,19437,53,1,REPAY,2,12.89081,,12.89081,2025-06-24 16:50:43
13229,19439,467,3,REPAY,1,1511.798795,,1511.798795,2025-06-24 17:11:43
13230,19440,348,2,REPAY,2,0.000562,,0.000562,2025-06-24 17:20:43
13231,19441,152,4,REPAY,4,0.640222,,0.640222,2025-06-24 17:41:40
13232,19442,894,2,WITHDRAW,1,938.255255,,,2025-06-24 17:42:34
13233,19443,897,3,WITHDRAW,2,6088.662092,,,2025-06-24 17:49:29
13234,19446,783,4,BORROW,5,4511.385544,8946.0700326698,4511.385544,2025-06-24 18:08:20
13235,19447,68,3,DEPOSIT,1,4215.426605,4215.426605,,2025-06-24 18:19:21
13236,19448,917,2,REPAY,4,1.8e-05,,1.8e-05,2025-06-24 18:33:01
13237,19449,840,1,REPAY,3,0.203023,,0.203023,2025-06-24 18:51:24
13238,19450,203,3,REPAY,1,309.209151,,309.209151,2025-06-24 18:53:36
13239,19451,872,1,REPAY,4,0.29153,,0.29153,2025-06-24 19:01:39
13240,19453,870,4,REPAY,1,2e-06,,2e-06,2025-06-24 19:10:35
13241,19454,165,2,REPAY,5,818.924229,,818.924229,2025-06-24 19:16:32
13242,19455,641,1,REPAY,5,0.895076,,0.895076,2025-06-24 19:22:43
13243,19456,47,2,REPAY,5,177.805093,,177.805093,2025-06-24 19:26:35
13244,19458,868,2,REPAY,1,538.138104,,538.138104,2025-06-24 20:17:11
13245,19460,739,1,REPAY,1,5603.73106,,5603.73106,2025-06-24 20:25:29
13246,19461,310,4,LIQUIDATION,1,0.000142,0.0001331332,0.000142,2025-06-24 20:26:33
13247,19463,68,2,WITHDRAW,5,1809.356683,,,2025-06-24 22:20:15
13248,19464,230,1,REPAY,4,0.00014,,0.00014,2025-06-24 22:45:43
13249,19465,399,4,REPAY,5,657.655955,,657.655955,2025-06-24 22:56:38
13250,19466,502,2,DEPOSIT,3,8575.906624,8575.906624,,2025-06-24 22:57:14
13251,19467,852,4,REPAY,1,799.025679,,799.025679,2025-06-24 23:04:35
13252,19468,443,1,BORROW,3,2916.563723,3724.2031593023,2916.563723,2025-06-24 23:19:01
13253,19469,1,3,REPAY,3,7.669741,,7.669741,2025-06-24 23:35:54
13254,19470,348,4,REPAY,5,0.001548,,0.001548,2025-06-24 23:46:45
13255,19471,893,4,REPAY,3,0.000213,,0.000213,2025-06-25 00:14:11
13256,19475,736,1,REPAY,5,397.649525,,397.649525,2025-06-25 01:02:17
13257,19477,714,3,REPAY,1,1529.328182,,1529.328182,2025-06-25 01:11:51
13258,19478,633,4,REPAY,5,281.601762,,281.601762,2025-06-25 01:47:55
13259,19479,484,1,REPAY,1,0.00028,,0.00028,2025-06-25 01:49:43
13260,19480,254,4,REPAY,4,1.191968,,1.191968,2025-06-25 01:57:18
13261,19481,95,1,BORROW,2,2871.279581,4373.2917307012,2871.279581,2025-06-25 02:02:29
13262,19482,524,2,REPAY,5,2.489071,,2.489071,2025-06-25 03:20:59
13263,19483,504,2,REPAY,3,1384.346337,,1384.346337,2025-06-25 03:33:13
13264,19484,242,1,REPAY,1,6397.419077,,6397.419077,2025-06-25 03:37:43
13265,19486,619,3,REPAY,4,53.359579,,53.359579,2025-06-25 04:24:29
13266,19487,611,4,BORROW,1,8590.214987,17790.9328574516,8590.214987,2025-06-25 04:43:06
13267,19488,95,4,REPAY,1,2211.785223,,2211.785223,2025-06-25 04:53:53
13268,19489,8,4,REPAY,1,8.7e-05,,8.7e-05,2025-06-25 04:54:47
13269,19490,117,4,REPAY,5,0.019451,,0.019451,2025-06-25 05:04:23
13270,19491,495,2,REPAY,4,0.025354,,0.025354,2025-06-25 05:13:18
13271,19492,871,1,DEPOSIT,1,4747.890631,4747.890631,,2025-06-25 05:33:37
13272,19493,274,2,DEPOSIT,3,5689.95793,5689.95793,,2025-06-25 05:53:05
13273,19494,414,3,REPAY,4,55.909352,,55.909352,2025-06-25 05:56:11
13274,19495,887,4,REPAY,4,0.000224,,0.000224,2025-06-25 06:00:24
13275,19498,550,4,REPAY,3,0.020558,,0.020558,2025-06-25 06:38:49
13276,19499,766,1,BORROW,5,9959.30517,17315.8924562893,9959.30517,2025-06-25 06:45:40
13277,19500,332,2,BORROW,4,647.082689,1235.7797869408,647.082689,2025-06-25 07:14:48
13278,19501,493,1,BORROW,3,3273.475565,5521.4631768864,3273.475565,2025-06-25 07:19:07
13279,19502,406,2,BORROW,4,2265.138886,4072.9118331158,2265.138886,2025-06-25 07:43:42
13280,19503,506,1,REPAY,3,1e-06,,1e-06,2025-06-25 07:44:22
13281,19505,590,1,REPAY,5,4515.212514,,4515.212514,2025-06-25 07:50:09
13282,19507,26,1,REPAY,2,1e-06,,1e-06,2025-06-25 08:54:27
13283,19508,410,2,WITHDRAW,3,7930.246129,,,2025-06-25 09:01:01
13284,19509,38,2,WITHDRAW,4,2259.636395,,,2025-06-25 09:28:41
13285,19510,44,2,DEPOSIT,2,7061.035494,7061.035494,,2025-06-25 09:38:51
13286,19511,326,2,REPAY,5,17.10285,,17.10285,2025-06-25 10:06:34
13287,19512,132,2,REPAY,3,0.905453,,0.905453,2025-06-25 10:49:52
13288,19513,951,3,REPAY,1,164.420372,,164.420372,2025-06-25 10:51:15
13289,19516,502,1,REPAY,5,218.024985,,218.024985,2025-06-25 11:01:22
13290,19517,282,4,DEPOSIT,1,8129.860345,8129.860345,,2025-06-25 11:15:32
13291,19518,843,3,REPAY,1,0.736702,,0.736702,2025-06-25 11:21:37
13292,19519,100,3,REPAY,2,3.852302,,3.852302,2025-06-25 11:26:01
13293,19520,318,3,BORROW,3,4538.867472,6276.0986624445,4538.867472,2025-06-25 11:42:25
13294,19521,127,1,WITHDRAW,4,2046.680724,,,2025-06-25 11:57:53
13295,19522,43,4,DEPOSIT,5,9655.271474,9655.271474,,2025-06-25 12:00:24
13296,19523,784,4,REPAY,1,0.002362,,0.002362,2025-06-25 12:00:52
13297,19524,725,1,REPAY,2,4.664022,,4.664022,2025-06-25 12:20:56
13298,19525,869,1,REPAY,5,93.93126,,93.93126,2025-06-25 13:42:15
13299,19526,166,4,REPAY,4,0.387157,,0.387157,2025-06-25 13:44:38
13300,19529,812,2,WITHDRAW,3,8584.674202,,,2025-06-25 14:40:10
13301,19530,872,4,REPAY,2,0.540402,,0.540402,2025-06-25 15:15:32
13302,19531,20,1,WITHDRAW,5,5269.589831,,,2025-06-25 15:18:39
13303,19533,224,1,REPAY,5,0.312617,,0.312617,2025-06-25 15:49:56
13304,19535,636,3,REPAY,4,280.068002,,280.068002,2025-06-25 16:15:34
13305,19536,162,2,REPAY,5,1300.21134,,1300.21134,2025-06-25 16:21:13
13306,19537,890,3,REPAY,2,0.015328,,0.015328,2025-06-25 16:34:39
13307,19539,976,3,LIQUIDATION,2,6152.659817,6112.9085325982,6152.659817,2025-06-25 17:33:13
13308,19540,468,4,REPAY,4,37.274551,,37.274551,2025-06-25 17:56:47
13309,19543,883,2,REPAY,5,3.903698,,3.903698,2025-06-25 18:16:53
13310,19544,847,2,REPAY,5,0.716186,,0.716186,2025-06-25 18:27:50
13311,19545,334,2,BORROW,4,881.641824,1722.3630138437,881.641824,2025-06-25 18:33:02
13312,19547,152,4,REPAY,1,0.197547,,0.197547,2025-06-25 18:40:29
13313,19548,58,4,REPAY,4,0.007722,,0.007722,2025-06-25 20:17:59
13314,19549,65,3,WITHDRAW,5,9365.167919,,,2025-06-25 20:31:57
13315,19550,12,1,DEPOSIT,5,9444.744189,9444.744189,,2025-06-25 20:39:40
13316,19552,14,1,REPAY,5,0.001041,,0.001041,2025-06-25 21:43:10
13317,19555,957,2,WITHDRAW,2,9625.269702,,,2025-06-25 22:31:21
13318,19556,772,3,REPAY,3,307.518499,,307.518499,2025-06-25 22:55:22
13319,19564,820,3,REPAY,5,498.198886,,498.198886,2025-06-26 01:50:31
13320,19565,168,4,REPAY,3,0.035511,,0.035511,2025-06-26 01:57:45
13321,19566,278,2,REPAY,4,0.000614,,0.000614,2025-06-26 02:03:48
13322,19567,480,3,REPAY,4,54.169484,,54.169484,2025-06-26 02:09:40
13323,19568,145,2,REPAY,5,339.844581,,339.844581,2025-06-26 02:12:10
13324,19569,447,1,REPAY,2,6037.222594,,6037.222594,2025-06-26 02:13:17
13325,19570,793,2,REPAY,4,0.154733,,0.154733,2025-06-26 02:21:34
13326,19571,443,2,REPAY,5,2550.776313,,2550.776313,2025-06-26 02:22:02
13327,19572,381,1,DEPOSIT,2,7655.059771,7655.059771,,2025-06-26 02:22:14
13328,19574,686,2,REPAY,2,0.923855,,0.923855,2025-06-26 02:30:51
13329,19576,16,3,BORROW,3,3587.816963,6373.3185867843,3587.816963,2025-06-26 03:04:45
13330,19577,815,2,REPAY,1,4.680989,,4.680989,2025-06-26 03:11:55
13331,19578,710,1,REPAY,1,168.518329,,168.518329,2025-06-26 03:16:00
13332,19579,418,2,REPAY,2,0.278418,,0.278418,2025-06-26 03:41:00
13333,19580,896,4,REPAY,4,1164.279656,,1164.279656,2025-06-26 03:45:35
13334,19581,49,4,REPAY,3,9.4e-05,,9.4e-05,2025-06-26 03:53:39
13335,19582,443,2,REPAY,3,256.490467,,256.490467,2025-06-26 04:03:22
13336,19583,149,3,REPAY,2,440.749725,,440.749725,2025-06-26 04:14:07
13337,19584,162,3,REPAY,1,4.305809,,4.305809,2025-06-26 04:27:21
13338,19585,517,4,REPAY,1,54.891995,,54.891995,2025-06-26 05:01:17
13339,19586,952,3,BORROW,2,7484.547992,10180.8502472385,7484.547992,2025-06-26 05:58:54
13340,19587,155,2,LIQUIDATION,4,8885.956342,10031.7319775355,8885.956342,2025-06-26 06:01:44
13341,19588,807,4,REPAY,2,439.576917,,439.576917,2025-06-26 06:14:50
13342,19589,58,2,REPAY,4,0.000533,,0.000533,2025-06-26 06:18:36
13343,19591,541,4,LIQUIDATION,3,9524.49408,9525.466455654,9524.49408,2025-06-26 06:55:44
13344,19592,715,4,DEPOSIT,4,5954.049662,5954.049662,,2025-06-26 07:17:34
13345,19593,625,4,REPAY,2,0.564421,,0.564421,2025-06-26 07:33:24
13346,19594,931,1,DEPOSIT,4,2338.20072,2338.20072,,2025-06-26 07:57:56
13347,19595,874,4,BORROW,3,6241.200097,13077.5460168847,6241.200097,2025-06-26 08:05:29
13348,19596,762,2,REPAY,4,2.8e-05,,2.8e-05,2025-06-26 08:34:09
13349,19597,769,2,DEPOSIT,3,424.316969,424.316969,,2025-06-26 08:38:32
13350,19602,828,4,BORROW,4,1746.412421,3626.3134838145,1746.412421,2025-06-26 09:49:58
13351,19603,923,1,REPAY,5,0.000205,,0.000205,2025-06-26 09:55:04
13352,19604,170,3,REPAY,2,2088.946665,,2088.946665,2025-06-26 10:03:12
13353,19605,337,2,REPAY,3,346.697734,,346.697734,2025-06-26 11:01:08
13354,19606,651,2,WITHDRAW,2,612.225725,,,2025-06-26 11:06:42
13355,19608,800,2,BORROW,2,6091.481821,14527.6961748163,6091.481821,2025-06-26 11:40:53
13356,19609,763,4,WITHDRAW,1,7000.859326,,,2025-06-26 11:41:24
13357,19610,822,2,BORROW,2,7167.525384,9212.6994907537,7167.525384,2025-06-26 11:43:19
13358,19612,809,3,LIQUIDATION,4,10636.968486,9078.8197060551,10636.968486,2025-06-26 12:09:28
13359,19614,210,1,WITHDRAW,5,8845.659059,,,2025-06-26 12:15:24
13360,19616,785,2,REPAY,3,19.969499,,19.969499,2025-06-26 12:34:26
13361,19617,352,3,REPAY,4,1204.627348,,1204.627348,2025-06-26 12:51:28
13362,19618,89,1,REPAY,5,1e-06,,1e-06,2025-06-26 13:19:03
13363,19619,553,1,REPAY,4,314.447776,,314.447776,2025-06-26 13:19:22
13364,19620,240,3,REPAY,3,1.4e-05,,1.4e-05,2025-06-26 13:23:26
13365,19621,548,1,REPAY,1,5.293506,,5.293506,2025-06-26 13:29:07
13366,19622,70,3,WITHDRAW,2,3704.347057,,,2025-06-26 13:49:15
13367,19623,364,1,REPAY,4,0.037141,,0.037141,2025-06-26 13:49:40
13368,19624,449,4,REPAY,5,3e-06,,3e-06,2025-06-26 14:08:41
13369,19626,215,4,REPAY,4,0.011976,,0.011976,2025-06-26 15:21:37
13370,19629,345,4,DEPOSIT,4,7173.609419,7173.609419,,2025-06-26 15:43:32
13371,19634,998,3,WITHDRAW,3,5047.121207,,,2025-06-26 16:40:13
13372,19635,514,3,BORROW,5,4889.241482,9054.5741786991,4889.241482,2025-06-26 16:41:41
13373,19636,744,3,REPAY,1,2.1e-05,,2.1e-05,2025-06-26 16:55:35
13374,19637,34,4,REPAY,3,1398.826375,,1398.826375,2025-06-26 17:09:32
13375,19638,743,2,REPAY,4,0.623336,,0.623336,2025-06-26 17:18:18
13376,19639,434,2,REPAY,2,2796.416634,,2796.416634,2025-06-26 17:31:12
13377,19640,710,3,REPAY,2,60.889439,,60.889439,2025-06-26 17:41:10
13378,19641,948,1,REPAY,4,12.774324,,12.774324,2025-06-26 17:45:11
13379,19642,70,3,REPAY,5,1375.280798,,1375.280798,2025-06-26 18:19:02
13380,19644,229,4,REPAY,1,11.923325,,11.923325,2025-06-26 18:34:09
13381,19645,765,1,REPAY,3,0.007177,,0.007177,2025-06-26 18:43:13
13382,19646,74,4,REPAY,1,1.639493,,1.639493,2025-06-26 19:06:22
13383,19647,949,2,REPAY,3,0.007823,,0.007823,2025-06-26 19:15:58
13384,19649,201,4,REPAY,2,0.000242,,0.000242,2025-06-26 19:55:54
13385,19651,440,2,REPAY,2,1.2e-05,,1.2e-05,2025-06-26 20:02:58
13386,19652,973,4,REPAY,3,50.193287,,50.193287,2025-06-26 20:13:36
13387,19653,562,3,WITHDRAW,5,2368.978919,,,2025-06-26 20:33:25
13388,19654,455,4,REPAY,5,0.000171,,0.000171,2025-06-26 20:34:46
13389,19656,167,1,REPAY,2,0.011064,,0.011064,2025-06-26 20:47:23
13390,19657,353,3,WITHDRAW,3,722.240363,,,2025-06-26 20:51:53
13391,19659,756,4,REPAY,3,0.02424,,0.02424,2025-06-26 21:30:05
13392,19660,896,1,REPAY,5,553.274233,,553.274233,2025-06-26 21:30:18
13393,19661,442,3,DEPOSIT,2,1313.202016,1313.202016,,2025-06-26 21:30:50
13394,19663,224,1,REPAY,3,0.102336,,0.102336,2025-06-26 21:53:30
13395,19664,894,3,DEPOSIT,5,4748.581156,4748.581156,,2025-06-26 22:12:35
13396,19665,729,2,DEPOSIT,3,4837.68148,4837.68148,,2025-06-26 22:37:28
13397,19666,864,2,REPAY,5,0.041854,,0.041854,2025-06-26 23:07:59
13398,19667,253,2,REPAY,1,8.43536,,8.43536,2025-06-26 23:10:37
13399,19668,934,1,REPAY,1,2.246995,,2.246995,2025-06-26 23:15:15
13400,19669,349,3,REPAY,2,0.004294,,0.004294,2025-06-26 23:49:30
13401,19670,640,3,REPAY,4,6e-06,,6e-06,2025-06-26 23:50:03
13402,19671,306,3,REPAY,1,380.512377,,380.512377,2025-06-26 23:51:50
13403,19672,743,4,REPAY,5,0.003762,,0.003762,2025-06-26 23:56:52
13404,19673,702,3,WITHDRAW,3,8006.714239,,,2025-06-26 23:58:11
13405,19674,911,2,DEPOSIT,3,2179.189322,2179.189322,,2025-06-27 00:15:35
13406,19675,854,2,REPAY,4,926.656927,,926.656927,2025-06-27 00:33:53
13407,19677,695,3,REPAY,5,1.405514,,1.405514,2025-06-27 01:38:04
13408,19678,719,4,BORROW,3,2214.070086,4983.6398043268,2214.070086,2025-06-27 02:27:26
13409,19680,742,4,REPAY,5,1.90998,,1.90998,2025-06-27 02:42:56
13410,19682,778,3,BORROW,4,7490.974772,11305.7786831969,7490.974772,2025-06-27 03:00:22
13411,19684,577,1,DEPOSIT,4,9469.865465,9469.865465,,2025-06-27 03:17:35
13412,19685,25,3,REPAY,3,51.402203,,51.402203,2025-06-27 03:24:21
13413,19686,845,3,REPAY,1,6.824992,,6.824992,2025-06-27 03:43:01
13414,19687,649,2,REPAY,3,4.266169,,4.266169,2025-06-27 03:50:36
13415,19688,742,2,BORROW,4,1404.011396,2801.4833148998,1404.011396,2025-06-27 03:56:47
13416,19689,633,3,BORROW,5,5006.695235,7091.6351183363,5006.695235,2025-06-27 03:58:55
13417,19693,695,4,REPAY,3,1.416718,,1.416718,2025-06-27 05:00:50
13418,19695,19,2,REPAY,4,0.000978,,0.000978,2025-06-27 05:05:32
13419,19696,416,1,REPAY,2,0.109998,,0.109998,2025-06-27 05:08:22
13420,19697,6,1,LIQUIDATION,3,5342.108057,4991.074860122,5342.108057,2025-06-27 05:22:59
13421,19699,700,2,LIQUIDATION,4,1910.712861,2126.3195351982,1910.712861,2025-06-27 05:31:52
13422,19700,595,1,WITHDRAW,4,986.230015,,,2025-06-27 05:34:45
13423,19701,504,2,REPAY,2,80.701544,,80.701544,2025-06-27 05:43:48
13424,19702,431,4,REPAY,4,0.517228,,0.517228,2025-06-27 05:56:30
13425,19703,736,4,REPAY,2,201.250347,,201.250347,2025-06-27 06:06:37
13426,19704,919,1,REPAY,4,0.000184,,0.000184,2025-06-27 06:14:36
13427,19707,790,1,BORROW,3,1628.457872,1995.8230545662,1628.457872,2025-06-27 06:45:18
13428,19709,571,2,WITHDRAW,2,1133.029651,,,2025-06-27 06:48:19
13429,19710,537,3,REPAY,3,0.976217,,0.976217,2025-06-27 07:17:20
13430,19711,492,3,REPAY,2,9381.390095,,9381.390095,2025-06-27 07:23:48
13431,19712,430,3,DEPOSIT,2,4846.697679,4846.697679,,2025-06-27 07:34:55
13432,19713,190,1,REPAY,2,13.346535,,13.346535,2025-06-27 07:50:25
13433,19715,344,3,REPAY,3,220.418755,,220.418755,2025-06-27 07:57:32
13434,19717,275,2,REPAY,2,0.000105,,0.000105,2025-06-27 08:32:14
13435,19718,668,3,REPAY,2,229.688109,,229.688109,2025-06-27 08:54:19
13436,19719,975,3,REPAY,3,6309.298254,,6309.298254,2025-06-27 09:24:59
13437,19720,621,2,WITHDRAW,1,9740.384464,,,2025-06-27 09:34:37
13438,19721,668,1,WITHDRAW,2,3006.735641,,,2025-06-27 10:18:51
13439,19722,228,1,REPAY,4,1002.910666,,1002.910666,2025-06-27 10:23:37
13440,19724,800,4,DEPOSIT,2,6777.890786,6777.890786,,2025-06-27 11:18:17
13441,19726,788,1,REPAY,1,3254.685249,,3254.685249,2025-06-27 11:38:01
13442,19729,854,3,REPAY,1,1165.662625,,1165.662625,2025-06-27 12:07:57
13443,19730,551,4,REPAY,3,144.146133,,144.146133,2025-06-27 12:20:09
13444,19732,453,2,BORROW,1,847.292277,1785.7503900334,847.292277,2025-06-27 12:21:33
13445,19735,787,4,REPAY,2,557.632318,,557.632318,2025-06-27 13:27:42
13446,19736,657,4,REPAY,2,606.711367,,606.711367,2025-06-27 13:36:19
13447,19738,507,2,REPAY,1,0.754841,,0.754841,2025-06-27 14:16:46
13448,19741,776,2,REPAY,4,612.76355,,612.76355,2025-06-27 15:00:10
13449,19742,312,3,DEPOSIT,2,4885.916552,4885.916552,,2025-06-27 15:36:47
13450,19744,685,4,REPAY,5,36.568427,,36.568427,2025-06-27 16:15:03
13451,19745,979,2,BORROW,4,3448.962159,6887.8950156979,3448.962159,2025-06-27 16:40:44
13452,19748,804,3,DEPOSIT,5,9157.896641,9157.896641,,2025-06-27 17:28:42
13453,19749,118,1,BORROW,3,2033.947893,3837.1138464768,2033.947893,2025-06-27 19:58:13
13454,19750,659,4,WITHDRAW,2,8581.336854,,,2025-06-27 20:11:33
13455,19751,64,4,REPAY,5,5458.108151,,5458.108151,2025-06-27 20:21:37
13456,19752,362,3,BORROW,5,9814.854455,13160.5724532959,9814.854455,2025-06-27 20:27:03
13457,19753,598,4,REPAY,4,376.80983,,376.80983,2025-06-27 20:33:16
13458,19754,692,1,REPAY,1,39.805792,,39.805792,2025-06-27 20:54:04
13459,19756,980,2,REPAY,3,1280.594382,,1280.594382,2025-06-27 21:28:37
13460,19757,318,1,BORROW,1,4102.025745,5305.6565790506,4102.025745,2025-06-27 21:29:03
13461,19758,128,4,BORROW,5,3036.691598,7447.0123871556,3036.691598,2025-06-27 21:36:54
13462,19760,135,3,DEPOSIT,2,7290.572424,7290.572424,,2025-06-27 21:44:17
13463,19762,770,2,LIQUIDATION,4,6255.449173,5033.7234292684,6255.449173,2025-06-27 22:15:01
13464,19764,983,1,REPAY,2,0.74643,,0.74643,2025-06-27 22:43:10
13465,19765,522,1,WITHDRAW,5,2942.036625,,,2025-06-27 23:06:04
13466,19767,948,4,REPAY,2,1.142656,,1.142656,2025-06-27 23:58:12
13467,19768,907,3,REPAY,4,50.073908,,50.073908,2025-06-28 00:07:07
13468,19769,901,3,DEPOSIT,3,166.541887,166.541887,,2025-06-28 00:11:55
13469,19770,293,4,DEPOSIT,2,2037.061131,2037.061131,,2025-06-28 00:59:01
13470,19771,217,1,REPAY,4,86.339811,,86.339811,2025-06-28 01:03:39
13471,19772,4,4,WITHDRAW,4,6828.873847,,,2025-06-28 01:17:43
13472,19773,590,4,REPAY,3,573.66443,,573.66443,2025-06-28 01:30:26
13473,19774,308,2,REPAY,1,1.624546,,1.624546,2025-06-28 02:03:08
13474,19775,54,4,DEPOSIT,3,1921.50318,1921.50318,,2025-06-28 02:03:57
13475,19776,889,2,REPAY,4,0.195876,,0.195876,2025-06-28 02:10:05
13476,19777,732,2,BORROW,3,4478.881406,9431.5056334403,4478.881406,2025-06-28 02:10:57
13477,19778,71,1,REPAY,3,6612.734314,,6612.734314,2025-06-28 02:17:03
13478,19779,913,4,REPAY,5,51.702409,,51.702409,2025-06-28 02:34:27
13479,19780,482,3,REPAY,4,0.172163,,0.172163,2025-06-28 02:40:12
13480,19781,685,3,REPAY,5,38.227219,,38.227219,2025-06-28 02:44:20
13481,19783,673,3,REPAY,4,1.082469,,1.082469,2025-06-28 02:46:47
13482,19788,129,3,BORROW,5,2822.320521,6547.7118498364,2822.320521,2025-06-28 03:40:30
13483,19789,495,4,REPAY,3,0.001026,,0.001026,2025-06-28 03:42:19
13484,19791,524,2,REPAY,2,1.993454,,1.993454,2025-06-28 04:41:24
13485,19792,869,1,REPAY,3,17.761095,,17.761095,2025-06-28 04:45:34
13486,19793,309,3,REPAY,2,0.021599,,0.021599,2025-06-28 04:50:54
13487,19794,749,4,WITHDRAW,1,7520.716513,,,2025-06-28 05:38:21
13488,19795,392,1,REPAY,1,0.0001,,0.0001,2025-06-28 05:42:22
13489,19796,416,4,REPAY,5,0.003493,,0.003493,2025-06-28 05:43:59
13490,19799,732,3,REPAY,5,3190.770045,,3190.770045,2025-06-28 06:14:30
13491,19802,917,3,DEPOSIT,2,9488.913317,9488.913317,,2025-06-28 06:20:05
13492,19803,300,4,BORROW,1,6977.712335,15906.4764494686,6977.712335,2025-06-28 06:21:02
13493,19804,3,3,REPAY,3,6e-05,,6e-05,2025-06-28 06:23:09
13494,19805,712,2,REPAY,5,681.245212,,681.245212,2025-06-28 06:25:03
13495,19806,141,2,WITHDRAW,3,4987.620759,,,2025-06-28 06:30:35
13496,19807,117,3,REPAY,3,0.005447,,0.005447,2025-06-28 06:42:42
13497,19808,278,4,REPAY,3,0.000727,,0.000727,2025-06-28 07:08:50
13498,19810,537,4,REPAY,2,0.186254,,0.186254,2025-06-28 08:00:52
13499,19811,270,4,BORROW,2,4617.992631,10367.9010382826,4617.992631,2025-06-28 08:14:53
13500,19812,437,1,WITHDRAW,4,3040.501011,,,2025-06-28 08:31:40
13501,19813,705,2,WITHDRAW,1,504.617072,,,2025-06-28 08:44:07
13502,19814,124,4,WITHDRAW,1,1961.98028,,,2025-06-28 09:01:13
13503,19815,503,2,DEPOSIT,4,1401.564198,1401.564198,,2025-06-28 09:05:36
13504,19816,217,1,REPAY,5,19.040451,,19.040451,2025-06-28 09:22:16
13505,19817,555,2,WITHDRAW,2,763.182083,,,2025-06-28 09:46:21
13506,19818,672,1,REPAY,2,0.00334,,0.00334,2025-06-28 09:48:08
13507,19819,442,4,BORROW,3,8567.258736,13695.2531205821,8567.258736,2025-06-28 09:49:43
13508,19820,753,1,REPAY,2,0.106198,,0.106198,2025-06-28 10:21:54
13509,19821,417,4,BORROW,3,2569.941499,6344.549953819,2569.941499,2025-06-28 10:43:54
13510,19823,80,1,REPAY,4,13.507682,,13.507682,2025-06-28 11:22:21
13511,19824,674,2,DEPOSIT,1,4838.416419,4838.416419,,2025-06-28 11:23:24
13512,19825,560,4,REPAY,3,1.167001,,1.167001,2025-06-28 11:33:01
13513,19827,885,2,WITHDRAW,1,1623.534061,,,2025-06-28 11:36:02
13514,19828,59,1,REPAY,3,0.059048,,0.059048,2025-06-28 11:40:38
13515,19831,198,3,REPAY,2,0.83047,,0.83047,2025-06-28 14:03:41
13516,19832,890,2,REPAY,3,0.00748,,0.00748,2025-06-28 14:55:18
13517,19834,246,3,REPAY,1,17.037965,,17.037965,2025-06-28 15:01:02
13518,19836,298,1,LIQUIDATION,3,4360.005337,3551.6804753168,4360.005337,2025-06-28 15:27:34
13519,19838,624,1,WITHDRAW,3,74.371393,,,2025-06-28 15:58:04
13520,19839,985,4,REPAY,4,0.130826,,0.130826,2025-06-28 16:14:12
13521,19841,407,4,REPAY,2,2.167901,,2.167901,2025-06-28 16:24:55
13522,19842,526,1,BORROW,3,2589.174958,4783.9052669323,2589.174958,2025-06-28 16:33:59
13523,19844,219,2,BORROW,4,1044.358964,2506.9798264828,1044.358964,2025-06-28 17:20:18
13524,19845,326,4,REPAY,4,2.145169,,2.145169,2025-06-28 17:21:55
13525,19847,456,4,REPAY,5,16.419757,,16.419757,2025-06-28 17:31:59
13526,19848,748,2,REPAY,1,9.953154,,9.953154,2025-06-28 17:36:38
13527,19849,622,3,DEPOSIT,1,5007.777087,5007.777087,,2025-06-28 17:38:58
13528,19850,714,1,REPAY,2,34.106652,,34.106652,2025-06-28 17:44:04
13529,19851,587,3,WITHDRAW,3,8114.350561,,,2025-06-28 17:56:18
13530,19852,336,4,REPAY,4,79.260812,,79.260812,2025-06-28 18:03:44
13531,19853,421,2,REPAY,1,1038.246429,,1038.246429,2025-06-28 18:16:50
13532,19854,545,2,REPAY,1,2.014131,,2.014131,2025-06-28 18:20:08
13533,19855,687,4,BORROW,1,7566.172369,10891.9886660278,7566.172369,2025-06-28 18:31:37
13534,19856,369,3,REPAY,4,254.864999,,254.864999,2025-06-28 18:37:54
13535,19858,354,2,REPAY,2,4739.984876,,4739.984876,2025-06-28 19:24:07
13536,19859,564,3,BORROW,3,3918.922088,6805.822525509,3918.922088,2025-06-28 19:43:27
13537,19860,658,3,WITHDRAW,1,4646.03821,,,2025-06-28 19:44:21
13538,19862,467,2,WITHDRAW,1,6464.434138,,,2025-06-28 20:14:04
13539,19863,904,4,REPAY,1,489.481257,,489.481257,2025-06-28 20:20:06
13540,19864,855,4,REPAY,4,22.053663,,22.053663,2025-06-28 20:20:57
13541,19865,835,2,WITHDRAW,5,3400.03965,,,2025-06-28 20:45:07
13542,19866,491,1,BORROW,2,2377.077463,5051.7493423658,2377.077463,2025-06-28 20:55:39
13543,19867,200,4,REPAY,5,56.22442,,56.22442,2025-06-28 20:59:33
13544,19868,279,1,REPAY,1,2.399848,,2.399848,2025-06-28 21:02:03
13545,19874,437,2,REPAY,4,3.1e-05,,3.1e-05,2025-06-28 22:01:44
13546,19875,436,2,REPAY,1,6307.551691,,6307.551691,2025-06-28 22:21:16
13547,19876,576,1,BORROW,1,276.204042,581.5781291307,276.204042,2025-06-28 22:21:56
13548,19877,905,4,DEPOSIT,5,8404.61504,8404.61504,,2025-06-28 22:39:09
13549,19878,486,1,LIQUIDATION,3,2572.895834,2336.236029149,2572.895834,2025-06-28 22:47:57
13550,19879,99,1,BORROW,5,4163.828488,7481.8166679122,4163.828488,2025-06-28 22:58:56
13551,19880,294,3,REPAY,5,2.320923,,2.320923,2025-06-28 22:59:24
13552,19882,576,2,REPAY,2,83.758808,,83.758808,2025-06-28 23:25:15
13553,19885,196,4,WITHDRAW,1,591.965973,,,2025-06-28 23:56:57
13554,19886,753,1,REPAY,3,0.303777,,0.303777,2025-06-29 00:13:57
13555,19888,281,3,REPAY,3,4088.22534,,4088.22534,2025-06-29 00:41:33
13556,19889,417,4,REPAY,4,907.335564,,907.335564,2025-06-29 01:14:36
13557,19890,378,2,REPAY,5,165.551167,,165.551167,2025-06-29 01:30:12
13558,19891,292,3,LIQUIDATION,4,6682.807146,6208.7467022406,6682.807146,2025-06-29 01:52:29
13559,19892,646,4,REPAY,3,19.706916,,19.706916,2025-06-29 01:53:06
13560,19894,525,3,REPAY,1,1.580502,,1.580502,2025-06-29 02:05:24
13561,19895,962,4,REPAY,5,56.593167,,56.593167,2025-06-29 02:06:18
13562,19896,20,3,BORROW,2,8496.207901,11051.8611819056,8496.207901,2025-06-29 02:08:06
13563,19897,290,3,REPAY,3,5441.602517,,5441.602517,2025-06-29 02:11:33
13564,19898,936,2,DEPOSIT,2,584.465633,584.465633,,2025-06-29 02:27:13
13565,19899,484,1,REPAY,4,2.3e-05,,2.3e-05,2025-06-29 02:28:17
13566,19900,479,2,WITHDRAW,1,8182.061368,,,2025-06-29 02:28:45
13567,19902,11,1,BORROW,3,6781.626017,9759.0378668099,6781.626017,2025-06-29 02:54:50
13568,19904,568,1,REPAY,3,24.389789,,24.389789,2025-06-29 03:07:06
13569,19905,797,2,LIQUIDATION,4,47.748678,42.9476838324,47.748678,2025-06-29 03:08:49
13570,19906,990,4,BORROW,4,200.219435,458.2000810455,200.219435,2025-06-29 03:14:58
13571,19907,86,4,DEPOSIT,1,5429.287185,5429.287185,,2025-06-29 03:31:52
13572,19910,907,1,REPAY,1,5.483505,,5.483505,2025-06-29 04:05:15
13573,19912,982,2,REPAY,3,0.008196,,0.008196,2025-06-29 04:29:06
13574,19913,890,3,REPAY,4,0.003208,,0.003208,2025-06-29 04:48:20
13575,19914,373,4,BORROW,1,2719.987847,3664.9015861751,2719.987847,2025-06-29 04:51:37
13576,19916,578,3,REPAY,2,141.737316,,141.737316,2025-06-29 05:45:16
13577,19917,939,4,WITHDRAW,3,9645.600196,,,2025-06-29 05:47:20
13578,19918,403,3,WITHDRAW,5,1887.262295,,,2025-06-29 05:50:04
13579,19919,80,3,REPAY,1,14.745689,,14.745689,2025-06-29 05:59:08
13580,19920,270,4,LIQUIDATION,3,4617.992631,5223.8913380655,4617.992631,2025-06-29 06:00:55
13581,19921,595,1,DEPOSIT,1,7353.825873,7353.825873,,2025-06-29 06:13:38
13582,19924,349,3,REPAY,1,0.003759,,0.003759,2025-06-29 07:24:04
13583,19925,447,1,REPAY,1,16.764577,,16.764577,2025-06-29 07:42:52
13584,19926,22,4,REPAY,3,1.164632,,1.164632,2025-06-29 07:48:07
13585,19928,675,4,REPAY,3,4.614402,,4.614402,2025-06-29 08:06:26
13586,19929,28,3,REPAY,1,366.066736,,366.066736,2025-06-29 08:18:58
13587,19930,303,1,REPAY,5,0.051099,,0.051099,2025-06-29 08:27:33
13588,19931,413,1,REPAY,2,5.238027,,5.238027,2025-06-29 09:16:32
13589,19932,545,3,REPAY,4,0.75307,,0.75307,2025-06-29 09:26:29
13590,19933,684,3,REPAY,4,0.35353,,0.35353,2025-06-29 09:37:08
13591,19935,92,1,REPAY,1,0.450884,,0.450884,2025-06-29 09:49:28
13592,19936,644,4,REPAY,5,4084.675404,,4084.675404,2025-06-29 10:11:49
13593,19937,405,2,BORROW,1,7490.239972,15544.3982559101,7490.239972,2025-06-29 10:45:56
13594,19940,228,4,WITHDRAW,2,3846.315996,,,2025-06-29 10:52:35
13595,19942,230,3,REPAY,1,0.00073,,0.00073,2025-06-29 10:54:04
13596,19943,181,1,DEPOSIT,2,8387.703815,8387.703815,,2025-06-29 10:57:51
13597,19944,165,3,REPAY,3,822.652166,,822.652166,2025-06-29 11:08:44
13598,19945,5,2,WITHDRAW,2,7534.875367,,,2025-06-29 11:14:01
13599,19946,504,2,BORROW,2,4923.135991,9017.973611063,4923.135991,2025-06-29 11:38:46
13600,19947,783,3,REPAY,3,2475.693029,,2475.693029,2025-06-29 11:52:49
13601,19948,827,1,LIQUIDATION,2,8144.455528,8679.9669311782,8144.455528,2025-06-29 12:23:54
13602,19949,871,2,REPAY,3,150.628659,,150.628659,2025-06-29 12:33:22
13603,19950,48,2,REPAY,4,2991.19705,,2991.19705,2025-06-29 12:43:00
13604,19959,33,2,LIQUIDATION,4,644.049321,762.26618869,644.049321,2025-06-29 14:28:39
13605,19960,370,1,BORROW,2,3828.289306,5677.719679696,3828.289306,2025-06-29 14:36:01
13606,19961,799,2,REPAY,5,0.008373,,0.008373,2025-06-29 14:59:07
13607,19962,943,1,REPAY,2,6.260809,,6.260809,2025-06-29 15:26:39
13608,19964,864,3,REPAY,4,0.068803,,0.068803,2025-06-29 16:09:55
13609,19966,535,2,BORROW,3,9841.270794,24417.4749347596,9841.270794,2025-06-29 16:28:26
13610,19967,311,2,BORROW,2,7622.51498,13511.8057738866,7622.51498,2025-06-29 16:50:24
13611,19968,993,1,REPAY,5,0.004161,,0.004161,2025-06-29 17:08:44
13612,19970,379,2,REPAY,1,585.83706,,585.83706,2025-06-29 17:29:08
13613,19971,689,2,BORROW,5,4244.606863,9614.7685193907,4244.606863,2025-06-29 17:32:16
13614,19972,665,4,REPAY,2,1.070541,,1.070541,2025-06-29 17:46:32
13615,19974,980,4,REPAY,4,355.627164,,355.627164,2025-06-29 18:01:59
13616,19976,494,3,REPAY,4,0.032294,,0.032294,2025-06-29 18:49:43
13617,19977,11,3,REPAY,5,946.18259,,946.18259,2025-06-29 19:06:40
13618,19980,425,3,LIQUIDATION,2,945.555848,895.0752982337,945.555848,2025-06-29 19:40:05
13619,19982,407,4,REPAY,2,0.557642,,0.557642,2025-06-29 19:51:22
13620,19983,253,3,REPAY,2,8.525147,,8.525147,2025-06-29 20:06:39
13621,19985,257,4,BORROW,4,4950.414944,9033.539824969,4950.414944,2025-06-29 20:34:38
13622,19986,247,2,DEPOSIT,3,7309.193383,7309.193383,,2025-06-29 21:05:54
13623,19987,318,1,DEPOSIT,3,5798.729962,5798.729962,,2025-06-29 21:06:13
13624,19988,430,2,WITHDRAW,5,5565.768975,,,2025-06-29 21:43:55
13625,19989,873,4,DEPOSIT,5,3441.827357,3441.827357,,2025-06-29 21:47:23
13626,19990,365,1,BORROW,5,4536.78305,10964.6744959335,4536.78305,2025-06-29 21:53:25
13627,19992,86,2,WITHDRAW,3,6231.904886,,,2025-06-29 22:11:26
13628,19993,303,4,REPAY,2,0.043112,,0.043112,2025-06-29 22:17:47
13629,19994,927,3,REPAY,4,6.46476,,6.46476,2025-06-29 22:23:33
13630,19995,758,4,REPAY,1,2e-06,,2e-06,2025-06-29 22:25:06
13631,19996,219,1,LIQUIDATION,3,1044.358964,871.2287838133,1044.358964,2025-06-29 22:41:33
13632,19997,499,4,REPAY,4,0.11709,,0.11709,2025-06-29 22:48:49
13633,19998,429,3,LIQUIDATION,4,191.787628,186.793471503,191.787628,2025-06-29 22:52:24
13634,19999,856,2,WITHDRAW,2,1782.352072,,,2025-06-29 23:36:13
